Paper_ID,ID,input1,input2,input3,input4,B_num,RC_ratio,Wt_1,TPSA_1,NumHDonors_1,NumHAcceptors_1,MolLogP_1,NumRotatableBonds_1,HeavyAtomCount_1,RingCount_1,BertzCT_1,Wt_2,TPSA_2,NumHDonors_2,NumHAcceptors_2,MolLogP_2,NumRotatableBonds_2,HeavyAtomCount_2,RingCount_2,BertzCT_2,Wt_3,TPSA_3,NumHDonors_3,NumHAcceptors_3,MolLogP_3,NumRotatableBonds_3,HeavyAtomCount_3,RingCount_3,BertzCT_3,Wt_4,TPSA_4,NumHDonors_4,NumHAcceptors_4,MolLogP_4,NumRotatableBonds_4,HeavyAtomCount_4,RingCount_4,BertzCT_4,Cell_line,Expression
100,2291,*CCCCCCCCCCCC,*CC(*)C(=O)OCCN(CC)CC,*CC(*)C(=O)OCCOc1ccccc1,*SC(=S)SC(C)(C#N)CCC(=O)O,2,2,170.34,0,0,0,4.9272,9,12,0,56.4385619,173.256,29.54,0,3,1.2814,6,12,0,121.6969429,194.23,35.53,0,3,2.0186,5,14,1,269.1209499,235.355,61.09,2,4,2.08138,4,13,0,260.9534945,DC2.4,2.645422269
100,2292,*CCCCCCCCCCCC,*CC(*)C(=O)OCCN(CC)CC,*CC(*)C(=O)OCCOc1ccccc1,*SC(=S)SC(C)(C#N)CCC(=O)O,2,1,170.34,0,0,0,4.9272,9,12,0,56.4385619,173.256,29.54,0,3,1.2814,6,12,0,121.6969429,194.23,35.53,0,3,2.0186,5,14,1,269.1209499,235.355,61.09,2,4,2.08138,4,13,0,260.9534945,DC2.4,2.871864702
100,2293,*CCCCCCCCCCCC,*CC(*)C(=O)OCCN(CC)CC,*CC(*)C(=O)OCCOc1ccccc1,*SC(=S)SC(C)(C#N)CCC(=O)O,2,0.5,170.34,0,0,0,4.9272,9,12,0,56.4385619,173.256,29.54,0,3,1.2814,6,12,0,121.6969429,194.23,35.53,0,3,2.0186,5,14,1,269.1209499,235.355,61.09,2,4,2.08138,4,13,0,260.9534945,DC2.4,2.650307523
100,2294,*CCCCCCCCCCCC,*CC(*)C(=O)OCCN(CC)CC,*CC(*)C(=O)OCCOc1ccccc1,*SC(=S)SC(C)(C#N)CCC(=O)O,5,2,170.34,0,0,0,4.9272,9,12,0,56.4385619,173.256,29.54,0,3,1.2814,6,12,0,121.6969429,194.23,35.53,0,3,2.0186,5,14,1,269.1209499,235.355,61.09,2,4,2.08138,4,13,0,260.9534945,DC2.4,2.155336037
100,2295,*CCCCCCCCCCCC,*CC(*)C(=O)OCCN(CC)CC,*CC(*)C(=O)OCCOc1ccccc1,*SC(=S)SC(C)(C#N)CCC(=O)O,5,1,170.34,0,0,0,4.9272,9,12,0,56.4385619,173.256,29.54,0,3,1.2814,6,12,0,121.6969429,194.23,35.53,0,3,2.0186,5,14,1,269.1209499,235.355,61.09,2,4,2.08138,4,13,0,260.9534945,DC2.4,2.483587297
100,2296,*CCCCCCCCCCCC,*CC(*)C(=O)OCCN(CC)CC,*CC(*)C(=O)OCCOc1ccccc1,*SC(=S)SC(C)(C#N)CCC(=O)O,5,0.5,170.34,0,0,0,4.9272,9,12,0,56.4385619,173.256,29.54,0,3,1.2814,6,12,0,121.6969429,194.23,35.53,0,3,2.0186,5,14,1,269.1209499,235.355,61.09,2,4,2.08138,4,13,0,260.9534945,DC2.4,3.716796042
100,2297,*CCCCCCCCCCCC,*CC(*)C(=O)OCCN(CC)CC,*CC(*)C(=O)OCCOc1ccccc1,*SC(=S)SC(C)(C#N)CCC(=O)O,10,2,170.34,0,0,0,4.9272,9,12,0,56.4385619,173.256,29.54,0,3,1.2814,6,12,0,121.6969429,194.23,35.53,0,3,2.0186,5,14,1,269.1209499,235.355,61.09,2,4,2.08138,4,13,0,260.9534945,DC2.4,2.47348697
100,2298,*CCCCCCCCCCCC,*CC(*)C(=O)OCCN(CC)CC,*CC(*)C(=O)OCCOc1ccccc1,*SC(=S)SC(C)(C#N)CCC(=O)O,10,1,170.34,0,0,0,4.9272,9,12,0,56.4385619,173.256,29.54,0,3,1.2814,6,12,0,121.6969429,194.23,35.53,0,3,2.0186,5,14,1,269.1209499,235.355,61.09,2,4,2.08138,4,13,0,260.9534945,DC2.4,2.55448916
100,2299,*CCCCCCCCCCCC,*CC(*)C(=O)OCCN(CC)CC,*CC(*)C(=O)OCCOc1ccccc1,*SC(=S)SC(C)(C#N)CCC(=O)O,10,0.5,170.34,0,0,0,4.9272,9,12,0,56.4385619,173.256,29.54,0,3,1.2814,6,12,0,121.6969429,194.23,35.53,0,3,2.0186,5,14,1,269.1209499,235.355,61.09,2,4,2.08138,4,13,0,260.9534945,DC2.4,2.626853415
100,2300,*CCCCCCCCCCCC,*CC(*)C(=O)OCCN(CC)CC,*CC(*)C(=O)OCCOc1ccccc1,*SC(=S)SC(C)(C#N)CCC(=O)O,20,2,170.34,0,0,0,4.9272,9,12,0,56.4385619,173.256,29.54,0,3,1.2814,6,12,0,121.6969429,194.23,35.53,0,3,2.0186,5,14,1,269.1209499,235.355,61.09,2,4,2.08138,4,13,0,260.9534945,DC2.4,2.785329835
100,2301,*CCCCCCCCCCCC,*CC(*)C(=O)OCCN(CC)CC,*CC(*)C(=O)OCCOc1ccccc1,*SC(=S)SC(C)(C#N)CCC(=O)O,20,1,170.34,0,0,0,4.9272,9,12,0,56.4385619,173.256,29.54,0,3,1.2814,6,12,0,121.6969429,194.23,35.53,0,3,2.0186,5,14,1,269.1209499,235.355,61.09,2,4,2.08138,4,13,0,260.9534945,DC2.4,3.624230514
100,2302,*CCCCCCCCCCCC,*CC(*)C(=O)OCCN(CC)CC,*CC(*)C(=O)OCCOc1ccccc1,*SC(=S)SC(C)(C#N)CCC(=O)O,20,0.5,170.34,0,0,0,4.9272,9,12,0,56.4385619,173.256,29.54,0,3,1.2814,6,12,0,121.6969429,194.23,35.53,0,3,2.0186,5,14,1,269.1209499,235.355,61.09,2,4,2.08138,4,13,0,260.9534945,DC2.4,2.968482949
100,2303,*CCCCCCCCCCCC,*CC(*)C(=O)OCCN(CC)CC,*CC(*)(C)C(=O)OCCCCCC,*SC(=S)SC(C)(C#N)CCC(=O)O,2,2,170.34,0,0,0,4.9272,9,12,0,56.4385619,173.256,29.54,0,3,1.2814,6,12,0,121.6969429,172.268,26.3,0,2,2.7659,6,12,0,119.0069869,235.355,61.09,2,4,2.08138,4,13,0,260.9534945,DC2.4,3.113943352
100,2304,*CCCCCCCCCCCC,*CC(*)C(=O)OCCN(CC)CC,*CC(*)(C)C(=O)OCCCCCC,*SC(=S)SC(C)(C#N)CCC(=O)O,2,1,170.34,0,0,0,4.9272,9,12,0,56.4385619,173.256,29.54,0,3,1.2814,6,12,0,121.6969429,172.268,26.3,0,2,2.7659,6,12,0,119.0069869,235.355,61.09,2,4,2.08138,4,13,0,260.9534945,DC2.4,3.3872118
100,2305,*CCCCCCCCCCCC,*CC(*)C(=O)OCCN(CC)CC,*CC(*)(C)C(=O)OCCCCCC,*SC(=S)SC(C)(C#N)CCC(=O)O,2,0.5,170.34,0,0,0,4.9272,9,12,0,56.4385619,173.256,29.54,0,3,1.2814,6,12,0,121.6969429,172.268,26.3,0,2,2.7659,6,12,0,119.0069869,235.355,61.09,2,4,2.08138,4,13,0,260.9534945,DC2.4,3.682506086
100,2306,*CCCCCCCCCCCC,*CC(*)C(=O)OCCN(CC)CC,*CC(*)(C)C(=O)OCCCCCC,*SC(=S)SC(C)(C#N)CCC(=O)O,5,2,170.34,0,0,0,4.9272,9,12,0,56.4385619,173.256,29.54,0,3,1.2814,6,12,0,121.6969429,172.268,26.3,0,2,2.7659,6,12,0,119.0069869,235.355,61.09,2,4,2.08138,4,13,0,260.9534945,DC2.4,2.593286067
100,2307,*CCCCCCCCCCCC,*CC(*)C(=O)OCCN(CC)CC,*CC(*)(C)C(=O)OCCCCCC,*SC(=S)SC(C)(C#N)CCC(=O)O,5,1,170.34,0,0,0,4.9272,9,12,0,56.4385619,173.256,29.54,0,3,1.2814,6,12,0,121.6969429,172.268,26.3,0,2,2.7659,6,12,0,119.0069869,235.355,61.09,2,4,2.08138,4,13,0,260.9534945,DC2.4,2.857633985
100,2308,*CCCCCCCCCCCC,*CC(*)C(=O)OCCN(CC)CC,*CC(*)(C)C(=O)OCCCCCC,*SC(=S)SC(C)(C#N)CCC(=O)O,5,0.5,170.34,0,0,0,4.9272,9,12,0,56.4385619,173.256,29.54,0,3,1.2814,6,12,0,121.6969429,172.268,26.3,0,2,2.7659,6,12,0,119.0069869,235.355,61.09,2,4,2.08138,4,13,0,260.9534945,DC2.4,3.245389271
100,2309,*CCCCCCCCCCCC,*CC(*)C(=O)OCCN(CC)CC,*CC(*)(C)C(=O)OCCCCCC,*SC(=S)SC(C)(C#N)CCC(=O)O,10,2,170.34,0,0,0,4.9272,9,12,0,56.4385619,173.256,29.54,0,3,1.2814,6,12,0,121.6969429,172.268,26.3,0,2,2.7659,6,12,0,119.0069869,235.355,61.09,2,4,2.08138,4,13,0,260.9534945,DC2.4,2.739176632
100,2310,*CCCCCCCCCCCC,*CC(*)C(=O)OCCN(CC)CC,*CC(*)(C)C(=O)OCCCCCC,*SC(=S)SC(C)(C#N)CCC(=O)O,10,1,170.34,0,0,0,4.9272,9,12,0,56.4385619,173.256,29.54,0,3,1.2814,6,12,0,121.6969429,172.268,26.3,0,2,2.7659,6,12,0,119.0069869,235.355,61.09,2,4,2.08138,4,13,0,260.9534945,DC2.4,3.244895334
100,2311,*CCCCCCCCCCCC,*CC(*)C(=O)OCCN(CC)CC,*CC(*)(C)C(=O)OCCCCCC,*SC(=S)SC(C)(C#N)CCC(=O)O,10,0.5,170.34,0,0,0,4.9272,9,12,0,56.4385619,173.256,29.54,0,3,1.2814,6,12,0,121.6969429,172.268,26.3,0,2,2.7659,6,12,0,119.0069869,235.355,61.09,2,4,2.08138,4,13,0,260.9534945,DC2.4,3.210986974
100,2312,*CCCCCCCCCCCC,*CC(*)C(=O)OCCN(CC)CC,*CC(*)(C)C(=O)OCCCCCC,*SC(=S)SC(C)(C#N)CCC(=O)O,20,2,170.34,0,0,0,4.9272,9,12,0,56.4385619,173.256,29.54,0,3,1.2814,6,12,0,121.6969429,172.268,26.3,0,2,2.7659,6,12,0,119.0069869,235.355,61.09,2,4,2.08138,4,13,0,260.9534945,DC2.4,2.914078585
100,2313,*CCCCCCCCCCCC,*CC(*)C(=O)OCCN(CC)CC,*CC(*)(C)C(=O)OCCCCCC,*SC(=S)SC(C)(C#N)CCC(=O)O,20,1,170.34,0,0,0,4.9272,9,12,0,56.4385619,173.256,29.54,0,3,1.2814,6,12,0,121.6969429,172.268,26.3,0,2,2.7659,6,12,0,119.0069869,235.355,61.09,2,4,2.08138,4,13,0,260.9534945,DC2.4,2.971043792
100,2314,*CCCCCCCCCCCC,*CC(*)C(=O)OCCN(CC)CC,*CC(*)(C)C(=O)OCCCCCC,*SC(=S)SC(C)(C#N)CCC(=O)O,20,0.5,170.34,0,0,0,4.9272,9,12,0,56.4385619,173.256,29.54,0,3,1.2814,6,12,0,121.6969429,172.268,26.3,0,2,2.7659,6,12,0,119.0069869,235.355,61.09,2,4,2.08138,4,13,0,260.9534945,DC2.4,2.979092901
100,2315,*CCCCCCCCCCCC,*CC(*)C(=O)OCCN(CC)CC,*CC(*)C(=O)OCC(CC)CCCC,*SC(=S)SC(C)(C#N)CCC(=O)O,2,2,170.34,0,0,0,4.9272,9,12,0,56.4385619,173.256,29.54,0,3,1.2814,6,12,0,121.6969429,186.295,26.3,0,2,3.156,7,13,0,132.0519685,235.355,61.09,2,4,2.08138,4,13,0,260.9534945,DC2.4,2.386498966
100,2316,*CCCCCCCCCCCC,*CC(*)C(=O)OCCN(CC)CC,*CC(*)C(=O)OCC(CC)CCCC,*SC(=S)SC(C)(C#N)CCC(=O)O,2,1,170.34,0,0,0,4.9272,9,12,0,56.4385619,173.256,29.54,0,3,1.2814,6,12,0,121.6969429,186.295,26.3,0,2,3.156,7,13,0,132.0519685,235.355,61.09,2,4,2.08138,4,13,0,260.9534945,DC2.4,2.530839779
100,2317,*CCCCCCCCCCCC,*CC(*)C(=O)OCCN(CC)CC,*CC(*)C(=O)OCC(CC)CCCC,*SC(=S)SC(C)(C#N)CCC(=O)O,2,0.5,170.34,0,0,0,4.9272,9,12,0,56.4385619,173.256,29.54,0,3,1.2814,6,12,0,121.6969429,186.295,26.3,0,2,3.156,7,13,0,132.0519685,235.355,61.09,2,4,2.08138,4,13,0,260.9534945,DC2.4,2.871280973
100,2318,*CCCCCCCCCCCC,*CC(*)C(=O)OCCN(CC)CC,*CC(*)C(=O)OCC(CC)CCCC,*SC(=S)SC(C)(C#N)CCC(=O)O,5,2,170.34,0,0,0,4.9272,9,12,0,56.4385619,173.256,29.54,0,3,1.2814,6,12,0,121.6969429,186.295,26.3,0,2,3.156,7,13,0,132.0519685,235.355,61.09,2,4,2.08138,4,13,0,260.9534945,DC2.4,2.130333768
100,2319,*CCCCCCCCCCCC,*CC(*)C(=O)OCCN(CC)CC,*CC(*)C(=O)OCC(CC)CCCC,*SC(=S)SC(C)(C#N)CCC(=O)O,5,1,170.34,0,0,0,4.9272,9,12,0,56.4385619,173.256,29.54,0,3,1.2814,6,12,0,121.6969429,186.295,26.3,0,2,3.156,7,13,0,132.0519685,235.355,61.09,2,4,2.08138,4,13,0,260.9534945,DC2.4,2.907680024
100,2320,*CCCCCCCCCCCC,*CC(*)C(=O)OCCN(CC)CC,*CC(*)C(=O)OCC(CC)CCCC,*SC(=S)SC(C)(C#N)CCC(=O)O,5,0.5,170.34,0,0,0,4.9272,9,12,0,56.4385619,173.256,29.54,0,3,1.2814,6,12,0,121.6969429,186.295,26.3,0,2,3.156,7,13,0,132.0519685,235.355,61.09,2,4,2.08138,4,13,0,260.9534945,DC2.4,4.440279213
100,2321,*CCCCCCCCCCCC,*CC(*)C(=O)OCCN(CC)CC,*CC(*)C(=O)OCC(CC)CCCC,*SC(=S)SC(C)(C#N)CCC(=O)O,10,2,170.34,0,0,0,4.9272,9,12,0,56.4385619,173.256,29.54,0,3,1.2814,6,12,0,121.6969429,186.295,26.3,0,2,3.156,7,13,0,132.0519685,235.355,61.09,2,4,2.08138,4,13,0,260.9534945,DC2.4,2.491361694
100,2322,*CCCCCCCCCCCC,*CC(*)C(=O)OCCN(CC)CC,*CC(*)C(=O)OCC(CC)CCCC,*SC(=S)SC(C)(C#N)CCC(=O)O,10,1,170.34,0,0,0,4.9272,9,12,0,56.4385619,173.256,29.54,0,3,1.2814,6,12,0,121.6969429,186.295,26.3,0,2,3.156,7,13,0,132.0519685,235.355,61.09,2,4,2.08138,4,13,0,260.9534945,DC2.4,3.539515192
100,2323,*CCCCCCCCCCCC,*CC(*)C(=O)OCCN(CC)CC,*CC(*)C(=O)OCC(CC)CCCC,*SC(=S)SC(C)(C#N)CCC(=O)O,10,0.5,170.34,0,0,0,4.9272,9,12,0,56.4385619,173.256,29.54,0,3,1.2814,6,12,0,121.6969429,186.295,26.3,0,2,3.156,7,13,0,132.0519685,235.355,61.09,2,4,2.08138,4,13,0,260.9534945,DC2.4,2.955206538
100,2324,*CCCCCCCCCCCC,*CC(*)C(=O)OCCN(CC)CC,*CC(*)C(=O)OCC(CC)CCCC,*SC(=S)SC(C)(C#N)CCC(=O)O,20,2,170.34,0,0,0,4.9272,9,12,0,56.4385619,173.256,29.54,0,3,1.2814,6,12,0,121.6969429,186.295,26.3,0,2,3.156,7,13,0,132.0519685,235.355,61.09,2,4,2.08138,4,13,0,260.9534945,DC2.4,2.644930708
100,2325,*CCCCCCCCCCCC,*CC(*)C(=O)OCCN(CC)CC,*CC(*)C(=O)OCC(CC)CCCC,*SC(=S)SC(C)(C#N)CCC(=O)O,20,1,170.34,0,0,0,4.9272,9,12,0,56.4385619,173.256,29.54,0,3,1.2814,6,12,0,121.6969429,186.295,26.3,0,2,3.156,7,13,0,132.0519685,235.355,61.09,2,4,2.08138,4,13,0,260.9534945,DC2.4,3.068371418
100,2326,*CCCCCCCCCCCC,*CC(*)C(=O)OCCN(CC)CC,*CC(*)C(=O)OCC(CC)CCCC,*SC(=S)SC(C)(C#N)CCC(=O)O,20,0.5,170.34,0,0,0,4.9272,9,12,0,56.4385619,173.256,29.54,0,3,1.2814,6,12,0,121.6969429,186.295,26.3,0,2,3.156,7,13,0,132.0519685,235.355,61.09,2,4,2.08138,4,13,0,260.9534945,DC2.4,2.374748346
100,2327,*CCCCCCCCCCCC,*CC(*)(C)C(=O)OCCN(C)C,*CC(*)C(=O)OCCOc1ccccc1,*SC(=S)SC(C)(C#N)CCC(=O)O,2,2,170.34,0,0,0,4.9272,9,12,0,56.4385619,159.229,29.54,0,3,0.7472,4,11,0,121.2604657,194.23,35.53,0,3,2.0186,5,14,1,269.1209499,235.355,61.09,2,4,2.08138,4,13,0,260.9534945,DC2.4,2.770852012
100,2328,*CCCCCCCCCCCC,*CC(*)(C)C(=O)OCCN(C)C,*CC(*)C(=O)OCCOc1ccccc1,*SC(=S)SC(C)(C#N)CCC(=O)O,2,1,170.34,0,0,0,4.9272,9,12,0,56.4385619,159.229,29.54,0,3,0.7472,4,11,0,121.2604657,194.23,35.53,0,3,2.0186,5,14,1,269.1209499,235.355,61.09,2,4,2.08138,4,13,0,260.9534945,DC2.4,2.440909082
100,2329,*CCCCCCCCCCCC,*CC(*)(C)C(=O)OCCN(C)C,*CC(*)C(=O)OCCOc1ccccc1,*SC(=S)SC(C)(C#N)CCC(=O)O,2,0.5,170.34,0,0,0,4.9272,9,12,0,56.4385619,159.229,29.54,0,3,0.7472,4,11,0,121.2604657,194.23,35.53,0,3,2.0186,5,14,1,269.1209499,235.355,61.09,2,4,2.08138,4,13,0,260.9534945,DC2.4,2.268343914
100,2330,*CCCCCCCCCCCC,*CC(*)(C)C(=O)OCCN(C)C,*CC(*)C(=O)OCCOc1ccccc1,*SC(=S)SC(C)(C#N)CCC(=O)O,5,2,170.34,0,0,0,4.9272,9,12,0,56.4385619,159.229,29.54,0,3,0.7472,4,11,0,121.2604657,194.23,35.53,0,3,2.0186,5,14,1,269.1209499,235.355,61.09,2,4,2.08138,4,13,0,260.9534945,DC2.4,2.522444234
100,2331,*CCCCCCCCCCCC,*CC(*)(C)C(=O)OCCN(C)C,*CC(*)C(=O)OCCOc1ccccc1,*SC(=S)SC(C)(C#N)CCC(=O)O,5,1,170.34,0,0,0,4.9272,9,12,0,56.4385619,159.229,29.54,0,3,0.7472,4,11,0,121.2604657,194.23,35.53,0,3,2.0186,5,14,1,269.1209499,235.355,61.09,2,4,2.08138,4,13,0,260.9534945,DC2.4,2.936764998
100,2332,*CCCCCCCCCCCC,*CC(*)(C)C(=O)OCCN(C)C,*CC(*)C(=O)OCCOc1ccccc1,*SC(=S)SC(C)(C#N)CCC(=O)O,5,0.5,170.34,0,0,0,4.9272,9,12,0,56.4385619,159.229,29.54,0,3,0.7472,4,11,0,121.2604657,194.23,35.53,0,3,2.0186,5,14,1,269.1209499,235.355,61.09,2,4,2.08138,4,13,0,260.9534945,DC2.4,5.381960274
100,2333,*CCCCCCCCCCCC,*CC(*)(C)C(=O)OCCN(C)C,*CC(*)C(=O)OCCOc1ccccc1,*SC(=S)SC(C)(C#N)CCC(=O)O,10,2,170.34,0,0,0,4.9272,9,12,0,56.4385619,159.229,29.54,0,3,0.7472,4,11,0,121.2604657,194.23,35.53,0,3,2.0186,5,14,1,269.1209499,235.355,61.09,2,4,2.08138,4,13,0,260.9534945,DC2.4,3.410439786
100,2334,*CCCCCCCCCCCC,*CC(*)(C)C(=O)OCCN(C)C,*CC(*)C(=O)OCCOc1ccccc1,*SC(=S)SC(C)(C#N)CCC(=O)O,10,1,170.34,0,0,0,4.9272,9,12,0,56.4385619,159.229,29.54,0,3,0.7472,4,11,0,121.2604657,194.23,35.53,0,3,2.0186,5,14,1,269.1209499,235.355,61.09,2,4,2.08138,4,13,0,260.9534945,DC2.4,3.72607487
100,2335,*CCCCCCCCCCCC,*CC(*)(C)C(=O)OCCN(C)C,*CC(*)C(=O)OCCOc1ccccc1,*SC(=S)SC(C)(C#N)CCC(=O)O,10,0.5,170.34,0,0,0,4.9272,9,12,0,56.4385619,159.229,29.54,0,3,0.7472,4,11,0,121.2604657,194.23,35.53,0,3,2.0186,5,14,1,269.1209499,235.355,61.09,2,4,2.08138,4,13,0,260.9534945,DC2.4,5.321048224
100,2336,*CCCCCCCCCCCC,*CC(*)(C)C(=O)OCCN(C)C,*CC(*)C(=O)OCCOc1ccccc1,*SC(=S)SC(C)(C#N)CCC(=O)O,20,2,170.34,0,0,0,4.9272,9,12,0,56.4385619,159.229,29.54,0,3,0.7472,4,11,0,121.2604657,194.23,35.53,0,3,2.0186,5,14,1,269.1209499,235.355,61.09,2,4,2.08138,4,13,0,260.9534945,DC2.4,3.551327988
100,2337,*CCCCCCCCCCCC,*CC(*)(C)C(=O)OCCN(C)C,*CC(*)C(=O)OCCOc1ccccc1,*SC(=S)SC(C)(C#N)CCC(=O)O,20,1,170.34,0,0,0,4.9272,9,12,0,56.4385619,159.229,29.54,0,3,0.7472,4,11,0,121.2604657,194.23,35.53,0,3,2.0186,5,14,1,269.1209499,235.355,61.09,2,4,2.08138,4,13,0,260.9534945,DC2.4,4.553336782
100,2338,*CCCCCCCCCCCC,*CC(*)(C)C(=O)OCCN(C)C,*CC(*)C(=O)OCCOc1ccccc1,*SC(=S)SC(C)(C#N)CCC(=O)O,20,0.5,170.34,0,0,0,4.9272,9,12,0,56.4385619,159.229,29.54,0,3,0.7472,4,11,0,121.2604657,194.23,35.53,0,3,2.0186,5,14,1,269.1209499,235.355,61.09,2,4,2.08138,4,13,0,260.9534945,DC2.4,4.477425155
100,2339,*CCCCCCCCCCCC,*CC(*)(C)C(=O)OCCN(C)C,*CC(*)(C)C(=O)OCCCCCC,*SC(=S)SC(C)(C#N)CCC(=O)O,2,2,170.34,0,0,0,4.9272,9,12,0,56.4385619,159.229,29.54,0,3,0.7472,4,11,0,121.2604657,172.268,26.3,0,2,2.7659,6,12,0,119.0069869,235.355,61.09,2,4,2.08138,4,13,0,260.9534945,DC2.4,2.598243192
100,2340,*CCCCCCCCCCCC,*CC(*)(C)C(=O)OCCN(C)C,*CC(*)(C)C(=O)OCCCCCC,*SC(=S)SC(C)(C#N)CCC(=O)O,2,1,170.34,0,0,0,4.9272,9,12,0,56.4385619,159.229,29.54,0,3,0.7472,4,11,0,121.2604657,172.268,26.3,0,2,2.7659,6,12,0,119.0069869,235.355,61.09,2,4,2.08138,4,13,0,260.9534945,DC2.4,2.181843588
100,2341,*CCCCCCCCCCCC,*CC(*)(C)C(=O)OCCN(C)C,*CC(*)(C)C(=O)OCCCCCC,*SC(=S)SC(C)(C#N)CCC(=O)O,2,0.5,170.34,0,0,0,4.9272,9,12,0,56.4385619,159.229,29.54,0,3,0.7472,4,11,0,121.2604657,172.268,26.3,0,2,2.7659,6,12,0,119.0069869,235.355,61.09,2,4,2.08138,4,13,0,260.9534945,DC2.4,2.328379603
100,2342,*CCCCCCCCCCCC,*CC(*)(C)C(=O)OCCN(C)C,*CC(*)(C)C(=O)OCCCCCC,*SC(=S)SC(C)(C#N)CCC(=O)O,5,2,170.34,0,0,0,4.9272,9,12,0,56.4385619,159.229,29.54,0,3,0.7472,4,11,0,121.2604657,172.268,26.3,0,2,2.7659,6,12,0,119.0069869,235.355,61.09,2,4,2.08138,4,13,0,260.9534945,DC2.4,3.414973348
100,2343,*CCCCCCCCCCCC,*CC(*)(C)C(=O)OCCN(C)C,*CC(*)(C)C(=O)OCCCCCC,*SC(=S)SC(C)(C#N)CCC(=O)O,5,1,170.34,0,0,0,4.9272,9,12,0,56.4385619,159.229,29.54,0,3,0.7472,4,11,0,121.2604657,172.268,26.3,0,2,2.7659,6,12,0,119.0069869,235.355,61.09,2,4,2.08138,4,13,0,260.9534945,DC2.4,5.129494931
100,2344,*CCCCCCCCCCCC,*CC(*)(C)C(=O)OCCN(C)C,*CC(*)(C)C(=O)OCCCCCC,*SC(=S)SC(C)(C#N)CCC(=O)O,5,0.5,170.34,0,0,0,4.9272,9,12,0,56.4385619,159.229,29.54,0,3,0.7472,4,11,0,121.2604657,172.268,26.3,0,2,2.7659,6,12,0,119.0069869,235.355,61.09,2,4,2.08138,4,13,0,260.9534945,DC2.4,3.525498311
100,2345,*CCCCCCCCCCCC,*CC(*)(C)C(=O)OCCN(C)C,*CC(*)(C)C(=O)OCCCCCC,*SC(=S)SC(C)(C#N)CCC(=O)O,10,2,170.34,0,0,0,4.9272,9,12,0,56.4385619,159.229,29.54,0,3,0.7472,4,11,0,121.2604657,172.268,26.3,0,2,2.7659,6,12,0,119.0069869,235.355,61.09,2,4,2.08138,4,13,0,260.9534945,DC2.4,4.168512215
100,2346,*CCCCCCCCCCCC,*CC(*)(C)C(=O)OCCN(C)C,*CC(*)(C)C(=O)OCCCCCC,*SC(=S)SC(C)(C#N)CCC(=O)O,10,1,170.34,0,0,0,4.9272,9,12,0,56.4385619,159.229,29.54,0,3,0.7472,4,11,0,121.2604657,172.268,26.3,0,2,2.7659,6,12,0,119.0069869,235.355,61.09,2,4,2.08138,4,13,0,260.9534945,DC2.4,3.212187604
100,2347,*CCCCCCCCCCCC,*CC(*)(C)C(=O)OCCN(C)C,*CC(*)(C)C(=O)OCCCCCC,*SC(=S)SC(C)(C#N)CCC(=O)O,10,0.5,170.34,0,0,0,4.9272,9,12,0,56.4385619,159.229,29.54,0,3,0.7472,4,11,0,121.2604657,172.268,26.3,0,2,2.7659,6,12,0,119.0069869,235.355,61.09,2,4,2.08138,4,13,0,260.9534945,DC2.4,3.889161585
100,2348,*CCCCCCCCCCCC,*CC(*)(C)C(=O)OCCN(C)C,*CC(*)(C)C(=O)OCCCCCC,*SC(=S)SC(C)(C#N)CCC(=O)O,20,2,170.34,0,0,0,4.9272,9,12,0,56.4385619,159.229,29.54,0,3,0.7472,4,11,0,121.2604657,172.268,26.3,0,2,2.7659,6,12,0,119.0069869,235.355,61.09,2,4,2.08138,4,13,0,260.9534945,DC2.4,4.008131562
100,2349,*CCCCCCCCCCCC,*CC(*)(C)C(=O)OCCN(C)C,*CC(*)(C)C(=O)OCCCCCC,*SC(=S)SC(C)(C#N)CCC(=O)O,20,1,170.34,0,0,0,4.9272,9,12,0,56.4385619,159.229,29.54,0,3,0.7472,4,11,0,121.2604657,172.268,26.3,0,2,2.7659,6,12,0,119.0069869,235.355,61.09,2,4,2.08138,4,13,0,260.9534945,DC2.4,4.018929233
100,2350,*CCCCCCCCCCCC,*CC(*)(C)C(=O)OCCN(C)C,*CC(*)(C)C(=O)OCCCCCC,*SC(=S)SC(C)(C#N)CCC(=O)O,20,0.5,170.34,0,0,0,4.9272,9,12,0,56.4385619,159.229,29.54,0,3,0.7472,4,11,0,121.2604657,172.268,26.3,0,2,2.7659,6,12,0,119.0069869,235.355,61.09,2,4,2.08138,4,13,0,260.9534945,DC2.4,3.707570176
100,2351,*CCCCCCCCCCCC,*CC(*)(C)C(=O)OCCN(C)C,*CC(*)C(=O)OCC(CC)CCCC,*SC(=S)SC(C)(C#N)CCC(=O)O,2,2,170.34,0,0,0,4.9272,9,12,0,56.4385619,159.229,29.54,0,3,0.7472,4,11,0,121.2604657,186.295,26.3,0,2,3.156,7,13,0,132.0519685,235.355,61.09,2,4,2.08138,4,13,0,260.9534945,DC2.4,2.432167269
100,2352,*CCCCCCCCCCCC,*CC(*)(C)C(=O)OCCN(C)C,*CC(*)C(=O)OCC(CC)CCCC,*SC(=S)SC(C)(C#N)CCC(=O)O,2,1,170.34,0,0,0,4.9272,9,12,0,56.4385619,159.229,29.54,0,3,0.7472,4,11,0,121.2604657,186.295,26.3,0,2,3.156,7,13,0,132.0519685,235.355,61.09,2,4,2.08138,4,13,0,260.9534945,DC2.4,2.506505032
100,2353,*CCCCCCCCCCCC,*CC(*)(C)C(=O)OCCN(C)C,*CC(*)C(=O)OCC(CC)CCCC,*SC(=S)SC(C)(C#N)CCC(=O)O,2,0.5,170.34,0,0,0,4.9272,9,12,0,56.4385619,159.229,29.54,0,3,0.7472,4,11,0,121.2604657,186.295,26.3,0,2,3.156,7,13,0,132.0519685,235.355,61.09,2,4,2.08138,4,13,0,260.9534945,DC2.4,2.170261715
100,2354,*CCCCCCCCCCCC,*CC(*)(C)C(=O)OCCN(C)C,*CC(*)C(=O)OCC(CC)CCCC,*SC(=S)SC(C)(C#N)CCC(=O)O,5,2,170.34,0,0,0,4.9272,9,12,0,56.4385619,159.229,29.54,0,3,0.7472,4,11,0,121.2604657,186.295,26.3,0,2,3.156,7,13,0,132.0519685,235.355,61.09,2,4,2.08138,4,13,0,260.9534945,DC2.4,2.854002233
100,2355,*CCCCCCCCCCCC,*CC(*)(C)C(=O)OCCN(C)C,*CC(*)C(=O)OCC(CC)CCCC,*SC(=S)SC(C)(C#N)CCC(=O)O,5,1,170.34,0,0,0,4.9272,9,12,0,56.4385619,159.229,29.54,0,3,0.7472,4,11,0,121.2604657,186.295,26.3,0,2,3.156,7,13,0,132.0519685,235.355,61.09,2,4,2.08138,4,13,0,260.9534945,DC2.4,5.521708048
100,2356,*CCCCCCCCCCCC,*CC(*)(C)C(=O)OCCN(C)C,*CC(*)C(=O)OCC(CC)CCCC,*SC(=S)SC(C)(C#N)CCC(=O)O,5,0.5,170.34,0,0,0,4.9272,9,12,0,56.4385619,159.229,29.54,0,3,0.7472,4,11,0,121.2604657,186.295,26.3,0,2,3.156,7,13,0,132.0519685,235.355,61.09,2,4,2.08138,4,13,0,260.9534945,DC2.4,4.647945037
100,2357,*CCCCCCCCCCCC,*CC(*)(C)C(=O)OCCN(C)C,*CC(*)C(=O)OCC(CC)CCCC,*SC(=S)SC(C)(C#N)CCC(=O)O,10,2,170.34,0,0,0,4.9272,9,12,0,56.4385619,159.229,29.54,0,3,0.7472,4,11,0,121.2604657,186.295,26.3,0,2,3.156,7,13,0,132.0519685,235.355,61.09,2,4,2.08138,4,13,0,260.9534945,DC2.4,4.519099185
100,2358,*CCCCCCCCCCCC,*CC(*)(C)C(=O)OCCN(C)C,*CC(*)C(=O)OCC(CC)CCCC,*SC(=S)SC(C)(C#N)CCC(=O)O,10,1,170.34,0,0,0,4.9272,9,12,0,56.4385619,159.229,29.54,0,3,0.7472,4,11,0,121.2604657,186.295,26.3,0,2,3.156,7,13,0,132.0519685,235.355,61.09,2,4,2.08138,4,13,0,260.9534945,DC2.4,4.845156976
100,2359,*CCCCCCCCCCCC,*CC(*)(C)C(=O)OCCN(C)C,*CC(*)C(=O)OCC(CC)CCCC,*SC(=S)SC(C)(C#N)CCC(=O)O,10,0.5,170.34,0,0,0,4.9272,9,12,0,56.4385619,159.229,29.54,0,3,0.7472,4,11,0,121.2604657,186.295,26.3,0,2,3.156,7,13,0,132.0519685,235.355,61.09,2,4,2.08138,4,13,0,260.9534945,DC2.4,5.372940526
100,2360,*CCCCCCCCCCCC,*CC(*)(C)C(=O)OCCN(C)C,*CC(*)C(=O)OCC(CC)CCCC,*SC(=S)SC(C)(C#N)CCC(=O)O,20,2,170.34,0,0,0,4.9272,9,12,0,56.4385619,159.229,29.54,0,3,0.7472,4,11,0,121.2604657,186.295,26.3,0,2,3.156,7,13,0,132.0519685,235.355,61.09,2,4,2.08138,4,13,0,260.9534945,DC2.4,5.097741325
100,2361,*CCCCCCCCCCCC,*CC(*)(C)C(=O)OCCN(C)C,*CC(*)C(=O)OCC(CC)CCCC,*SC(=S)SC(C)(C#N)CCC(=O)O,20,1,170.34,0,0,0,4.9272,9,12,0,56.4385619,159.229,29.54,0,3,0.7472,4,11,0,121.2604657,186.295,26.3,0,2,3.156,7,13,0,132.0519685,235.355,61.09,2,4,2.08138,4,13,0,260.9534945,DC2.4,5.478274222
100,2362,*CCCCCCCCCCCC,*CC(*)(C)C(=O)OCCN(C)C,*CC(*)C(=O)OCC(CC)CCCC,*SC(=S)SC(C)(C#N)CCC(=O)O,20,0.5,170.34,0,0,0,4.9272,9,12,0,56.4385619,159.229,29.54,0,3,0.7472,4,11,0,121.2604657,186.295,26.3,0,2,3.156,7,13,0,132.0519685,235.355,61.09,2,4,2.08138,4,13,0,260.9534945,DC2.4,4.840451134
100,2363,*CCCCCCCCCCCC,*CC(*)C(=O)OCCN(C)C,*CC(*)C(=O)OCCOc1ccccc1,*SC(=S)SC(C)(C#N)CCC(=O)O,2,2,170.34,0,0,0,4.9272,9,12,0,56.4385619,145.202,29.54,0,3,0.5012,4,10,0,101.7792292,194.23,35.53,0,3,2.0186,5,14,1,269.1209499,235.355,61.09,2,4,2.08138,4,13,0,260.9534945,DC2.4,2.190331698
100,2364,*CCCCCCCCCCCC,*CC(*)C(=O)OCCN(C)C,*CC(*)C(=O)OCCOc1ccccc1,*SC(=S)SC(C)(C#N)CCC(=O)O,2,1,170.34,0,0,0,4.9272,9,12,0,56.4385619,145.202,29.54,0,3,0.5012,4,10,0,101.7792292,194.23,35.53,0,3,2.0186,5,14,1,269.1209499,235.355,61.09,2,4,2.08138,4,13,0,260.9534945,DC2.4,2.165837625
100,2365,*CCCCCCCCCCCC,*CC(*)C(=O)OCCN(C)C,*CC(*)C(=O)OCCOc1ccccc1,*SC(=S)SC(C)(C#N)CCC(=O)O,2,0.5,170.34,0,0,0,4.9272,9,12,0,56.4385619,145.202,29.54,0,3,0.5012,4,10,0,101.7792292,194.23,35.53,0,3,2.0186,5,14,1,269.1209499,235.355,61.09,2,4,2.08138,4,13,0,260.9534945,DC2.4,3.759705608
100,2366,*CCCCCCCCCCCC,*CC(*)C(=O)OCCN(C)C,*CC(*)C(=O)OCCOc1ccccc1,*SC(=S)SC(C)(C#N)CCC(=O)O,5,2,170.34,0,0,0,4.9272,9,12,0,56.4385619,145.202,29.54,0,3,0.5012,4,10,0,101.7792292,194.23,35.53,0,3,2.0186,5,14,1,269.1209499,235.355,61.09,2,4,2.08138,4,13,0,260.9534945,DC2.4,2.592731766
100,2367,*CCCCCCCCCCCC,*CC(*)C(=O)OCCN(C)C,*CC(*)C(=O)OCCOc1ccccc1,*SC(=S)SC(C)(C#N)CCC(=O)O,5,1,170.34,0,0,0,4.9272,9,12,0,56.4385619,145.202,29.54,0,3,0.5012,4,10,0,101.7792292,194.23,35.53,0,3,2.0186,5,14,1,269.1209499,235.355,61.09,2,4,2.08138,4,13,0,260.9534945,DC2.4,4.593817531
100,2368,*CCCCCCCCCCCC,*CC(*)C(=O)OCCN(C)C,*CC(*)C(=O)OCCOc1ccccc1,*SC(=S)SC(C)(C#N)CCC(=O)O,5,0.5,170.34,0,0,0,4.9272,9,12,0,56.4385619,145.202,29.54,0,3,0.5012,4,10,0,101.7792292,194.23,35.53,0,3,2.0186,5,14,1,269.1209499,235.355,61.09,2,4,2.08138,4,13,0,260.9534945,DC2.4,5.211574363
100,2369,*CCCCCCCCCCCC,*CC(*)C(=O)OCCN(C)C,*CC(*)C(=O)OCCOc1ccccc1,*SC(=S)SC(C)(C#N)CCC(=O)O,10,2,170.34,0,0,0,4.9272,9,12,0,56.4385619,145.202,29.54,0,3,0.5012,4,10,0,101.7792292,194.23,35.53,0,3,2.0186,5,14,1,269.1209499,235.355,61.09,2,4,2.08138,4,13,0,260.9534945,DC2.4,3.025715384
100,2370,*CCCCCCCCCCCC,*CC(*)C(=O)OCCN(C)C,*CC(*)C(=O)OCCOc1ccccc1,*SC(=S)SC(C)(C#N)CCC(=O)O,10,1,170.34,0,0,0,4.9272,9,12,0,56.4385619,145.202,29.54,0,3,0.5012,4,10,0,101.7792292,194.23,35.53,0,3,2.0186,5,14,1,269.1209499,235.355,61.09,2,4,2.08138,4,13,0,260.9534945,DC2.4,3.454387467
100,2371,*CCCCCCCCCCCC,*CC(*)C(=O)OCCN(C)C,*CC(*)C(=O)OCCOc1ccccc1,*SC(=S)SC(C)(C#N)CCC(=O)O,10,0.5,170.34,0,0,0,4.9272,9,12,0,56.4385619,145.202,29.54,0,3,0.5012,4,10,0,101.7792292,194.23,35.53,0,3,2.0186,5,14,1,269.1209499,235.355,61.09,2,4,2.08138,4,13,0,260.9534945,DC2.4,5.185459991
100,2372,*CCCCCCCCCCCC,*CC(*)C(=O)OCCN(C)C,*CC(*)C(=O)OCCOc1ccccc1,*SC(=S)SC(C)(C#N)CCC(=O)O,20,2,170.34,0,0,0,4.9272,9,12,0,56.4385619,145.202,29.54,0,3,0.5012,4,10,0,101.7792292,194.23,35.53,0,3,2.0186,5,14,1,269.1209499,235.355,61.09,2,4,2.08138,4,13,0,260.9534945,DC2.4,2.983400738
100,2373,*CCCCCCCCCCCC,*CC(*)C(=O)OCCN(C)C,*CC(*)C(=O)OCCOc1ccccc1,*SC(=S)SC(C)(C#N)CCC(=O)O,20,1,170.34,0,0,0,4.9272,9,12,0,56.4385619,145.202,29.54,0,3,0.5012,4,10,0,101.7792292,194.23,35.53,0,3,2.0186,5,14,1,269.1209499,235.355,61.09,2,4,2.08138,4,13,0,260.9534945,DC2.4,4.410684462
100,2374,*CCCCCCCCCCCC,*CC(*)C(=O)OCCN(C)C,*CC(*)C(=O)OCCOc1ccccc1,*SC(=S)SC(C)(C#N)CCC(=O)O,20,0.5,170.34,0,0,0,4.9272,9,12,0,56.4385619,145.202,29.54,0,3,0.5012,4,10,0,101.7792292,194.23,35.53,0,3,2.0186,5,14,1,269.1209499,235.355,61.09,2,4,2.08138,4,13,0,260.9534945,DC2.4,5.419623708
100,2375,*CCCCCCCCCCCC,*CC(*)C(=O)OCCN(C)C,*CC(*)(C)C(=O)OCCCCCC,*SC(=S)SC(C)(C#N)CCC(=O)O,2,2,170.34,0,0,0,4.9272,9,12,0,56.4385619,145.202,29.54,0,3,0.5012,4,10,0,101.7792292,172.268,26.3,0,2,2.7659,6,12,0,119.0069869,235.355,61.09,2,4,2.08138,4,13,0,260.9534945,DC2.4,2.939269586
100,2376,*CCCCCCCCCCCC,*CC(*)C(=O)OCCN(C)C,*CC(*)(C)C(=O)OCCCCCC,*SC(=S)SC(C)(C#N)CCC(=O)O,2,1,170.34,0,0,0,4.9272,9,12,0,56.4385619,145.202,29.54,0,3,0.5012,4,10,0,101.7792292,172.268,26.3,0,2,2.7659,6,12,0,119.0069869,235.355,61.09,2,4,2.08138,4,13,0,260.9534945,DC2.4,4.007641111
100,2377,*CCCCCCCCCCCC,*CC(*)C(=O)OCCN(C)C,*CC(*)(C)C(=O)OCCCCCC,*SC(=S)SC(C)(C#N)CCC(=O)O,2,0.5,170.34,0,0,0,4.9272,9,12,0,56.4385619,145.202,29.54,0,3,0.5012,4,10,0,101.7792292,172.268,26.3,0,2,2.7659,6,12,0,119.0069869,235.355,61.09,2,4,2.08138,4,13,0,260.9534945,DC2.4,4.271458236
100,2378,*CCCCCCCCCCCC,*CC(*)C(=O)OCCN(C)C,*CC(*)(C)C(=O)OCCCCCC,*SC(=S)SC(C)(C#N)CCC(=O)O,5,2,170.34,0,0,0,4.9272,9,12,0,56.4385619,145.202,29.54,0,3,0.5012,4,10,0,101.7792292,172.268,26.3,0,2,2.7659,6,12,0,119.0069869,235.355,61.09,2,4,2.08138,4,13,0,260.9534945,DC2.4,2.739572344
100,2379,*CCCCCCCCCCCC,*CC(*)C(=O)OCCN(C)C,*CC(*)(C)C(=O)OCCCCCC,*SC(=S)SC(C)(C#N)CCC(=O)O,5,1,170.34,0,0,0,4.9272,9,12,0,56.4385619,145.202,29.54,0,3,0.5012,4,10,0,101.7792292,172.268,26.3,0,2,2.7659,6,12,0,119.0069869,235.355,61.09,2,4,2.08138,4,13,0,260.9534945,DC2.4,4.464064583
100,2380,*CCCCCCCCCCCC,*CC(*)C(=O)OCCN(C)C,*CC(*)(C)C(=O)OCCCCCC,*SC(=S)SC(C)(C#N)CCC(=O)O,5,0.5,170.34,0,0,0,4.9272,9,12,0,56.4385619,145.202,29.54,0,3,0.5012,4,10,0,101.7792292,172.268,26.3,0,2,2.7659,6,12,0,119.0069869,235.355,61.09,2,4,2.08138,4,13,0,260.9534945,DC2.4,4.483565903
100,2381,*CCCCCCCCCCCC,*CC(*)C(=O)OCCN(C)C,*CC(*)(C)C(=O)OCCCCCC,*SC(=S)SC(C)(C#N)CCC(=O)O,10,2,170.34,0,0,0,4.9272,9,12,0,56.4385619,145.202,29.54,0,3,0.5012,4,10,0,101.7792292,172.268,26.3,0,2,2.7659,6,12,0,119.0069869,235.355,61.09,2,4,2.08138,4,13,0,260.9534945,DC2.4,3.378942699
100,2382,*CCCCCCCCCCCC,*CC(*)C(=O)OCCN(C)C,*CC(*)(C)C(=O)OCCCCCC,*SC(=S)SC(C)(C#N)CCC(=O)O,10,1,170.34,0,0,0,4.9272,9,12,0,56.4385619,145.202,29.54,0,3,0.5012,4,10,0,101.7792292,172.268,26.3,0,2,2.7659,6,12,0,119.0069869,235.355,61.09,2,4,2.08138,4,13,0,260.9534945,DC2.4,5.159840797
100,2383,*CCCCCCCCCCCC,*CC(*)C(=O)OCCN(C)C,*CC(*)(C)C(=O)OCCCCCC,*SC(=S)SC(C)(C#N)CCC(=O)O,10,0.5,170.34,0,0,0,4.9272,9,12,0,56.4385619,145.202,29.54,0,3,0.5012,4,10,0,101.7792292,172.268,26.3,0,2,2.7659,6,12,0,119.0069869,235.355,61.09,2,4,2.08138,4,13,0,260.9534945,DC2.4,5.18433789
100,2384,*CCCCCCCCCCCC,*CC(*)C(=O)OCCN(C)C,*CC(*)(C)C(=O)OCCCCCC,*SC(=S)SC(C)(C#N)CCC(=O)O,20,2,170.34,0,0,0,4.9272,9,12,0,56.4385619,145.202,29.54,0,3,0.5012,4,10,0,101.7792292,172.268,26.3,0,2,2.7659,6,12,0,119.0069869,235.355,61.09,2,4,2.08138,4,13,0,260.9534945,DC2.4,3.642563437
100,2385,*CCCCCCCCCCCC,*CC(*)C(=O)OCCN(C)C,*CC(*)(C)C(=O)OCCCCCC,*SC(=S)SC(C)(C#N)CCC(=O)O,20,1,170.34,0,0,0,4.9272,9,12,0,56.4385619,145.202,29.54,0,3,0.5012,4,10,0,101.7792292,172.268,26.3,0,2,2.7659,6,12,0,119.0069869,235.355,61.09,2,4,2.08138,4,13,0,260.9534945,DC2.4,4.717050234
100,2386,*CCCCCCCCCCCC,*CC(*)C(=O)OCCN(C)C,*CC(*)(C)C(=O)OCCCCCC,*SC(=S)SC(C)(C#N)CCC(=O)O,20,0.5,170.34,0,0,0,4.9272,9,12,0,56.4385619,145.202,29.54,0,3,0.5012,4,10,0,101.7792292,172.268,26.3,0,2,2.7659,6,12,0,119.0069869,235.355,61.09,2,4,2.08138,4,13,0,260.9534945,DC2.4,4.411729107
100,2387,*CCCCCCCCCCCC,*CC(*)C(=O)OCCN(C)C,*CC(*)C(=O)OCC(CC)CCCC,*SC(=S)SC(C)(C#N)CCC(=O)O,2,2,170.34,0,0,0,4.9272,9,12,0,56.4385619,145.202,29.54,0,3,0.5012,4,10,0,101.7792292,186.295,26.3,0,2,3.156,7,13,0,132.0519685,235.355,61.09,2,4,2.08138,4,13,0,260.9534945,DC2.4,2.375663614
100,2388,*CCCCCCCCCCCC,*CC(*)C(=O)OCCN(C)C,*CC(*)C(=O)OCC(CC)CCCC,*SC(=S)SC(C)(C#N)CCC(=O)O,2,1,170.34,0,0,0,4.9272,9,12,0,56.4385619,145.202,29.54,0,3,0.5012,4,10,0,101.7792292,186.295,26.3,0,2,3.156,7,13,0,132.0519685,235.355,61.09,2,4,2.08138,4,13,0,260.9534945,DC2.4,3.753659647
100,2389,*CCCCCCCCCCCC,*CC(*)C(=O)OCCN(C)C,*CC(*)C(=O)OCC(CC)CCCC,*SC(=S)SC(C)(C#N)CCC(=O)O,2,0.5,170.34,0,0,0,4.9272,9,12,0,56.4385619,145.202,29.54,0,3,0.5012,4,10,0,101.7792292,186.295,26.3,0,2,3.156,7,13,0,132.0519685,235.355,61.09,2,4,2.08138,4,13,0,260.9534945,DC2.4,4.49556515
100,2390,*CCCCCCCCCCCC,*CC(*)C(=O)OCCN(C)C,*CC(*)C(=O)OCC(CC)CCCC,*SC(=S)SC(C)(C#N)CCC(=O)O,5,2,170.34,0,0,0,4.9272,9,12,0,56.4385619,145.202,29.54,0,3,0.5012,4,10,0,101.7792292,186.295,26.3,0,2,3.156,7,13,0,132.0519685,235.355,61.09,2,4,2.08138,4,13,0,260.9534945,DC2.4,2.72427587
100,2391,*CCCCCCCCCCCC,*CC(*)C(=O)OCCN(C)C,*CC(*)C(=O)OCC(CC)CCCC,*SC(=S)SC(C)(C#N)CCC(=O)O,5,1,170.34,0,0,0,4.9272,9,12,0,56.4385619,145.202,29.54,0,3,0.5012,4,10,0,101.7792292,186.295,26.3,0,2,3.156,7,13,0,132.0519685,235.355,61.09,2,4,2.08138,4,13,0,260.9534945,DC2.4,3.975982944
100,2392,*CCCCCCCCCCCC,*CC(*)C(=O)OCCN(C)C,*CC(*)C(=O)OCC(CC)CCCC,*SC(=S)SC(C)(C#N)CCC(=O)O,5,0.5,170.34,0,0,0,4.9272,9,12,0,56.4385619,145.202,29.54,0,3,0.5012,4,10,0,101.7792292,186.295,26.3,0,2,3.156,7,13,0,132.0519685,235.355,61.09,2,4,2.08138,4,13,0,260.9534945,DC2.4,4.344117068
100,2393,*CCCCCCCCCCCC,*CC(*)C(=O)OCCN(C)C,*CC(*)C(=O)OCC(CC)CCCC,*SC(=S)SC(C)(C#N)CCC(=O)O,10,2,170.34,0,0,0,4.9272,9,12,0,56.4385619,145.202,29.54,0,3,0.5012,4,10,0,101.7792292,186.295,26.3,0,2,3.156,7,13,0,132.0519685,235.355,61.09,2,4,2.08138,4,13,0,260.9534945,DC2.4,4.067256889
100,2394,*CCCCCCCCCCCC,*CC(*)C(=O)OCCN(C)C,*CC(*)C(=O)OCC(CC)CCCC,*SC(=S)SC(C)(C#N)CCC(=O)O,10,1,170.34,0,0,0,4.9272,9,12,0,56.4385619,145.202,29.54,0,3,0.5012,4,10,0,101.7792292,186.295,26.3,0,2,3.156,7,13,0,132.0519685,235.355,61.09,2,4,2.08138,4,13,0,260.9534945,DC2.4,5.666534828
100,2395,*CCCCCCCCCCCC,*CC(*)C(=O)OCCN(C)C,*CC(*)C(=O)OCC(CC)CCCC,*SC(=S)SC(C)(C#N)CCC(=O)O,10,0.5,170.34,0,0,0,4.9272,9,12,0,56.4385619,145.202,29.54,0,3,0.5012,4,10,0,101.7792292,186.295,26.3,0,2,3.156,7,13,0,132.0519685,235.355,61.09,2,4,2.08138,4,13,0,260.9534945,DC2.4,4.910669753
100,2396,*CCCCCCCCCCCC,*CC(*)C(=O)OCCN(C)C,*CC(*)C(=O)OCC(CC)CCCC,*SC(=S)SC(C)(C#N)CCC(=O)O,20,2,170.34,0,0,0,4.9272,9,12,0,56.4385619,145.202,29.54,0,3,0.5012,4,10,0,101.7792292,186.295,26.3,0,2,3.156,7,13,0,132.0519685,235.355,61.09,2,4,2.08138,4,13,0,260.9534945,DC2.4,4.25891252
100,2397,*CCCCCCCCCCCC,*CC(*)C(=O)OCCN(C)C,*CC(*)C(=O)OCC(CC)CCCC,*SC(=S)SC(C)(C#N)CCC(=O)O,20,1,170.34,0,0,0,4.9272,9,12,0,56.4385619,145.202,29.54,0,3,0.5012,4,10,0,101.7792292,186.295,26.3,0,2,3.156,7,13,0,132.0519685,235.355,61.09,2,4,2.08138,4,13,0,260.9534945,DC2.4,5.330666362
100,2398,*CCCCCCCCCCCC,*CC(*)C(=O)OCCN(C)C,*CC(*)C(=O)OCC(CC)CCCC,*SC(=S)SC(C)(C#N)CCC(=O)O,20,0.5,170.34,0,0,0,4.9272,9,12,0,56.4385619,145.202,29.54,0,3,0.5012,4,10,0,101.7792292,186.295,26.3,0,2,3.156,7,13,0,132.0519685,235.355,61.09,2,4,2.08138,4,13,0,260.9534945,DC2.4,4.546382241
100,2399,*CCCCCCCCCCCC,*CC(*)(C)C(=O)OCCN1CCCCC1,*CC(*)C(=O)OCCOc1ccccc1,*SC(=S)SC(C)(C#N)CCC(=O)O,2,2,170.34,0,0,0,4.9272,9,12,0,56.4385619,199.294,29.54,0,3,1.6715,4,14,1,174.1263449,194.23,35.53,0,3,2.0186,5,14,1,269.1209499,235.355,61.09,2,4,2.08138,4,13,0,260.9534945,DC2.4,3.035629828
100,2400,*CCCCCCCCCCCC,*CC(*)(C)C(=O)OCCN1CCCCC1,*CC(*)C(=O)OCCOc1ccccc1,*SC(=S)SC(C)(C#N)CCC(=O)O,2,1,170.34,0,0,0,4.9272,9,12,0,56.4385619,199.294,29.54,0,3,1.6715,4,14,1,174.1263449,194.23,35.53,0,3,2.0186,5,14,1,269.1209499,235.355,61.09,2,4,2.08138,4,13,0,260.9534945,DC2.4,2.358886204
100,2401,*CCCCCCCCCCCC,*CC(*)(C)C(=O)OCCN1CCCCC1,*CC(*)C(=O)OCCOc1ccccc1,*SC(=S)SC(C)(C#N)CCC(=O)O,2,0.5,170.34,0,0,0,4.9272,9,12,0,56.4385619,199.294,29.54,0,3,1.6715,4,14,1,174.1263449,194.23,35.53,0,3,2.0186,5,14,1,269.1209499,235.355,61.09,2,4,2.08138,4,13,0,260.9534945,DC2.4,2.602059991
100,2402,*CCCCCCCCCCCC,*CC(*)(C)C(=O)OCCN1CCCCC1,*CC(*)C(=O)OCCOc1ccccc1,*SC(=S)SC(C)(C#N)CCC(=O)O,5,2,170.34,0,0,0,4.9272,9,12,0,56.4385619,199.294,29.54,0,3,1.6715,4,14,1,174.1263449,194.23,35.53,0,3,2.0186,5,14,1,269.1209499,235.355,61.09,2,4,2.08138,4,13,0,260.9534945,DC2.4,2.664641976
100,2403,*CCCCCCCCCCCC,*CC(*)(C)C(=O)OCCN1CCCCC1,*CC(*)C(=O)OCCOc1ccccc1,*SC(=S)SC(C)(C#N)CCC(=O)O,5,1,170.34,0,0,0,4.9272,9,12,0,56.4385619,199.294,29.54,0,3,1.6715,4,14,1,174.1263449,194.23,35.53,0,3,2.0186,5,14,1,269.1209499,235.355,61.09,2,4,2.08138,4,13,0,260.9534945,DC2.4,3.216825423
100,2404,*CCCCCCCCCCCC,*CC(*)(C)C(=O)OCCN1CCCCC1,*CC(*)C(=O)OCCOc1ccccc1,*SC(=S)SC(C)(C#N)CCC(=O)O,5,0.5,170.34,0,0,0,4.9272,9,12,0,56.4385619,199.294,29.54,0,3,1.6715,4,14,1,174.1263449,194.23,35.53,0,3,2.0186,5,14,1,269.1209499,235.355,61.09,2,4,2.08138,4,13,0,260.9534945,DC2.4,2.746244872
100,2405,*CCCCCCCCCCCC,*CC(*)(C)C(=O)OCCN1CCCCC1,*CC(*)C(=O)OCCOc1ccccc1,*SC(=S)SC(C)(C#N)CCC(=O)O,10,2,170.34,0,0,0,4.9272,9,12,0,56.4385619,199.294,29.54,0,3,1.6715,4,14,1,174.1263449,194.23,35.53,0,3,2.0186,5,14,1,269.1209499,235.355,61.09,2,4,2.08138,4,13,0,260.9534945,DC2.4,2.463146137
100,2406,*CCCCCCCCCCCC,*CC(*)(C)C(=O)OCCN1CCCCC1,*CC(*)C(=O)OCCOc1ccccc1,*SC(=S)SC(C)(C#N)CCC(=O)O,10,1,170.34,0,0,0,4.9272,9,12,0,56.4385619,199.294,29.54,0,3,1.6715,4,14,1,174.1263449,194.23,35.53,0,3,2.0186,5,14,1,269.1209499,235.355,61.09,2,4,2.08138,4,13,0,260.9534945,DC2.4,3.552181339
100,2407,*CCCCCCCCCCCC,*CC(*)(C)C(=O)OCCN1CCCCC1,*CC(*)C(=O)OCCOc1ccccc1,*SC(=S)SC(C)(C#N)CCC(=O)O,10,0.5,170.34,0,0,0,4.9272,9,12,0,56.4385619,199.294,29.54,0,3,1.6715,4,14,1,174.1263449,194.23,35.53,0,3,2.0186,5,14,1,269.1209499,235.355,61.09,2,4,2.08138,4,13,0,260.9534945,DC2.4,3.309417226
100,2408,*CCCCCCCCCCCC,*CC(*)(C)C(=O)OCCN1CCCCC1,*CC(*)C(=O)OCCOc1ccccc1,*SC(=S)SC(C)(C#N)CCC(=O)O,20,2,170.34,0,0,0,4.9272,9,12,0,56.4385619,199.294,29.54,0,3,1.6715,4,14,1,174.1263449,194.23,35.53,0,3,2.0186,5,14,1,269.1209499,235.355,61.09,2,4,2.08138,4,13,0,260.9534945,DC2.4,3.23363058
100,2409,*CCCCCCCCCCCC,*CC(*)(C)C(=O)OCCN1CCCCC1,*CC(*)C(=O)OCCOc1ccccc1,*SC(=S)SC(C)(C#N)CCC(=O)O,20,1,170.34,0,0,0,4.9272,9,12,0,56.4385619,199.294,29.54,0,3,1.6715,4,14,1,174.1263449,194.23,35.53,0,3,2.0186,5,14,1,269.1209499,235.355,61.09,2,4,2.08138,4,13,0,260.9534945,DC2.4,3.157003197
100,2410,*CCCCCCCCCCCC,*CC(*)(C)C(=O)OCCN1CCCCC1,*CC(*)C(=O)OCCOc1ccccc1,*SC(=S)SC(C)(C#N)CCC(=O)O,20,0.5,170.34,0,0,0,4.9272,9,12,0,56.4385619,199.294,29.54,0,3,1.6715,4,14,1,174.1263449,194.23,35.53,0,3,2.0186,5,14,1,269.1209499,235.355,61.09,2,4,2.08138,4,13,0,260.9534945,DC2.4,3.192706807
100,2411,*CCCCCCCCCCCC,*CC(*)(C)C(=O)OCCN1CCCCC1,*CC(*)(C)C(=O)OCCCCCC,*SC(=S)SC(C)(C#N)CCC(=O)O,2,2,170.34,0,0,0,4.9272,9,12,0,56.4385619,199.294,29.54,0,3,1.6715,4,14,1,174.1263449,172.268,26.3,0,2,2.7659,6,12,0,119.0069869,235.355,61.09,2,4,2.08138,4,13,0,260.9534945,DC2.4,2.686189234
100,2412,*CCCCCCCCCCCC,*CC(*)(C)C(=O)OCCN1CCCCC1,*CC(*)(C)C(=O)OCCCCCC,*SC(=S)SC(C)(C#N)CCC(=O)O,2,1,170.34,0,0,0,4.9272,9,12,0,56.4385619,199.294,29.54,0,3,1.6715,4,14,1,174.1263449,172.268,26.3,0,2,2.7659,6,12,0,119.0069869,235.355,61.09,2,4,2.08138,4,13,0,260.9534945,DC2.4,3.13687904
100,2413,*CCCCCCCCCCCC,*CC(*)(C)C(=O)OCCN1CCCCC1,*CC(*)(C)C(=O)OCCCCCC,*SC(=S)SC(C)(C#N)CCC(=O)O,2,0.5,170.34,0,0,0,4.9272,9,12,0,56.4385619,199.294,29.54,0,3,1.6715,4,14,1,174.1263449,172.268,26.3,0,2,2.7659,6,12,0,119.0069869,235.355,61.09,2,4,2.08138,4,13,0,260.9534945,DC2.4,2.90982337
100,2414,*CCCCCCCCCCCC,*CC(*)(C)C(=O)OCCN1CCCCC1,*CC(*)(C)C(=O)OCCCCCC,*SC(=S)SC(C)(C#N)CCC(=O)O,5,2,170.34,0,0,0,4.9272,9,12,0,56.4385619,199.294,29.54,0,3,1.6715,4,14,1,174.1263449,172.268,26.3,0,2,2.7659,6,12,0,119.0069869,235.355,61.09,2,4,2.08138,4,13,0,260.9534945,DC2.4,3.395151592
100,2415,*CCCCCCCCCCCC,*CC(*)(C)C(=O)OCCN1CCCCC1,*CC(*)(C)C(=O)OCCCCCC,*SC(=S)SC(C)(C#N)CCC(=O)O,5,1,170.34,0,0,0,4.9272,9,12,0,56.4385619,199.294,29.54,0,3,1.6715,4,14,1,174.1263449,172.268,26.3,0,2,2.7659,6,12,0,119.0069869,235.355,61.09,2,4,2.08138,4,13,0,260.9534945,DC2.4,3.752893155
100,2416,*CCCCCCCCCCCC,*CC(*)(C)C(=O)OCCN1CCCCC1,*CC(*)(C)C(=O)OCCCCCC,*SC(=S)SC(C)(C#N)CCC(=O)O,5,0.5,170.34,0,0,0,4.9272,9,12,0,56.4385619,199.294,29.54,0,3,1.6715,4,14,1,174.1263449,172.268,26.3,0,2,2.7659,6,12,0,119.0069869,235.355,61.09,2,4,2.08138,4,13,0,260.9534945,DC2.4,2.89181612
100,2417,*CCCCCCCCCCCC,*CC(*)(C)C(=O)OCCN1CCCCC1,*CC(*)(C)C(=O)OCCCCCC,*SC(=S)SC(C)(C#N)CCC(=O)O,10,2,170.34,0,0,0,4.9272,9,12,0,56.4385619,199.294,29.54,0,3,1.6715,4,14,1,174.1263449,172.268,26.3,0,2,2.7659,6,12,0,119.0069869,235.355,61.09,2,4,2.08138,4,13,0,260.9534945,DC2.4,2.423245874
100,2418,*CCCCCCCCCCCC,*CC(*)(C)C(=O)OCCN1CCCCC1,*CC(*)(C)C(=O)OCCCCCC,*SC(=S)SC(C)(C#N)CCC(=O)O,10,1,170.34,0,0,0,4.9272,9,12,0,56.4385619,199.294,29.54,0,3,1.6715,4,14,1,174.1263449,172.268,26.3,0,2,2.7659,6,12,0,119.0069869,235.355,61.09,2,4,2.08138,4,13,0,260.9534945,DC2.4,3.279210513
100,2419,*CCCCCCCCCCCC,*CC(*)(C)C(=O)OCCN1CCCCC1,*CC(*)(C)C(=O)OCCCCCC,*SC(=S)SC(C)(C#N)CCC(=O)O,10,0.5,170.34,0,0,0,4.9272,9,12,0,56.4385619,199.294,29.54,0,3,1.6715,4,14,1,174.1263449,172.268,26.3,0,2,2.7659,6,12,0,119.0069869,235.355,61.09,2,4,2.08138,4,13,0,260.9534945,DC2.4,3.300378065
100,2420,*CCCCCCCCCCCC,*CC(*)(C)C(=O)OCCN1CCCCC1,*CC(*)(C)C(=O)OCCCCCC,*SC(=S)SC(C)(C#N)CCC(=O)O,20,2,170.34,0,0,0,4.9272,9,12,0,56.4385619,199.294,29.54,0,3,1.6715,4,14,1,174.1263449,172.268,26.3,0,2,2.7659,6,12,0,119.0069869,235.355,61.09,2,4,2.08138,4,13,0,260.9534945,DC2.4,2.660391098
100,2421,*CCCCCCCCCCCC,*CC(*)(C)C(=O)OCCN1CCCCC1,*CC(*)(C)C(=O)OCCCCCC,*SC(=S)SC(C)(C#N)CCC(=O)O,20,1,170.34,0,0,0,4.9272,9,12,0,56.4385619,199.294,29.54,0,3,1.6715,4,14,1,174.1263449,172.268,26.3,0,2,2.7659,6,12,0,119.0069869,235.355,61.09,2,4,2.08138,4,13,0,260.9534945,DC2.4,2.725094521
100,2422,*CCCCCCCCCCCC,*CC(*)(C)C(=O)OCCN1CCCCC1,*CC(*)(C)C(=O)OCCCCCC,*SC(=S)SC(C)(C#N)CCC(=O)O,20,0.5,170.34,0,0,0,4.9272,9,12,0,56.4385619,199.294,29.54,0,3,1.6715,4,14,1,174.1263449,172.268,26.3,0,2,2.7659,6,12,0,119.0069869,235.355,61.09,2,4,2.08138,4,13,0,260.9534945,DC2.4,2.802089258
100,2423,*CCCCCCCCCCCC,*CC(*)(C)C(=O)OCCN1CCCCC1,*CC(*)C(=O)OCC(CC)CCCC,*SC(=S)SC(C)(C#N)CCC(=O)O,2,2,170.34,0,0,0,4.9272,9,12,0,56.4385619,199.294,29.54,0,3,1.6715,4,14,1,174.1263449,186.295,26.3,0,2,3.156,7,13,0,132.0519685,235.355,61.09,2,4,2.08138,4,13,0,260.9534945,DC2.4,2.537819095
100,2424,*CCCCCCCCCCCC,*CC(*)(C)C(=O)OCCN1CCCCC1,*CC(*)C(=O)OCC(CC)CCCC,*SC(=S)SC(C)(C#N)CCC(=O)O,2,1,170.34,0,0,0,4.9272,9,12,0,56.4385619,199.294,29.54,0,3,1.6715,4,14,1,174.1263449,186.295,26.3,0,2,3.156,7,13,0,132.0519685,235.355,61.09,2,4,2.08138,4,13,0,260.9534945,DC2.4,2.459392488
100,2425,*CCCCCCCCCCCC,*CC(*)(C)C(=O)OCCN1CCCCC1,*CC(*)C(=O)OCC(CC)CCCC,*SC(=S)SC(C)(C#N)CCC(=O)O,2,0.5,170.34,0,0,0,4.9272,9,12,0,56.4385619,199.294,29.54,0,3,1.6715,4,14,1,174.1263449,186.295,26.3,0,2,3.156,7,13,0,132.0519685,235.355,61.09,2,4,2.08138,4,13,0,260.9534945,DC2.4,3.316599302
100,2426,*CCCCCCCCCCCC,*CC(*)(C)C(=O)OCCN1CCCCC1,*CC(*)C(=O)OCC(CC)CCCC,*SC(=S)SC(C)(C#N)CCC(=O)O,5,2,170.34,0,0,0,4.9272,9,12,0,56.4385619,199.294,29.54,0,3,1.6715,4,14,1,174.1263449,186.295,26.3,0,2,3.156,7,13,0,132.0519685,235.355,61.09,2,4,2.08138,4,13,0,260.9534945,DC2.4,3.620500418
100,2427,*CCCCCCCCCCCC,*CC(*)(C)C(=O)OCCN1CCCCC1,*CC(*)C(=O)OCC(CC)CCCC,*SC(=S)SC(C)(C#N)CCC(=O)O,5,1,170.34,0,0,0,4.9272,9,12,0,56.4385619,199.294,29.54,0,3,1.6715,4,14,1,174.1263449,186.295,26.3,0,2,3.156,7,13,0,132.0519685,235.355,61.09,2,4,2.08138,4,13,0,260.9534945,DC2.4,3.458108821
100,2428,*CCCCCCCCCCCC,*CC(*)(C)C(=O)OCCN1CCCCC1,*CC(*)C(=O)OCC(CC)CCCC,*SC(=S)SC(C)(C#N)CCC(=O)O,5,0.5,170.34,0,0,0,4.9272,9,12,0,56.4385619,199.294,29.54,0,3,1.6715,4,14,1,174.1263449,186.295,26.3,0,2,3.156,7,13,0,132.0519685,235.355,61.09,2,4,2.08138,4,13,0,260.9534945,DC2.4,3.337658891
100,2429,*CCCCCCCCCCCC,*CC(*)(C)C(=O)OCCN1CCCCC1,*CC(*)C(=O)OCC(CC)CCCC,*SC(=S)SC(C)(C#N)CCC(=O)O,10,2,170.34,0,0,0,4.9272,9,12,0,56.4385619,199.294,29.54,0,3,1.6715,4,14,1,174.1263449,186.295,26.3,0,2,3.156,7,13,0,132.0519685,235.355,61.09,2,4,2.08138,4,13,0,260.9534945,DC2.4,3.873843533
100,2430,*CCCCCCCCCCCC,*CC(*)(C)C(=O)OCCN1CCCCC1,*CC(*)C(=O)OCC(CC)CCCC,*SC(=S)SC(C)(C#N)CCC(=O)O,10,1,170.34,0,0,0,4.9272,9,12,0,56.4385619,199.294,29.54,0,3,1.6715,4,14,1,174.1263449,186.295,26.3,0,2,3.156,7,13,0,132.0519685,235.355,61.09,2,4,2.08138,4,13,0,260.9534945,DC2.4,3.768933942
100,2431,*CCCCCCCCCCCC,*CC(*)(C)C(=O)OCCN1CCCCC1,*CC(*)C(=O)OCC(CC)CCCC,*SC(=S)SC(C)(C#N)CCC(=O)O,10,0.5,170.34,0,0,0,4.9272,9,12,0,56.4385619,199.294,29.54,0,3,1.6715,4,14,1,174.1263449,186.295,26.3,0,2,3.156,7,13,0,132.0519685,235.355,61.09,2,4,2.08138,4,13,0,260.9534945,DC2.4,3.115111036
100,2432,*CCCCCCCCCCCC,*CC(*)(C)C(=O)OCCN1CCCCC1,*CC(*)C(=O)OCC(CC)CCCC,*SC(=S)SC(C)(C#N)CCC(=O)O,20,2,170.34,0,0,0,4.9272,9,12,0,56.4385619,199.294,29.54,0,3,1.6715,4,14,1,174.1263449,186.295,26.3,0,2,3.156,7,13,0,132.0519685,235.355,61.09,2,4,2.08138,4,13,0,260.9534945,DC2.4,2.205475037
100,2433,*CCCCCCCCCCCC,*CC(*)(C)C(=O)OCCN1CCCCC1,*CC(*)C(=O)OCC(CC)CCCC,*SC(=S)SC(C)(C#N)CCC(=O)O,20,1,170.34,0,0,0,4.9272,9,12,0,56.4385619,199.294,29.54,0,3,1.6715,4,14,1,174.1263449,186.295,26.3,0,2,3.156,7,13,0,132.0519685,235.355,61.09,2,4,2.08138,4,13,0,260.9534945,DC2.4,2.669781615
100,2434,*CCCCCCCCCCCC,*CC(*)(C)C(=O)OCCN1CCCCC1,*CC(*)C(=O)OCC(CC)CCCC,*SC(=S)SC(C)(C#N)CCC(=O)O,20,0.5,170.34,0,0,0,4.9272,9,12,0,56.4385619,199.294,29.54,0,3,1.6715,4,14,1,174.1263449,186.295,26.3,0,2,3.156,7,13,0,132.0519685,235.355,61.09,2,4,2.08138,4,13,0,260.9534945,DC2.4,2.671172843
100,2435,*CCCCCCCCCCCC,*CC(*)C(=O)OCCN(CC)CC,*CC(*)C(=O)OCCOc1ccccc1,*SC(=S)SC(C)C(=O)O,2,2,170.34,0,0,0,4.9272,9,12,0,56.4385619,173.256,29.54,0,3,1.2814,6,12,0,121.6969429,194.23,35.53,0,3,2.0186,5,14,1,269.1209499,182.291,37.3,2,3,1.4074,2,9,0,133.7744375,DC2.4,2.742725131
100,2436,*CCCCCCCCCCCC,*CC(*)C(=O)OCCN(CC)CC,*CC(*)C(=O)OCCOc1ccccc1,*SC(=S)SC(C)C(=O)O,2,1,170.34,0,0,0,4.9272,9,12,0,56.4385619,173.256,29.54,0,3,1.2814,6,12,0,121.6969429,194.23,35.53,0,3,2.0186,5,14,1,269.1209499,182.291,37.3,2,3,1.4074,2,9,0,133.7744375,DC2.4,2.534660576
100,2437,*CCCCCCCCCCCC,*CC(*)C(=O)OCCN(CC)CC,*CC(*)C(=O)OCCOc1ccccc1,*SC(=S)SC(C)C(=O)O,2,0.5,170.34,0,0,0,4.9272,9,12,0,56.4385619,173.256,29.54,0,3,1.2814,6,12,0,121.6969429,194.23,35.53,0,3,2.0186,5,14,1,269.1209499,182.291,37.3,2,3,1.4074,2,9,0,133.7744375,DC2.4,3.146128036
100,2438,*CCCCCCCCCCCC,*CC(*)C(=O)OCCN(CC)CC,*CC(*)C(=O)OCCOc1ccccc1,*SC(=S)SC(C)C(=O)O,5,2,170.34,0,0,0,4.9272,9,12,0,56.4385619,173.256,29.54,0,3,1.2814,6,12,0,121.6969429,194.23,35.53,0,3,2.0186,5,14,1,269.1209499,182.291,37.3,2,3,1.4074,2,9,0,133.7744375,DC2.4,2.568788212
100,2439,*CCCCCCCCCCCC,*CC(*)C(=O)OCCN(CC)CC,*CC(*)C(=O)OCCOc1ccccc1,*SC(=S)SC(C)C(=O)O,5,1,170.34,0,0,0,4.9272,9,12,0,56.4385619,173.256,29.54,0,3,1.2814,6,12,0,121.6969429,194.23,35.53,0,3,2.0186,5,14,1,269.1209499,182.291,37.3,2,3,1.4074,2,9,0,133.7744375,DC2.4,2.436957331
100,2440,*CCCCCCCCCCCC,*CC(*)C(=O)OCCN(CC)CC,*CC(*)C(=O)OCCOc1ccccc1,*SC(=S)SC(C)C(=O)O,5,0.5,170.34,0,0,0,4.9272,9,12,0,56.4385619,173.256,29.54,0,3,1.2814,6,12,0,121.6969429,194.23,35.53,0,3,2.0186,5,14,1,269.1209499,182.291,37.3,2,3,1.4074,2,9,0,133.7744375,DC2.4,2.428134794
100,2441,*CCCCCCCCCCCC,*CC(*)C(=O)OCCN(CC)CC,*CC(*)C(=O)OCCOc1ccccc1,*SC(=S)SC(C)C(=O)O,10,2,170.34,0,0,0,4.9272,9,12,0,56.4385619,173.256,29.54,0,3,1.2814,6,12,0,121.6969429,194.23,35.53,0,3,2.0186,5,14,1,269.1209499,182.291,37.3,2,3,1.4074,2,9,0,133.7744375,DC2.4,2.403977964
100,2442,*CCCCCCCCCCCC,*CC(*)C(=O)OCCN(CC)CC,*CC(*)C(=O)OCCOc1ccccc1,*SC(=S)SC(C)C(=O)O,10,1,170.34,0,0,0,4.9272,9,12,0,56.4385619,173.256,29.54,0,3,1.2814,6,12,0,121.6969429,194.23,35.53,0,3,2.0186,5,14,1,269.1209499,182.291,37.3,2,3,1.4074,2,9,0,133.7744375,DC2.4,2.440121603
100,2443,*CCCCCCCCCCCC,*CC(*)C(=O)OCCN(CC)CC,*CC(*)C(=O)OCCOc1ccccc1,*SC(=S)SC(C)C(=O)O,10,0.5,170.34,0,0,0,4.9272,9,12,0,56.4385619,173.256,29.54,0,3,1.2814,6,12,0,121.6969429,194.23,35.53,0,3,2.0186,5,14,1,269.1209499,182.291,37.3,2,3,1.4074,2,9,0,133.7744375,DC2.4,4.125220936
100,2444,*CCCCCCCCCCCC,*CC(*)C(=O)OCCN(CC)CC,*CC(*)C(=O)OCCOc1ccccc1,*SC(=S)SC(C)C(=O)O,20,2,170.34,0,0,0,4.9272,9,12,0,56.4385619,173.256,29.54,0,3,1.2814,6,12,0,121.6969429,194.23,35.53,0,3,2.0186,5,14,1,269.1209499,182.291,37.3,2,3,1.4074,2,9,0,133.7744375,DC2.4,2.070037867
100,2445,*CCCCCCCCCCCC,*CC(*)C(=O)OCCN(CC)CC,*CC(*)C(=O)OCCOc1ccccc1,*SC(=S)SC(C)C(=O)O,20,1,170.34,0,0,0,4.9272,9,12,0,56.4385619,173.256,29.54,0,3,1.2814,6,12,0,121.6969429,194.23,35.53,0,3,2.0186,5,14,1,269.1209499,182.291,37.3,2,3,1.4074,2,9,0,133.7744375,DC2.4,2.6349808
100,2446,*CCCCCCCCCCCC,*CC(*)C(=O)OCCN(CC)CC,*CC(*)C(=O)OCCOc1ccccc1,*SC(=S)SC(C)C(=O)O,20,0.5,170.34,0,0,0,4.9272,9,12,0,56.4385619,173.256,29.54,0,3,1.2814,6,12,0,121.6969429,194.23,35.53,0,3,2.0186,5,14,1,269.1209499,182.291,37.3,2,3,1.4074,2,9,0,133.7744375,DC2.4,3.819280647
100,2447,*CCCCCCCCCCCC,*CC(*)C(=O)OCCN(CC)CC,*CC(*)(C)C(=O)OCCCCCC,*SC(=S)SC(C)C(=O)O,2,2,170.34,0,0,0,4.9272,9,12,0,56.4385619,173.256,29.54,0,3,1.2814,6,12,0,121.6969429,172.268,26.3,0,2,2.7659,6,12,0,119.0069869,182.291,37.3,2,3,1.4074,2,9,0,133.7744375,DC2.4,2.53529412
100,2448,*CCCCCCCCCCCC,*CC(*)C(=O)OCCN(CC)CC,*CC(*)(C)C(=O)OCCCCCC,*SC(=S)SC(C)C(=O)O,2,1,170.34,0,0,0,4.9272,9,12,0,56.4385619,173.256,29.54,0,3,1.2814,6,12,0,121.6969429,172.268,26.3,0,2,2.7659,6,12,0,119.0069869,182.291,37.3,2,3,1.4074,2,9,0,133.7744375,DC2.4,2.732795698
100,2449,*CCCCCCCCCCCC,*CC(*)C(=O)OCCN(CC)CC,*CC(*)(C)C(=O)OCCCCCC,*SC(=S)SC(C)C(=O)O,2,0.5,170.34,0,0,0,4.9272,9,12,0,56.4385619,173.256,29.54,0,3,1.2814,6,12,0,121.6969429,172.268,26.3,0,2,2.7659,6,12,0,119.0069869,182.291,37.3,2,3,1.4074,2,9,0,133.7744375,DC2.4,2.264817823
100,2450,*CCCCCCCCCCCC,*CC(*)C(=O)OCCN(CC)CC,*CC(*)(C)C(=O)OCCCCCC,*SC(=S)SC(C)C(=O)O,5,2,170.34,0,0,0,4.9272,9,12,0,56.4385619,173.256,29.54,0,3,1.2814,6,12,0,121.6969429,172.268,26.3,0,2,2.7659,6,12,0,119.0069869,182.291,37.3,2,3,1.4074,2,9,0,133.7744375,DC2.4,2.162862993
100,2451,*CCCCCCCCCCCC,*CC(*)C(=O)OCCN(CC)CC,*CC(*)(C)C(=O)OCCCCCC,*SC(=S)SC(C)C(=O)O,5,1,170.34,0,0,0,4.9272,9,12,0,56.4385619,173.256,29.54,0,3,1.2814,6,12,0,121.6969429,172.268,26.3,0,2,2.7659,6,12,0,119.0069869,182.291,37.3,2,3,1.4074,2,9,0,133.7744375,DC2.4,3.396286546
100,2452,*CCCCCCCCCCCC,*CC(*)C(=O)OCCN(CC)CC,*CC(*)(C)C(=O)OCCCCCC,*SC(=S)SC(C)C(=O)O,5,0.5,170.34,0,0,0,4.9272,9,12,0,56.4385619,173.256,29.54,0,3,1.2814,6,12,0,121.6969429,172.268,26.3,0,2,2.7659,6,12,0,119.0069869,182.291,37.3,2,3,1.4074,2,9,0,133.7744375,DC2.4,3.309417226
100,2453,*CCCCCCCCCCCC,*CC(*)C(=O)OCCN(CC)CC,*CC(*)(C)C(=O)OCCCCCC,*SC(=S)SC(C)C(=O)O,10,2,170.34,0,0,0,4.9272,9,12,0,56.4385619,173.256,29.54,0,3,1.2814,6,12,0,121.6969429,172.268,26.3,0,2,2.7659,6,12,0,119.0069869,182.291,37.3,2,3,1.4074,2,9,0,133.7744375,DC2.4,2.461648568
100,2454,*CCCCCCCCCCCC,*CC(*)C(=O)OCCN(CC)CC,*CC(*)(C)C(=O)OCCCCCC,*SC(=S)SC(C)C(=O)O,10,1,170.34,0,0,0,4.9272,9,12,0,56.4385619,173.256,29.54,0,3,1.2814,6,12,0,121.6969429,172.268,26.3,0,2,2.7659,6,12,0,119.0069869,182.291,37.3,2,3,1.4074,2,9,0,133.7744375,DC2.4,2.442479769
100,2455,*CCCCCCCCCCCC,*CC(*)C(=O)OCCN(CC)CC,*CC(*)(C)C(=O)OCCCCCC,*SC(=S)SC(C)C(=O)O,10,0.5,170.34,0,0,0,4.9272,9,12,0,56.4385619,173.256,29.54,0,3,1.2814,6,12,0,121.6969429,172.268,26.3,0,2,2.7659,6,12,0,119.0069869,182.291,37.3,2,3,1.4074,2,9,0,133.7744375,DC2.4,3.130655349
100,2456,*CCCCCCCCCCCC,*CC(*)C(=O)OCCN(CC)CC,*CC(*)(C)C(=O)OCCCCCC,*SC(=S)SC(C)C(=O)O,20,2,170.34,0,0,0,4.9272,9,12,0,56.4385619,173.256,29.54,0,3,1.2814,6,12,0,121.6969429,172.268,26.3,0,2,2.7659,6,12,0,119.0069869,182.291,37.3,2,3,1.4074,2,9,0,133.7744375,DC2.4,2.569958818
100,2457,*CCCCCCCCCCCC,*CC(*)C(=O)OCCN(CC)CC,*CC(*)(C)C(=O)OCCCCCC,*SC(=S)SC(C)C(=O)O,20,1,170.34,0,0,0,4.9272,9,12,0,56.4385619,173.256,29.54,0,3,1.2814,6,12,0,121.6969429,172.268,26.3,0,2,2.7659,6,12,0,119.0069869,182.291,37.3,2,3,1.4074,2,9,0,133.7744375,DC2.4,2.155336037
100,2458,*CCCCCCCCCCCC,*CC(*)C(=O)OCCN(CC)CC,*CC(*)(C)C(=O)OCCCCCC,*SC(=S)SC(C)C(=O)O,20,0.5,170.34,0,0,0,4.9272,9,12,0,56.4385619,173.256,29.54,0,3,1.2814,6,12,0,121.6969429,172.268,26.3,0,2,2.7659,6,12,0,119.0069869,182.291,37.3,2,3,1.4074,2,9,0,133.7744375,DC2.4,2.60368555
100,2459,*CCCCCCCCCCCC,*CC(*)C(=O)OCCN(CC)CC,*CC(*)C(=O)OCC(CC)CCCC,*SC(=S)SC(C)C(=O)O,2,2,170.34,0,0,0,4.9272,9,12,0,56.4385619,173.256,29.54,0,3,1.2814,6,12,0,121.6969429,186.295,26.3,0,2,3.156,7,13,0,132.0519685,182.291,37.3,2,3,1.4074,2,9,0,133.7744375,DC2.4,2.904715545
100,2460,*CCCCCCCCCCCC,*CC(*)C(=O)OCCN(CC)CC,*CC(*)C(=O)OCC(CC)CCCC,*SC(=S)SC(C)C(=O)O,2,1,170.34,0,0,0,4.9272,9,12,0,56.4385619,173.256,29.54,0,3,1.2814,6,12,0,121.6969429,186.295,26.3,0,2,3.156,7,13,0,132.0519685,182.291,37.3,2,3,1.4074,2,9,0,133.7744375,DC2.4,2.811575006
100,2461,*CCCCCCCCCCCC,*CC(*)C(=O)OCCN(CC)CC,*CC(*)C(=O)OCC(CC)CCCC,*SC(=S)SC(C)C(=O)O,2,0.5,170.34,0,0,0,4.9272,9,12,0,56.4385619,173.256,29.54,0,3,1.2814,6,12,0,121.6969429,186.295,26.3,0,2,3.156,7,13,0,132.0519685,182.291,37.3,2,3,1.4074,2,9,0,133.7744375,DC2.4,3.202352068
100,2462,*CCCCCCCCCCCC,*CC(*)C(=O)OCCN(CC)CC,*CC(*)C(=O)OCC(CC)CCCC,*SC(=S)SC(C)C(=O)O,5,2,170.34,0,0,0,4.9272,9,12,0,56.4385619,173.256,29.54,0,3,1.2814,6,12,0,121.6969429,186.295,26.3,0,2,3.156,7,13,0,132.0519685,182.291,37.3,2,3,1.4074,2,9,0,133.7744375,DC2.4,2.041392685
100,2463,*CCCCCCCCCCCC,*CC(*)C(=O)OCCN(CC)CC,*CC(*)C(=O)OCC(CC)CCCC,*SC(=S)SC(C)C(=O)O,5,1,170.34,0,0,0,4.9272,9,12,0,56.4385619,173.256,29.54,0,3,1.2814,6,12,0,121.6969429,186.295,26.3,0,2,3.156,7,13,0,132.0519685,182.291,37.3,2,3,1.4074,2,9,0,133.7744375,DC2.4,3.092018471
100,2464,*CCCCCCCCCCCC,*CC(*)C(=O)OCCN(CC)CC,*CC(*)C(=O)OCC(CC)CCCC,*SC(=S)SC(C)C(=O)O,5,0.5,170.34,0,0,0,4.9272,9,12,0,56.4385619,173.256,29.54,0,3,1.2814,6,12,0,121.6969429,186.295,26.3,0,2,3.156,7,13,0,132.0519685,182.291,37.3,2,3,1.4074,2,9,0,133.7744375,DC2.4,3.98403198
100,2465,*CCCCCCCCCCCC,*CC(*)C(=O)OCCN(CC)CC,*CC(*)C(=O)OCC(CC)CCCC,*SC(=S)SC(C)C(=O)O,10,2,170.34,0,0,0,4.9272,9,12,0,56.4385619,173.256,29.54,0,3,1.2814,6,12,0,121.6969429,186.295,26.3,0,2,3.156,7,13,0,132.0519685,182.291,37.3,2,3,1.4074,2,9,0,133.7744375,DC2.4,1.872156273
100,2466,*CCCCCCCCCCCC,*CC(*)C(=O)OCCN(CC)CC,*CC(*)C(=O)OCC(CC)CCCC,*SC(=S)SC(C)C(=O)O,10,1,170.34,0,0,0,4.9272,9,12,0,56.4385619,173.256,29.54,0,3,1.2814,6,12,0,121.6969429,186.295,26.3,0,2,3.156,7,13,0,132.0519685,182.291,37.3,2,3,1.4074,2,9,0,133.7744375,DC2.4,3.155032229
100,2467,*CCCCCCCCCCCC,*CC(*)C(=O)OCCN(CC)CC,*CC(*)C(=O)OCC(CC)CCCC,*SC(=S)SC(C)C(=O)O,10,0.5,170.34,0,0,0,4.9272,9,12,0,56.4385619,173.256,29.54,0,3,1.2814,6,12,0,121.6969429,186.295,26.3,0,2,3.156,7,13,0,132.0519685,182.291,37.3,2,3,1.4074,2,9,0,133.7744375,DC2.4,3.612995656
100,2468,*CCCCCCCCCCCC,*CC(*)C(=O)OCCN(CC)CC,*CC(*)C(=O)OCC(CC)CCCC,*SC(=S)SC(C)C(=O)O,20,2,170.34,0,0,0,4.9272,9,12,0,56.4385619,173.256,29.54,0,3,1.2814,6,12,0,121.6969429,186.295,26.3,0,2,3.156,7,13,0,132.0519685,182.291,37.3,2,3,1.4074,2,9,0,133.7744375,DC2.4,2.658488381
100,2469,*CCCCCCCCCCCC,*CC(*)C(=O)OCCN(CC)CC,*CC(*)C(=O)OCC(CC)CCCC,*SC(=S)SC(C)C(=O)O,20,1,170.34,0,0,0,4.9272,9,12,0,56.4385619,173.256,29.54,0,3,1.2814,6,12,0,121.6969429,186.295,26.3,0,2,3.156,7,13,0,132.0519685,182.291,37.3,2,3,1.4074,2,9,0,133.7744375,DC2.4,2.357934847
100,2470,*CCCCCCCCCCCC,*CC(*)C(=O)OCCN(CC)CC,*CC(*)C(=O)OCC(CC)CCCC,*SC(=S)SC(C)C(=O)O,20,0.5,170.34,0,0,0,4.9272,9,12,0,56.4385619,173.256,29.54,0,3,1.2814,6,12,0,121.6969429,186.295,26.3,0,2,3.156,7,13,0,132.0519685,182.291,37.3,2,3,1.4074,2,9,0,133.7744375,DC2.4,2.597695186
100,2471,*CCCCCCCCCCCC,*CC(*)(C)C(=O)OCCN(C)C,*CC(*)C(=O)OCCOc1ccccc1,*SC(=S)SC(C)C(=O)O,2,2,170.34,0,0,0,4.9272,9,12,0,56.4385619,159.229,29.54,0,3,0.7472,4,11,0,121.2604657,194.23,35.53,0,3,2.0186,5,14,1,269.1209499,182.291,37.3,2,3,1.4074,2,9,0,133.7744375,DC2.4,2.390051496
100,2472,*CCCCCCCCCCCC,*CC(*)(C)C(=O)OCCN(C)C,*CC(*)C(=O)OCCOc1ccccc1,*SC(=S)SC(C)C(=O)O,2,1,170.34,0,0,0,4.9272,9,12,0,56.4385619,159.229,29.54,0,3,0.7472,4,11,0,121.2604657,194.23,35.53,0,3,2.0186,5,14,1,269.1209499,182.291,37.3,2,3,1.4074,2,9,0,133.7744375,DC2.4,2.405687787
100,2473,*CCCCCCCCCCCC,*CC(*)(C)C(=O)OCCN(C)C,*CC(*)C(=O)OCCOc1ccccc1,*SC(=S)SC(C)C(=O)O,2,0.5,170.34,0,0,0,4.9272,9,12,0,56.4385619,159.229,29.54,0,3,0.7472,4,11,0,121.2604657,194.23,35.53,0,3,2.0186,5,14,1,269.1209499,182.291,37.3,2,3,1.4074,2,9,0,133.7744375,DC2.4,3.847819347
100,2474,*CCCCCCCCCCCC,*CC(*)(C)C(=O)OCCN(C)C,*CC(*)C(=O)OCCOc1ccccc1,*SC(=S)SC(C)C(=O)O,5,2,170.34,0,0,0,4.9272,9,12,0,56.4385619,159.229,29.54,0,3,0.7472,4,11,0,121.2604657,194.23,35.53,0,3,2.0186,5,14,1,269.1209499,182.291,37.3,2,3,1.4074,2,9,0,133.7744375,DC2.4,2.42894429
100,2475,*CCCCCCCCCCCC,*CC(*)(C)C(=O)OCCN(C)C,*CC(*)C(=O)OCCOc1ccccc1,*SC(=S)SC(C)C(=O)O,5,1,170.34,0,0,0,4.9272,9,12,0,56.4385619,159.229,29.54,0,3,0.7472,4,11,0,121.2604657,194.23,35.53,0,3,2.0186,5,14,1,269.1209499,182.291,37.3,2,3,1.4074,2,9,0,133.7744375,DC2.4,4.862897281
100,2476,*CCCCCCCCCCCC,*CC(*)(C)C(=O)OCCN(C)C,*CC(*)C(=O)OCCOc1ccccc1,*SC(=S)SC(C)C(=O)O,5,0.5,170.34,0,0,0,4.9272,9,12,0,56.4385619,159.229,29.54,0,3,0.7472,4,11,0,121.2604657,194.23,35.53,0,3,2.0186,5,14,1,269.1209499,182.291,37.3,2,3,1.4074,2,9,0,133.7744375,DC2.4,3.172748839
100,2477,*CCCCCCCCCCCC,*CC(*)(C)C(=O)OCCN(C)C,*CC(*)C(=O)OCCOc1ccccc1,*SC(=S)SC(C)C(=O)O,10,2,170.34,0,0,0,4.9272,9,12,0,56.4385619,159.229,29.54,0,3,0.7472,4,11,0,121.2604657,194.23,35.53,0,3,2.0186,5,14,1,269.1209499,182.291,37.3,2,3,1.4074,2,9,0,133.7744375,DC2.4,3.080626487
100,2478,*CCCCCCCCCCCC,*CC(*)(C)C(=O)OCCN(C)C,*CC(*)C(=O)OCCOc1ccccc1,*SC(=S)SC(C)C(=O)O,10,1,170.34,0,0,0,4.9272,9,12,0,56.4385619,159.229,29.54,0,3,0.7472,4,11,0,121.2604657,194.23,35.53,0,3,2.0186,5,14,1,269.1209499,182.291,37.3,2,3,1.4074,2,9,0,133.7744375,DC2.4,2.507855872
100,2479,*CCCCCCCCCCCC,*CC(*)(C)C(=O)OCCN(C)C,*CC(*)C(=O)OCCOc1ccccc1,*SC(=S)SC(C)C(=O)O,10,0.5,170.34,0,0,0,4.9272,9,12,0,56.4385619,159.229,29.54,0,3,0.7472,4,11,0,121.2604657,194.23,35.53,0,3,2.0186,5,14,1,269.1209499,182.291,37.3,2,3,1.4074,2,9,0,133.7744375,DC2.4,2.382917135
100,2480,*CCCCCCCCCCCC,*CC(*)(C)C(=O)OCCN(C)C,*CC(*)C(=O)OCCOc1ccccc1,*SC(=S)SC(C)C(=O)O,20,2,170.34,0,0,0,4.9272,9,12,0,56.4385619,159.229,29.54,0,3,0.7472,4,11,0,121.2604657,194.23,35.53,0,3,2.0186,5,14,1,269.1209499,182.291,37.3,2,3,1.4074,2,9,0,133.7744375,DC2.4,2.188928484
100,2481,*CCCCCCCCCCCC,*CC(*)(C)C(=O)OCCN(C)C,*CC(*)C(=O)OCCOc1ccccc1,*SC(=S)SC(C)C(=O)O,20,1,170.34,0,0,0,4.9272,9,12,0,56.4385619,159.229,29.54,0,3,0.7472,4,11,0,121.2604657,194.23,35.53,0,3,2.0186,5,14,1,269.1209499,182.291,37.3,2,3,1.4074,2,9,0,133.7744375,DC2.4,3.118595365
100,2482,*CCCCCCCCCCCC,*CC(*)(C)C(=O)OCCN(C)C,*CC(*)C(=O)OCCOc1ccccc1,*SC(=S)SC(C)C(=O)O,20,0.5,170.34,0,0,0,4.9272,9,12,0,56.4385619,159.229,29.54,0,3,0.7472,4,11,0,121.2604657,194.23,35.53,0,3,2.0186,5,14,1,269.1209499,182.291,37.3,2,3,1.4074,2,9,0,133.7744375,DC2.4,3.817895757
100,2483,*CCCCCCCCCCCC,*CC(*)(C)C(=O)OCCN(C)C,*CC(*)(C)C(=O)OCCCCCC,*SC(=S)SC(C)C(=O)O,2,2,170.34,0,0,0,4.9272,9,12,0,56.4385619,159.229,29.54,0,3,0.7472,4,11,0,121.2604657,172.268,26.3,0,2,2.7659,6,12,0,119.0069869,182.291,37.3,2,3,1.4074,2,9,0,133.7744375,DC2.4,2.841046465
100,2484,*CCCCCCCCCCCC,*CC(*)(C)C(=O)OCCN(C)C,*CC(*)(C)C(=O)OCCCCCC,*SC(=S)SC(C)C(=O)O,2,1,170.34,0,0,0,4.9272,9,12,0,56.4385619,159.229,29.54,0,3,0.7472,4,11,0,121.2604657,172.268,26.3,0,2,2.7659,6,12,0,119.0069869,182.291,37.3,2,3,1.4074,2,9,0,133.7744375,DC2.4,3.591509809
100,2485,*CCCCCCCCCCCC,*CC(*)(C)C(=O)OCCN(C)C,*CC(*)(C)C(=O)OCCCCCC,*SC(=S)SC(C)C(=O)O,2,0.5,170.34,0,0,0,4.9272,9,12,0,56.4385619,159.229,29.54,0,3,0.7472,4,11,0,121.2604657,172.268,26.3,0,2,2.7659,6,12,0,119.0069869,182.291,37.3,2,3,1.4074,2,9,0,133.7744375,DC2.4,3.937943954
100,2486,*CCCCCCCCCCCC,*CC(*)(C)C(=O)OCCN(C)C,*CC(*)(C)C(=O)OCCCCCC,*SC(=S)SC(C)C(=O)O,5,2,170.34,0,0,0,4.9272,9,12,0,56.4385619,159.229,29.54,0,3,0.7472,4,11,0,121.2604657,172.268,26.3,0,2,2.7659,6,12,0,119.0069869,182.291,37.3,2,3,1.4074,2,9,0,133.7744375,DC2.4,2.694605199
100,2487,*CCCCCCCCCCCC,*CC(*)(C)C(=O)OCCN(C)C,*CC(*)(C)C(=O)OCCCCCC,*SC(=S)SC(C)C(=O)O,5,1,170.34,0,0,0,4.9272,9,12,0,56.4385619,159.229,29.54,0,3,0.7472,4,11,0,121.2604657,172.268,26.3,0,2,2.7659,6,12,0,119.0069869,182.291,37.3,2,3,1.4074,2,9,0,133.7744375,DC2.4,3.831357785
100,2488,*CCCCCCCCCCCC,*CC(*)(C)C(=O)OCCN(C)C,*CC(*)(C)C(=O)OCCCCCC,*SC(=S)SC(C)C(=O)O,5,0.5,170.34,0,0,0,4.9272,9,12,0,56.4385619,159.229,29.54,0,3,0.7472,4,11,0,121.2604657,172.268,26.3,0,2,2.7659,6,12,0,119.0069869,182.291,37.3,2,3,1.4074,2,9,0,133.7744375,DC2.4,3.855942946
100,2489,*CCCCCCCCCCCC,*CC(*)(C)C(=O)OCCN(C)C,*CC(*)(C)C(=O)OCCCCCC,*SC(=S)SC(C)C(=O)O,10,2,170.34,0,0,0,4.9272,9,12,0,56.4385619,159.229,29.54,0,3,0.7472,4,11,0,121.2604657,172.268,26.3,0,2,2.7659,6,12,0,119.0069869,182.291,37.3,2,3,1.4074,2,9,0,133.7744375,DC2.4,3.340146551
100,2490,*CCCCCCCCCCCC,*CC(*)(C)C(=O)OCCN(C)C,*CC(*)(C)C(=O)OCCCCCC,*SC(=S)SC(C)C(=O)O,10,1,170.34,0,0,0,4.9272,9,12,0,56.4385619,159.229,29.54,0,3,0.7472,4,11,0,121.2604657,172.268,26.3,0,2,2.7659,6,12,0,119.0069869,182.291,37.3,2,3,1.4074,2,9,0,133.7744375,DC2.4,3.382287266
100,2491,*CCCCCCCCCCCC,*CC(*)(C)C(=O)OCCN(C)C,*CC(*)(C)C(=O)OCCCCCC,*SC(=S)SC(C)C(=O)O,10,0.5,170.34,0,0,0,4.9272,9,12,0,56.4385619,159.229,29.54,0,3,0.7472,4,11,0,121.2604657,172.268,26.3,0,2,2.7659,6,12,0,119.0069869,182.291,37.3,2,3,1.4074,2,9,0,133.7744375,DC2.4,3.641523685
100,2492,*CCCCCCCCCCCC,*CC(*)(C)C(=O)OCCN(C)C,*CC(*)(C)C(=O)OCCCCCC,*SC(=S)SC(C)C(=O)O,20,2,170.34,0,0,0,4.9272,9,12,0,56.4385619,159.229,29.54,0,3,0.7472,4,11,0,121.2604657,172.268,26.3,0,2,2.7659,6,12,0,119.0069869,182.291,37.3,2,3,1.4074,2,9,0,133.7744375,DC2.4,3.255393126
100,2493,*CCCCCCCCCCCC,*CC(*)(C)C(=O)OCCN(C)C,*CC(*)(C)C(=O)OCCCCCC,*SC(=S)SC(C)C(=O)O,20,1,170.34,0,0,0,4.9272,9,12,0,56.4385619,159.229,29.54,0,3,0.7472,4,11,0,121.2604657,172.268,26.3,0,2,2.7659,6,12,0,119.0069869,182.291,37.3,2,3,1.4074,2,9,0,133.7744375,DC2.4,2.928395852
100,2494,*CCCCCCCCCCCC,*CC(*)(C)C(=O)OCCN(C)C,*CC(*)(C)C(=O)OCCCCCC,*SC(=S)SC(C)C(=O)O,20,0.5,170.34,0,0,0,4.9272,9,12,0,56.4385619,159.229,29.54,0,3,0.7472,4,11,0,121.2604657,172.268,26.3,0,2,2.7659,6,12,0,119.0069869,182.291,37.3,2,3,1.4074,2,9,0,133.7744375,DC2.4,2.494850022
100,2495,*CCCCCCCCCCCC,*CC(*)(C)C(=O)OCCN(C)C,*CC(*)C(=O)OCC(CC)CCCC,*SC(=S)SC(C)C(=O)O,2,2,170.34,0,0,0,4.9272,9,12,0,56.4385619,159.229,29.54,0,3,0.7472,4,11,0,121.2604657,186.295,26.3,0,2,3.156,7,13,0,132.0519685,182.291,37.3,2,3,1.4074,2,9,0,133.7744375,DC2.4,4.539552808
100,2496,*CCCCCCCCCCCC,*CC(*)(C)C(=O)OCCN(C)C,*CC(*)C(=O)OCC(CC)CCCC,*SC(=S)SC(C)C(=O)O,2,1,170.34,0,0,0,4.9272,9,12,0,56.4385619,159.229,29.54,0,3,0.7472,4,11,0,121.2604657,186.295,26.3,0,2,3.156,7,13,0,132.0519685,182.291,37.3,2,3,1.4074,2,9,0,133.7744375,DC2.4,3.139564266
100,2497,*CCCCCCCCCCCC,*CC(*)(C)C(=O)OCCN(C)C,*CC(*)C(=O)OCC(CC)CCCC,*SC(=S)SC(C)C(=O)O,2,0.5,170.34,0,0,0,4.9272,9,12,0,56.4385619,159.229,29.54,0,3,0.7472,4,11,0,121.2604657,186.295,26.3,0,2,3.156,7,13,0,132.0519685,182.291,37.3,2,3,1.4074,2,9,0,133.7744375,DC2.4,3.683317262
100,2498,*CCCCCCCCCCCC,*CC(*)(C)C(=O)OCCN(C)C,*CC(*)C(=O)OCC(CC)CCCC,*SC(=S)SC(C)C(=O)O,5,2,170.34,0,0,0,4.9272,9,12,0,56.4385619,159.229,29.54,0,3,0.7472,4,11,0,121.2604657,186.295,26.3,0,2,3.156,7,13,0,132.0519685,182.291,37.3,2,3,1.4074,2,9,0,133.7744375,DC2.4,3.965624967
100,2499,*CCCCCCCCCCCC,*CC(*)(C)C(=O)OCCN(C)C,*CC(*)C(=O)OCC(CC)CCCC,*SC(=S)SC(C)C(=O)O,5,1,170.34,0,0,0,4.9272,9,12,0,56.4385619,159.229,29.54,0,3,0.7472,4,11,0,121.2604657,186.295,26.3,0,2,3.156,7,13,0,132.0519685,182.291,37.3,2,3,1.4074,2,9,0,133.7744375,DC2.4,4.863857962
100,2500,*CCCCCCCCCCCC,*CC(*)(C)C(=O)OCCN(C)C,*CC(*)C(=O)OCC(CC)CCCC,*SC(=S)SC(C)C(=O)O,5,0.5,170.34,0,0,0,4.9272,9,12,0,56.4385619,159.229,29.54,0,3,0.7472,4,11,0,121.2604657,186.295,26.3,0,2,3.156,7,13,0,132.0519685,182.291,37.3,2,3,1.4074,2,9,0,133.7744375,DC2.4,3.015778756
100,2501,*CCCCCCCCCCCC,*CC(*)(C)C(=O)OCCN(C)C,*CC(*)C(=O)OCC(CC)CCCC,*SC(=S)SC(C)C(=O)O,10,2,170.34,0,0,0,4.9272,9,12,0,56.4385619,159.229,29.54,0,3,0.7472,4,11,0,121.2604657,186.295,26.3,0,2,3.156,7,13,0,132.0519685,182.291,37.3,2,3,1.4074,2,9,0,133.7744375,DC2.4,3.494224187
100,2502,*CCCCCCCCCCCC,*CC(*)(C)C(=O)OCCN(C)C,*CC(*)C(=O)OCC(CC)CCCC,*SC(=S)SC(C)C(=O)O,10,1,170.34,0,0,0,4.9272,9,12,0,56.4385619,159.229,29.54,0,3,0.7472,4,11,0,121.2604657,186.295,26.3,0,2,3.156,7,13,0,132.0519685,182.291,37.3,2,3,1.4074,2,9,0,133.7744375,DC2.4,5.74164276
100,2503,*CCCCCCCCCCCC,*CC(*)(C)C(=O)OCCN(C)C,*CC(*)C(=O)OCC(CC)CCCC,*SC(=S)SC(C)C(=O)O,10,0.5,170.34,0,0,0,4.9272,9,12,0,56.4385619,159.229,29.54,0,3,0.7472,4,11,0,121.2604657,186.295,26.3,0,2,3.156,7,13,0,132.0519685,182.291,37.3,2,3,1.4074,2,9,0,133.7744375,DC2.4,5.412992799
100,2504,*CCCCCCCCCCCC,*CC(*)(C)C(=O)OCCN(C)C,*CC(*)C(=O)OCC(CC)CCCC,*SC(=S)SC(C)C(=O)O,20,2,170.34,0,0,0,4.9272,9,12,0,56.4385619,159.229,29.54,0,3,0.7472,4,11,0,121.2604657,186.295,26.3,0,2,3.156,7,13,0,132.0519685,182.291,37.3,2,3,1.4074,2,9,0,133.7744375,DC2.4,5.280747912
100,2505,*CCCCCCCCCCCC,*CC(*)(C)C(=O)OCCN(C)C,*CC(*)C(=O)OCC(CC)CCCC,*SC(=S)SC(C)C(=O)O,20,1,170.34,0,0,0,4.9272,9,12,0,56.4385619,159.229,29.54,0,3,0.7472,4,11,0,121.2604657,186.295,26.3,0,2,3.156,7,13,0,132.0519685,182.291,37.3,2,3,1.4074,2,9,0,133.7744375,DC2.4,5.167953538
100,2506,*CCCCCCCCCCCC,*CC(*)(C)C(=O)OCCN(C)C,*CC(*)C(=O)OCC(CC)CCCC,*SC(=S)SC(C)C(=O)O,20,0.5,170.34,0,0,0,4.9272,9,12,0,56.4385619,159.229,29.54,0,3,0.7472,4,11,0,121.2604657,186.295,26.3,0,2,3.156,7,13,0,132.0519685,182.291,37.3,2,3,1.4074,2,9,0,133.7744375,DC2.4,4.758533422
100,2507,*CCCCCCCCCCCC,*CC(*)C(=O)OCCN(C)C,*CC(*)C(=O)OCCOc1ccccc1,*SC(=S)SC(C)C(=O)O,2,2,170.34,0,0,0,4.9272,9,12,0,56.4385619,145.202,29.54,0,3,0.5012,4,10,0,101.7792292,194.23,35.53,0,3,2.0186,5,14,1,269.1209499,182.291,37.3,2,3,1.4074,2,9,0,133.7744375,DC2.4,2.725094521
100,2508,*CCCCCCCCCCCC,*CC(*)C(=O)OCCN(C)C,*CC(*)C(=O)OCCOc1ccccc1,*SC(=S)SC(C)C(=O)O,2,1,170.34,0,0,0,4.9272,9,12,0,56.4385619,145.202,29.54,0,3,0.5012,4,10,0,101.7792292,194.23,35.53,0,3,2.0186,5,14,1,269.1209499,182.291,37.3,2,3,1.4074,2,9,0,133.7744375,DC2.4,2.550839605
100,2509,*CCCCCCCCCCCC,*CC(*)C(=O)OCCN(C)C,*CC(*)C(=O)OCCOc1ccccc1,*SC(=S)SC(C)C(=O)O,2,0.5,170.34,0,0,0,4.9272,9,12,0,56.4385619,145.202,29.54,0,3,0.5012,4,10,0,101.7792292,194.23,35.53,0,3,2.0186,5,14,1,269.1209499,182.291,37.3,2,3,1.4074,2,9,0,133.7744375,DC2.4,2.954483717
100,2510,*CCCCCCCCCCCC,*CC(*)C(=O)OCCN(C)C,*CC(*)C(=O)OCCOc1ccccc1,*SC(=S)SC(C)C(=O)O,5,2,170.34,0,0,0,4.9272,9,12,0,56.4385619,145.202,29.54,0,3,0.5012,4,10,0,101.7792292,194.23,35.53,0,3,2.0186,5,14,1,269.1209499,182.291,37.3,2,3,1.4074,2,9,0,133.7744375,DC2.4,2.478566496
100,2511,*CCCCCCCCCCCC,*CC(*)C(=O)OCCN(C)C,*CC(*)C(=O)OCCOc1ccccc1,*SC(=S)SC(C)C(=O)O,5,1,170.34,0,0,0,4.9272,9,12,0,56.4385619,145.202,29.54,0,3,0.5012,4,10,0,101.7792292,194.23,35.53,0,3,2.0186,5,14,1,269.1209499,182.291,37.3,2,3,1.4074,2,9,0,133.7744375,DC2.4,3.341632336
100,2512,*CCCCCCCCCCCC,*CC(*)C(=O)OCCN(C)C,*CC(*)C(=O)OCCOc1ccccc1,*SC(=S)SC(C)C(=O)O,5,0.5,170.34,0,0,0,4.9272,9,12,0,56.4385619,145.202,29.54,0,3,0.5012,4,10,0,101.7792292,194.23,35.53,0,3,2.0186,5,14,1,269.1209499,182.291,37.3,2,3,1.4074,2,9,0,133.7744375,DC2.4,6.07776041
100,2513,*CCCCCCCCCCCC,*CC(*)C(=O)OCCN(C)C,*CC(*)C(=O)OCCOc1ccccc1,*SC(=S)SC(C)C(=O)O,10,2,170.34,0,0,0,4.9272,9,12,0,56.4385619,145.202,29.54,0,3,0.5012,4,10,0,101.7792292,194.23,35.53,0,3,2.0186,5,14,1,269.1209499,182.291,37.3,2,3,1.4074,2,9,0,133.7744375,DC2.4,3.447855444
100,2514,*CCCCCCCCCCCC,*CC(*)C(=O)OCCN(C)C,*CC(*)C(=O)OCCOc1ccccc1,*SC(=S)SC(C)C(=O)O,10,1,170.34,0,0,0,4.9272,9,12,0,56.4385619,145.202,29.54,0,3,0.5012,4,10,0,101.7792292,194.23,35.53,0,3,2.0186,5,14,1,269.1209499,182.291,37.3,2,3,1.4074,2,9,0,133.7744375,DC2.4,2.842921121
100,2515,*CCCCCCCCCCCC,*CC(*)C(=O)OCCN(C)C,*CC(*)C(=O)OCCOc1ccccc1,*SC(=S)SC(C)C(=O)O,10,0.5,170.34,0,0,0,4.9272,9,12,0,56.4385619,145.202,29.54,0,3,0.5012,4,10,0,101.7792292,194.23,35.53,0,3,2.0186,5,14,1,269.1209499,182.291,37.3,2,3,1.4074,2,9,0,133.7744375,DC2.4,2.649334859
100,2516,*CCCCCCCCCCCC,*CC(*)C(=O)OCCN(C)C,*CC(*)C(=O)OCCOc1ccccc1,*SC(=S)SC(C)C(=O)O,20,2,170.34,0,0,0,4.9272,9,12,0,56.4385619,145.202,29.54,0,3,0.5012,4,10,0,101.7792292,194.23,35.53,0,3,2.0186,5,14,1,269.1209499,182.291,37.3,2,3,1.4074,2,9,0,133.7744375,DC2.4,2.352182518
100,2517,*CCCCCCCCCCCC,*CC(*)C(=O)OCCN(C)C,*CC(*)C(=O)OCCOc1ccccc1,*SC(=S)SC(C)C(=O)O,20,1,170.34,0,0,0,4.9272,9,12,0,56.4385619,145.202,29.54,0,3,0.5012,4,10,0,101.7792292,194.23,35.53,0,3,2.0186,5,14,1,269.1209499,182.291,37.3,2,3,1.4074,2,9,0,133.7744375,DC2.4,2.552668216
100,2518,*CCCCCCCCCCCC,*CC(*)C(=O)OCCN(C)C,*CC(*)C(=O)OCCOc1ccccc1,*SC(=S)SC(C)C(=O)O,20,0.5,170.34,0,0,0,4.9272,9,12,0,56.4385619,145.202,29.54,0,3,0.5012,4,10,0,101.7792292,194.23,35.53,0,3,2.0186,5,14,1,269.1209499,182.291,37.3,2,3,1.4074,2,9,0,133.7744375,DC2.4,4.037406576
100,2519,*CCCCCCCCCCCC,*CC(*)C(=O)OCCN(C)C,*CC(*)(C)C(=O)OCCCCCC,*SC(=S)SC(C)C(=O)O,2,2,170.34,0,0,0,4.9272,9,12,0,56.4385619,145.202,29.54,0,3,0.5012,4,10,0,101.7792292,172.268,26.3,0,2,2.7659,6,12,0,119.0069869,182.291,37.3,2,3,1.4074,2,9,0,133.7744375,DC2.4,2.89181612
100,2520,*CCCCCCCCCCCC,*CC(*)C(=O)OCCN(C)C,*CC(*)(C)C(=O)OCCCCCC,*SC(=S)SC(C)C(=O)O,2,1,170.34,0,0,0,4.9272,9,12,0,56.4385619,145.202,29.54,0,3,0.5012,4,10,0,101.7792292,172.268,26.3,0,2,2.7659,6,12,0,119.0069869,182.291,37.3,2,3,1.4074,2,9,0,133.7744375,DC2.4,2.775610448
100,2521,*CCCCCCCCCCCC,*CC(*)C(=O)OCCN(C)C,*CC(*)(C)C(=O)OCCCCCC,*SC(=S)SC(C)C(=O)O,2,0.5,170.34,0,0,0,4.9272,9,12,0,56.4385619,145.202,29.54,0,3,0.5012,4,10,0,101.7792292,172.268,26.3,0,2,2.7659,6,12,0,119.0069869,182.291,37.3,2,3,1.4074,2,9,0,133.7744375,DC2.4,3.003245055
100,2522,*CCCCCCCCCCCC,*CC(*)C(=O)OCCN(C)C,*CC(*)(C)C(=O)OCCCCCC,*SC(=S)SC(C)C(=O)O,5,2,170.34,0,0,0,4.9272,9,12,0,56.4385619,145.202,29.54,0,3,0.5012,4,10,0,101.7792292,172.268,26.3,0,2,2.7659,6,12,0,119.0069869,182.291,37.3,2,3,1.4074,2,9,0,133.7744375,DC2.4,2.850646235
100,2523,*CCCCCCCCCCCC,*CC(*)C(=O)OCCN(C)C,*CC(*)(C)C(=O)OCCCCCC,*SC(=S)SC(C)C(=O)O,5,1,170.34,0,0,0,4.9272,9,12,0,56.4385619,145.202,29.54,0,3,0.5012,4,10,0,101.7792292,172.268,26.3,0,2,2.7659,6,12,0,119.0069869,182.291,37.3,2,3,1.4074,2,9,0,133.7744375,DC2.4,4.034808874
100,2524,*CCCCCCCCCCCC,*CC(*)C(=O)OCCN(C)C,*CC(*)(C)C(=O)OCCCCCC,*SC(=S)SC(C)C(=O)O,5,0.5,170.34,0,0,0,4.9272,9,12,0,56.4385619,145.202,29.54,0,3,0.5012,4,10,0,101.7792292,172.268,26.3,0,2,2.7659,6,12,0,119.0069869,182.291,37.3,2,3,1.4074,2,9,0,133.7744375,DC2.4,4.028571253
100,2525,*CCCCCCCCCCCC,*CC(*)C(=O)OCCN(C)C,*CC(*)(C)C(=O)OCCCCCC,*SC(=S)SC(C)C(=O)O,10,2,170.34,0,0,0,4.9272,9,12,0,56.4385619,145.202,29.54,0,3,0.5012,4,10,0,101.7792292,172.268,26.3,0,2,2.7659,6,12,0,119.0069869,182.291,37.3,2,3,1.4074,2,9,0,133.7744375,DC2.4,3.503790683
100,2526,*CCCCCCCCCCCC,*CC(*)C(=O)OCCN(C)C,*CC(*)(C)C(=O)OCCCCCC,*SC(=S)SC(C)C(=O)O,10,1,170.34,0,0,0,4.9272,9,12,0,56.4385619,145.202,29.54,0,3,0.5012,4,10,0,101.7792292,172.268,26.3,0,2,2.7659,6,12,0,119.0069869,182.291,37.3,2,3,1.4074,2,9,0,133.7744375,DC2.4,3.499412126
100,2527,*CCCCCCCCCCCC,*CC(*)C(=O)OCCN(C)C,*CC(*)(C)C(=O)OCCCCCC,*SC(=S)SC(C)C(=O)O,10,0.5,170.34,0,0,0,4.9272,9,12,0,56.4385619,145.202,29.54,0,3,0.5012,4,10,0,101.7792292,172.268,26.3,0,2,2.7659,6,12,0,119.0069869,182.291,37.3,2,3,1.4074,2,9,0,133.7744375,DC2.4,4.401900037
100,2528,*CCCCCCCCCCCC,*CC(*)C(=O)OCCN(C)C,*CC(*)(C)C(=O)OCCCCCC,*SC(=S)SC(C)C(=O)O,20,2,170.34,0,0,0,4.9272,9,12,0,56.4385619,145.202,29.54,0,3,0.5012,4,10,0,101.7792292,172.268,26.3,0,2,2.7659,6,12,0,119.0069869,182.291,37.3,2,3,1.4074,2,9,0,133.7744375,DC2.4,4.151323875
100,2529,*CCCCCCCCCCCC,*CC(*)C(=O)OCCN(C)C,*CC(*)(C)C(=O)OCCCCCC,*SC(=S)SC(C)C(=O)O,20,1,170.34,0,0,0,4.9272,9,12,0,56.4385619,145.202,29.54,0,3,0.5012,4,10,0,101.7792292,172.268,26.3,0,2,2.7659,6,12,0,119.0069869,182.291,37.3,2,3,1.4074,2,9,0,133.7744375,DC2.4,3.129850951
100,2530,*CCCCCCCCCCCC,*CC(*)C(=O)OCCN(C)C,*CC(*)(C)C(=O)OCCCCCC,*SC(=S)SC(C)C(=O)O,20,0.5,170.34,0,0,0,4.9272,9,12,0,56.4385619,145.202,29.54,0,3,0.5012,4,10,0,101.7792292,172.268,26.3,0,2,2.7659,6,12,0,119.0069869,182.291,37.3,2,3,1.4074,2,9,0,133.7744375,DC2.4,3.516535374
100,2531,*CCCCCCCCCCCC,*CC(*)C(=O)OCCN(C)C,*CC(*)C(=O)OCC(CC)CCCC,*SC(=S)SC(C)C(=O)O,2,2,170.34,0,0,0,4.9272,9,12,0,56.4385619,145.202,29.54,0,3,0.5012,4,10,0,101.7792292,186.295,26.3,0,2,3.156,7,13,0,132.0519685,182.291,37.3,2,3,1.4074,2,9,0,133.7744375,DC2.4,2.524396122
100,2532,*CCCCCCCCCCCC,*CC(*)C(=O)OCCN(C)C,*CC(*)C(=O)OCC(CC)CCCC,*SC(=S)SC(C)C(=O)O,2,1,170.34,0,0,0,4.9272,9,12,0,56.4385619,145.202,29.54,0,3,0.5012,4,10,0,101.7792292,186.295,26.3,0,2,3.156,7,13,0,132.0519685,182.291,37.3,2,3,1.4074,2,9,0,133.7744375,DC2.4,3.799168176
100,2533,*CCCCCCCCCCCC,*CC(*)C(=O)OCCN(C)C,*CC(*)C(=O)OCC(CC)CCCC,*SC(=S)SC(C)C(=O)O,2,0.5,170.34,0,0,0,4.9272,9,12,0,56.4385619,145.202,29.54,0,3,0.5012,4,10,0,101.7792292,186.295,26.3,0,2,3.156,7,13,0,132.0519685,182.291,37.3,2,3,1.4074,2,9,0,133.7744375,DC2.4,4.373840327
100,2534,*CCCCCCCCCCCC,*CC(*)C(=O)OCCN(C)C,*CC(*)C(=O)OCC(CC)CCCC,*SC(=S)SC(C)C(=O)O,5,2,170.34,0,0,0,4.9272,9,12,0,56.4385619,145.202,29.54,0,3,0.5012,4,10,0,101.7792292,186.295,26.3,0,2,3.156,7,13,0,132.0519685,182.291,37.3,2,3,1.4074,2,9,0,133.7744375,DC2.4,3.191031609
100,2535,*CCCCCCCCCCCC,*CC(*)C(=O)OCCN(C)C,*CC(*)C(=O)OCC(CC)CCCC,*SC(=S)SC(C)C(=O)O,5,1,170.34,0,0,0,4.9272,9,12,0,56.4385619,145.202,29.54,0,3,0.5012,4,10,0,101.7792292,186.295,26.3,0,2,3.156,7,13,0,132.0519685,182.291,37.3,2,3,1.4074,2,9,0,133.7744375,DC2.4,4.642528819
100,2536,*CCCCCCCCCCCC,*CC(*)C(=O)OCCN(C)C,*CC(*)C(=O)OCC(CC)CCCC,*SC(=S)SC(C)C(=O)O,5,0.5,170.34,0,0,0,4.9272,9,12,0,56.4385619,145.202,29.54,0,3,0.5012,4,10,0,101.7792292,186.295,26.3,0,2,3.156,7,13,0,132.0519685,182.291,37.3,2,3,1.4074,2,9,0,133.7744375,DC2.4,4.432889155
100,2537,*CCCCCCCCCCCC,*CC(*)C(=O)OCCN(C)C,*CC(*)C(=O)OCC(CC)CCCC,*SC(=S)SC(C)C(=O)O,10,2,170.34,0,0,0,4.9272,9,12,0,56.4385619,145.202,29.54,0,3,0.5012,4,10,0,101.7792292,186.295,26.3,0,2,3.156,7,13,0,132.0519685,182.291,37.3,2,3,1.4074,2,9,0,133.7744375,DC2.4,3.366329551
100,2538,*CCCCCCCCCCCC,*CC(*)C(=O)OCCN(C)C,*CC(*)C(=O)OCC(CC)CCCC,*SC(=S)SC(C)C(=O)O,10,1,170.34,0,0,0,4.9272,9,12,0,56.4385619,145.202,29.54,0,3,0.5012,4,10,0,101.7792292,186.295,26.3,0,2,3.156,7,13,0,132.0519685,182.291,37.3,2,3,1.4074,2,9,0,133.7744375,DC2.4,5.460703945
100,2539,*CCCCCCCCCCCC,*CC(*)C(=O)OCCN(C)C,*CC(*)C(=O)OCC(CC)CCCC,*SC(=S)SC(C)C(=O)O,10,0.5,170.34,0,0,0,4.9272,9,12,0,56.4385619,145.202,29.54,0,3,0.5012,4,10,0,101.7792292,186.295,26.3,0,2,3.156,7,13,0,132.0519685,182.291,37.3,2,3,1.4074,2,9,0,133.7744375,DC2.4,3.743156855
100,2540,*CCCCCCCCCCCC,*CC(*)C(=O)OCCN(C)C,*CC(*)C(=O)OCC(CC)CCCC,*SC(=S)SC(C)C(=O)O,20,2,170.34,0,0,0,4.9272,9,12,0,56.4385619,145.202,29.54,0,3,0.5012,4,10,0,101.7792292,186.295,26.3,0,2,3.156,7,13,0,132.0519685,182.291,37.3,2,3,1.4074,2,9,0,133.7744375,DC2.4,3.366796383
100,2541,*CCCCCCCCCCCC,*CC(*)C(=O)OCCN(C)C,*CC(*)C(=O)OCC(CC)CCCC,*SC(=S)SC(C)C(=O)O,20,1,170.34,0,0,0,4.9272,9,12,0,56.4385619,145.202,29.54,0,3,0.5012,4,10,0,101.7792292,186.295,26.3,0,2,3.156,7,13,0,132.0519685,182.291,37.3,2,3,1.4074,2,9,0,133.7744375,DC2.4,5.486325612
100,2542,*CCCCCCCCCCCC,*CC(*)C(=O)OCCN(C)C,*CC(*)C(=O)OCC(CC)CCCC,*SC(=S)SC(C)C(=O)O,20,0.5,170.34,0,0,0,4.9272,9,12,0,56.4385619,145.202,29.54,0,3,0.5012,4,10,0,101.7792292,186.295,26.3,0,2,3.156,7,13,0,132.0519685,182.291,37.3,2,3,1.4074,2,9,0,133.7744375,DC2.4,3.945394719
100,2543,*CCCCCCCCCCCC,*CC(*)(C)C(=O)OCCN1CCCCC1,*CC(*)C(=O)OCCOc1ccccc1,*SC(=S)SC(C)C(=O)O,2,2,170.34,0,0,0,4.9272,9,12,0,56.4385619,199.294,29.54,0,3,1.6715,4,14,1,174.1263449,194.23,35.53,0,3,2.0186,5,14,1,269.1209499,182.291,37.3,2,3,1.4074,2,9,0,133.7744375,DC2.4,2.282168778
100,2544,*CCCCCCCCCCCC,*CC(*)(C)C(=O)OCCN1CCCCC1,*CC(*)C(=O)OCCOc1ccccc1,*SC(=S)SC(C)C(=O)O,2,1,170.34,0,0,0,4.9272,9,12,0,56.4385619,199.294,29.54,0,3,1.6715,4,14,1,174.1263449,194.23,35.53,0,3,2.0186,5,14,1,269.1209499,182.291,37.3,2,3,1.4074,2,9,0,133.7744375,DC2.4,2.383815366
100,2545,*CCCCCCCCCCCC,*CC(*)(C)C(=O)OCCN1CCCCC1,*CC(*)C(=O)OCCOc1ccccc1,*SC(=S)SC(C)C(=O)O,2,0.5,170.34,0,0,0,4.9272,9,12,0,56.4385619,199.294,29.54,0,3,1.6715,4,14,1,174.1263449,194.23,35.53,0,3,2.0186,5,14,1,269.1209499,182.291,37.3,2,3,1.4074,2,9,0,133.7744375,DC2.4,2.657533888
100,2546,*CCCCCCCCCCCC,*CC(*)(C)C(=O)OCCN1CCCCC1,*CC(*)C(=O)OCCOc1ccccc1,*SC(=S)SC(C)C(=O)O,5,2,170.34,0,0,0,4.9272,9,12,0,56.4385619,199.294,29.54,0,3,1.6715,4,14,1,174.1263449,194.23,35.53,0,3,2.0186,5,14,1,269.1209499,182.291,37.3,2,3,1.4074,2,9,0,133.7744375,DC2.4,2.222716471
100,2547,*CCCCCCCCCCCC,*CC(*)(C)C(=O)OCCN1CCCCC1,*CC(*)C(=O)OCCOc1ccccc1,*SC(=S)SC(C)C(=O)O,5,1,170.34,0,0,0,4.9272,9,12,0,56.4385619,199.294,29.54,0,3,1.6715,4,14,1,174.1263449,194.23,35.53,0,3,2.0186,5,14,1,269.1209499,182.291,37.3,2,3,1.4074,2,9,0,133.7744375,DC2.4,3.088844563
100,2548,*CCCCCCCCCCCC,*CC(*)(C)C(=O)OCCN1CCCCC1,*CC(*)C(=O)OCCOc1ccccc1,*SC(=S)SC(C)C(=O)O,5,0.5,170.34,0,0,0,4.9272,9,12,0,56.4385619,199.294,29.54,0,3,1.6715,4,14,1,174.1263449,194.23,35.53,0,3,2.0186,5,14,1,269.1209499,182.291,37.3,2,3,1.4074,2,9,0,133.7744375,DC2.4,3.986301367
100,2549,*CCCCCCCCCCCC,*CC(*)(C)C(=O)OCCN1CCCCC1,*CC(*)C(=O)OCCOc1ccccc1,*SC(=S)SC(C)C(=O)O,10,2,170.34,0,0,0,4.9272,9,12,0,56.4385619,199.294,29.54,0,3,1.6715,4,14,1,174.1263449,194.23,35.53,0,3,2.0186,5,14,1,269.1209499,182.291,37.3,2,3,1.4074,2,9,0,133.7744375,DC2.4,2.954965731
100,2550,*CCCCCCCCCCCC,*CC(*)(C)C(=O)OCCN1CCCCC1,*CC(*)C(=O)OCCOc1ccccc1,*SC(=S)SC(C)C(=O)O,10,1,170.34,0,0,0,4.9272,9,12,0,56.4385619,199.294,29.54,0,3,1.6715,4,14,1,174.1263449,194.23,35.53,0,3,2.0186,5,14,1,269.1209499,182.291,37.3,2,3,1.4074,2,9,0,133.7744375,DC2.4,3.269979677
100,2551,*CCCCCCCCCCCC,*CC(*)(C)C(=O)OCCN1CCCCC1,*CC(*)C(=O)OCCOc1ccccc1,*SC(=S)SC(C)C(=O)O,10,0.5,170.34,0,0,0,4.9272,9,12,0,56.4385619,199.294,29.54,0,3,1.6715,4,14,1,174.1263449,194.23,35.53,0,3,2.0186,5,14,1,269.1209499,182.291,37.3,2,3,1.4074,2,9,0,133.7744375,DC2.4,3.14113609
100,2552,*CCCCCCCCCCCC,*CC(*)(C)C(=O)OCCN1CCCCC1,*CC(*)C(=O)OCCOc1ccccc1,*SC(=S)SC(C)C(=O)O,20,2,170.34,0,0,0,4.9272,9,12,0,56.4385619,199.294,29.54,0,3,1.6715,4,14,1,174.1263449,194.23,35.53,0,3,2.0186,5,14,1,269.1209499,182.291,37.3,2,3,1.4074,2,9,0,133.7744375,DC2.4,2.530199698
100,2553,*CCCCCCCCCCCC,*CC(*)(C)C(=O)OCCN1CCCCC1,*CC(*)C(=O)OCCOc1ccccc1,*SC(=S)SC(C)C(=O)O,20,1,170.34,0,0,0,4.9272,9,12,0,56.4385619,199.294,29.54,0,3,1.6715,4,14,1,174.1263449,194.23,35.53,0,3,2.0186,5,14,1,269.1209499,182.291,37.3,2,3,1.4074,2,9,0,133.7744375,DC2.4,3.225567713
100,2554,*CCCCCCCCCCCC,*CC(*)(C)C(=O)OCCN1CCCCC1,*CC(*)C(=O)OCCOc1ccccc1,*SC(=S)SC(C)C(=O)O,20,0.5,170.34,0,0,0,4.9272,9,12,0,56.4385619,199.294,29.54,0,3,1.6715,4,14,1,174.1263449,194.23,35.53,0,3,2.0186,5,14,1,269.1209499,182.291,37.3,2,3,1.4074,2,9,0,133.7744375,DC2.4,3.01389006
100,2555,*CCCCCCCCCCCC,*CC(*)(C)C(=O)OCCN1CCCCC1,*CC(*)(C)C(=O)OCCCCCC,*SC(=S)SC(C)C(=O)O,2,2,170.34,0,0,0,4.9272,9,12,0,56.4385619,199.294,29.54,0,3,1.6715,4,14,1,174.1263449,172.268,26.3,0,2,2.7659,6,12,0,119.0069869,182.291,37.3,2,3,1.4074,2,9,0,133.7744375,DC2.4,2.331427297
100,2556,*CCCCCCCCCCCC,*CC(*)(C)C(=O)OCCN1CCCCC1,*CC(*)(C)C(=O)OCCCCCC,*SC(=S)SC(C)C(=O)O,2,1,170.34,0,0,0,4.9272,9,12,0,56.4385619,199.294,29.54,0,3,1.6715,4,14,1,174.1263449,172.268,26.3,0,2,2.7659,6,12,0,119.0069869,182.291,37.3,2,3,1.4074,2,9,0,133.7744375,DC2.4,2.387389826
100,2557,*CCCCCCCCCCCC,*CC(*)(C)C(=O)OCCN1CCCCC1,*CC(*)(C)C(=O)OCCCCCC,*SC(=S)SC(C)C(=O)O,2,0.5,170.34,0,0,0,4.9272,9,12,0,56.4385619,199.294,29.54,0,3,1.6715,4,14,1,174.1263449,172.268,26.3,0,2,2.7659,6,12,0,119.0069869,182.291,37.3,2,3,1.4074,2,9,0,133.7744375,DC2.4,2.822821645
100,2558,*CCCCCCCCCCCC,*CC(*)(C)C(=O)OCCN1CCCCC1,*CC(*)(C)C(=O)OCCCCCC,*SC(=S)SC(C)C(=O)O,5,2,170.34,0,0,0,4.9272,9,12,0,56.4385619,199.294,29.54,0,3,1.6715,4,14,1,174.1263449,172.268,26.3,0,2,2.7659,6,12,0,119.0069869,182.291,37.3,2,3,1.4074,2,9,0,133.7744375,DC2.4,2.665111737
100,2559,*CCCCCCCCCCCC,*CC(*)(C)C(=O)OCCN1CCCCC1,*CC(*)(C)C(=O)OCCCCCC,*SC(=S)SC(C)C(=O)O,5,1,170.34,0,0,0,4.9272,9,12,0,56.4385619,199.294,29.54,0,3,1.6715,4,14,1,174.1263449,172.268,26.3,0,2,2.7659,6,12,0,119.0069869,182.291,37.3,2,3,1.4074,2,9,0,133.7744375,DC2.4,2.844477176
100,2560,*CCCCCCCCCCCC,*CC(*)(C)C(=O)OCCN1CCCCC1,*CC(*)(C)C(=O)OCCCCCC,*SC(=S)SC(C)C(=O)O,5,0.5,170.34,0,0,0,4.9272,9,12,0,56.4385619,199.294,29.54,0,3,1.6715,4,14,1,174.1263449,172.268,26.3,0,2,2.7659,6,12,0,119.0069869,182.291,37.3,2,3,1.4074,2,9,0,133.7744375,DC2.4,3.004536318
100,2561,*CCCCCCCCCCCC,*CC(*)(C)C(=O)OCCN1CCCCC1,*CC(*)(C)C(=O)OCCCCCC,*SC(=S)SC(C)C(=O)O,10,2,170.34,0,0,0,4.9272,9,12,0,56.4385619,199.294,29.54,0,3,1.6715,4,14,1,174.1263449,172.268,26.3,0,2,2.7659,6,12,0,119.0069869,182.291,37.3,2,3,1.4074,2,9,0,133.7744375,DC2.4,2.740362689
100,2562,*CCCCCCCCCCCC,*CC(*)(C)C(=O)OCCN1CCCCC1,*CC(*)(C)C(=O)OCCCCCC,*SC(=S)SC(C)C(=O)O,10,1,170.34,0,0,0,4.9272,9,12,0,56.4385619,199.294,29.54,0,3,1.6715,4,14,1,174.1263449,172.268,26.3,0,2,2.7659,6,12,0,119.0069869,182.291,37.3,2,3,1.4074,2,9,0,133.7744375,DC2.4,3.081887139
100,2563,*CCCCCCCCCCCC,*CC(*)(C)C(=O)OCCN1CCCCC1,*CC(*)(C)C(=O)OCCCCCC,*SC(=S)SC(C)C(=O)O,10,0.5,170.34,0,0,0,4.9272,9,12,0,56.4385619,199.294,29.54,0,3,1.6715,4,14,1,174.1263449,172.268,26.3,0,2,2.7659,6,12,0,119.0069869,182.291,37.3,2,3,1.4074,2,9,0,133.7744375,DC2.4,2.748962861
100,2564,*CCCCCCCCCCCC,*CC(*)(C)C(=O)OCCN1CCCCC1,*CC(*)(C)C(=O)OCCCCCC,*SC(=S)SC(C)C(=O)O,20,2,170.34,0,0,0,4.9272,9,12,0,56.4385619,199.294,29.54,0,3,1.6715,4,14,1,174.1263449,172.268,26.3,0,2,2.7659,6,12,0,119.0069869,182.291,37.3,2,3,1.4074,2,9,0,133.7744375,DC2.4,2.146128036
100,2565,*CCCCCCCCCCCC,*CC(*)(C)C(=O)OCCN1CCCCC1,*CC(*)(C)C(=O)OCCCCCC,*SC(=S)SC(C)C(=O)O,20,1,170.34,0,0,0,4.9272,9,12,0,56.4385619,199.294,29.54,0,3,1.6715,4,14,1,174.1263449,172.268,26.3,0,2,2.7659,6,12,0,119.0069869,182.291,37.3,2,3,1.4074,2,9,0,133.7744375,DC2.4,2.923761961
100,2566,*CCCCCCCCCCCC,*CC(*)(C)C(=O)OCCN1CCCCC1,*CC(*)(C)C(=O)OCCCCCC,*SC(=S)SC(C)C(=O)O,20,0.5,170.34,0,0,0,4.9272,9,12,0,56.4385619,199.294,29.54,0,3,1.6715,4,14,1,174.1263449,172.268,26.3,0,2,2.7659,6,12,0,119.0069869,182.291,37.3,2,3,1.4074,2,9,0,133.7744375,DC2.4,2.741939078
100,2567,*CCCCCCCCCCCC,*CC(*)(C)C(=O)OCCN1CCCCC1,*CC(*)C(=O)OCC(CC)CCCC,*SC(=S)SC(C)C(=O)O,2,2,170.34,0,0,0,4.9272,9,12,0,56.4385619,199.294,29.54,0,3,1.6715,4,14,1,174.1263449,186.295,26.3,0,2,3.156,7,13,0,132.0519685,182.291,37.3,2,3,1.4074,2,9,0,133.7744375,DC2.4,2.762303363
100,2568,*CCCCCCCCCCCC,*CC(*)(C)C(=O)OCCN1CCCCC1,*CC(*)C(=O)OCC(CC)CCCC,*SC(=S)SC(C)C(=O)O,2,1,170.34,0,0,0,4.9272,9,12,0,56.4385619,199.294,29.54,0,3,1.6715,4,14,1,174.1263449,186.295,26.3,0,2,3.156,7,13,0,132.0519685,182.291,37.3,2,3,1.4074,2,9,0,133.7744375,DC2.4,2.485721426
100,2569,*CCCCCCCCCCCC,*CC(*)(C)C(=O)OCCN1CCCCC1,*CC(*)C(=O)OCC(CC)CCCC,*SC(=S)SC(C)C(=O)O,2,0.5,170.34,0,0,0,4.9272,9,12,0,56.4385619,199.294,29.54,0,3,1.6715,4,14,1,174.1263449,186.295,26.3,0,2,3.156,7,13,0,132.0519685,182.291,37.3,2,3,1.4074,2,9,0,133.7744375,DC2.4,2.653694795
100,2570,*CCCCCCCCCCCC,*CC(*)(C)C(=O)OCCN1CCCCC1,*CC(*)C(=O)OCC(CC)CCCC,*SC(=S)SC(C)C(=O)O,5,2,170.34,0,0,0,4.9272,9,12,0,56.4385619,199.294,29.54,0,3,1.6715,4,14,1,174.1263449,186.295,26.3,0,2,3.156,7,13,0,132.0519685,182.291,37.3,2,3,1.4074,2,9,0,133.7744375,DC2.4,3.045714059
100,2571,*CCCCCCCCCCCC,*CC(*)(C)C(=O)OCCN1CCCCC1,*CC(*)C(=O)OCC(CC)CCCC,*SC(=S)SC(C)C(=O)O,5,1,170.34,0,0,0,4.9272,9,12,0,56.4385619,199.294,29.54,0,3,1.6715,4,14,1,174.1263449,186.295,26.3,0,2,3.156,7,13,0,132.0519685,182.291,37.3,2,3,1.4074,2,9,0,133.7744375,DC2.4,3.400969479
100,2572,*CCCCCCCCCCCC,*CC(*)(C)C(=O)OCCN1CCCCC1,*CC(*)C(=O)OCC(CC)CCCC,*SC(=S)SC(C)C(=O)O,5,0.5,170.34,0,0,0,4.9272,9,12,0,56.4385619,199.294,29.54,0,3,1.6715,4,14,1,174.1263449,186.295,26.3,0,2,3.156,7,13,0,132.0519685,182.291,37.3,2,3,1.4074,2,9,0,133.7744375,DC2.4,2.839478047
100,2573,*CCCCCCCCCCCC,*CC(*)(C)C(=O)OCCN1CCCCC1,*CC(*)C(=O)OCC(CC)CCCC,*SC(=S)SC(C)C(=O)O,10,2,170.34,0,0,0,4.9272,9,12,0,56.4385619,199.294,29.54,0,3,1.6715,4,14,1,174.1263449,186.295,26.3,0,2,3.156,7,13,0,132.0519685,182.291,37.3,2,3,1.4074,2,9,0,133.7744375,DC2.4,2.513883186
100,2574,*CCCCCCCCCCCC,*CC(*)(C)C(=O)OCCN1CCCCC1,*CC(*)C(=O)OCC(CC)CCCC,*SC(=S)SC(C)C(=O)O,10,1,170.34,0,0,0,4.9272,9,12,0,56.4385619,199.294,29.54,0,3,1.6715,4,14,1,174.1263449,186.295,26.3,0,2,3.156,7,13,0,132.0519685,182.291,37.3,2,3,1.4074,2,9,0,133.7744375,DC2.4,2.935003151
100,2575,*CCCCCCCCCCCC,*CC(*)(C)C(=O)OCCN1CCCCC1,*CC(*)C(=O)OCC(CC)CCCC,*SC(=S)SC(C)C(=O)O,10,0.5,170.34,0,0,0,4.9272,9,12,0,56.4385619,199.294,29.54,0,3,1.6715,4,14,1,174.1263449,186.295,26.3,0,2,3.156,7,13,0,132.0519685,182.291,37.3,2,3,1.4074,2,9,0,133.7744375,DC2.4,2.635483747
100,2576,*CCCCCCCCCCCC,*CC(*)(C)C(=O)OCCN1CCCCC1,*CC(*)C(=O)OCC(CC)CCCC,*SC(=S)SC(C)C(=O)O,20,2,170.34,0,0,0,4.9272,9,12,0,56.4385619,199.294,29.54,0,3,1.6715,4,14,1,174.1263449,186.295,26.3,0,2,3.156,7,13,0,132.0519685,182.291,37.3,2,3,1.4074,2,9,0,133.7744375,DC2.4,2.511883361
100,2577,*CCCCCCCCCCCC,*CC(*)(C)C(=O)OCCN1CCCCC1,*CC(*)C(=O)OCC(CC)CCCC,*SC(=S)SC(C)C(=O)O,20,1,170.34,0,0,0,4.9272,9,12,0,56.4385619,199.294,29.54,0,3,1.6715,4,14,1,174.1263449,186.295,26.3,0,2,3.156,7,13,0,132.0519685,182.291,37.3,2,3,1.4074,2,9,0,133.7744375,DC2.4,3.392960615
100,2578,*CCCCCCCCCCCC,*CC(*)(C)C(=O)OCCN1CCCCC1,*CC(*)C(=O)OCC(CC)CCCC,*SC(=S)SC(C)C(=O)O,20,0.5,170.34,0,0,0,4.9272,9,12,0,56.4385619,199.294,29.54,0,3,1.6715,4,14,1,174.1263449,186.295,26.3,0,2,3.156,7,13,0,132.0519685,182.291,37.3,2,3,1.4074,2,9,0,133.7744375,DC2.4,3.005180513
100,2579,*CCCCCCCCCCCC,*CC(*)(C)C(=O)OCCN(C)C,*CC(*)C(=O)OCC(CC)CCCC,*SC(=S)SC(C)(C#N)CCC(=O)O,30,1,170.34,0,0,0,4.9272,9,12,0,56.4385619,159.229,29.54,0,3,0.7472,4,11,0,121.2604657,186.295,26.3,0,2,3.156,7,13,0,132.0519685,235.355,61.09,2,4,2.08138,4,13,0,260.9534945,DC2.4,5.808036558
100,2580,*CCCCCCCCCCCC,*CC(*)(C)C(=O)OCCN(C)C,*CC(*)C(=O)OCC(CC)CCCC,*SC(=S)SC(C)(C#N)CCC(=O)O,40,1,170.34,0,0,0,4.9272,9,12,0,56.4385619,159.229,29.54,0,3,0.7472,4,11,0,121.2604657,186.295,26.3,0,2,3.156,7,13,0,132.0519685,235.355,61.09,2,4,2.08138,4,13,0,260.9534945,DC2.4,5.57723601
100,2581,*CCCCCCCCCCCC,*CC(*)(C)C(=O)OCCN(C)C,*CC(*)C(=O)OCC(CC)CCCC,*SC(=S)SC(C)(C#N)CCC(=O)O,50,1,170.34,0,0,0,4.9272,9,12,0,56.4385619,159.229,29.54,0,3,0.7472,4,11,0,121.2604657,186.295,26.3,0,2,3.156,7,13,0,132.0519685,235.355,61.09,2,4,2.08138,4,13,0,260.9534945,DC2.4,5.504593618
100,2582,*CCCCCCCCCCCC,*CC(*)(C)C(=O)OCCN1CCCCC1,*CC(*)C(=O)OCC(CC)CCCC,*SC(=S)SC(C)(C#N)CCC(=O)O,30,1,170.34,0,0,0,4.9272,9,12,0,56.4385619,199.294,29.54,0,3,1.6715,4,14,1,174.1263449,186.295,26.3,0,2,3.156,7,13,0,132.0519685,235.355,61.09,2,4,2.08138,4,13,0,260.9534945,DC2.4,3.125624994
100,2583,*CCCCCCCCCCCC,*CC(*)(C)C(=O)OCCN1CCCCC1,*CC(*)C(=O)OCC(CC)CCCC,*SC(=S)SC(C)(C#N)CCC(=O)O,40,1,170.34,0,0,0,4.9272,9,12,0,56.4385619,199.294,29.54,0,3,1.6715,4,14,1,174.1263449,186.295,26.3,0,2,3.156,7,13,0,132.0519685,235.355,61.09,2,4,2.08138,4,13,0,260.9534945,DC2.4,3.750839421
100,2584,*CCCCCCCCCCCC,*CC(*)(C)C(=O)OCCN1CCCCC1,*CC(*)C(=O)OCC(CC)CCCC,*SC(=S)SC(C)(C#N)CCC(=O)O,50,1,170.34,0,0,0,4.9272,9,12,0,56.4385619,199.294,29.54,0,3,1.6715,4,14,1,174.1263449,186.295,26.3,0,2,3.156,7,13,0,132.0519685,235.355,61.09,2,4,2.08138,4,13,0,260.9534945,DC2.4,4.079867503
100,2585,*CCCCCCCCCCCC,*CC(*)(C)C(=O)OCCN(C)C,*CC(*)(C)C(=O)OCCCCC=CCC=CCCCCCCCCC,*SC(=S)SC(C)(C#N)CCC(=O)O,40,1,170.34,0,0,0,4.9272,9,12,0,56.4385619,159.229,29.54,0,3,0.7472,4,11,0,121.2604657,336.56,26.3,0,2,6.9991,16,24,0,328.8616163,235.355,61.09,2,4,2.08138,4,13,0,260.9534945,DC2.4,4.104869772
100,2586,*CCCCCCCCCCCC,*CC(*)(C)C(=O)OCCN(C)C,*CC(*)(C)C(=O)OCCCCC=CCC=CCCCCCCCCC,*SC(=S)SC(C)(C#N)CCC(=O)O,50,1,170.34,0,0,0,4.9272,9,12,0,56.4385619,159.229,29.54,0,3,0.7472,4,11,0,121.2604657,336.56,26.3,0,2,6.9991,16,24,0,328.8616163,235.355,61.09,2,4,2.08138,4,13,0,260.9534945,DC2.4,4.491469396
100,2587,*CCCCCCCCCCCC,*CC(*)(C)C(=O)OCCN(C)C,*CC(*)C(=O)OCCOCCOCC,*SC(=S)SC(C)(C#N)CCC(=O)O,10,2,170.34,0,0,0,4.9272,9,12,0,56.4385619,159.229,29.54,0,3,0.7472,4,11,0,121.2604657,190.239,44.76,0,4,0.9927,8,13,0,124.7831092,235.355,61.09,2,4,2.08138,4,13,0,260.9534945,DC2.4,3.822106197
100,2588,*CCCCCCCCCCCC,*CC(*)(C)C(=O)OCCN(C)C,*CC(*)C(=O)OCCOCCOCC,*SC(=S)SC(C)(C#N)CCC(=O)O,40,1,170.34,0,0,0,4.9272,9,12,0,56.4385619,159.229,29.54,0,3,0.7472,4,11,0,121.2604657,190.239,44.76,0,4,0.9927,8,13,0,124.7831092,235.355,61.09,2,4,2.08138,4,13,0,260.9534945,DC2.4,2.836829454
100,2589,*CCCCCCCCCCCC,*CC(*)(C)C(=O)OCCN1CCCCC1,*CC(*)C(=O)OCC(CC)CCCC,*SC(=S)SC(C)(C#N)CCC(=O)O,50,1,170.34,0,0,0,4.9272,9,12,0,56.4385619,199.294,29.54,0,3,1.6715,4,14,1,174.1263449,186.295,26.3,0,2,3.156,7,13,0,132.0519685,235.355,61.09,2,4,2.08138,4,13,0,260.9534945,DC2.4,3.018249547
100,2590,*CCCCCCCCCCCC,*CC(*)(C)C(=O)OCCN1CCCCC1,*CC(*)(C)C(=O)OCCCCC=CCC=CCCCCCCCCC,*SC(=S)SC(C)(C#N)CCC(=O)O,5,1,170.34,0,0,0,4.9272,9,12,0,56.4385619,199.294,29.54,0,3,1.6715,4,14,1,174.1263449,336.56,26.3,0,2,6.9991,16,24,0,328.8616163,235.355,61.09,2,4,2.08138,4,13,0,260.9534945,DC2.4,2.519409042
100,2591,*CCCCCCCCCCCC,*CC(*)(C)C(=O)OCCCN1CCCC1,*CC(*)C(=O)OCC(CC)CCCC,*SC(=S)SC(C)(C#N)CCC(=O)O,5,1,170.34,0,0,0,4.9272,9,12,0,56.4385619,199.294,29.54,0,3,1.6715,5,14,1,174.1263449,186.295,26.3,0,2,3.156,7,13,0,132.0519685,235.355,61.09,2,4,2.08138,4,13,0,260.9534945,DC2.4,4.80824276
100,2592,*CCCCCCCCCCCC,*CC(*)(C)C(=O)OCCCN1CCCC1,*CC(*)C(=O)OCC(CC)CCCC,*SC(=S)SC(C)(C#N)CCC(=O)O,50,1,170.34,0,0,0,4.9272,9,12,0,56.4385619,199.294,29.54,0,3,1.6715,5,14,1,174.1263449,186.295,26.3,0,2,3.156,7,13,0,132.0519685,235.355,61.09,2,4,2.08138,4,13,0,260.9534945,DC2.4,4.462941606
100,2593,*CCCCCCCCCCCC,*CC(*)(C)C(=O)OCCN1CCCCCC1,*CC(*)C(=O)OCC(CC)CCCC,*SC(=S)SC(C)(C#N)CCC(=O)O,5,1,170.34,0,0,0,4.9272,9,12,0,56.4385619,213.321,29.54,0,3,2.0616,4,15,1,184.0611407,186.295,26.3,0,2,3.156,7,13,0,132.0519685,235.355,61.09,2,4,2.08138,4,13,0,260.9534945,DC2.4,5.333656638
100,2594,*CCCCCCCCCCCC,*CC(*)(C)C(=O)OCCN1CCCCCC1,*CC(*)C(=O)OCC(CC)CCCC,*SC(=S)SC(C)(C#N)CCC(=O)O,50,1,170.34,0,0,0,4.9272,9,12,0,56.4385619,213.321,29.54,0,3,2.0616,4,15,1,184.0611407,186.295,26.3,0,2,3.156,7,13,0,132.0519685,235.355,61.09,2,4,2.08138,4,13,0,260.9534945,DC2.4,3.271753029
100,2595,*CCCCCCCCCCCC,*CC(*)(C)C(=O)OCCN1CCCCCC1,*CC(*)(C)C(=O)OCCCCCC,*SC(=S)SC(C)(C#N)CCC(=O)O,5,1,170.34,0,0,0,4.9272,9,12,0,56.4385619,213.321,29.54,0,3,2.0616,4,15,1,184.0611407,172.268,26.3,0,2,2.7659,6,12,0,119.0069869,235.355,61.09,2,4,2.08138,4,13,0,260.9534945,DC2.4,4.080785673
100,2596,*CCCCCCCCCCCC,*CC(*)(C)C(=O)OCCN1CCCCCC1,*CC(*)(C)C(=O)OCCCCCC,*SC(=S)SC(C)(C#N)CCC(=O)O,50,1,170.34,0,0,0,4.9272,9,12,0,56.4385619,213.321,29.54,0,3,2.0616,4,15,1,184.0611407,172.268,26.3,0,2,2.7659,6,12,0,119.0069869,235.355,61.09,2,4,2.08138,4,13,0,260.9534945,DC2.4,2.767193526
100,2597,*CCCCCCCCCCCC,*CC(*)(C)C(=O)OCCN,*CC(*)C(=O)OCC(CC)CCCC,*SC(=S)SC(C)(C#N)CCC(=O)O,10,1,170.34,0,0,0,4.9272,9,12,0,56.4385619,131.175,52.32,1,3,0.1443,3,9,0,91.05865003,186.295,26.3,0,2,3.156,7,13,0,132.0519685,235.355,61.09,2,4,2.08138,4,13,0,260.9534945,DC2.4,4.27116175
100,2598,*CCCCCCCCCCCC,*CC(*)(C)C(=O)OCCN,*CC(*)C(=O)OCC(CC)CCCC,*SC(=S)SC(C)(C#N)CCC(=O)O,40,1,170.34,0,0,0,4.9272,9,12,0,56.4385619,131.175,52.32,1,3,0.1443,3,9,0,91.05865003,186.295,26.3,0,2,3.156,7,13,0,132.0519685,235.355,61.09,2,4,2.08138,4,13,0,260.9534945,DC2.4,4.032831547
100,2599,*CCCCCCCCCCCC,*CC(*)(C)C(=O)OCCN,*CC(*)(C)C(=O)OCCCCCC,*SC(=S)SC(C)(C#N)CCC(=O)O,10,1,170.34,0,0,0,4.9272,9,12,0,56.4385619,131.175,52.32,1,3,0.1443,3,9,0,91.05865003,172.268,26.3,0,2,2.7659,6,12,0,119.0069869,235.355,61.09,2,4,2.08138,4,13,0,260.9534945,DC2.4,3.190795525
100,2600,*CCCCCCCCCCCC,*CC(*)(C)C(=O)OCCN,*CC(*)(C)C(=O)OCCCCCC,*SC(=S)SC(C)(C#N)CCC(=O)O,50,1,170.34,0,0,0,4.9272,9,12,0,56.4385619,131.175,52.32,1,3,0.1443,3,9,0,91.05865003,172.268,26.3,0,2,2.7659,6,12,0,119.0069869,235.355,61.09,2,4,2.08138,4,13,0,260.9534945,DC2.4,2.943284785
100,2601,*CCCCCCCCCCCC,*CC(*)(C)C(=O)OCCN(C)C,*CC(*)C(=O)OCC(CC)CCCC,*SC(=S)SC(C)C(=O)O,50,1,170.34,0,0,0,4.9272,9,12,0,56.4385619,159.229,29.54,0,3,0.7472,4,11,0,121.2604657,186.295,26.3,0,2,3.156,7,13,0,132.0519685,182.291,37.3,2,3,1.4074,2,9,0,133.7744375,DC2.4,3.194340806
100,2602,*CCCCCCCCCCCC,*CC(*)(C)C(=O)OCCN1CCCCC1,*CC(*)C(=O)OCC(CC)CCCC,*SC(=S)SC(C)C(=O)O,50,1,170.34,0,0,0,4.9272,9,12,0,56.4385619,199.294,29.54,0,3,1.6715,4,14,1,174.1263449,186.295,26.3,0,2,3.156,7,13,0,132.0519685,182.291,37.3,2,3,1.4074,2,9,0,133.7744375,DC2.4,3.058678204
100,2603,*CC,*CC(*)(C)C(=O)OCCN(C)C,*CC(*)C(=O)OCC(CC)CCCC,*SC(=S)SC(C)(C#N)CCC(=O)O,5,1,30.07,0,0,0,1.0262,0,2,0,0,159.229,29.54,0,3,0.7472,4,11,0,121.2604657,186.295,26.3,0,2,3.156,7,13,0,132.0519685,235.355,61.09,2,4,2.08138,4,13,0,260.9534945,DC2.4,5.288018687
100,2604,*CC,*CC(*)(C)C(=O)OCCN(C)C,*CC(*)C(=O)OCC(CC)CCCC,*SC(=S)SC(C)(C#N)CCC(=O)O,40,1,30.07,0,0,0,1.0262,0,2,0,0,159.229,29.54,0,3,0.7472,4,11,0,121.2604657,186.295,26.3,0,2,3.156,7,13,0,132.0519685,235.355,61.09,2,4,2.08138,4,13,0,260.9534945,DC2.4,5.076823694
100,2605,*CCCCCCCCCCCC,*CC(*)(C)C(=O)OCCN(C)C,*CC(*)C(=O)OCC(CC)CCCC,*SC(=S)SC(C)C(=O)NCCC1CCNCC1,10,1,170.34,0,0,0,4.9272,9,12,0,56.4385619,159.229,29.54,0,3,0.7472,4,11,0,121.2604657,186.295,26.3,0,2,3.156,7,13,0,132.0519685,292.495,41.13,3,4,1.8287,5,17,1,267.4421581,DC2.4,4.05284866
100,2606,*CCCCCCCCCCCC,*CC(*)(C)C(=O)OCCN(C)C,*CC(*)C(=O)OCC(CC)CCCC,*SC(=S)SC(C)C(=O)NCCC1CCNCC1,50,1,170.34,0,0,0,4.9272,9,12,0,56.4385619,159.229,29.54,0,3,0.7472,4,11,0,121.2604657,186.295,26.3,0,2,3.156,7,13,0,132.0519685,292.495,41.13,3,4,1.8287,5,17,1,267.4421581,DC2.4,4.645015411
100,2607,*CCCCCCCCCCCC,*CC(*)(C)C(=O)OCCN(C)C,*CC(*)C(=O)OCC(CC)CCCC,*SC(=S)SC(C)C(=O)OC1CCC2(C)C(CCC3(C)C2CC=C2C4C(C)C(C)CCC4(C(=O)O)CCC23C)C1(C)C,10,1,170.34,0,0,0,4.9272,9,12,0,56.4385619,159.229,29.54,0,3,0.7472,4,11,0,121.2604657,186.295,26.3,0,2,3.156,7,13,0,132.0519685,620.987,63.6,2,5,8.9768,4,41,5,1148.790973,DC2.4,5.951230369
100,2608,*CCCCCCCCCCCC,*CC(*)(C)C(=O)OCCN(C)C,*CC(*)C(=O)OCC(CC)CCCC,*SC(=S)SC(C)C(=O)OC1CCC2(C)C(CCC3(C)C2CC=C2C4C(C)C(C)CCC4(C(=O)O)CCC23C)C1(C)C,50,1,170.34,0,0,0,4.9272,9,12,0,56.4385619,159.229,29.54,0,3,0.7472,4,11,0,121.2604657,186.295,26.3,0,2,3.156,7,13,0,132.0519685,620.987,63.6,2,5,8.9768,4,41,5,1148.790973,DC2.4,4.344485467
101,2330,*CCCCCCCCCCCC,*CC(*)(C)C(=O)OCCN(C)C,*CC(*)C(=O)OCCOc1ccccc1,*SC(=S)SC(C)(C#N)CCC(=O)O,5,2,170.34,0,0,0,4.9272,9,12,0,56.4385619,159.229,29.54,0,3,0.7472,4,11,0,121.2604657,194.23,35.53,0,3,2.0186,5,14,1,269.1209499,235.355,61.09,2,4,2.08138,4,13,0,260.9534945,BMDC,2.753965866
101,2331,*CCCCCCCCCCCC,*CC(*)(C)C(=O)OCCN(C)C,*CC(*)C(=O)OCCOc1ccccc1,*SC(=S)SC(C)(C#N)CCC(=O)O,5,1,170.34,0,0,0,4.9272,9,12,0,56.4385619,159.229,29.54,0,3,0.7472,4,11,0,121.2604657,194.23,35.53,0,3,2.0186,5,14,1,269.1209499,235.355,61.09,2,4,2.08138,4,13,0,260.9534945,BMDC,3.290924559
101,2332,*CCCCCCCCCCCC,*CC(*)(C)C(=O)OCCN(C)C,*CC(*)C(=O)OCCOc1ccccc1,*SC(=S)SC(C)(C#N)CCC(=O)O,5,0.5,170.34,0,0,0,4.9272,9,12,0,56.4385619,159.229,29.54,0,3,0.7472,4,11,0,121.2604657,194.23,35.53,0,3,2.0186,5,14,1,269.1209499,235.355,61.09,2,4,2.08138,4,13,0,260.9534945,BMDC,5.271221075
101,2333,*CCCCCCCCCCCC,*CC(*)(C)C(=O)OCCN(C)C,*CC(*)C(=O)OCCOc1ccccc1,*SC(=S)SC(C)(C#N)CCC(=O)O,10,2,170.34,0,0,0,4.9272,9,12,0,56.4385619,159.229,29.54,0,3,0.7472,4,11,0,121.2604657,194.23,35.53,0,3,2.0186,5,14,1,269.1209499,235.355,61.09,2,4,2.08138,4,13,0,260.9534945,BMDC,2.773420723
101,2334,*CCCCCCCCCCCC,*CC(*)(C)C(=O)OCCN(C)C,*CC(*)C(=O)OCCOc1ccccc1,*SC(=S)SC(C)(C#N)CCC(=O)O,10,1,170.34,0,0,0,4.9272,9,12,0,56.4385619,159.229,29.54,0,3,0.7472,4,11,0,121.2604657,194.23,35.53,0,3,2.0186,5,14,1,269.1209499,235.355,61.09,2,4,2.08138,4,13,0,260.9534945,BMDC,2.542825427
101,2335,*CCCCCCCCCCCC,*CC(*)(C)C(=O)OCCN(C)C,*CC(*)C(=O)OCCOc1ccccc1,*SC(=S)SC(C)(C#N)CCC(=O)O,10,0.5,170.34,0,0,0,4.9272,9,12,0,56.4385619,159.229,29.54,0,3,0.7472,4,11,0,121.2604657,194.23,35.53,0,3,2.0186,5,14,1,269.1209499,235.355,61.09,2,4,2.08138,4,13,0,260.9534945,BMDC,4.327348716
101,2336,*CCCCCCCCCCCC,*CC(*)(C)C(=O)OCCN(C)C,*CC(*)C(=O)OCCOc1ccccc1,*SC(=S)SC(C)(C#N)CCC(=O)O,20,2,170.34,0,0,0,4.9272,9,12,0,56.4385619,159.229,29.54,0,3,0.7472,4,11,0,121.2604657,194.23,35.53,0,3,2.0186,5,14,1,269.1209499,235.355,61.09,2,4,2.08138,4,13,0,260.9534945,BMDC,2.465382851
101,2337,*CCCCCCCCCCCC,*CC(*)(C)C(=O)OCCN(C)C,*CC(*)C(=O)OCCOc1ccccc1,*SC(=S)SC(C)(C#N)CCC(=O)O,20,1,170.34,0,0,0,4.9272,9,12,0,56.4385619,159.229,29.54,0,3,0.7472,4,11,0,121.2604657,194.23,35.53,0,3,2.0186,5,14,1,269.1209499,235.355,61.09,2,4,2.08138,4,13,0,260.9534945,BMDC,3.009875634
101,2338,*CCCCCCCCCCCC,*CC(*)(C)C(=O)OCCN(C)C,*CC(*)C(=O)OCCOc1ccccc1,*SC(=S)SC(C)(C#N)CCC(=O)O,20,0.5,170.34,0,0,0,4.9272,9,12,0,56.4385619,159.229,29.54,0,3,0.7472,4,11,0,121.2604657,194.23,35.53,0,3,2.0186,5,14,1,269.1209499,235.355,61.09,2,4,2.08138,4,13,0,260.9534945,BMDC,4.245364588
101,2342,*CCCCCCCCCCCC,*CC(*)(C)C(=O)OCCN(C)C,*CC(*)(C)C(=O)OCCCCCC,*SC(=S)SC(C)(C#N)CCC(=O)O,5,2,170.34,0,0,0,4.9272,9,12,0,56.4385619,159.229,29.54,0,3,0.7472,4,11,0,121.2604657,172.268,26.3,0,2,2.7659,6,12,0,119.0069869,235.355,61.09,2,4,2.08138,4,13,0,260.9534945,BMDC,2.691081492
101,2343,*CCCCCCCCCCCC,*CC(*)(C)C(=O)OCCN(C)C,*CC(*)(C)C(=O)OCCCCCC,*SC(=S)SC(C)(C#N)CCC(=O)O,5,1,170.34,0,0,0,4.9272,9,12,0,56.4385619,159.229,29.54,0,3,0.7472,4,11,0,121.2604657,172.268,26.3,0,2,2.7659,6,12,0,119.0069869,235.355,61.09,2,4,2.08138,4,13,0,260.9534945,BMDC,3.942578465
101,2344,*CCCCCCCCCCCC,*CC(*)(C)C(=O)OCCN(C)C,*CC(*)(C)C(=O)OCCCCCC,*SC(=S)SC(C)(C#N)CCC(=O)O,5,0.5,170.34,0,0,0,4.9272,9,12,0,56.4385619,159.229,29.54,0,3,0.7472,4,11,0,121.2604657,172.268,26.3,0,2,2.7659,6,12,0,119.0069869,235.355,61.09,2,4,2.08138,4,13,0,260.9534945,BMDC,2.800717078
101,2345,*CCCCCCCCCCCC,*CC(*)(C)C(=O)OCCN(C)C,*CC(*)(C)C(=O)OCCCCCC,*SC(=S)SC(C)(C#N)CCC(=O)O,10,2,170.34,0,0,0,4.9272,9,12,0,56.4385619,159.229,29.54,0,3,0.7472,4,11,0,121.2604657,172.268,26.3,0,2,2.7659,6,12,0,119.0069869,235.355,61.09,2,4,2.08138,4,13,0,260.9534945,BMDC,2.771219902
101,2346,*CCCCCCCCCCCC,*CC(*)(C)C(=O)OCCN(C)C,*CC(*)(C)C(=O)OCCCCCC,*SC(=S)SC(C)(C#N)CCC(=O)O,10,1,170.34,0,0,0,4.9272,9,12,0,56.4385619,159.229,29.54,0,3,0.7472,4,11,0,121.2604657,172.268,26.3,0,2,2.7659,6,12,0,119.0069869,235.355,61.09,2,4,2.08138,4,13,0,260.9534945,BMDC,3.068000226
101,2347,*CCCCCCCCCCCC,*CC(*)(C)C(=O)OCCN(C)C,*CC(*)(C)C(=O)OCCCCCC,*SC(=S)SC(C)(C#N)CCC(=O)O,10,0.5,170.34,0,0,0,4.9272,9,12,0,56.4385619,159.229,29.54,0,3,0.7472,4,11,0,121.2604657,172.268,26.3,0,2,2.7659,6,12,0,119.0069869,235.355,61.09,2,4,2.08138,4,13,0,260.9534945,BMDC,3.654465334
101,2348,*CCCCCCCCCCCC,*CC(*)(C)C(=O)OCCN(C)C,*CC(*)(C)C(=O)OCCCCCC,*SC(=S)SC(C)(C#N)CCC(=O)O,20,2,170.34,0,0,0,4.9272,9,12,0,56.4385619,159.229,29.54,0,3,0.7472,4,11,0,121.2604657,172.268,26.3,0,2,2.7659,6,12,0,119.0069869,235.355,61.09,2,4,2.08138,4,13,0,260.9534945,BMDC,2.869525063
101,2349,*CCCCCCCCCCCC,*CC(*)(C)C(=O)OCCN(C)C,*CC(*)(C)C(=O)OCCCCCC,*SC(=S)SC(C)(C#N)CCC(=O)O,20,1,170.34,0,0,0,4.9272,9,12,0,56.4385619,159.229,29.54,0,3,0.7472,4,11,0,121.2604657,172.268,26.3,0,2,2.7659,6,12,0,119.0069869,235.355,61.09,2,4,2.08138,4,13,0,260.9534945,BMDC,3.255393126
101,2350,*CCCCCCCCCCCC,*CC(*)(C)C(=O)OCCN(C)C,*CC(*)(C)C(=O)OCCCCCC,*SC(=S)SC(C)(C#N)CCC(=O)O,20,0.5,170.34,0,0,0,4.9272,9,12,0,56.4385619,159.229,29.54,0,3,0.7472,4,11,0,121.2604657,172.268,26.3,0,2,2.7659,6,12,0,119.0069869,235.355,61.09,2,4,2.08138,4,13,0,260.9534945,BMDC,2.846955325
101,2354,*CCCCCCCCCCCC,*CC(*)(C)C(=O)OCCN(C)C,*CC(*)C(=O)OCC(CC)CCCC,*SC(=S)SC(C)(C#N)CCC(=O)O,5,2,170.34,0,0,0,4.9272,9,12,0,56.4385619,159.229,29.54,0,3,0.7472,4,11,0,121.2604657,186.295,26.3,0,2,3.156,7,13,0,132.0519685,235.355,61.09,2,4,2.08138,4,13,0,260.9534945,BMDC,2.401400541
101,2355,*CCCCCCCCCCCC,*CC(*)(C)C(=O)OCCN(C)C,*CC(*)C(=O)OCC(CC)CCCC,*SC(=S)SC(C)(C#N)CCC(=O)O,5,1,170.34,0,0,0,4.9272,9,12,0,56.4385619,159.229,29.54,0,3,0.7472,4,11,0,121.2604657,186.295,26.3,0,2,3.156,7,13,0,132.0519685,235.355,61.09,2,4,2.08138,4,13,0,260.9534945,BMDC,4.67249501
101,2356,*CCCCCCCCCCCC,*CC(*)(C)C(=O)OCCN(C)C,*CC(*)C(=O)OCC(CC)CCCC,*SC(=S)SC(C)(C#N)CCC(=O)O,5,0.5,170.34,0,0,0,4.9272,9,12,0,56.4385619,159.229,29.54,0,3,0.7472,4,11,0,121.2604657,186.295,26.3,0,2,3.156,7,13,0,132.0519685,235.355,61.09,2,4,2.08138,4,13,0,260.9534945,BMDC,4.653062898
101,2357,*CCCCCCCCCCCC,*CC(*)(C)C(=O)OCCN(C)C,*CC(*)C(=O)OCC(CC)CCCC,*SC(=S)SC(C)(C#N)CCC(=O)O,10,2,170.34,0,0,0,4.9272,9,12,0,56.4385619,159.229,29.54,0,3,0.7472,4,11,0,121.2604657,186.295,26.3,0,2,3.156,7,13,0,132.0519685,235.355,61.09,2,4,2.08138,4,13,0,260.9534945,BMDC,3.310055738
101,2358,*CCCCCCCCCCCC,*CC(*)(C)C(=O)OCCN(C)C,*CC(*)C(=O)OCC(CC)CCCC,*SC(=S)SC(C)(C#N)CCC(=O)O,10,1,170.34,0,0,0,4.9272,9,12,0,56.4385619,159.229,29.54,0,3,0.7472,4,11,0,121.2604657,186.295,26.3,0,2,3.156,7,13,0,132.0519685,235.355,61.09,2,4,2.08138,4,13,0,260.9534945,BMDC,5.156729313
101,2359,*CCCCCCCCCCCC,*CC(*)(C)C(=O)OCCN(C)C,*CC(*)C(=O)OCC(CC)CCCC,*SC(=S)SC(C)(C#N)CCC(=O)O,10,0.5,170.34,0,0,0,4.9272,9,12,0,56.4385619,159.229,29.54,0,3,0.7472,4,11,0,121.2604657,186.295,26.3,0,2,3.156,7,13,0,132.0519685,235.355,61.09,2,4,2.08138,4,13,0,260.9534945,BMDC,5.100436029
101,2360,*CCCCCCCCCCCC,*CC(*)(C)C(=O)OCCN(C)C,*CC(*)C(=O)OCC(CC)CCCC,*SC(=S)SC(C)(C#N)CCC(=O)O,20,2,170.34,0,0,0,4.9272,9,12,0,56.4385619,159.229,29.54,0,3,0.7472,4,11,0,121.2604657,186.295,26.3,0,2,3.156,7,13,0,132.0519685,235.355,61.09,2,4,2.08138,4,13,0,260.9534945,BMDC,5.031523588
101,2361,*CCCCCCCCCCCC,*CC(*)(C)C(=O)OCCN(C)C,*CC(*)C(=O)OCC(CC)CCCC,*SC(=S)SC(C)(C#N)CCC(=O)O,20,1,170.34,0,0,0,4.9272,9,12,0,56.4385619,159.229,29.54,0,3,0.7472,4,11,0,121.2604657,186.295,26.3,0,2,3.156,7,13,0,132.0519685,235.355,61.09,2,4,2.08138,4,13,0,260.9534945,BMDC,4.923686897
101,2362,*CCCCCCCCCCCC,*CC(*)(C)C(=O)OCCN(C)C,*CC(*)C(=O)OCC(CC)CCCC,*SC(=S)SC(C)(C#N)CCC(=O)O,20,0.5,170.34,0,0,0,4.9272,9,12,0,56.4385619,159.229,29.54,0,3,0.7472,4,11,0,121.2604657,186.295,26.3,0,2,3.156,7,13,0,132.0519685,235.355,61.09,2,4,2.08138,4,13,0,260.9534945,BMDC,4.696430658
101,2366,*CCCCCCCCCCCC,*CC(*)C(=O)OCCN(C)C,*CC(*)C(=O)OCCOc1ccccc1,*SC(=S)SC(C)(C#N)CCC(=O)O,5,2,170.34,0,0,0,4.9272,9,12,0,56.4385619,145.202,29.54,0,3,0.5012,4,10,0,101.7792292,194.23,35.53,0,3,2.0186,5,14,1,269.1209499,235.355,61.09,2,4,2.08138,4,13,0,260.9534945,BMDC,2.735199548
101,2367,*CCCCCCCCCCCC,*CC(*)C(=O)OCCN(C)C,*CC(*)C(=O)OCCOc1ccccc1,*SC(=S)SC(C)(C#N)CCC(=O)O,5,1,170.34,0,0,0,4.9272,9,12,0,56.4385619,145.202,29.54,0,3,0.5012,4,10,0,101.7792292,194.23,35.53,0,3,2.0186,5,14,1,269.1209499,235.355,61.09,2,4,2.08138,4,13,0,260.9534945,BMDC,2.517195898
101,2368,*CCCCCCCCCCCC,*CC(*)C(=O)OCCN(C)C,*CC(*)C(=O)OCCOc1ccccc1,*SC(=S)SC(C)(C#N)CCC(=O)O,5,0.5,170.34,0,0,0,4.9272,9,12,0,56.4385619,145.202,29.54,0,3,0.5012,4,10,0,101.7792292,194.23,35.53,0,3,2.0186,5,14,1,269.1209499,235.355,61.09,2,4,2.08138,4,13,0,260.9534945,BMDC,2.571126277
101,2369,*CCCCCCCCCCCC,*CC(*)C(=O)OCCN(C)C,*CC(*)C(=O)OCCOc1ccccc1,*SC(=S)SC(C)(C#N)CCC(=O)O,10,2,170.34,0,0,0,4.9272,9,12,0,56.4385619,145.202,29.54,0,3,0.5012,4,10,0,101.7792292,194.23,35.53,0,3,2.0186,5,14,1,269.1209499,235.355,61.09,2,4,2.08138,4,13,0,260.9534945,BMDC,2.359835482
101,2370,*CCCCCCCCCCCC,*CC(*)C(=O)OCCN(C)C,*CC(*)C(=O)OCCOc1ccccc1,*SC(=S)SC(C)(C#N)CCC(=O)O,10,1,170.34,0,0,0,4.9272,9,12,0,56.4385619,145.202,29.54,0,3,0.5012,4,10,0,101.7792292,194.23,35.53,0,3,2.0186,5,14,1,269.1209499,235.355,61.09,2,4,2.08138,4,13,0,260.9534945,BMDC,2.687528961
101,2371,*CCCCCCCCCCCC,*CC(*)C(=O)OCCN(C)C,*CC(*)C(=O)OCCOc1ccccc1,*SC(=S)SC(C)(C#N)CCC(=O)O,10,0.5,170.34,0,0,0,4.9272,9,12,0,56.4385619,145.202,29.54,0,3,0.5012,4,10,0,101.7792292,194.23,35.53,0,3,2.0186,5,14,1,269.1209499,235.355,61.09,2,4,2.08138,4,13,0,260.9534945,BMDC,3.312917481
101,2372,*CCCCCCCCCCCC,*CC(*)C(=O)OCCN(C)C,*CC(*)C(=O)OCCOc1ccccc1,*SC(=S)SC(C)(C#N)CCC(=O)O,20,2,170.34,0,0,0,4.9272,9,12,0,56.4385619,145.202,29.54,0,3,0.5012,4,10,0,101.7792292,194.23,35.53,0,3,2.0186,5,14,1,269.1209499,235.355,61.09,2,4,2.08138,4,13,0,260.9534945,BMDC,2.691081492
101,2373,*CCCCCCCCCCCC,*CC(*)C(=O)OCCN(C)C,*CC(*)C(=O)OCCOc1ccccc1,*SC(=S)SC(C)(C#N)CCC(=O)O,20,1,170.34,0,0,0,4.9272,9,12,0,56.4385619,145.202,29.54,0,3,0.5012,4,10,0,101.7792292,194.23,35.53,0,3,2.0186,5,14,1,269.1209499,235.355,61.09,2,4,2.08138,4,13,0,260.9534945,BMDC,2.940765436
101,2374,*CCCCCCCCCCCC,*CC(*)C(=O)OCCN(C)C,*CC(*)C(=O)OCCOc1ccccc1,*SC(=S)SC(C)(C#N)CCC(=O)O,20,0.5,170.34,0,0,0,4.9272,9,12,0,56.4385619,145.202,29.54,0,3,0.5012,4,10,0,101.7792292,194.23,35.53,0,3,2.0186,5,14,1,269.1209499,235.355,61.09,2,4,2.08138,4,13,0,260.9534945,BMDC,3.580582877
101,2378,*CCCCCCCCCCCC,*CC(*)C(=O)OCCN(C)C,*CC(*)(C)C(=O)OCCCCCC,*SC(=S)SC(C)(C#N)CCC(=O)O,5,2,170.34,0,0,0,4.9272,9,12,0,56.4385619,145.202,29.54,0,3,0.5012,4,10,0,101.7792292,172.268,26.3,0,2,2.7659,6,12,0,119.0069869,235.355,61.09,2,4,2.08138,4,13,0,260.9534945,BMDC,2.939519253
101,2379,*CCCCCCCCCCCC,*CC(*)C(=O)OCCN(C)C,*CC(*)(C)C(=O)OCCCCCC,*SC(=S)SC(C)(C#N)CCC(=O)O,5,1,170.34,0,0,0,4.9272,9,12,0,56.4385619,145.202,29.54,0,3,0.5012,4,10,0,101.7792292,172.268,26.3,0,2,2.7659,6,12,0,119.0069869,235.355,61.09,2,4,2.08138,4,13,0,260.9534945,BMDC,3.318063335
101,2380,*CCCCCCCCCCCC,*CC(*)C(=O)OCCN(C)C,*CC(*)(C)C(=O)OCCCCCC,*SC(=S)SC(C)(C#N)CCC(=O)O,5,0.5,170.34,0,0,0,4.9272,9,12,0,56.4385619,145.202,29.54,0,3,0.5012,4,10,0,101.7792292,172.268,26.3,0,2,2.7659,6,12,0,119.0069869,235.355,61.09,2,4,2.08138,4,13,0,260.9534945,BMDC,3.575361066
101,2381,*CCCCCCCCCCCC,*CC(*)C(=O)OCCN(C)C,*CC(*)(C)C(=O)OCCCCCC,*SC(=S)SC(C)(C#N)CCC(=O)O,10,2,170.34,0,0,0,4.9272,9,12,0,56.4385619,145.202,29.54,0,3,0.5012,4,10,0,101.7792292,172.268,26.3,0,2,2.7659,6,12,0,119.0069869,235.355,61.09,2,4,2.08138,4,13,0,260.9534945,BMDC,2.70457945
101,2382,*CCCCCCCCCCCC,*CC(*)C(=O)OCCN(C)C,*CC(*)(C)C(=O)OCCCCCC,*SC(=S)SC(C)(C#N)CCC(=O)O,10,1,170.34,0,0,0,4.9272,9,12,0,56.4385619,145.202,29.54,0,3,0.5012,4,10,0,101.7792292,172.268,26.3,0,2,2.7659,6,12,0,119.0069869,235.355,61.09,2,4,2.08138,4,13,0,260.9534945,BMDC,4.449432113
101,2383,*CCCCCCCCCCCC,*CC(*)C(=O)OCCN(C)C,*CC(*)(C)C(=O)OCCCCCC,*SC(=S)SC(C)(C#N)CCC(=O)O,10,0.5,170.34,0,0,0,4.9272,9,12,0,56.4385619,145.202,29.54,0,3,0.5012,4,10,0,101.7792292,172.268,26.3,0,2,2.7659,6,12,0,119.0069869,235.355,61.09,2,4,2.08138,4,13,0,260.9534945,BMDC,3.400796935
101,2384,*CCCCCCCCCCCC,*CC(*)C(=O)OCCN(C)C,*CC(*)(C)C(=O)OCCCCCC,*SC(=S)SC(C)(C#N)CCC(=O)O,20,2,170.34,0,0,0,4.9272,9,12,0,56.4385619,145.202,29.54,0,3,0.5012,4,10,0,101.7792292,172.268,26.3,0,2,2.7659,6,12,0,119.0069869,235.355,61.09,2,4,2.08138,4,13,0,260.9534945,BMDC,2.155336037
101,2385,*CCCCCCCCCCCC,*CC(*)C(=O)OCCN(C)C,*CC(*)(C)C(=O)OCCCCCC,*SC(=S)SC(C)(C#N)CCC(=O)O,20,1,170.34,0,0,0,4.9272,9,12,0,56.4385619,145.202,29.54,0,3,0.5012,4,10,0,101.7792292,172.268,26.3,0,2,2.7659,6,12,0,119.0069869,235.355,61.09,2,4,2.08138,4,13,0,260.9534945,BMDC,4.293837477
101,2386,*CCCCCCCCCCCC,*CC(*)C(=O)OCCN(C)C,*CC(*)(C)C(=O)OCCCCCC,*SC(=S)SC(C)(C#N)CCC(=O)O,20,0.5,170.34,0,0,0,4.9272,9,12,0,56.4385619,145.202,29.54,0,3,0.5012,4,10,0,101.7792292,172.268,26.3,0,2,2.7659,6,12,0,119.0069869,235.355,61.09,2,4,2.08138,4,13,0,260.9534945,BMDC,3.402003309
101,2390,*CCCCCCCCCCCC,*CC(*)C(=O)OCCN(C)C,*CC(*)C(=O)OCC(CC)CCCC,*SC(=S)SC(C)(C#N)CCC(=O)O,5,2,170.34,0,0,0,4.9272,9,12,0,56.4385619,145.202,29.54,0,3,0.5012,4,10,0,101.7792292,186.295,26.3,0,2,3.156,7,13,0,132.0519685,235.355,61.09,2,4,2.08138,4,13,0,260.9534945,BMDC,2.929418926
101,2391,*CCCCCCCCCCCC,*CC(*)C(=O)OCCN(C)C,*CC(*)C(=O)OCC(CC)CCCC,*SC(=S)SC(C)(C#N)CCC(=O)O,5,1,170.34,0,0,0,4.9272,9,12,0,56.4385619,145.202,29.54,0,3,0.5012,4,10,0,101.7792292,186.295,26.3,0,2,3.156,7,13,0,132.0519685,235.355,61.09,2,4,2.08138,4,13,0,260.9534945,BMDC,3.174786417
101,2392,*CCCCCCCCCCCC,*CC(*)C(=O)OCCN(C)C,*CC(*)C(=O)OCC(CC)CCCC,*SC(=S)SC(C)(C#N)CCC(=O)O,5,0.5,170.34,0,0,0,4.9272,9,12,0,56.4385619,145.202,29.54,0,3,0.5012,4,10,0,101.7792292,186.295,26.3,0,2,3.156,7,13,0,132.0519685,235.355,61.09,2,4,2.08138,4,13,0,260.9534945,BMDC,3.555215405
101,2393,*CCCCCCCCCCCC,*CC(*)C(=O)OCCN(C)C,*CC(*)C(=O)OCC(CC)CCCC,*SC(=S)SC(C)(C#N)CCC(=O)O,10,2,170.34,0,0,0,4.9272,9,12,0,56.4385619,145.202,29.54,0,3,0.5012,4,10,0,101.7792292,186.295,26.3,0,2,3.156,7,13,0,132.0519685,235.355,61.09,2,4,2.08138,4,13,0,260.9534945,BMDC,2.747800091
101,2394,*CCCCCCCCCCCC,*CC(*)C(=O)OCCN(C)C,*CC(*)C(=O)OCC(CC)CCCC,*SC(=S)SC(C)(C#N)CCC(=O)O,10,1,170.34,0,0,0,4.9272,9,12,0,56.4385619,145.202,29.54,0,3,0.5012,4,10,0,101.7792292,186.295,26.3,0,2,3.156,7,13,0,132.0519685,235.355,61.09,2,4,2.08138,4,13,0,260.9534945,BMDC,4.590875258
101,2395,*CCCCCCCCCCCC,*CC(*)C(=O)OCCN(C)C,*CC(*)C(=O)OCC(CC)CCCC,*SC(=S)SC(C)(C#N)CCC(=O)O,10,0.5,170.34,0,0,0,4.9272,9,12,0,56.4385619,145.202,29.54,0,3,0.5012,4,10,0,101.7792292,186.295,26.3,0,2,3.156,7,13,0,132.0519685,235.355,61.09,2,4,2.08138,4,13,0,260.9534945,BMDC,3.657294936
101,2396,*CCCCCCCCCCCC,*CC(*)C(=O)OCCN(C)C,*CC(*)C(=O)OCC(CC)CCCC,*SC(=S)SC(C)(C#N)CCC(=O)O,20,2,170.34,0,0,0,4.9272,9,12,0,56.4385619,145.202,29.54,0,3,0.5012,4,10,0,101.7792292,186.295,26.3,0,2,3.156,7,13,0,132.0519685,235.355,61.09,2,4,2.08138,4,13,0,260.9534945,BMDC,2.739572344
101,2397,*CCCCCCCCCCCC,*CC(*)C(=O)OCCN(C)C,*CC(*)C(=O)OCC(CC)CCCC,*SC(=S)SC(C)(C#N)CCC(=O)O,20,1,170.34,0,0,0,4.9272,9,12,0,56.4385619,145.202,29.54,0,3,0.5012,4,10,0,101.7792292,186.295,26.3,0,2,3.156,7,13,0,132.0519685,235.355,61.09,2,4,2.08138,4,13,0,260.9534945,BMDC,4.091350352
101,2398,*CCCCCCCCCCCC,*CC(*)C(=O)OCCN(C)C,*CC(*)C(=O)OCC(CC)CCCC,*SC(=S)SC(C)(C#N)CCC(=O)O,20,0.5,170.34,0,0,0,4.9272,9,12,0,56.4385619,145.202,29.54,0,3,0.5012,4,10,0,101.7792292,186.295,26.3,0,2,3.156,7,13,0,132.0519685,235.355,61.09,2,4,2.08138,4,13,0,260.9534945,BMDC,4.369215857
101,2474,*CCCCCCCCCCCC,*CC(*)(C)C(=O)OCCN(C)C,*CC(*)C(=O)OCCOc1ccccc1,*SC(=S)SC(C)C(=O)O,5,2,170.34,0,0,0,4.9272,9,12,0,56.4385619,159.229,29.54,0,3,0.7472,4,11,0,121.2604657,194.23,35.53,0,3,2.0186,5,14,1,269.1209499,182.291,37.3,2,3,1.4074,2,9,0,133.7744375,BMDC,2.545307116
101,2475,*CCCCCCCCCCCC,*CC(*)(C)C(=O)OCCN(C)C,*CC(*)C(=O)OCCOc1ccccc1,*SC(=S)SC(C)C(=O)O,5,1,170.34,0,0,0,4.9272,9,12,0,56.4385619,159.229,29.54,0,3,0.7472,4,11,0,121.2604657,194.23,35.53,0,3,2.0186,5,14,1,269.1209499,182.291,37.3,2,3,1.4074,2,9,0,133.7744375,BMDC,3.165689376
101,2476,*CCCCCCCCCCCC,*CC(*)(C)C(=O)OCCN(C)C,*CC(*)C(=O)OCCOc1ccccc1,*SC(=S)SC(C)C(=O)O,5,0.5,170.34,0,0,0,4.9272,9,12,0,56.4385619,159.229,29.54,0,3,0.7472,4,11,0,121.2604657,194.23,35.53,0,3,2.0186,5,14,1,269.1209499,182.291,37.3,2,3,1.4074,2,9,0,133.7744375,BMDC,2.590507462
101,2477,*CCCCCCCCCCCC,*CC(*)(C)C(=O)OCCN(C)C,*CC(*)C(=O)OCCOc1ccccc1,*SC(=S)SC(C)C(=O)O,10,2,170.34,0,0,0,4.9272,9,12,0,56.4385619,159.229,29.54,0,3,0.7472,4,11,0,121.2604657,194.23,35.53,0,3,2.0186,5,14,1,269.1209499,182.291,37.3,2,3,1.4074,2,9,0,133.7744375,BMDC,2.301029996
101,2478,*CCCCCCCCCCCC,*CC(*)(C)C(=O)OCCN(C)C,*CC(*)C(=O)OCCOc1ccccc1,*SC(=S)SC(C)C(=O)O,10,1,170.34,0,0,0,4.9272,9,12,0,56.4385619,159.229,29.54,0,3,0.7472,4,11,0,121.2604657,194.23,35.53,0,3,2.0186,5,14,1,269.1209499,182.291,37.3,2,3,1.4074,2,9,0,133.7744375,BMDC,2.336459734
101,2479,*CCCCCCCCCCCC,*CC(*)(C)C(=O)OCCN(C)C,*CC(*)C(=O)OCCOc1ccccc1,*SC(=S)SC(C)C(=O)O,10,0.5,170.34,0,0,0,4.9272,9,12,0,56.4385619,159.229,29.54,0,3,0.7472,4,11,0,121.2604657,194.23,35.53,0,3,2.0186,5,14,1,269.1209499,182.291,37.3,2,3,1.4074,2,9,0,133.7744375,BMDC,2.350248018
101,2480,*CCCCCCCCCCCC,*CC(*)(C)C(=O)OCCN(C)C,*CC(*)C(=O)OCCOc1ccccc1,*SC(=S)SC(C)C(=O)O,20,2,170.34,0,0,0,4.9272,9,12,0,56.4385619,159.229,29.54,0,3,0.7472,4,11,0,121.2604657,194.23,35.53,0,3,2.0186,5,14,1,269.1209499,182.291,37.3,2,3,1.4074,2,9,0,133.7744375,BMDC,2.671635597
101,2481,*CCCCCCCCCCCC,*CC(*)(C)C(=O)OCCN(C)C,*CC(*)C(=O)OCCOc1ccccc1,*SC(=S)SC(C)C(=O)O,20,1,170.34,0,0,0,4.9272,9,12,0,56.4385619,159.229,29.54,0,3,0.7472,4,11,0,121.2604657,194.23,35.53,0,3,2.0186,5,14,1,269.1209499,182.291,37.3,2,3,1.4074,2,9,0,133.7744375,BMDC,2.950851459
101,2482,*CCCCCCCCCCCC,*CC(*)(C)C(=O)OCCN(C)C,*CC(*)C(=O)OCCOc1ccccc1,*SC(=S)SC(C)C(=O)O,20,0.5,170.34,0,0,0,4.9272,9,12,0,56.4385619,159.229,29.54,0,3,0.7472,4,11,0,121.2604657,194.23,35.53,0,3,2.0186,5,14,1,269.1209499,182.291,37.3,2,3,1.4074,2,9,0,133.7744375,BMDC,2.778513012
101,2486,*CCCCCCCCCCCC,*CC(*)(C)C(=O)OCCN(C)C,*CC(*)(C)C(=O)OCCCCCC,*SC(=S)SC(C)C(=O)O,5,2,170.34,0,0,0,4.9272,9,12,0,56.4385619,159.229,29.54,0,3,0.7472,4,11,0,121.2604657,172.268,26.3,0,2,2.7659,6,12,0,119.0069869,182.291,37.3,2,3,1.4074,2,9,0,133.7744375,BMDC,2.698100546
101,2487,*CCCCCCCCCCCC,*CC(*)(C)C(=O)OCCN(C)C,*CC(*)(C)C(=O)OCCCCCC,*SC(=S)SC(C)C(=O)O,5,1,170.34,0,0,0,4.9272,9,12,0,56.4385619,159.229,29.54,0,3,0.7472,4,11,0,121.2604657,172.268,26.3,0,2,2.7659,6,12,0,119.0069869,182.291,37.3,2,3,1.4074,2,9,0,133.7744375,BMDC,3.07773118
101,2488,*CCCCCCCCCCCC,*CC(*)(C)C(=O)OCCN(C)C,*CC(*)(C)C(=O)OCCCCCC,*SC(=S)SC(C)C(=O)O,5,0.5,170.34,0,0,0,4.9272,9,12,0,56.4385619,159.229,29.54,0,3,0.7472,4,11,0,121.2604657,172.268,26.3,0,2,2.7659,6,12,0,119.0069869,182.291,37.3,2,3,1.4074,2,9,0,133.7744375,BMDC,2.968249394
101,2489,*CCCCCCCCCCCC,*CC(*)(C)C(=O)OCCN(C)C,*CC(*)(C)C(=O)OCCCCCC,*SC(=S)SC(C)C(=O)O,10,2,170.34,0,0,0,4.9272,9,12,0,56.4385619,159.229,29.54,0,3,0.7472,4,11,0,121.2604657,172.268,26.3,0,2,2.7659,6,12,0,119.0069869,182.291,37.3,2,3,1.4074,2,9,0,133.7744375,BMDC,2.413299764
101,2490,*CCCCCCCCCCCC,*CC(*)(C)C(=O)OCCN(C)C,*CC(*)(C)C(=O)OCCCCCC,*SC(=S)SC(C)C(=O)O,10,1,170.34,0,0,0,4.9272,9,12,0,56.4385619,159.229,29.54,0,3,0.7472,4,11,0,121.2604657,172.268,26.3,0,2,2.7659,6,12,0,119.0069869,182.291,37.3,2,3,1.4074,2,9,0,133.7744375,BMDC,2.790988475
101,2491,*CCCCCCCCCCCC,*CC(*)(C)C(=O)OCCN(C)C,*CC(*)(C)C(=O)OCCCCCC,*SC(=S)SC(C)C(=O)O,10,0.5,170.34,0,0,0,4.9272,9,12,0,56.4385619,159.229,29.54,0,3,0.7472,4,11,0,121.2604657,172.268,26.3,0,2,2.7659,6,12,0,119.0069869,182.291,37.3,2,3,1.4074,2,9,0,133.7744375,BMDC,3.296445794
101,2492,*CCCCCCCCCCCC,*CC(*)(C)C(=O)OCCN(C)C,*CC(*)(C)C(=O)OCCCCCC,*SC(=S)SC(C)C(=O)O,20,2,170.34,0,0,0,4.9272,9,12,0,56.4385619,159.229,29.54,0,3,0.7472,4,11,0,121.2604657,172.268,26.3,0,2,2.7659,6,12,0,119.0069869,182.291,37.3,2,3,1.4074,2,9,0,133.7744375,BMDC,2.381115081
101,2493,*CCCCCCCCCCCC,*CC(*)(C)C(=O)OCCN(C)C,*CC(*)(C)C(=O)OCCCCCC,*SC(=S)SC(C)C(=O)O,20,1,170.34,0,0,0,4.9272,9,12,0,56.4385619,159.229,29.54,0,3,0.7472,4,11,0,121.2604657,172.268,26.3,0,2,2.7659,6,12,0,119.0069869,182.291,37.3,2,3,1.4074,2,9,0,133.7744375,BMDC,2.756636108
101,2494,*CCCCCCCCCCCC,*CC(*)(C)C(=O)OCCN(C)C,*CC(*)(C)C(=O)OCCCCCC,*SC(=S)SC(C)C(=O)O,20,0.5,170.34,0,0,0,4.9272,9,12,0,56.4385619,159.229,29.54,0,3,0.7472,4,11,0,121.2604657,172.268,26.3,0,2,2.7659,6,12,0,119.0069869,182.291,37.3,2,3,1.4074,2,9,0,133.7744375,BMDC,2.307496038
101,2498,*CCCCCCCCCCCC,*CC(*)(C)C(=O)OCCN(C)C,*CC(*)C(=O)OCC(CC)CCCC,*SC(=S)SC(C)C(=O)O,5,2,170.34,0,0,0,4.9272,9,12,0,56.4385619,159.229,29.54,0,3,0.7472,4,11,0,121.2604657,186.295,26.3,0,2,3.156,7,13,0,132.0519685,182.291,37.3,2,3,1.4074,2,9,0,133.7744375,BMDC,2.708845638
101,2499,*CCCCCCCCCCCC,*CC(*)(C)C(=O)OCCN(C)C,*CC(*)C(=O)OCC(CC)CCCC,*SC(=S)SC(C)C(=O)O,5,1,170.34,0,0,0,4.9272,9,12,0,56.4385619,159.229,29.54,0,3,0.7472,4,11,0,121.2604657,186.295,26.3,0,2,3.156,7,13,0,132.0519685,182.291,37.3,2,3,1.4074,2,9,0,133.7744375,BMDC,5.074509255
101,2500,*CCCCCCCCCCCC,*CC(*)(C)C(=O)OCCN(C)C,*CC(*)C(=O)OCC(CC)CCCC,*SC(=S)SC(C)C(=O)O,5,0.5,170.34,0,0,0,4.9272,9,12,0,56.4385619,159.229,29.54,0,3,0.7472,4,11,0,121.2604657,186.295,26.3,0,2,3.156,7,13,0,132.0519685,182.291,37.3,2,3,1.4074,2,9,0,133.7744375,BMDC,2.76305344
101,2501,*CCCCCCCCCCCC,*CC(*)(C)C(=O)OCCN(C)C,*CC(*)C(=O)OCC(CC)CCCC,*SC(=S)SC(C)C(=O)O,10,2,170.34,0,0,0,4.9272,9,12,0,56.4385619,159.229,29.54,0,3,0.7472,4,11,0,121.2604657,186.295,26.3,0,2,3.156,7,13,0,132.0519685,182.291,37.3,2,3,1.4074,2,9,0,133.7744375,BMDC,2.958085849
101,2502,*CCCCCCCCCCCC,*CC(*)(C)C(=O)OCCN(C)C,*CC(*)C(=O)OCC(CC)CCCC,*SC(=S)SC(C)C(=O)O,10,1,170.34,0,0,0,4.9272,9,12,0,56.4385619,159.229,29.54,0,3,0.7472,4,11,0,121.2604657,186.295,26.3,0,2,3.156,7,13,0,132.0519685,182.291,37.3,2,3,1.4074,2,9,0,133.7744375,BMDC,5.376147012
101,2503,*CCCCCCCCCCCC,*CC(*)(C)C(=O)OCCN(C)C,*CC(*)C(=O)OCC(CC)CCCC,*SC(=S)SC(C)C(=O)O,10,0.5,170.34,0,0,0,4.9272,9,12,0,56.4385619,159.229,29.54,0,3,0.7472,4,11,0,121.2604657,186.295,26.3,0,2,3.156,7,13,0,132.0519685,182.291,37.3,2,3,1.4074,2,9,0,133.7744375,BMDC,5.010840368
101,2504,*CCCCCCCCCCCC,*CC(*)(C)C(=O)OCCN(C)C,*CC(*)C(=O)OCC(CC)CCCC,*SC(=S)SC(C)C(=O)O,20,2,170.34,0,0,0,4.9272,9,12,0,56.4385619,159.229,29.54,0,3,0.7472,4,11,0,121.2604657,186.295,26.3,0,2,3.156,7,13,0,132.0519685,182.291,37.3,2,3,1.4074,2,9,0,133.7744375,BMDC,3.214976235
101,2505,*CCCCCCCCCCCC,*CC(*)(C)C(=O)OCCN(C)C,*CC(*)C(=O)OCC(CC)CCCC,*SC(=S)SC(C)C(=O)O,20,1,170.34,0,0,0,4.9272,9,12,0,56.4385619,159.229,29.54,0,3,0.7472,4,11,0,121.2604657,186.295,26.3,0,2,3.156,7,13,0,132.0519685,182.291,37.3,2,3,1.4074,2,9,0,133.7744375,BMDC,4.839936611
101,2506,*CCCCCCCCCCCC,*CC(*)(C)C(=O)OCCN(C)C,*CC(*)C(=O)OCC(CC)CCCC,*SC(=S)SC(C)C(=O)O,20,0.5,170.34,0,0,0,4.9272,9,12,0,56.4385619,159.229,29.54,0,3,0.7472,4,11,0,121.2604657,186.295,26.3,0,2,3.156,7,13,0,132.0519685,182.291,37.3,2,3,1.4074,2,9,0,133.7744375,BMDC,4.145646943
101,2510,*CCCCCCCCCCCC,*CC(*)C(=O)OCCN(C)C,*CC(*)C(=O)OCCOc1ccccc1,*SC(=S)SC(C)C(=O)O,5,2,170.34,0,0,0,4.9272,9,12,0,56.4385619,145.202,29.54,0,3,0.5012,4,10,0,101.7792292,194.23,35.53,0,3,2.0186,5,14,1,269.1209499,182.291,37.3,2,3,1.4074,2,9,0,133.7744375,BMDC,2.068185862
101,2511,*CCCCCCCCCCCC,*CC(*)C(=O)OCCN(C)C,*CC(*)C(=O)OCCOc1ccccc1,*SC(=S)SC(C)C(=O)O,5,1,170.34,0,0,0,4.9272,9,12,0,56.4385619,145.202,29.54,0,3,0.5012,4,10,0,101.7792292,194.23,35.53,0,3,2.0186,5,14,1,269.1209499,182.291,37.3,2,3,1.4074,2,9,0,133.7744375,BMDC,2.511214701
101,2512,*CCCCCCCCCCCC,*CC(*)C(=O)OCCN(C)C,*CC(*)C(=O)OCCOc1ccccc1,*SC(=S)SC(C)C(=O)O,5,0.5,170.34,0,0,0,4.9272,9,12,0,56.4385619,145.202,29.54,0,3,0.5012,4,10,0,101.7792292,194.23,35.53,0,3,2.0186,5,14,1,269.1209499,182.291,37.3,2,3,1.4074,2,9,0,133.7744375,BMDC,3.055760465
101,2513,*CCCCCCCCCCCC,*CC(*)C(=O)OCCN(C)C,*CC(*)C(=O)OCCOc1ccccc1,*SC(=S)SC(C)C(=O)O,10,2,170.34,0,0,0,4.9272,9,12,0,56.4385619,145.202,29.54,0,3,0.5012,4,10,0,101.7792292,194.23,35.53,0,3,2.0186,5,14,1,269.1209499,182.291,37.3,2,3,1.4074,2,9,0,133.7744375,BMDC,2.353146546
101,2514,*CCCCCCCCCCCC,*CC(*)C(=O)OCCN(C)C,*CC(*)C(=O)OCCOc1ccccc1,*SC(=S)SC(C)C(=O)O,10,1,170.34,0,0,0,4.9272,9,12,0,56.4385619,145.202,29.54,0,3,0.5012,4,10,0,101.7792292,194.23,35.53,0,3,2.0186,5,14,1,269.1209499,182.291,37.3,2,3,1.4074,2,9,0,133.7744375,BMDC,2.70457945
101,2515,*CCCCCCCCCCCC,*CC(*)C(=O)OCCN(C)C,*CC(*)C(=O)OCCOc1ccccc1,*SC(=S)SC(C)C(=O)O,10,0.5,170.34,0,0,0,4.9272,9,12,0,56.4385619,145.202,29.54,0,3,0.5012,4,10,0,101.7792292,194.23,35.53,0,3,2.0186,5,14,1,269.1209499,182.291,37.3,2,3,1.4074,2,9,0,133.7744375,BMDC,2.665111737
101,2516,*CCCCCCCCCCCC,*CC(*)C(=O)OCCN(C)C,*CC(*)C(=O)OCCOc1ccccc1,*SC(=S)SC(C)C(=O)O,20,2,170.34,0,0,0,4.9272,9,12,0,56.4385619,145.202,29.54,0,3,0.5012,4,10,0,101.7792292,194.23,35.53,0,3,2.0186,5,14,1,269.1209499,182.291,37.3,2,3,1.4074,2,9,0,133.7744375,BMDC,2.699404082
101,2517,*CCCCCCCCCCCC,*CC(*)C(=O)OCCN(C)C,*CC(*)C(=O)OCCOc1ccccc1,*SC(=S)SC(C)C(=O)O,20,1,170.34,0,0,0,4.9272,9,12,0,56.4385619,145.202,29.54,0,3,0.5012,4,10,0,101.7792292,194.23,35.53,0,3,2.0186,5,14,1,269.1209499,182.291,37.3,2,3,1.4074,2,9,0,133.7744375,BMDC,3.268694954
101,2518,*CCCCCCCCCCCC,*CC(*)C(=O)OCCN(C)C,*CC(*)C(=O)OCCOc1ccccc1,*SC(=S)SC(C)C(=O)O,20,0.5,170.34,0,0,0,4.9272,9,12,0,56.4385619,145.202,29.54,0,3,0.5012,4,10,0,101.7792292,194.23,35.53,0,3,2.0186,5,14,1,269.1209499,182.291,37.3,2,3,1.4074,2,9,0,133.7744375,BMDC,3.28057837
101,2522,*CCCCCCCCCCCC,*CC(*)C(=O)OCCN(C)C,*CC(*)(C)C(=O)OCCCCCC,*SC(=S)SC(C)C(=O)O,5,2,170.34,0,0,0,4.9272,9,12,0,56.4385619,145.202,29.54,0,3,0.5012,4,10,0,101.7792292,172.268,26.3,0,2,2.7659,6,12,0,119.0069869,182.291,37.3,2,3,1.4074,2,9,0,133.7744375,BMDC,2.487138375
101,2523,*CCCCCCCCCCCC,*CC(*)C(=O)OCCN(C)C,*CC(*)(C)C(=O)OCCCCCC,*SC(=S)SC(C)C(=O)O,5,1,170.34,0,0,0,4.9272,9,12,0,56.4385619,145.202,29.54,0,3,0.5012,4,10,0,101.7792292,172.268,26.3,0,2,2.7659,6,12,0,119.0069869,182.291,37.3,2,3,1.4074,2,9,0,133.7744375,BMDC,2.626853415
101,2524,*CCCCCCCCCCCC,*CC(*)C(=O)OCCN(C)C,*CC(*)(C)C(=O)OCCCCCC,*SC(=S)SC(C)C(=O)O,5,0.5,170.34,0,0,0,4.9272,9,12,0,56.4385619,145.202,29.54,0,3,0.5012,4,10,0,101.7792292,172.268,26.3,0,2,2.7659,6,12,0,119.0069869,182.291,37.3,2,3,1.4074,2,9,0,133.7744375,BMDC,2.710540448
101,2525,*CCCCCCCCCCCC,*CC(*)C(=O)OCCN(C)C,*CC(*)(C)C(=O)OCCCCCC,*SC(=S)SC(C)C(=O)O,10,2,170.34,0,0,0,4.9272,9,12,0,56.4385619,145.202,29.54,0,3,0.5012,4,10,0,101.7792292,172.268,26.3,0,2,2.7659,6,12,0,119.0069869,182.291,37.3,2,3,1.4074,2,9,0,133.7744375,BMDC,2.261262869
101,2526,*CCCCCCCCCCCC,*CC(*)C(=O)OCCN(C)C,*CC(*)(C)C(=O)OCCCCCC,*SC(=S)SC(C)C(=O)O,10,1,170.34,0,0,0,4.9272,9,12,0,56.4385619,145.202,29.54,0,3,0.5012,4,10,0,101.7792292,172.268,26.3,0,2,2.7659,6,12,0,119.0069869,182.291,37.3,2,3,1.4074,2,9,0,133.7744375,BMDC,2.171726454
101,2527,*CCCCCCCCCCCC,*CC(*)C(=O)OCCN(C)C,*CC(*)(C)C(=O)OCCCCCC,*SC(=S)SC(C)C(=O)O,10,0.5,170.34,0,0,0,4.9272,9,12,0,56.4385619,145.202,29.54,0,3,0.5012,4,10,0,101.7792292,172.268,26.3,0,2,2.7659,6,12,0,119.0069869,182.291,37.3,2,3,1.4074,2,9,0,133.7744375,BMDC,3.566732029
101,2528,*CCCCCCCCCCCC,*CC(*)C(=O)OCCN(C)C,*CC(*)(C)C(=O)OCCCCCC,*SC(=S)SC(C)C(=O)O,20,2,170.34,0,0,0,4.9272,9,12,0,56.4385619,145.202,29.54,0,3,0.5012,4,10,0,101.7792292,172.268,26.3,0,2,2.7659,6,12,0,119.0069869,182.291,37.3,2,3,1.4074,2,9,0,133.7744375,BMDC,2.753583059
101,2529,*CCCCCCCCCCCC,*CC(*)C(=O)OCCN(C)C,*CC(*)(C)C(=O)OCCCCCC,*SC(=S)SC(C)C(=O)O,20,1,170.34,0,0,0,4.9272,9,12,0,56.4385619,145.202,29.54,0,3,0.5012,4,10,0,101.7792292,172.268,26.3,0,2,2.7659,6,12,0,119.0069869,182.291,37.3,2,3,1.4074,2,9,0,133.7744375,BMDC,2.98788961
101,2530,*CCCCCCCCCCCC,*CC(*)C(=O)OCCN(C)C,*CC(*)(C)C(=O)OCCCCCC,*SC(=S)SC(C)C(=O)O,20,0.5,170.34,0,0,0,4.9272,9,12,0,56.4385619,145.202,29.54,0,3,0.5012,4,10,0,101.7792292,172.268,26.3,0,2,2.7659,6,12,0,119.0069869,182.291,37.3,2,3,1.4074,2,9,0,133.7744375,BMDC,3.20709554
101,2534,*CCCCCCCCCCCC,*CC(*)C(=O)OCCN(C)C,*CC(*)C(=O)OCC(CC)CCCC,*SC(=S)SC(C)C(=O)O,5,2,170.34,0,0,0,4.9272,9,12,0,56.4385619,145.202,29.54,0,3,0.5012,4,10,0,101.7792292,186.295,26.3,0,2,3.156,7,13,0,132.0519685,182.291,37.3,2,3,1.4074,2,9,0,133.7744375,BMDC,3.25791845
101,2535,*CCCCCCCCCCCC,*CC(*)C(=O)OCCN(C)C,*CC(*)C(=O)OCC(CC)CCCC,*SC(=S)SC(C)C(=O)O,5,1,170.34,0,0,0,4.9272,9,12,0,56.4385619,145.202,29.54,0,3,0.5012,4,10,0,101.7792292,186.295,26.3,0,2,3.156,7,13,0,132.0519685,182.291,37.3,2,3,1.4074,2,9,0,133.7744375,BMDC,3.7748453
101,2536,*CCCCCCCCCCCC,*CC(*)C(=O)OCCN(C)C,*CC(*)C(=O)OCC(CC)CCCC,*SC(=S)SC(C)C(=O)O,5,0.5,170.34,0,0,0,4.9272,9,12,0,56.4385619,145.202,29.54,0,3,0.5012,4,10,0,101.7792292,186.295,26.3,0,2,3.156,7,13,0,132.0519685,182.291,37.3,2,3,1.4074,2,9,0,133.7744375,BMDC,3.468421184
101,2537,*CCCCCCCCCCCC,*CC(*)C(=O)OCCN(C)C,*CC(*)C(=O)OCC(CC)CCCC,*SC(=S)SC(C)C(=O)O,10,2,170.34,0,0,0,4.9272,9,12,0,56.4385619,145.202,29.54,0,3,0.5012,4,10,0,101.7792292,186.295,26.3,0,2,3.156,7,13,0,132.0519685,182.291,37.3,2,3,1.4074,2,9,0,133.7744375,BMDC,2.882239848
101,2538,*CCCCCCCCCCCC,*CC(*)C(=O)OCCN(C)C,*CC(*)C(=O)OCC(CC)CCCC,*SC(=S)SC(C)C(=O)O,10,1,170.34,0,0,0,4.9272,9,12,0,56.4385619,145.202,29.54,0,3,0.5012,4,10,0,101.7792292,186.295,26.3,0,2,3.156,7,13,0,132.0519685,182.291,37.3,2,3,1.4074,2,9,0,133.7744375,BMDC,4.660348379
101,2539,*CCCCCCCCCCCC,*CC(*)C(=O)OCCN(C)C,*CC(*)C(=O)OCC(CC)CCCC,*SC(=S)SC(C)C(=O)O,10,0.5,170.34,0,0,0,4.9272,9,12,0,56.4385619,145.202,29.54,0,3,0.5012,4,10,0,101.7792292,186.295,26.3,0,2,3.156,7,13,0,132.0519685,182.291,37.3,2,3,1.4074,2,9,0,133.7744375,BMDC,3.159266331
101,2540,*CCCCCCCCCCCC,*CC(*)C(=O)OCCN(C)C,*CC(*)C(=O)OCC(CC)CCCC,*SC(=S)SC(C)C(=O)O,20,2,170.34,0,0,0,4.9272,9,12,0,56.4385619,145.202,29.54,0,3,0.5012,4,10,0,101.7792292,186.295,26.3,0,2,3.156,7,13,0,132.0519685,182.291,37.3,2,3,1.4074,2,9,0,133.7744375,BMDC,3.105680463
101,2541,*CCCCCCCCCCCC,*CC(*)C(=O)OCCN(C)C,*CC(*)C(=O)OCC(CC)CCCC,*SC(=S)SC(C)C(=O)O,20,1,170.34,0,0,0,4.9272,9,12,0,56.4385619,145.202,29.54,0,3,0.5012,4,10,0,101.7792292,186.295,26.3,0,2,3.156,7,13,0,132.0519685,182.291,37.3,2,3,1.4074,2,9,0,133.7744375,BMDC,5.586260336
101,2542,*CCCCCCCCCCCC,*CC(*)C(=O)OCCN(C)C,*CC(*)C(=O)OCC(CC)CCCC,*SC(=S)SC(C)C(=O)O,20,0.5,170.34,0,0,0,4.9272,9,12,0,56.4385619,145.202,29.54,0,3,0.5012,4,10,0,101.7792292,186.295,26.3,0,2,3.156,7,13,0,132.0519685,182.291,37.3,2,3,1.4074,2,9,0,133.7744375,BMDC,3.44208763