Paper_ID,ID,input1,input2,input3,input4,B_num,RC_ratio,Wt_1,TPSA_1,NumHDonors_1,NumHAcceptors_1,MolLogP_1,NumRotatableBonds_1,HeavyAtomCount_1,RingCount_1,BertzCT_1,Wt_2,TPSA_2,NumHDonors_2,NumHAcceptors_2,MolLogP_2,NumRotatableBonds_2,HeavyAtomCount_2,RingCount_2,BertzCT_2,Wt_3,TPSA_3,NumHDonors_3,NumHAcceptors_3,MolLogP_3,NumRotatableBonds_3,HeavyAtomCount_3,RingCount_3,BertzCT_3,Wt_4,TPSA_4,NumHDonors_4,NumHAcceptors_4,MolLogP_4,NumRotatableBonds_4,HeavyAtomCount_4,RingCount_4,BertzCT_4,mRNA_type,Expression
100,1,*CCCCCCCCCCCC,*CC(*)C(=O)OCCN(CC)CC,*CC(*)C(=O)OCCOc1ccccc1,*SC(=S)SC(C)(C#N)CCC(=O)O,2,2,170.34,0,0,0,4.9272,9,12,0,56.4385619,173.256,29.54,0,3,1.2814,6,12,0,121.6969429,194.23,35.53,0,3,2.0186,5,14,1,269.1209499,235.355,61.09,2,4,2.08138,4,13,0,260.9534945,mLuc,2.645422269
100,2,*CCCCCCCCCCCC,*CC(*)C(=O)OCCN(CC)CC,*CC(*)C(=O)OCCOc1ccccc1,*SC(=S)SC(C)(C#N)CCC(=O)O,2,1,170.34,0,0,0,4.9272,9,12,0,56.4385619,173.256,29.54,0,3,1.2814,6,12,0,121.6969429,194.23,35.53,0,3,2.0186,5,14,1,269.1209499,235.355,61.09,2,4,2.08138,4,13,0,260.9534945,mLuc,2.871864702
100,3,*CCCCCCCCCCCC,*CC(*)C(=O)OCCN(CC)CC,*CC(*)C(=O)OCCOc1ccccc1,*SC(=S)SC(C)(C#N)CCC(=O)O,2,0.5,170.34,0,0,0,4.9272,9,12,0,56.4385619,173.256,29.54,0,3,1.2814,6,12,0,121.6969429,194.23,35.53,0,3,2.0186,5,14,1,269.1209499,235.355,61.09,2,4,2.08138,4,13,0,260.9534945,mLuc,2.650307523
100,4,*CCCCCCCCCCCC,*CC(*)C(=O)OCCN(CC)CC,*CC(*)C(=O)OCCOc1ccccc1,*SC(=S)SC(C)(C#N)CCC(=O)O,5,2,170.34,0,0,0,4.9272,9,12,0,56.4385619,173.256,29.54,0,3,1.2814,6,12,0,121.6969429,194.23,35.53,0,3,2.0186,5,14,1,269.1209499,235.355,61.09,2,4,2.08138,4,13,0,260.9534945,mLuc,2.155336037
100,5,*CCCCCCCCCCCC,*CC(*)C(=O)OCCN(CC)CC,*CC(*)C(=O)OCCOc1ccccc1,*SC(=S)SC(C)(C#N)CCC(=O)O,5,1,170.34,0,0,0,4.9272,9,12,0,56.4385619,173.256,29.54,0,3,1.2814,6,12,0,121.6969429,194.23,35.53,0,3,2.0186,5,14,1,269.1209499,235.355,61.09,2,4,2.08138,4,13,0,260.9534945,mLuc,2.483587297
100,6,*CCCCCCCCCCCC,*CC(*)C(=O)OCCN(CC)CC,*CC(*)C(=O)OCCOc1ccccc1,*SC(=S)SC(C)(C#N)CCC(=O)O,5,0.5,170.34,0,0,0,4.9272,9,12,0,56.4385619,173.256,29.54,0,3,1.2814,6,12,0,121.6969429,194.23,35.53,0,3,2.0186,5,14,1,269.1209499,235.355,61.09,2,4,2.08138,4,13,0,260.9534945,mLuc,3.716796042
100,7,*CCCCCCCCCCCC,*CC(*)C(=O)OCCN(CC)CC,*CC(*)C(=O)OCCOc1ccccc1,*SC(=S)SC(C)(C#N)CCC(=O)O,10,2,170.34,0,0,0,4.9272,9,12,0,56.4385619,173.256,29.54,0,3,1.2814,6,12,0,121.6969429,194.23,35.53,0,3,2.0186,5,14,1,269.1209499,235.355,61.09,2,4,2.08138,4,13,0,260.9534945,mLuc,2.47348697
100,8,*CCCCCCCCCCCC,*CC(*)C(=O)OCCN(CC)CC,*CC(*)C(=O)OCCOc1ccccc1,*SC(=S)SC(C)(C#N)CCC(=O)O,10,1,170.34,0,0,0,4.9272,9,12,0,56.4385619,173.256,29.54,0,3,1.2814,6,12,0,121.6969429,194.23,35.53,0,3,2.0186,5,14,1,269.1209499,235.355,61.09,2,4,2.08138,4,13,0,260.9534945,mLuc,2.55448916
100,9,*CCCCCCCCCCCC,*CC(*)C(=O)OCCN(CC)CC,*CC(*)C(=O)OCCOc1ccccc1,*SC(=S)SC(C)(C#N)CCC(=O)O,10,0.5,170.34,0,0,0,4.9272,9,12,0,56.4385619,173.256,29.54,0,3,1.2814,6,12,0,121.6969429,194.23,35.53,0,3,2.0186,5,14,1,269.1209499,235.355,61.09,2,4,2.08138,4,13,0,260.9534945,mLuc,2.626853415
100,10,*CCCCCCCCCCCC,*CC(*)C(=O)OCCN(CC)CC,*CC(*)C(=O)OCCOc1ccccc1,*SC(=S)SC(C)(C#N)CCC(=O)O,20,2,170.34,0,0,0,4.9272,9,12,0,56.4385619,173.256,29.54,0,3,1.2814,6,12,0,121.6969429,194.23,35.53,0,3,2.0186,5,14,1,269.1209499,235.355,61.09,2,4,2.08138,4,13,0,260.9534945,mLuc,2.785329835
100,11,*CCCCCCCCCCCC,*CC(*)C(=O)OCCN(CC)CC,*CC(*)C(=O)OCCOc1ccccc1,*SC(=S)SC(C)(C#N)CCC(=O)O,20,1,170.34,0,0,0,4.9272,9,12,0,56.4385619,173.256,29.54,0,3,1.2814,6,12,0,121.6969429,194.23,35.53,0,3,2.0186,5,14,1,269.1209499,235.355,61.09,2,4,2.08138,4,13,0,260.9534945,mLuc,3.624230514
100,12,*CCCCCCCCCCCC,*CC(*)C(=O)OCCN(CC)CC,*CC(*)C(=O)OCCOc1ccccc1,*SC(=S)SC(C)(C#N)CCC(=O)O,20,0.5,170.34,0,0,0,4.9272,9,12,0,56.4385619,173.256,29.54,0,3,1.2814,6,12,0,121.6969429,194.23,35.53,0,3,2.0186,5,14,1,269.1209499,235.355,61.09,2,4,2.08138,4,13,0,260.9534945,mLuc,2.968482949
100,13,*CCCCCCCCCCCC,*CC(*)C(=O)OCCN(CC)CC,*CC(*)(C)C(=O)OCCCCCC,*SC(=S)SC(C)(C#N)CCC(=O)O,2,2,170.34,0,0,0,4.9272,9,12,0,56.4385619,173.256,29.54,0,3,1.2814,6,12,0,121.6969429,172.268,26.3,0,2,2.7659,6,12,0,119.0069869,235.355,61.09,2,4,2.08138,4,13,0,260.9534945,mLuc,3.113943352
100,14,*CCCCCCCCCCCC,*CC(*)C(=O)OCCN(CC)CC,*CC(*)(C)C(=O)OCCCCCC,*SC(=S)SC(C)(C#N)CCC(=O)O,2,1,170.34,0,0,0,4.9272,9,12,0,56.4385619,173.256,29.54,0,3,1.2814,6,12,0,121.6969429,172.268,26.3,0,2,2.7659,6,12,0,119.0069869,235.355,61.09,2,4,2.08138,4,13,0,260.9534945,mLuc,3.3872118
100,15,*CCCCCCCCCCCC,*CC(*)C(=O)OCCN(CC)CC,*CC(*)(C)C(=O)OCCCCCC,*SC(=S)SC(C)(C#N)CCC(=O)O,2,0.5,170.34,0,0,0,4.9272,9,12,0,56.4385619,173.256,29.54,0,3,1.2814,6,12,0,121.6969429,172.268,26.3,0,2,2.7659,6,12,0,119.0069869,235.355,61.09,2,4,2.08138,4,13,0,260.9534945,mLuc,3.682506086
100,16,*CCCCCCCCCCCC,*CC(*)C(=O)OCCN(CC)CC,*CC(*)(C)C(=O)OCCCCCC,*SC(=S)SC(C)(C#N)CCC(=O)O,5,2,170.34,0,0,0,4.9272,9,12,0,56.4385619,173.256,29.54,0,3,1.2814,6,12,0,121.6969429,172.268,26.3,0,2,2.7659,6,12,0,119.0069869,235.355,61.09,2,4,2.08138,4,13,0,260.9534945,mLuc,2.593286067
100,17,*CCCCCCCCCCCC,*CC(*)C(=O)OCCN(CC)CC,*CC(*)(C)C(=O)OCCCCCC,*SC(=S)SC(C)(C#N)CCC(=O)O,5,1,170.34,0,0,0,4.9272,9,12,0,56.4385619,173.256,29.54,0,3,1.2814,6,12,0,121.6969429,172.268,26.3,0,2,2.7659,6,12,0,119.0069869,235.355,61.09,2,4,2.08138,4,13,0,260.9534945,mLuc,2.857633985
100,18,*CCCCCCCCCCCC,*CC(*)C(=O)OCCN(CC)CC,*CC(*)(C)C(=O)OCCCCCC,*SC(=S)SC(C)(C#N)CCC(=O)O,5,0.5,170.34,0,0,0,4.9272,9,12,0,56.4385619,173.256,29.54,0,3,1.2814,6,12,0,121.6969429,172.268,26.3,0,2,2.7659,6,12,0,119.0069869,235.355,61.09,2,4,2.08138,4,13,0,260.9534945,mLuc,3.245389271
100,19,*CCCCCCCCCCCC,*CC(*)C(=O)OCCN(CC)CC,*CC(*)(C)C(=O)OCCCCCC,*SC(=S)SC(C)(C#N)CCC(=O)O,10,2,170.34,0,0,0,4.9272,9,12,0,56.4385619,173.256,29.54,0,3,1.2814,6,12,0,121.6969429,172.268,26.3,0,2,2.7659,6,12,0,119.0069869,235.355,61.09,2,4,2.08138,4,13,0,260.9534945,mLuc,2.739176632
100,20,*CCCCCCCCCCCC,*CC(*)C(=O)OCCN(CC)CC,*CC(*)(C)C(=O)OCCCCCC,*SC(=S)SC(C)(C#N)CCC(=O)O,10,1,170.34,0,0,0,4.9272,9,12,0,56.4385619,173.256,29.54,0,3,1.2814,6,12,0,121.6969429,172.268,26.3,0,2,2.7659,6,12,0,119.0069869,235.355,61.09,2,4,2.08138,4,13,0,260.9534945,mLuc,3.244895334
100,21,*CCCCCCCCCCCC,*CC(*)C(=O)OCCN(CC)CC,*CC(*)(C)C(=O)OCCCCCC,*SC(=S)SC(C)(C#N)CCC(=O)O,10,0.5,170.34,0,0,0,4.9272,9,12,0,56.4385619,173.256,29.54,0,3,1.2814,6,12,0,121.6969429,172.268,26.3,0,2,2.7659,6,12,0,119.0069869,235.355,61.09,2,4,2.08138,4,13,0,260.9534945,mLuc,3.210986974
100,22,*CCCCCCCCCCCC,*CC(*)C(=O)OCCN(CC)CC,*CC(*)(C)C(=O)OCCCCCC,*SC(=S)SC(C)(C#N)CCC(=O)O,20,2,170.34,0,0,0,4.9272,9,12,0,56.4385619,173.256,29.54,0,3,1.2814,6,12,0,121.6969429,172.268,26.3,0,2,2.7659,6,12,0,119.0069869,235.355,61.09,2,4,2.08138,4,13,0,260.9534945,mLuc,2.914078585
100,23,*CCCCCCCCCCCC,*CC(*)C(=O)OCCN(CC)CC,*CC(*)(C)C(=O)OCCCCCC,*SC(=S)SC(C)(C#N)CCC(=O)O,20,1,170.34,0,0,0,4.9272,9,12,0,56.4385619,173.256,29.54,0,3,1.2814,6,12,0,121.6969429,172.268,26.3,0,2,2.7659,6,12,0,119.0069869,235.355,61.09,2,4,2.08138,4,13,0,260.9534945,mLuc,2.971043792
100,24,*CCCCCCCCCCCC,*CC(*)C(=O)OCCN(CC)CC,*CC(*)(C)C(=O)OCCCCCC,*SC(=S)SC(C)(C#N)CCC(=O)O,20,0.5,170.34,0,0,0,4.9272,9,12,0,56.4385619,173.256,29.54,0,3,1.2814,6,12,0,121.6969429,172.268,26.3,0,2,2.7659,6,12,0,119.0069869,235.355,61.09,2,4,2.08138,4,13,0,260.9534945,mLuc,2.979092901
100,25,*CCCCCCCCCCCC,*CC(*)C(=O)OCCN(CC)CC,*CC(*)C(=O)OCC(CC)CCCC,*SC(=S)SC(C)(C#N)CCC(=O)O,2,2,170.34,0,0,0,4.9272,9,12,0,56.4385619,173.256,29.54,0,3,1.2814,6,12,0,121.6969429,186.295,26.3,0,2,3.156,7,13,0,132.0519685,235.355,61.09,2,4,2.08138,4,13,0,260.9534945,mLuc,2.386498966
100,26,*CCCCCCCCCCCC,*CC(*)C(=O)OCCN(CC)CC,*CC(*)C(=O)OCC(CC)CCCC,*SC(=S)SC(C)(C#N)CCC(=O)O,2,1,170.34,0,0,0,4.9272,9,12,0,56.4385619,173.256,29.54,0,3,1.2814,6,12,0,121.6969429,186.295,26.3,0,2,3.156,7,13,0,132.0519685,235.355,61.09,2,4,2.08138,4,13,0,260.9534945,mLuc,2.530839779
100,27,*CCCCCCCCCCCC,*CC(*)C(=O)OCCN(CC)CC,*CC(*)C(=O)OCC(CC)CCCC,*SC(=S)SC(C)(C#N)CCC(=O)O,2,0.5,170.34,0,0,0,4.9272,9,12,0,56.4385619,173.256,29.54,0,3,1.2814,6,12,0,121.6969429,186.295,26.3,0,2,3.156,7,13,0,132.0519685,235.355,61.09,2,4,2.08138,4,13,0,260.9534945,mLuc,2.871280973
100,28,*CCCCCCCCCCCC,*CC(*)C(=O)OCCN(CC)CC,*CC(*)C(=O)OCC(CC)CCCC,*SC(=S)SC(C)(C#N)CCC(=O)O,5,2,170.34,0,0,0,4.9272,9,12,0,56.4385619,173.256,29.54,0,3,1.2814,6,12,0,121.6969429,186.295,26.3,0,2,3.156,7,13,0,132.0519685,235.355,61.09,2,4,2.08138,4,13,0,260.9534945,mLuc,2.130333768
100,29,*CCCCCCCCCCCC,*CC(*)C(=O)OCCN(CC)CC,*CC(*)C(=O)OCC(CC)CCCC,*SC(=S)SC(C)(C#N)CCC(=O)O,5,1,170.34,0,0,0,4.9272,9,12,0,56.4385619,173.256,29.54,0,3,1.2814,6,12,0,121.6969429,186.295,26.3,0,2,3.156,7,13,0,132.0519685,235.355,61.09,2,4,2.08138,4,13,0,260.9534945,mLuc,2.907680024
100,30,*CCCCCCCCCCCC,*CC(*)C(=O)OCCN(CC)CC,*CC(*)C(=O)OCC(CC)CCCC,*SC(=S)SC(C)(C#N)CCC(=O)O,5,0.5,170.34,0,0,0,4.9272,9,12,0,56.4385619,173.256,29.54,0,3,1.2814,6,12,0,121.6969429,186.295,26.3,0,2,3.156,7,13,0,132.0519685,235.355,61.09,2,4,2.08138,4,13,0,260.9534945,mLuc,4.440279213
100,31,*CCCCCCCCCCCC,*CC(*)C(=O)OCCN(CC)CC,*CC(*)C(=O)OCC(CC)CCCC,*SC(=S)SC(C)(C#N)CCC(=O)O,10,2,170.34,0,0,0,4.9272,9,12,0,56.4385619,173.256,29.54,0,3,1.2814,6,12,0,121.6969429,186.295,26.3,0,2,3.156,7,13,0,132.0519685,235.355,61.09,2,4,2.08138,4,13,0,260.9534945,mLuc,2.491361694
100,32,*CCCCCCCCCCCC,*CC(*)C(=O)OCCN(CC)CC,*CC(*)C(=O)OCC(CC)CCCC,*SC(=S)SC(C)(C#N)CCC(=O)O,10,1,170.34,0,0,0,4.9272,9,12,0,56.4385619,173.256,29.54,0,3,1.2814,6,12,0,121.6969429,186.295,26.3,0,2,3.156,7,13,0,132.0519685,235.355,61.09,2,4,2.08138,4,13,0,260.9534945,mLuc,3.539515192
100,33,*CCCCCCCCCCCC,*CC(*)C(=O)OCCN(CC)CC,*CC(*)C(=O)OCC(CC)CCCC,*SC(=S)SC(C)(C#N)CCC(=O)O,10,0.5,170.34,0,0,0,4.9272,9,12,0,56.4385619,173.256,29.54,0,3,1.2814,6,12,0,121.6969429,186.295,26.3,0,2,3.156,7,13,0,132.0519685,235.355,61.09,2,4,2.08138,4,13,0,260.9534945,mLuc,2.955206538
100,34,*CCCCCCCCCCCC,*CC(*)C(=O)OCCN(CC)CC,*CC(*)C(=O)OCC(CC)CCCC,*SC(=S)SC(C)(C#N)CCC(=O)O,20,2,170.34,0,0,0,4.9272,9,12,0,56.4385619,173.256,29.54,0,3,1.2814,6,12,0,121.6969429,186.295,26.3,0,2,3.156,7,13,0,132.0519685,235.355,61.09,2,4,2.08138,4,13,0,260.9534945,mLuc,2.644930708
100,35,*CCCCCCCCCCCC,*CC(*)C(=O)OCCN(CC)CC,*CC(*)C(=O)OCC(CC)CCCC,*SC(=S)SC(C)(C#N)CCC(=O)O,20,1,170.34,0,0,0,4.9272,9,12,0,56.4385619,173.256,29.54,0,3,1.2814,6,12,0,121.6969429,186.295,26.3,0,2,3.156,7,13,0,132.0519685,235.355,61.09,2,4,2.08138,4,13,0,260.9534945,mLuc,3.068371418
100,36,*CCCCCCCCCCCC,*CC(*)C(=O)OCCN(CC)CC,*CC(*)C(=O)OCC(CC)CCCC,*SC(=S)SC(C)(C#N)CCC(=O)O,20,0.5,170.34,0,0,0,4.9272,9,12,0,56.4385619,173.256,29.54,0,3,1.2814,6,12,0,121.6969429,186.295,26.3,0,2,3.156,7,13,0,132.0519685,235.355,61.09,2,4,2.08138,4,13,0,260.9534945,mLuc,2.374748346
100,37,*CCCCCCCCCCCC,*CC(*)(C)C(=O)OCCN(C)C,*CC(*)C(=O)OCCOc1ccccc1,*SC(=S)SC(C)(C#N)CCC(=O)O,2,2,170.34,0,0,0,4.9272,9,12,0,56.4385619,159.229,29.54,0,3,0.7472,4,11,0,121.2604657,194.23,35.53,0,3,2.0186,5,14,1,269.1209499,235.355,61.09,2,4,2.08138,4,13,0,260.9534945,mLuc,2.770852012
100,38,*CCCCCCCCCCCC,*CC(*)(C)C(=O)OCCN(C)C,*CC(*)C(=O)OCCOc1ccccc1,*SC(=S)SC(C)(C#N)CCC(=O)O,2,1,170.34,0,0,0,4.9272,9,12,0,56.4385619,159.229,29.54,0,3,0.7472,4,11,0,121.2604657,194.23,35.53,0,3,2.0186,5,14,1,269.1209499,235.355,61.09,2,4,2.08138,4,13,0,260.9534945,mLuc,2.440909082
100,39,*CCCCCCCCCCCC,*CC(*)(C)C(=O)OCCN(C)C,*CC(*)C(=O)OCCOc1ccccc1,*SC(=S)SC(C)(C#N)CCC(=O)O,2,0.5,170.34,0,0,0,4.9272,9,12,0,56.4385619,159.229,29.54,0,3,0.7472,4,11,0,121.2604657,194.23,35.53,0,3,2.0186,5,14,1,269.1209499,235.355,61.09,2,4,2.08138,4,13,0,260.9534945,mLuc,2.268343914
100,40,*CCCCCCCCCCCC,*CC(*)(C)C(=O)OCCN(C)C,*CC(*)C(=O)OCCOc1ccccc1,*SC(=S)SC(C)(C#N)CCC(=O)O,5,2,170.34,0,0,0,4.9272,9,12,0,56.4385619,159.229,29.54,0,3,0.7472,4,11,0,121.2604657,194.23,35.53,0,3,2.0186,5,14,1,269.1209499,235.355,61.09,2,4,2.08138,4,13,0,260.9534945,mLuc,2.522444234
100,41,*CCCCCCCCCCCC,*CC(*)(C)C(=O)OCCN(C)C,*CC(*)C(=O)OCCOc1ccccc1,*SC(=S)SC(C)(C#N)CCC(=O)O,5,1,170.34,0,0,0,4.9272,9,12,0,56.4385619,159.229,29.54,0,3,0.7472,4,11,0,121.2604657,194.23,35.53,0,3,2.0186,5,14,1,269.1209499,235.355,61.09,2,4,2.08138,4,13,0,260.9534945,mLuc,2.936764998
100,42,*CCCCCCCCCCCC,*CC(*)(C)C(=O)OCCN(C)C,*CC(*)C(=O)OCCOc1ccccc1,*SC(=S)SC(C)(C#N)CCC(=O)O,5,0.5,170.34,0,0,0,4.9272,9,12,0,56.4385619,159.229,29.54,0,3,0.7472,4,11,0,121.2604657,194.23,35.53,0,3,2.0186,5,14,1,269.1209499,235.355,61.09,2,4,2.08138,4,13,0,260.9534945,mLuc,5.381960274
100,43,*CCCCCCCCCCCC,*CC(*)(C)C(=O)OCCN(C)C,*CC(*)C(=O)OCCOc1ccccc1,*SC(=S)SC(C)(C#N)CCC(=O)O,10,2,170.34,0,0,0,4.9272,9,12,0,56.4385619,159.229,29.54,0,3,0.7472,4,11,0,121.2604657,194.23,35.53,0,3,2.0186,5,14,1,269.1209499,235.355,61.09,2,4,2.08138,4,13,0,260.9534945,mLuc,3.410439786
100,44,*CCCCCCCCCCCC,*CC(*)(C)C(=O)OCCN(C)C,*CC(*)C(=O)OCCOc1ccccc1,*SC(=S)SC(C)(C#N)CCC(=O)O,10,1,170.34,0,0,0,4.9272,9,12,0,56.4385619,159.229,29.54,0,3,0.7472,4,11,0,121.2604657,194.23,35.53,0,3,2.0186,5,14,1,269.1209499,235.355,61.09,2,4,2.08138,4,13,0,260.9534945,mLuc,3.72607487
100,45,*CCCCCCCCCCCC,*CC(*)(C)C(=O)OCCN(C)C,*CC(*)C(=O)OCCOc1ccccc1,*SC(=S)SC(C)(C#N)CCC(=O)O,10,0.5,170.34,0,0,0,4.9272,9,12,0,56.4385619,159.229,29.54,0,3,0.7472,4,11,0,121.2604657,194.23,35.53,0,3,2.0186,5,14,1,269.1209499,235.355,61.09,2,4,2.08138,4,13,0,260.9534945,mLuc,5.321048224
100,46,*CCCCCCCCCCCC,*CC(*)(C)C(=O)OCCN(C)C,*CC(*)C(=O)OCCOc1ccccc1,*SC(=S)SC(C)(C#N)CCC(=O)O,20,2,170.34,0,0,0,4.9272,9,12,0,56.4385619,159.229,29.54,0,3,0.7472,4,11,0,121.2604657,194.23,35.53,0,3,2.0186,5,14,1,269.1209499,235.355,61.09,2,4,2.08138,4,13,0,260.9534945,mLuc,3.551327988
100,47,*CCCCCCCCCCCC,*CC(*)(C)C(=O)OCCN(C)C,*CC(*)C(=O)OCCOc1ccccc1,*SC(=S)SC(C)(C#N)CCC(=O)O,20,1,170.34,0,0,0,4.9272,9,12,0,56.4385619,159.229,29.54,0,3,0.7472,4,11,0,121.2604657,194.23,35.53,0,3,2.0186,5,14,1,269.1209499,235.355,61.09,2,4,2.08138,4,13,0,260.9534945,mLuc,4.553336782
100,48,*CCCCCCCCCCCC,*CC(*)(C)C(=O)OCCN(C)C,*CC(*)C(=O)OCCOc1ccccc1,*SC(=S)SC(C)(C#N)CCC(=O)O,20,0.5,170.34,0,0,0,4.9272,9,12,0,56.4385619,159.229,29.54,0,3,0.7472,4,11,0,121.2604657,194.23,35.53,0,3,2.0186,5,14,1,269.1209499,235.355,61.09,2,4,2.08138,4,13,0,260.9534945,mLuc,4.477425155
100,49,*CCCCCCCCCCCC,*CC(*)(C)C(=O)OCCN(C)C,*CC(*)(C)C(=O)OCCCCCC,*SC(=S)SC(C)(C#N)CCC(=O)O,2,2,170.34,0,0,0,4.9272,9,12,0,56.4385619,159.229,29.54,0,3,0.7472,4,11,0,121.2604657,172.268,26.3,0,2,2.7659,6,12,0,119.0069869,235.355,61.09,2,4,2.08138,4,13,0,260.9534945,mLuc,2.598243192
100,50,*CCCCCCCCCCCC,*CC(*)(C)C(=O)OCCN(C)C,*CC(*)(C)C(=O)OCCCCCC,*SC(=S)SC(C)(C#N)CCC(=O)O,2,1,170.34,0,0,0,4.9272,9,12,0,56.4385619,159.229,29.54,0,3,0.7472,4,11,0,121.2604657,172.268,26.3,0,2,2.7659,6,12,0,119.0069869,235.355,61.09,2,4,2.08138,4,13,0,260.9534945,mLuc,2.181843588
100,51,*CCCCCCCCCCCC,*CC(*)(C)C(=O)OCCN(C)C,*CC(*)(C)C(=O)OCCCCCC,*SC(=S)SC(C)(C#N)CCC(=O)O,2,0.5,170.34,0,0,0,4.9272,9,12,0,56.4385619,159.229,29.54,0,3,0.7472,4,11,0,121.2604657,172.268,26.3,0,2,2.7659,6,12,0,119.0069869,235.355,61.09,2,4,2.08138,4,13,0,260.9534945,mLuc,2.328379603
100,52,*CCCCCCCCCCCC,*CC(*)(C)C(=O)OCCN(C)C,*CC(*)(C)C(=O)OCCCCCC,*SC(=S)SC(C)(C#N)CCC(=O)O,5,2,170.34,0,0,0,4.9272,9,12,0,56.4385619,159.229,29.54,0,3,0.7472,4,11,0,121.2604657,172.268,26.3,0,2,2.7659,6,12,0,119.0069869,235.355,61.09,2,4,2.08138,4,13,0,260.9534945,mLuc,3.414973348
100,53,*CCCCCCCCCCCC,*CC(*)(C)C(=O)OCCN(C)C,*CC(*)(C)C(=O)OCCCCCC,*SC(=S)SC(C)(C#N)CCC(=O)O,5,1,170.34,0,0,0,4.9272,9,12,0,56.4385619,159.229,29.54,0,3,0.7472,4,11,0,121.2604657,172.268,26.3,0,2,2.7659,6,12,0,119.0069869,235.355,61.09,2,4,2.08138,4,13,0,260.9534945,mLuc,5.129494931
100,54,*CCCCCCCCCCCC,*CC(*)(C)C(=O)OCCN(C)C,*CC(*)(C)C(=O)OCCCCCC,*SC(=S)SC(C)(C#N)CCC(=O)O,5,0.5,170.34,0,0,0,4.9272,9,12,0,56.4385619,159.229,29.54,0,3,0.7472,4,11,0,121.2604657,172.268,26.3,0,2,2.7659,6,12,0,119.0069869,235.355,61.09,2,4,2.08138,4,13,0,260.9534945,mLuc,3.525498311
100,55,*CCCCCCCCCCCC,*CC(*)(C)C(=O)OCCN(C)C,*CC(*)(C)C(=O)OCCCCCC,*SC(=S)SC(C)(C#N)CCC(=O)O,10,2,170.34,0,0,0,4.9272,9,12,0,56.4385619,159.229,29.54,0,3,0.7472,4,11,0,121.2604657,172.268,26.3,0,2,2.7659,6,12,0,119.0069869,235.355,61.09,2,4,2.08138,4,13,0,260.9534945,mLuc,4.168512215
100,56,*CCCCCCCCCCCC,*CC(*)(C)C(=O)OCCN(C)C,*CC(*)(C)C(=O)OCCCCCC,*SC(=S)SC(C)(C#N)CCC(=O)O,10,1,170.34,0,0,0,4.9272,9,12,0,56.4385619,159.229,29.54,0,3,0.7472,4,11,0,121.2604657,172.268,26.3,0,2,2.7659,6,12,0,119.0069869,235.355,61.09,2,4,2.08138,4,13,0,260.9534945,mLuc,3.212187604
100,57,*CCCCCCCCCCCC,*CC(*)(C)C(=O)OCCN(C)C,*CC(*)(C)C(=O)OCCCCCC,*SC(=S)SC(C)(C#N)CCC(=O)O,10,0.5,170.34,0,0,0,4.9272,9,12,0,56.4385619,159.229,29.54,0,3,0.7472,4,11,0,121.2604657,172.268,26.3,0,2,2.7659,6,12,0,119.0069869,235.355,61.09,2,4,2.08138,4,13,0,260.9534945,mLuc,3.889161585
100,58,*CCCCCCCCCCCC,*CC(*)(C)C(=O)OCCN(C)C,*CC(*)(C)C(=O)OCCCCCC,*SC(=S)SC(C)(C#N)CCC(=O)O,20,2,170.34,0,0,0,4.9272,9,12,0,56.4385619,159.229,29.54,0,3,0.7472,4,11,0,121.2604657,172.268,26.3,0,2,2.7659,6,12,0,119.0069869,235.355,61.09,2,4,2.08138,4,13,0,260.9534945,mLuc,4.008131562
100,59,*CCCCCCCCCCCC,*CC(*)(C)C(=O)OCCN(C)C,*CC(*)(C)C(=O)OCCCCCC,*SC(=S)SC(C)(C#N)CCC(=O)O,20,1,170.34,0,0,0,4.9272,9,12,0,56.4385619,159.229,29.54,0,3,0.7472,4,11,0,121.2604657,172.268,26.3,0,2,2.7659,6,12,0,119.0069869,235.355,61.09,2,4,2.08138,4,13,0,260.9534945,mLuc,4.018929233
100,60,*CCCCCCCCCCCC,*CC(*)(C)C(=O)OCCN(C)C,*CC(*)(C)C(=O)OCCCCCC,*SC(=S)SC(C)(C#N)CCC(=O)O,20,0.5,170.34,0,0,0,4.9272,9,12,0,56.4385619,159.229,29.54,0,3,0.7472,4,11,0,121.2604657,172.268,26.3,0,2,2.7659,6,12,0,119.0069869,235.355,61.09,2,4,2.08138,4,13,0,260.9534945,mLuc,3.707570176
100,61,*CCCCCCCCCCCC,*CC(*)(C)C(=O)OCCN(C)C,*CC(*)C(=O)OCC(CC)CCCC,*SC(=S)SC(C)(C#N)CCC(=O)O,2,2,170.34,0,0,0,4.9272,9,12,0,56.4385619,159.229,29.54,0,3,0.7472,4,11,0,121.2604657,186.295,26.3,0,2,3.156,7,13,0,132.0519685,235.355,61.09,2,4,2.08138,4,13,0,260.9534945,mLuc,2.432167269
100,62,*CCCCCCCCCCCC,*CC(*)(C)C(=O)OCCN(C)C,*CC(*)C(=O)OCC(CC)CCCC,*SC(=S)SC(C)(C#N)CCC(=O)O,2,1,170.34,0,0,0,4.9272,9,12,0,56.4385619,159.229,29.54,0,3,0.7472,4,11,0,121.2604657,186.295,26.3,0,2,3.156,7,13,0,132.0519685,235.355,61.09,2,4,2.08138,4,13,0,260.9534945,mLuc,2.506505032
100,63,*CCCCCCCCCCCC,*CC(*)(C)C(=O)OCCN(C)C,*CC(*)C(=O)OCC(CC)CCCC,*SC(=S)SC(C)(C#N)CCC(=O)O,2,0.5,170.34,0,0,0,4.9272,9,12,0,56.4385619,159.229,29.54,0,3,0.7472,4,11,0,121.2604657,186.295,26.3,0,2,3.156,7,13,0,132.0519685,235.355,61.09,2,4,2.08138,4,13,0,260.9534945,mLuc,2.170261715
100,64,*CCCCCCCCCCCC,*CC(*)(C)C(=O)OCCN(C)C,*CC(*)C(=O)OCC(CC)CCCC,*SC(=S)SC(C)(C#N)CCC(=O)O,5,2,170.34,0,0,0,4.9272,9,12,0,56.4385619,159.229,29.54,0,3,0.7472,4,11,0,121.2604657,186.295,26.3,0,2,3.156,7,13,0,132.0519685,235.355,61.09,2,4,2.08138,4,13,0,260.9534945,mLuc,2.854002233
100,65,*CCCCCCCCCCCC,*CC(*)(C)C(=O)OCCN(C)C,*CC(*)C(=O)OCC(CC)CCCC,*SC(=S)SC(C)(C#N)CCC(=O)O,5,1,170.34,0,0,0,4.9272,9,12,0,56.4385619,159.229,29.54,0,3,0.7472,4,11,0,121.2604657,186.295,26.3,0,2,3.156,7,13,0,132.0519685,235.355,61.09,2,4,2.08138,4,13,0,260.9534945,mLuc,5.521708048
100,66,*CCCCCCCCCCCC,*CC(*)(C)C(=O)OCCN(C)C,*CC(*)C(=O)OCC(CC)CCCC,*SC(=S)SC(C)(C#N)CCC(=O)O,5,0.5,170.34,0,0,0,4.9272,9,12,0,56.4385619,159.229,29.54,0,3,0.7472,4,11,0,121.2604657,186.295,26.3,0,2,3.156,7,13,0,132.0519685,235.355,61.09,2,4,2.08138,4,13,0,260.9534945,mLuc,4.647945037
100,67,*CCCCCCCCCCCC,*CC(*)(C)C(=O)OCCN(C)C,*CC(*)C(=O)OCC(CC)CCCC,*SC(=S)SC(C)(C#N)CCC(=O)O,10,2,170.34,0,0,0,4.9272,9,12,0,56.4385619,159.229,29.54,0,3,0.7472,4,11,0,121.2604657,186.295,26.3,0,2,3.156,7,13,0,132.0519685,235.355,61.09,2,4,2.08138,4,13,0,260.9534945,mLuc,4.519099185
100,68,*CCCCCCCCCCCC,*CC(*)(C)C(=O)OCCN(C)C,*CC(*)C(=O)OCC(CC)CCCC,*SC(=S)SC(C)(C#N)CCC(=O)O,10,1,170.34,0,0,0,4.9272,9,12,0,56.4385619,159.229,29.54,0,3,0.7472,4,11,0,121.2604657,186.295,26.3,0,2,3.156,7,13,0,132.0519685,235.355,61.09,2,4,2.08138,4,13,0,260.9534945,mLuc,4.845156976
100,69,*CCCCCCCCCCCC,*CC(*)(C)C(=O)OCCN(C)C,*CC(*)C(=O)OCC(CC)CCCC,*SC(=S)SC(C)(C#N)CCC(=O)O,10,0.5,170.34,0,0,0,4.9272,9,12,0,56.4385619,159.229,29.54,0,3,0.7472,4,11,0,121.2604657,186.295,26.3,0,2,3.156,7,13,0,132.0519685,235.355,61.09,2,4,2.08138,4,13,0,260.9534945,mLuc,5.372940526
100,70,*CCCCCCCCCCCC,*CC(*)(C)C(=O)OCCN(C)C,*CC(*)C(=O)OCC(CC)CCCC,*SC(=S)SC(C)(C#N)CCC(=O)O,20,2,170.34,0,0,0,4.9272,9,12,0,56.4385619,159.229,29.54,0,3,0.7472,4,11,0,121.2604657,186.295,26.3,0,2,3.156,7,13,0,132.0519685,235.355,61.09,2,4,2.08138,4,13,0,260.9534945,mLuc,5.097741325
100,71,*CCCCCCCCCCCC,*CC(*)(C)C(=O)OCCN(C)C,*CC(*)C(=O)OCC(CC)CCCC,*SC(=S)SC(C)(C#N)CCC(=O)O,20,1,170.34,0,0,0,4.9272,9,12,0,56.4385619,159.229,29.54,0,3,0.7472,4,11,0,121.2604657,186.295,26.3,0,2,3.156,7,13,0,132.0519685,235.355,61.09,2,4,2.08138,4,13,0,260.9534945,mLuc,5.478274222
100,72,*CCCCCCCCCCCC,*CC(*)(C)C(=O)OCCN(C)C,*CC(*)C(=O)OCC(CC)CCCC,*SC(=S)SC(C)(C#N)CCC(=O)O,20,0.5,170.34,0,0,0,4.9272,9,12,0,56.4385619,159.229,29.54,0,3,0.7472,4,11,0,121.2604657,186.295,26.3,0,2,3.156,7,13,0,132.0519685,235.355,61.09,2,4,2.08138,4,13,0,260.9534945,mLuc,4.840451134
100,73,*CCCCCCCCCCCC,*CC(*)C(=O)OCCN(C)C,*CC(*)C(=O)OCCOc1ccccc1,*SC(=S)SC(C)(C#N)CCC(=O)O,2,2,170.34,0,0,0,4.9272,9,12,0,56.4385619,145.202,29.54,0,3,0.5012,4,10,0,101.7792292,194.23,35.53,0,3,2.0186,5,14,1,269.1209499,235.355,61.09,2,4,2.08138,4,13,0,260.9534945,mLuc,2.190331698
100,74,*CCCCCCCCCCCC,*CC(*)C(=O)OCCN(C)C,*CC(*)C(=O)OCCOc1ccccc1,*SC(=S)SC(C)(C#N)CCC(=O)O,2,1,170.34,0,0,0,4.9272,9,12,0,56.4385619,145.202,29.54,0,3,0.5012,4,10,0,101.7792292,194.23,35.53,0,3,2.0186,5,14,1,269.1209499,235.355,61.09,2,4,2.08138,4,13,0,260.9534945,mLuc,2.165837625
100,75,*CCCCCCCCCCCC,*CC(*)C(=O)OCCN(C)C,*CC(*)C(=O)OCCOc1ccccc1,*SC(=S)SC(C)(C#N)CCC(=O)O,2,0.5,170.34,0,0,0,4.9272,9,12,0,56.4385619,145.202,29.54,0,3,0.5012,4,10,0,101.7792292,194.23,35.53,0,3,2.0186,5,14,1,269.1209499,235.355,61.09,2,4,2.08138,4,13,0,260.9534945,mLuc,3.759705608
100,76,*CCCCCCCCCCCC,*CC(*)C(=O)OCCN(C)C,*CC(*)C(=O)OCCOc1ccccc1,*SC(=S)SC(C)(C#N)CCC(=O)O,5,2,170.34,0,0,0,4.9272,9,12,0,56.4385619,145.202,29.54,0,3,0.5012,4,10,0,101.7792292,194.23,35.53,0,3,2.0186,5,14,1,269.1209499,235.355,61.09,2,4,2.08138,4,13,0,260.9534945,mLuc,2.592731766
100,77,*CCCCCCCCCCCC,*CC(*)C(=O)OCCN(C)C,*CC(*)C(=O)OCCOc1ccccc1,*SC(=S)SC(C)(C#N)CCC(=O)O,5,1,170.34,0,0,0,4.9272,9,12,0,56.4385619,145.202,29.54,0,3,0.5012,4,10,0,101.7792292,194.23,35.53,0,3,2.0186,5,14,1,269.1209499,235.355,61.09,2,4,2.08138,4,13,0,260.9534945,mLuc,4.593817531
100,78,*CCCCCCCCCCCC,*CC(*)C(=O)OCCN(C)C,*CC(*)C(=O)OCCOc1ccccc1,*SC(=S)SC(C)(C#N)CCC(=O)O,5,0.5,170.34,0,0,0,4.9272,9,12,0,56.4385619,145.202,29.54,0,3,0.5012,4,10,0,101.7792292,194.23,35.53,0,3,2.0186,5,14,1,269.1209499,235.355,61.09,2,4,2.08138,4,13,0,260.9534945,mLuc,5.211574363
100,79,*CCCCCCCCCCCC,*CC(*)C(=O)OCCN(C)C,*CC(*)C(=O)OCCOc1ccccc1,*SC(=S)SC(C)(C#N)CCC(=O)O,10,2,170.34,0,0,0,4.9272,9,12,0,56.4385619,145.202,29.54,0,3,0.5012,4,10,0,101.7792292,194.23,35.53,0,3,2.0186,5,14,1,269.1209499,235.355,61.09,2,4,2.08138,4,13,0,260.9534945,mLuc,3.025715384
100,80,*CCCCCCCCCCCC,*CC(*)C(=O)OCCN(C)C,*CC(*)C(=O)OCCOc1ccccc1,*SC(=S)SC(C)(C#N)CCC(=O)O,10,1,170.34,0,0,0,4.9272,9,12,0,56.4385619,145.202,29.54,0,3,0.5012,4,10,0,101.7792292,194.23,35.53,0,3,2.0186,5,14,1,269.1209499,235.355,61.09,2,4,2.08138,4,13,0,260.9534945,mLuc,3.454387467
100,81,*CCCCCCCCCCCC,*CC(*)C(=O)OCCN(C)C,*CC(*)C(=O)OCCOc1ccccc1,*SC(=S)SC(C)(C#N)CCC(=O)O,10,0.5,170.34,0,0,0,4.9272,9,12,0,56.4385619,145.202,29.54,0,3,0.5012,4,10,0,101.7792292,194.23,35.53,0,3,2.0186,5,14,1,269.1209499,235.355,61.09,2,4,2.08138,4,13,0,260.9534945,mLuc,5.185459991
100,82,*CCCCCCCCCCCC,*CC(*)C(=O)OCCN(C)C,*CC(*)C(=O)OCCOc1ccccc1,*SC(=S)SC(C)(C#N)CCC(=O)O,20,2,170.34,0,0,0,4.9272,9,12,0,56.4385619,145.202,29.54,0,3,0.5012,4,10,0,101.7792292,194.23,35.53,0,3,2.0186,5,14,1,269.1209499,235.355,61.09,2,4,2.08138,4,13,0,260.9534945,mLuc,2.983400738
100,83,*CCCCCCCCCCCC,*CC(*)C(=O)OCCN(C)C,*CC(*)C(=O)OCCOc1ccccc1,*SC(=S)SC(C)(C#N)CCC(=O)O,20,1,170.34,0,0,0,4.9272,9,12,0,56.4385619,145.202,29.54,0,3,0.5012,4,10,0,101.7792292,194.23,35.53,0,3,2.0186,5,14,1,269.1209499,235.355,61.09,2,4,2.08138,4,13,0,260.9534945,mLuc,4.410684462
100,84,*CCCCCCCCCCCC,*CC(*)C(=O)OCCN(C)C,*CC(*)C(=O)OCCOc1ccccc1,*SC(=S)SC(C)(C#N)CCC(=O)O,20,0.5,170.34,0,0,0,4.9272,9,12,0,56.4385619,145.202,29.54,0,3,0.5012,4,10,0,101.7792292,194.23,35.53,0,3,2.0186,5,14,1,269.1209499,235.355,61.09,2,4,2.08138,4,13,0,260.9534945,mLuc,5.419623708
100,85,*CCCCCCCCCCCC,*CC(*)C(=O)OCCN(C)C,*CC(*)(C)C(=O)OCCCCCC,*SC(=S)SC(C)(C#N)CCC(=O)O,2,2,170.34,0,0,0,4.9272,9,12,0,56.4385619,145.202,29.54,0,3,0.5012,4,10,0,101.7792292,172.268,26.3,0,2,2.7659,6,12,0,119.0069869,235.355,61.09,2,4,2.08138,4,13,0,260.9534945,mLuc,2.939269586
100,86,*CCCCCCCCCCCC,*CC(*)C(=O)OCCN(C)C,*CC(*)(C)C(=O)OCCCCCC,*SC(=S)SC(C)(C#N)CCC(=O)O,2,1,170.34,0,0,0,4.9272,9,12,0,56.4385619,145.202,29.54,0,3,0.5012,4,10,0,101.7792292,172.268,26.3,0,2,2.7659,6,12,0,119.0069869,235.355,61.09,2,4,2.08138,4,13,0,260.9534945,mLuc,4.007641111
100,87,*CCCCCCCCCCCC,*CC(*)C(=O)OCCN(C)C,*CC(*)(C)C(=O)OCCCCCC,*SC(=S)SC(C)(C#N)CCC(=O)O,2,0.5,170.34,0,0,0,4.9272,9,12,0,56.4385619,145.202,29.54,0,3,0.5012,4,10,0,101.7792292,172.268,26.3,0,2,2.7659,6,12,0,119.0069869,235.355,61.09,2,4,2.08138,4,13,0,260.9534945,mLuc,4.271458236
100,88,*CCCCCCCCCCCC,*CC(*)C(=O)OCCN(C)C,*CC(*)(C)C(=O)OCCCCCC,*SC(=S)SC(C)(C#N)CCC(=O)O,5,2,170.34,0,0,0,4.9272,9,12,0,56.4385619,145.202,29.54,0,3,0.5012,4,10,0,101.7792292,172.268,26.3,0,2,2.7659,6,12,0,119.0069869,235.355,61.09,2,4,2.08138,4,13,0,260.9534945,mLuc,2.739572344
100,89,*CCCCCCCCCCCC,*CC(*)C(=O)OCCN(C)C,*CC(*)(C)C(=O)OCCCCCC,*SC(=S)SC(C)(C#N)CCC(=O)O,5,1,170.34,0,0,0,4.9272,9,12,0,56.4385619,145.202,29.54,0,3,0.5012,4,10,0,101.7792292,172.268,26.3,0,2,2.7659,6,12,0,119.0069869,235.355,61.09,2,4,2.08138,4,13,0,260.9534945,mLuc,4.464064583
100,90,*CCCCCCCCCCCC,*CC(*)C(=O)OCCN(C)C,*CC(*)(C)C(=O)OCCCCCC,*SC(=S)SC(C)(C#N)CCC(=O)O,5,0.5,170.34,0,0,0,4.9272,9,12,0,56.4385619,145.202,29.54,0,3,0.5012,4,10,0,101.7792292,172.268,26.3,0,2,2.7659,6,12,0,119.0069869,235.355,61.09,2,4,2.08138,4,13,0,260.9534945,mLuc,4.483565903
100,91,*CCCCCCCCCCCC,*CC(*)C(=O)OCCN(C)C,*CC(*)(C)C(=O)OCCCCCC,*SC(=S)SC(C)(C#N)CCC(=O)O,10,2,170.34,0,0,0,4.9272,9,12,0,56.4385619,145.202,29.54,0,3,0.5012,4,10,0,101.7792292,172.268,26.3,0,2,2.7659,6,12,0,119.0069869,235.355,61.09,2,4,2.08138,4,13,0,260.9534945,mLuc,3.378942699
100,92,*CCCCCCCCCCCC,*CC(*)C(=O)OCCN(C)C,*CC(*)(C)C(=O)OCCCCCC,*SC(=S)SC(C)(C#N)CCC(=O)O,10,1,170.34,0,0,0,4.9272,9,12,0,56.4385619,145.202,29.54,0,3,0.5012,4,10,0,101.7792292,172.268,26.3,0,2,2.7659,6,12,0,119.0069869,235.355,61.09,2,4,2.08138,4,13,0,260.9534945,mLuc,5.159840797
100,93,*CCCCCCCCCCCC,*CC(*)C(=O)OCCN(C)C,*CC(*)(C)C(=O)OCCCCCC,*SC(=S)SC(C)(C#N)CCC(=O)O,10,0.5,170.34,0,0,0,4.9272,9,12,0,56.4385619,145.202,29.54,0,3,0.5012,4,10,0,101.7792292,172.268,26.3,0,2,2.7659,6,12,0,119.0069869,235.355,61.09,2,4,2.08138,4,13,0,260.9534945,mLuc,5.18433789
100,94,*CCCCCCCCCCCC,*CC(*)C(=O)OCCN(C)C,*CC(*)(C)C(=O)OCCCCCC,*SC(=S)SC(C)(C#N)CCC(=O)O,20,2,170.34,0,0,0,4.9272,9,12,0,56.4385619,145.202,29.54,0,3,0.5012,4,10,0,101.7792292,172.268,26.3,0,2,2.7659,6,12,0,119.0069869,235.355,61.09,2,4,2.08138,4,13,0,260.9534945,mLuc,3.642563437
100,95,*CCCCCCCCCCCC,*CC(*)C(=O)OCCN(C)C,*CC(*)(C)C(=O)OCCCCCC,*SC(=S)SC(C)(C#N)CCC(=O)O,20,1,170.34,0,0,0,4.9272,9,12,0,56.4385619,145.202,29.54,0,3,0.5012,4,10,0,101.7792292,172.268,26.3,0,2,2.7659,6,12,0,119.0069869,235.355,61.09,2,4,2.08138,4,13,0,260.9534945,mLuc,4.717050234
100,96,*CCCCCCCCCCCC,*CC(*)C(=O)OCCN(C)C,*CC(*)(C)C(=O)OCCCCCC,*SC(=S)SC(C)(C#N)CCC(=O)O,20,0.5,170.34,0,0,0,4.9272,9,12,0,56.4385619,145.202,29.54,0,3,0.5012,4,10,0,101.7792292,172.268,26.3,0,2,2.7659,6,12,0,119.0069869,235.355,61.09,2,4,2.08138,4,13,0,260.9534945,mLuc,4.411729107
100,97,*CCCCCCCCCCCC,*CC(*)C(=O)OCCN(C)C,*CC(*)C(=O)OCC(CC)CCCC,*SC(=S)SC(C)(C#N)CCC(=O)O,2,2,170.34,0,0,0,4.9272,9,12,0,56.4385619,145.202,29.54,0,3,0.5012,4,10,0,101.7792292,186.295,26.3,0,2,3.156,7,13,0,132.0519685,235.355,61.09,2,4,2.08138,4,13,0,260.9534945,mLuc,2.375663614
100,98,*CCCCCCCCCCCC,*CC(*)C(=O)OCCN(C)C,*CC(*)C(=O)OCC(CC)CCCC,*SC(=S)SC(C)(C#N)CCC(=O)O,2,1,170.34,0,0,0,4.9272,9,12,0,56.4385619,145.202,29.54,0,3,0.5012,4,10,0,101.7792292,186.295,26.3,0,2,3.156,7,13,0,132.0519685,235.355,61.09,2,4,2.08138,4,13,0,260.9534945,mLuc,3.753659647
100,99,*CCCCCCCCCCCC,*CC(*)C(=O)OCCN(C)C,*CC(*)C(=O)OCC(CC)CCCC,*SC(=S)SC(C)(C#N)CCC(=O)O,2,0.5,170.34,0,0,0,4.9272,9,12,0,56.4385619,145.202,29.54,0,3,0.5012,4,10,0,101.7792292,186.295,26.3,0,2,3.156,7,13,0,132.0519685,235.355,61.09,2,4,2.08138,4,13,0,260.9534945,mLuc,4.49556515
100,100,*CCCCCCCCCCCC,*CC(*)C(=O)OCCN(C)C,*CC(*)C(=O)OCC(CC)CCCC,*SC(=S)SC(C)(C#N)CCC(=O)O,5,2,170.34,0,0,0,4.9272,9,12,0,56.4385619,145.202,29.54,0,3,0.5012,4,10,0,101.7792292,186.295,26.3,0,2,3.156,7,13,0,132.0519685,235.355,61.09,2,4,2.08138,4,13,0,260.9534945,mLuc,2.72427587
100,101,*CCCCCCCCCCCC,*CC(*)C(=O)OCCN(C)C,*CC(*)C(=O)OCC(CC)CCCC,*SC(=S)SC(C)(C#N)CCC(=O)O,5,1,170.34,0,0,0,4.9272,9,12,0,56.4385619,145.202,29.54,0,3,0.5012,4,10,0,101.7792292,186.295,26.3,0,2,3.156,7,13,0,132.0519685,235.355,61.09,2,4,2.08138,4,13,0,260.9534945,mLuc,3.975982944
100,102,*CCCCCCCCCCCC,*CC(*)C(=O)OCCN(C)C,*CC(*)C(=O)OCC(CC)CCCC,*SC(=S)SC(C)(C#N)CCC(=O)O,5,0.5,170.34,0,0,0,4.9272,9,12,0,56.4385619,145.202,29.54,0,3,0.5012,4,10,0,101.7792292,186.295,26.3,0,2,3.156,7,13,0,132.0519685,235.355,61.09,2,4,2.08138,4,13,0,260.9534945,mLuc,4.344117068
100,103,*CCCCCCCCCCCC,*CC(*)C(=O)OCCN(C)C,*CC(*)C(=O)OCC(CC)CCCC,*SC(=S)SC(C)(C#N)CCC(=O)O,10,2,170.34,0,0,0,4.9272,9,12,0,56.4385619,145.202,29.54,0,3,0.5012,4,10,0,101.7792292,186.295,26.3,0,2,3.156,7,13,0,132.0519685,235.355,61.09,2,4,2.08138,4,13,0,260.9534945,mLuc,4.067256889
100,104,*CCCCCCCCCCCC,*CC(*)C(=O)OCCN(C)C,*CC(*)C(=O)OCC(CC)CCCC,*SC(=S)SC(C)(C#N)CCC(=O)O,10,1,170.34,0,0,0,4.9272,9,12,0,56.4385619,145.202,29.54,0,3,0.5012,4,10,0,101.7792292,186.295,26.3,0,2,3.156,7,13,0,132.0519685,235.355,61.09,2,4,2.08138,4,13,0,260.9534945,mLuc,5.666534828
100,105,*CCCCCCCCCCCC,*CC(*)C(=O)OCCN(C)C,*CC(*)C(=O)OCC(CC)CCCC,*SC(=S)SC(C)(C#N)CCC(=O)O,10,0.5,170.34,0,0,0,4.9272,9,12,0,56.4385619,145.202,29.54,0,3,0.5012,4,10,0,101.7792292,186.295,26.3,0,2,3.156,7,13,0,132.0519685,235.355,61.09,2,4,2.08138,4,13,0,260.9534945,mLuc,4.910669753
100,106,*CCCCCCCCCCCC,*CC(*)C(=O)OCCN(C)C,*CC(*)C(=O)OCC(CC)CCCC,*SC(=S)SC(C)(C#N)CCC(=O)O,20,2,170.34,0,0,0,4.9272,9,12,0,56.4385619,145.202,29.54,0,3,0.5012,4,10,0,101.7792292,186.295,26.3,0,2,3.156,7,13,0,132.0519685,235.355,61.09,2,4,2.08138,4,13,0,260.9534945,mLuc,4.25891252
100,107,*CCCCCCCCCCCC,*CC(*)C(=O)OCCN(C)C,*CC(*)C(=O)OCC(CC)CCCC,*SC(=S)SC(C)(C#N)CCC(=O)O,20,1,170.34,0,0,0,4.9272,9,12,0,56.4385619,145.202,29.54,0,3,0.5012,4,10,0,101.7792292,186.295,26.3,0,2,3.156,7,13,0,132.0519685,235.355,61.09,2,4,2.08138,4,13,0,260.9534945,mLuc,5.330666362
100,108,*CCCCCCCCCCCC,*CC(*)C(=O)OCCN(C)C,*CC(*)C(=O)OCC(CC)CCCC,*SC(=S)SC(C)(C#N)CCC(=O)O,20,0.5,170.34,0,0,0,4.9272,9,12,0,56.4385619,145.202,29.54,0,3,0.5012,4,10,0,101.7792292,186.295,26.3,0,2,3.156,7,13,0,132.0519685,235.355,61.09,2,4,2.08138,4,13,0,260.9534945,mLuc,4.546382241
100,109,*CCCCCCCCCCCC,*CC(*)(C)C(=O)OCCN1CCCCC1,*CC(*)C(=O)OCCOc1ccccc1,*SC(=S)SC(C)(C#N)CCC(=O)O,2,2,170.34,0,0,0,4.9272,9,12,0,56.4385619,199.294,29.54,0,3,1.6715,4,14,1,174.1263449,194.23,35.53,0,3,2.0186,5,14,1,269.1209499,235.355,61.09,2,4,2.08138,4,13,0,260.9534945,mLuc,3.035629828
100,110,*CCCCCCCCCCCC,*CC(*)(C)C(=O)OCCN1CCCCC1,*CC(*)C(=O)OCCOc1ccccc1,*SC(=S)SC(C)(C#N)CCC(=O)O,2,1,170.34,0,0,0,4.9272,9,12,0,56.4385619,199.294,29.54,0,3,1.6715,4,14,1,174.1263449,194.23,35.53,0,3,2.0186,5,14,1,269.1209499,235.355,61.09,2,4,2.08138,4,13,0,260.9534945,mLuc,2.358886204
100,111,*CCCCCCCCCCCC,*CC(*)(C)C(=O)OCCN1CCCCC1,*CC(*)C(=O)OCCOc1ccccc1,*SC(=S)SC(C)(C#N)CCC(=O)O,2,0.5,170.34,0,0,0,4.9272,9,12,0,56.4385619,199.294,29.54,0,3,1.6715,4,14,1,174.1263449,194.23,35.53,0,3,2.0186,5,14,1,269.1209499,235.355,61.09,2,4,2.08138,4,13,0,260.9534945,mLuc,2.602059991
100,112,*CCCCCCCCCCCC,*CC(*)(C)C(=O)OCCN1CCCCC1,*CC(*)C(=O)OCCOc1ccccc1,*SC(=S)SC(C)(C#N)CCC(=O)O,5,2,170.34,0,0,0,4.9272,9,12,0,56.4385619,199.294,29.54,0,3,1.6715,4,14,1,174.1263449,194.23,35.53,0,3,2.0186,5,14,1,269.1209499,235.355,61.09,2,4,2.08138,4,13,0,260.9534945,mLuc,2.664641976
100,113,*CCCCCCCCCCCC,*CC(*)(C)C(=O)OCCN1CCCCC1,*CC(*)C(=O)OCCOc1ccccc1,*SC(=S)SC(C)(C#N)CCC(=O)O,5,1,170.34,0,0,0,4.9272,9,12,0,56.4385619,199.294,29.54,0,3,1.6715,4,14,1,174.1263449,194.23,35.53,0,3,2.0186,5,14,1,269.1209499,235.355,61.09,2,4,2.08138,4,13,0,260.9534945,mLuc,3.216825423
100,114,*CCCCCCCCCCCC,*CC(*)(C)C(=O)OCCN1CCCCC1,*CC(*)C(=O)OCCOc1ccccc1,*SC(=S)SC(C)(C#N)CCC(=O)O,5,0.5,170.34,0,0,0,4.9272,9,12,0,56.4385619,199.294,29.54,0,3,1.6715,4,14,1,174.1263449,194.23,35.53,0,3,2.0186,5,14,1,269.1209499,235.355,61.09,2,4,2.08138,4,13,0,260.9534945,mLuc,2.746244872
100,115,*CCCCCCCCCCCC,*CC(*)(C)C(=O)OCCN1CCCCC1,*CC(*)C(=O)OCCOc1ccccc1,*SC(=S)SC(C)(C#N)CCC(=O)O,10,2,170.34,0,0,0,4.9272,9,12,0,56.4385619,199.294,29.54,0,3,1.6715,4,14,1,174.1263449,194.23,35.53,0,3,2.0186,5,14,1,269.1209499,235.355,61.09,2,4,2.08138,4,13,0,260.9534945,mLuc,2.463146137
100,116,*CCCCCCCCCCCC,*CC(*)(C)C(=O)OCCN1CCCCC1,*CC(*)C(=O)OCCOc1ccccc1,*SC(=S)SC(C)(C#N)CCC(=O)O,10,1,170.34,0,0,0,4.9272,9,12,0,56.4385619,199.294,29.54,0,3,1.6715,4,14,1,174.1263449,194.23,35.53,0,3,2.0186,5,14,1,269.1209499,235.355,61.09,2,4,2.08138,4,13,0,260.9534945,mLuc,3.552181339
100,117,*CCCCCCCCCCCC,*CC(*)(C)C(=O)OCCN1CCCCC1,*CC(*)C(=O)OCCOc1ccccc1,*SC(=S)SC(C)(C#N)CCC(=O)O,10,0.5,170.34,0,0,0,4.9272,9,12,0,56.4385619,199.294,29.54,0,3,1.6715,4,14,1,174.1263449,194.23,35.53,0,3,2.0186,5,14,1,269.1209499,235.355,61.09,2,4,2.08138,4,13,0,260.9534945,mLuc,3.309417226
100,118,*CCCCCCCCCCCC,*CC(*)(C)C(=O)OCCN1CCCCC1,*CC(*)C(=O)OCCOc1ccccc1,*SC(=S)SC(C)(C#N)CCC(=O)O,20,2,170.34,0,0,0,4.9272,9,12,0,56.4385619,199.294,29.54,0,3,1.6715,4,14,1,174.1263449,194.23,35.53,0,3,2.0186,5,14,1,269.1209499,235.355,61.09,2,4,2.08138,4,13,0,260.9534945,mLuc,3.23363058
100,119,*CCCCCCCCCCCC,*CC(*)(C)C(=O)OCCN1CCCCC1,*CC(*)C(=O)OCCOc1ccccc1,*SC(=S)SC(C)(C#N)CCC(=O)O,20,1,170.34,0,0,0,4.9272,9,12,0,56.4385619,199.294,29.54,0,3,1.6715,4,14,1,174.1263449,194.23,35.53,0,3,2.0186,5,14,1,269.1209499,235.355,61.09,2,4,2.08138,4,13,0,260.9534945,mLuc,3.157003197
100,120,*CCCCCCCCCCCC,*CC(*)(C)C(=O)OCCN1CCCCC1,*CC(*)C(=O)OCCOc1ccccc1,*SC(=S)SC(C)(C#N)CCC(=O)O,20,0.5,170.34,0,0,0,4.9272,9,12,0,56.4385619,199.294,29.54,0,3,1.6715,4,14,1,174.1263449,194.23,35.53,0,3,2.0186,5,14,1,269.1209499,235.355,61.09,2,4,2.08138,4,13,0,260.9534945,mLuc,3.192706807
100,121,*CCCCCCCCCCCC,*CC(*)(C)C(=O)OCCN1CCCCC1,*CC(*)(C)C(=O)OCCCCCC,*SC(=S)SC(C)(C#N)CCC(=O)O,2,2,170.34,0,0,0,4.9272,9,12,0,56.4385619,199.294,29.54,0,3,1.6715,4,14,1,174.1263449,172.268,26.3,0,2,2.7659,6,12,0,119.0069869,235.355,61.09,2,4,2.08138,4,13,0,260.9534945,mLuc,2.686189234
100,122,*CCCCCCCCCCCC,*CC(*)(C)C(=O)OCCN1CCCCC1,*CC(*)(C)C(=O)OCCCCCC,*SC(=S)SC(C)(C#N)CCC(=O)O,2,1,170.34,0,0,0,4.9272,9,12,0,56.4385619,199.294,29.54,0,3,1.6715,4,14,1,174.1263449,172.268,26.3,0,2,2.7659,6,12,0,119.0069869,235.355,61.09,2,4,2.08138,4,13,0,260.9534945,mLuc,3.13687904
100,123,*CCCCCCCCCCCC,*CC(*)(C)C(=O)OCCN1CCCCC1,*CC(*)(C)C(=O)OCCCCCC,*SC(=S)SC(C)(C#N)CCC(=O)O,2,0.5,170.34,0,0,0,4.9272,9,12,0,56.4385619,199.294,29.54,0,3,1.6715,4,14,1,174.1263449,172.268,26.3,0,2,2.7659,6,12,0,119.0069869,235.355,61.09,2,4,2.08138,4,13,0,260.9534945,mLuc,2.90982337
100,124,*CCCCCCCCCCCC,*CC(*)(C)C(=O)OCCN1CCCCC1,*CC(*)(C)C(=O)OCCCCCC,*SC(=S)SC(C)(C#N)CCC(=O)O,5,2,170.34,0,0,0,4.9272,9,12,0,56.4385619,199.294,29.54,0,3,1.6715,4,14,1,174.1263449,172.268,26.3,0,2,2.7659,6,12,0,119.0069869,235.355,61.09,2,4,2.08138,4,13,0,260.9534945,mLuc,3.395151592
100,125,*CCCCCCCCCCCC,*CC(*)(C)C(=O)OCCN1CCCCC1,*CC(*)(C)C(=O)OCCCCCC,*SC(=S)SC(C)(C#N)CCC(=O)O,5,1,170.34,0,0,0,4.9272,9,12,0,56.4385619,199.294,29.54,0,3,1.6715,4,14,1,174.1263449,172.268,26.3,0,2,2.7659,6,12,0,119.0069869,235.355,61.09,2,4,2.08138,4,13,0,260.9534945,mLuc,3.752893155
100,126,*CCCCCCCCCCCC,*CC(*)(C)C(=O)OCCN1CCCCC1,*CC(*)(C)C(=O)OCCCCCC,*SC(=S)SC(C)(C#N)CCC(=O)O,5,0.5,170.34,0,0,0,4.9272,9,12,0,56.4385619,199.294,29.54,0,3,1.6715,4,14,1,174.1263449,172.268,26.3,0,2,2.7659,6,12,0,119.0069869,235.355,61.09,2,4,2.08138,4,13,0,260.9534945,mLuc,2.89181612
100,127,*CCCCCCCCCCCC,*CC(*)(C)C(=O)OCCN1CCCCC1,*CC(*)(C)C(=O)OCCCCCC,*SC(=S)SC(C)(C#N)CCC(=O)O,10,2,170.34,0,0,0,4.9272,9,12,0,56.4385619,199.294,29.54,0,3,1.6715,4,14,1,174.1263449,172.268,26.3,0,2,2.7659,6,12,0,119.0069869,235.355,61.09,2,4,2.08138,4,13,0,260.9534945,mLuc,2.423245874
100,128,*CCCCCCCCCCCC,*CC(*)(C)C(=O)OCCN1CCCCC1,*CC(*)(C)C(=O)OCCCCCC,*SC(=S)SC(C)(C#N)CCC(=O)O,10,1,170.34,0,0,0,4.9272,9,12,0,56.4385619,199.294,29.54,0,3,1.6715,4,14,1,174.1263449,172.268,26.3,0,2,2.7659,6,12,0,119.0069869,235.355,61.09,2,4,2.08138,4,13,0,260.9534945,mLuc,3.279210513
100,129,*CCCCCCCCCCCC,*CC(*)(C)C(=O)OCCN1CCCCC1,*CC(*)(C)C(=O)OCCCCCC,*SC(=S)SC(C)(C#N)CCC(=O)O,10,0.5,170.34,0,0,0,4.9272,9,12,0,56.4385619,199.294,29.54,0,3,1.6715,4,14,1,174.1263449,172.268,26.3,0,2,2.7659,6,12,0,119.0069869,235.355,61.09,2,4,2.08138,4,13,0,260.9534945,mLuc,3.300378065
100,130,*CCCCCCCCCCCC,*CC(*)(C)C(=O)OCCN1CCCCC1,*CC(*)(C)C(=O)OCCCCCC,*SC(=S)SC(C)(C#N)CCC(=O)O,20,2,170.34,0,0,0,4.9272,9,12,0,56.4385619,199.294,29.54,0,3,1.6715,4,14,1,174.1263449,172.268,26.3,0,2,2.7659,6,12,0,119.0069869,235.355,61.09,2,4,2.08138,4,13,0,260.9534945,mLuc,2.660391098
100,131,*CCCCCCCCCCCC,*CC(*)(C)C(=O)OCCN1CCCCC1,*CC(*)(C)C(=O)OCCCCCC,*SC(=S)SC(C)(C#N)CCC(=O)O,20,1,170.34,0,0,0,4.9272,9,12,0,56.4385619,199.294,29.54,0,3,1.6715,4,14,1,174.1263449,172.268,26.3,0,2,2.7659,6,12,0,119.0069869,235.355,61.09,2,4,2.08138,4,13,0,260.9534945,mLuc,2.725094521
100,132,*CCCCCCCCCCCC,*CC(*)(C)C(=O)OCCN1CCCCC1,*CC(*)(C)C(=O)OCCCCCC,*SC(=S)SC(C)(C#N)CCC(=O)O,20,0.5,170.34,0,0,0,4.9272,9,12,0,56.4385619,199.294,29.54,0,3,1.6715,4,14,1,174.1263449,172.268,26.3,0,2,2.7659,6,12,0,119.0069869,235.355,61.09,2,4,2.08138,4,13,0,260.9534945,mLuc,2.802089258
100,133,*CCCCCCCCCCCC,*CC(*)(C)C(=O)OCCN1CCCCC1,*CC(*)C(=O)OCC(CC)CCCC,*SC(=S)SC(C)(C#N)CCC(=O)O,2,2,170.34,0,0,0,4.9272,9,12,0,56.4385619,199.294,29.54,0,3,1.6715,4,14,1,174.1263449,186.295,26.3,0,2,3.156,7,13,0,132.0519685,235.355,61.09,2,4,2.08138,4,13,0,260.9534945,mLuc,2.537819095
100,134,*CCCCCCCCCCCC,*CC(*)(C)C(=O)OCCN1CCCCC1,*CC(*)C(=O)OCC(CC)CCCC,*SC(=S)SC(C)(C#N)CCC(=O)O,2,1,170.34,0,0,0,4.9272,9,12,0,56.4385619,199.294,29.54,0,3,1.6715,4,14,1,174.1263449,186.295,26.3,0,2,3.156,7,13,0,132.0519685,235.355,61.09,2,4,2.08138,4,13,0,260.9534945,mLuc,2.459392488
100,135,*CCCCCCCCCCCC,*CC(*)(C)C(=O)OCCN1CCCCC1,*CC(*)C(=O)OCC(CC)CCCC,*SC(=S)SC(C)(C#N)CCC(=O)O,2,0.5,170.34,0,0,0,4.9272,9,12,0,56.4385619,199.294,29.54,0,3,1.6715,4,14,1,174.1263449,186.295,26.3,0,2,3.156,7,13,0,132.0519685,235.355,61.09,2,4,2.08138,4,13,0,260.9534945,mLuc,3.316599302
100,136,*CCCCCCCCCCCC,*CC(*)(C)C(=O)OCCN1CCCCC1,*CC(*)C(=O)OCC(CC)CCCC,*SC(=S)SC(C)(C#N)CCC(=O)O,5,2,170.34,0,0,0,4.9272,9,12,0,56.4385619,199.294,29.54,0,3,1.6715,4,14,1,174.1263449,186.295,26.3,0,2,3.156,7,13,0,132.0519685,235.355,61.09,2,4,2.08138,4,13,0,260.9534945,mLuc,3.620500418
100,137,*CCCCCCCCCCCC,*CC(*)(C)C(=O)OCCN1CCCCC1,*CC(*)C(=O)OCC(CC)CCCC,*SC(=S)SC(C)(C#N)CCC(=O)O,5,1,170.34,0,0,0,4.9272,9,12,0,56.4385619,199.294,29.54,0,3,1.6715,4,14,1,174.1263449,186.295,26.3,0,2,3.156,7,13,0,132.0519685,235.355,61.09,2,4,2.08138,4,13,0,260.9534945,mLuc,3.458108821
100,138,*CCCCCCCCCCCC,*CC(*)(C)C(=O)OCCN1CCCCC1,*CC(*)C(=O)OCC(CC)CCCC,*SC(=S)SC(C)(C#N)CCC(=O)O,5,0.5,170.34,0,0,0,4.9272,9,12,0,56.4385619,199.294,29.54,0,3,1.6715,4,14,1,174.1263449,186.295,26.3,0,2,3.156,7,13,0,132.0519685,235.355,61.09,2,4,2.08138,4,13,0,260.9534945,mLuc,3.337658891
100,139,*CCCCCCCCCCCC,*CC(*)(C)C(=O)OCCN1CCCCC1,*CC(*)C(=O)OCC(CC)CCCC,*SC(=S)SC(C)(C#N)CCC(=O)O,10,2,170.34,0,0,0,4.9272,9,12,0,56.4385619,199.294,29.54,0,3,1.6715,4,14,1,174.1263449,186.295,26.3,0,2,3.156,7,13,0,132.0519685,235.355,61.09,2,4,2.08138,4,13,0,260.9534945,mLuc,3.873843533
100,140,*CCCCCCCCCCCC,*CC(*)(C)C(=O)OCCN1CCCCC1,*CC(*)C(=O)OCC(CC)CCCC,*SC(=S)SC(C)(C#N)CCC(=O)O,10,1,170.34,0,0,0,4.9272,9,12,0,56.4385619,199.294,29.54,0,3,1.6715,4,14,1,174.1263449,186.295,26.3,0,2,3.156,7,13,0,132.0519685,235.355,61.09,2,4,2.08138,4,13,0,260.9534945,mLuc,3.768933942
100,141,*CCCCCCCCCCCC,*CC(*)(C)C(=O)OCCN1CCCCC1,*CC(*)C(=O)OCC(CC)CCCC,*SC(=S)SC(C)(C#N)CCC(=O)O,10,0.5,170.34,0,0,0,4.9272,9,12,0,56.4385619,199.294,29.54,0,3,1.6715,4,14,1,174.1263449,186.295,26.3,0,2,3.156,7,13,0,132.0519685,235.355,61.09,2,4,2.08138,4,13,0,260.9534945,mLuc,3.115111036
100,142,*CCCCCCCCCCCC,*CC(*)(C)C(=O)OCCN1CCCCC1,*CC(*)C(=O)OCC(CC)CCCC,*SC(=S)SC(C)(C#N)CCC(=O)O,20,2,170.34,0,0,0,4.9272,9,12,0,56.4385619,199.294,29.54,0,3,1.6715,4,14,1,174.1263449,186.295,26.3,0,2,3.156,7,13,0,132.0519685,235.355,61.09,2,4,2.08138,4,13,0,260.9534945,mLuc,2.205475037
100,143,*CCCCCCCCCCCC,*CC(*)(C)C(=O)OCCN1CCCCC1,*CC(*)C(=O)OCC(CC)CCCC,*SC(=S)SC(C)(C#N)CCC(=O)O,20,1,170.34,0,0,0,4.9272,9,12,0,56.4385619,199.294,29.54,0,3,1.6715,4,14,1,174.1263449,186.295,26.3,0,2,3.156,7,13,0,132.0519685,235.355,61.09,2,4,2.08138,4,13,0,260.9534945,mLuc,2.669781615
100,144,*CCCCCCCCCCCC,*CC(*)(C)C(=O)OCCN1CCCCC1,*CC(*)C(=O)OCC(CC)CCCC,*SC(=S)SC(C)(C#N)CCC(=O)O,20,0.5,170.34,0,0,0,4.9272,9,12,0,56.4385619,199.294,29.54,0,3,1.6715,4,14,1,174.1263449,186.295,26.3,0,2,3.156,7,13,0,132.0519685,235.355,61.09,2,4,2.08138,4,13,0,260.9534945,mLuc,2.671172843
100,145,*CCCCCCCCCCCC,*CC(*)C(=O)OCCN(CC)CC,*CC(*)C(=O)OCCOc1ccccc1,*SC(=S)SC(C)C(=O)O,2,2,170.34,0,0,0,4.9272,9,12,0,56.4385619,173.256,29.54,0,3,1.2814,6,12,0,121.6969429,194.23,35.53,0,3,2.0186,5,14,1,269.1209499,182.291,37.3,2,3,1.4074,2,9,0,133.7744375,mLuc,2.742725131
100,146,*CCCCCCCCCCCC,*CC(*)C(=O)OCCN(CC)CC,*CC(*)C(=O)OCCOc1ccccc1,*SC(=S)SC(C)C(=O)O,2,1,170.34,0,0,0,4.9272,9,12,0,56.4385619,173.256,29.54,0,3,1.2814,6,12,0,121.6969429,194.23,35.53,0,3,2.0186,5,14,1,269.1209499,182.291,37.3,2,3,1.4074,2,9,0,133.7744375,mLuc,2.534660576
100,147,*CCCCCCCCCCCC,*CC(*)C(=O)OCCN(CC)CC,*CC(*)C(=O)OCCOc1ccccc1,*SC(=S)SC(C)C(=O)O,2,0.5,170.34,0,0,0,4.9272,9,12,0,56.4385619,173.256,29.54,0,3,1.2814,6,12,0,121.6969429,194.23,35.53,0,3,2.0186,5,14,1,269.1209499,182.291,37.3,2,3,1.4074,2,9,0,133.7744375,mLuc,3.146128036
100,148,*CCCCCCCCCCCC,*CC(*)C(=O)OCCN(CC)CC,*CC(*)C(=O)OCCOc1ccccc1,*SC(=S)SC(C)C(=O)O,5,2,170.34,0,0,0,4.9272,9,12,0,56.4385619,173.256,29.54,0,3,1.2814,6,12,0,121.6969429,194.23,35.53,0,3,2.0186,5,14,1,269.1209499,182.291,37.3,2,3,1.4074,2,9,0,133.7744375,mLuc,2.568788212
100,149,*CCCCCCCCCCCC,*CC(*)C(=O)OCCN(CC)CC,*CC(*)C(=O)OCCOc1ccccc1,*SC(=S)SC(C)C(=O)O,5,1,170.34,0,0,0,4.9272,9,12,0,56.4385619,173.256,29.54,0,3,1.2814,6,12,0,121.6969429,194.23,35.53,0,3,2.0186,5,14,1,269.1209499,182.291,37.3,2,3,1.4074,2,9,0,133.7744375,mLuc,2.436957331
100,150,*CCCCCCCCCCCC,*CC(*)C(=O)OCCN(CC)CC,*CC(*)C(=O)OCCOc1ccccc1,*SC(=S)SC(C)C(=O)O,5,0.5,170.34,0,0,0,4.9272,9,12,0,56.4385619,173.256,29.54,0,3,1.2814,6,12,0,121.6969429,194.23,35.53,0,3,2.0186,5,14,1,269.1209499,182.291,37.3,2,3,1.4074,2,9,0,133.7744375,mLuc,2.428134794
100,151,*CCCCCCCCCCCC,*CC(*)C(=O)OCCN(CC)CC,*CC(*)C(=O)OCCOc1ccccc1,*SC(=S)SC(C)C(=O)O,10,2,170.34,0,0,0,4.9272,9,12,0,56.4385619,173.256,29.54,0,3,1.2814,6,12,0,121.6969429,194.23,35.53,0,3,2.0186,5,14,1,269.1209499,182.291,37.3,2,3,1.4074,2,9,0,133.7744375,mLuc,2.403977964
100,152,*CCCCCCCCCCCC,*CC(*)C(=O)OCCN(CC)CC,*CC(*)C(=O)OCCOc1ccccc1,*SC(=S)SC(C)C(=O)O,10,1,170.34,0,0,0,4.9272,9,12,0,56.4385619,173.256,29.54,0,3,1.2814,6,12,0,121.6969429,194.23,35.53,0,3,2.0186,5,14,1,269.1209499,182.291,37.3,2,3,1.4074,2,9,0,133.7744375,mLuc,2.440121603
100,153,*CCCCCCCCCCCC,*CC(*)C(=O)OCCN(CC)CC,*CC(*)C(=O)OCCOc1ccccc1,*SC(=S)SC(C)C(=O)O,10,0.5,170.34,0,0,0,4.9272,9,12,0,56.4385619,173.256,29.54,0,3,1.2814,6,12,0,121.6969429,194.23,35.53,0,3,2.0186,5,14,1,269.1209499,182.291,37.3,2,3,1.4074,2,9,0,133.7744375,mLuc,4.125220936
100,154,*CCCCCCCCCCCC,*CC(*)C(=O)OCCN(CC)CC,*CC(*)C(=O)OCCOc1ccccc1,*SC(=S)SC(C)C(=O)O,20,2,170.34,0,0,0,4.9272,9,12,0,56.4385619,173.256,29.54,0,3,1.2814,6,12,0,121.6969429,194.23,35.53,0,3,2.0186,5,14,1,269.1209499,182.291,37.3,2,3,1.4074,2,9,0,133.7744375,mLuc,2.070037867
100,155,*CCCCCCCCCCCC,*CC(*)C(=O)OCCN(CC)CC,*CC(*)C(=O)OCCOc1ccccc1,*SC(=S)SC(C)C(=O)O,20,1,170.34,0,0,0,4.9272,9,12,0,56.4385619,173.256,29.54,0,3,1.2814,6,12,0,121.6969429,194.23,35.53,0,3,2.0186,5,14,1,269.1209499,182.291,37.3,2,3,1.4074,2,9,0,133.7744375,mLuc,2.6349808
100,156,*CCCCCCCCCCCC,*CC(*)C(=O)OCCN(CC)CC,*CC(*)C(=O)OCCOc1ccccc1,*SC(=S)SC(C)C(=O)O,20,0.5,170.34,0,0,0,4.9272,9,12,0,56.4385619,173.256,29.54,0,3,1.2814,6,12,0,121.6969429,194.23,35.53,0,3,2.0186,5,14,1,269.1209499,182.291,37.3,2,3,1.4074,2,9,0,133.7744375,mLuc,3.819280647
100,157,*CCCCCCCCCCCC,*CC(*)C(=O)OCCN(CC)CC,*CC(*)(C)C(=O)OCCCCCC,*SC(=S)SC(C)C(=O)O,2,2,170.34,0,0,0,4.9272,9,12,0,56.4385619,173.256,29.54,0,3,1.2814,6,12,0,121.6969429,172.268,26.3,0,2,2.7659,6,12,0,119.0069869,182.291,37.3,2,3,1.4074,2,9,0,133.7744375,mLuc,2.53529412
100,158,*CCCCCCCCCCCC,*CC(*)C(=O)OCCN(CC)CC,*CC(*)(C)C(=O)OCCCCCC,*SC(=S)SC(C)C(=O)O,2,1,170.34,0,0,0,4.9272,9,12,0,56.4385619,173.256,29.54,0,3,1.2814,6,12,0,121.6969429,172.268,26.3,0,2,2.7659,6,12,0,119.0069869,182.291,37.3,2,3,1.4074,2,9,0,133.7744375,mLuc,2.732795698
100,159,*CCCCCCCCCCCC,*CC(*)C(=O)OCCN(CC)CC,*CC(*)(C)C(=O)OCCCCCC,*SC(=S)SC(C)C(=O)O,2,0.5,170.34,0,0,0,4.9272,9,12,0,56.4385619,173.256,29.54,0,3,1.2814,6,12,0,121.6969429,172.268,26.3,0,2,2.7659,6,12,0,119.0069869,182.291,37.3,2,3,1.4074,2,9,0,133.7744375,mLuc,2.264817823
100,160,*CCCCCCCCCCCC,*CC(*)C(=O)OCCN(CC)CC,*CC(*)(C)C(=O)OCCCCCC,*SC(=S)SC(C)C(=O)O,5,2,170.34,0,0,0,4.9272,9,12,0,56.4385619,173.256,29.54,0,3,1.2814,6,12,0,121.6969429,172.268,26.3,0,2,2.7659,6,12,0,119.0069869,182.291,37.3,2,3,1.4074,2,9,0,133.7744375,mLuc,2.162862993
100,161,*CCCCCCCCCCCC,*CC(*)C(=O)OCCN(CC)CC,*CC(*)(C)C(=O)OCCCCCC,*SC(=S)SC(C)C(=O)O,5,1,170.34,0,0,0,4.9272,9,12,0,56.4385619,173.256,29.54,0,3,1.2814,6,12,0,121.6969429,172.268,26.3,0,2,2.7659,6,12,0,119.0069869,182.291,37.3,2,3,1.4074,2,9,0,133.7744375,mLuc,3.396286546
100,162,*CCCCCCCCCCCC,*CC(*)C(=O)OCCN(CC)CC,*CC(*)(C)C(=O)OCCCCCC,*SC(=S)SC(C)C(=O)O,5,0.5,170.34,0,0,0,4.9272,9,12,0,56.4385619,173.256,29.54,0,3,1.2814,6,12,0,121.6969429,172.268,26.3,0,2,2.7659,6,12,0,119.0069869,182.291,37.3,2,3,1.4074,2,9,0,133.7744375,mLuc,3.309417226
100,163,*CCCCCCCCCCCC,*CC(*)C(=O)OCCN(CC)CC,*CC(*)(C)C(=O)OCCCCCC,*SC(=S)SC(C)C(=O)O,10,2,170.34,0,0,0,4.9272,9,12,0,56.4385619,173.256,29.54,0,3,1.2814,6,12,0,121.6969429,172.268,26.3,0,2,2.7659,6,12,0,119.0069869,182.291,37.3,2,3,1.4074,2,9,0,133.7744375,mLuc,2.461648568
100,164,*CCCCCCCCCCCC,*CC(*)C(=O)OCCN(CC)CC,*CC(*)(C)C(=O)OCCCCCC,*SC(=S)SC(C)C(=O)O,10,1,170.34,0,0,0,4.9272,9,12,0,56.4385619,173.256,29.54,0,3,1.2814,6,12,0,121.6969429,172.268,26.3,0,2,2.7659,6,12,0,119.0069869,182.291,37.3,2,3,1.4074,2,9,0,133.7744375,mLuc,2.442479769
100,165,*CCCCCCCCCCCC,*CC(*)C(=O)OCCN(CC)CC,*CC(*)(C)C(=O)OCCCCCC,*SC(=S)SC(C)C(=O)O,10,0.5,170.34,0,0,0,4.9272,9,12,0,56.4385619,173.256,29.54,0,3,1.2814,6,12,0,121.6969429,172.268,26.3,0,2,2.7659,6,12,0,119.0069869,182.291,37.3,2,3,1.4074,2,9,0,133.7744375,mLuc,3.130655349
100,166,*CCCCCCCCCCCC,*CC(*)C(=O)OCCN(CC)CC,*CC(*)(C)C(=O)OCCCCCC,*SC(=S)SC(C)C(=O)O,20,2,170.34,0,0,0,4.9272,9,12,0,56.4385619,173.256,29.54,0,3,1.2814,6,12,0,121.6969429,172.268,26.3,0,2,2.7659,6,12,0,119.0069869,182.291,37.3,2,3,1.4074,2,9,0,133.7744375,mLuc,2.569958818
100,167,*CCCCCCCCCCCC,*CC(*)C(=O)OCCN(CC)CC,*CC(*)(C)C(=O)OCCCCCC,*SC(=S)SC(C)C(=O)O,20,1,170.34,0,0,0,4.9272,9,12,0,56.4385619,173.256,29.54,0,3,1.2814,6,12,0,121.6969429,172.268,26.3,0,2,2.7659,6,12,0,119.0069869,182.291,37.3,2,3,1.4074,2,9,0,133.7744375,mLuc,2.155336037
100,168,*CCCCCCCCCCCC,*CC(*)C(=O)OCCN(CC)CC,*CC(*)(C)C(=O)OCCCCCC,*SC(=S)SC(C)C(=O)O,20,0.5,170.34,0,0,0,4.9272,9,12,0,56.4385619,173.256,29.54,0,3,1.2814,6,12,0,121.6969429,172.268,26.3,0,2,2.7659,6,12,0,119.0069869,182.291,37.3,2,3,1.4074,2,9,0,133.7744375,mLuc,2.60368555
100,169,*CCCCCCCCCCCC,*CC(*)C(=O)OCCN(CC)CC,*CC(*)C(=O)OCC(CC)CCCC,*SC(=S)SC(C)C(=O)O,2,2,170.34,0,0,0,4.9272,9,12,0,56.4385619,173.256,29.54,0,3,1.2814,6,12,0,121.6969429,186.295,26.3,0,2,3.156,7,13,0,132.0519685,182.291,37.3,2,3,1.4074,2,9,0,133.7744375,mLuc,2.904715545
100,170,*CCCCCCCCCCCC,*CC(*)C(=O)OCCN(CC)CC,*CC(*)C(=O)OCC(CC)CCCC,*SC(=S)SC(C)C(=O)O,2,1,170.34,0,0,0,4.9272,9,12,0,56.4385619,173.256,29.54,0,3,1.2814,6,12,0,121.6969429,186.295,26.3,0,2,3.156,7,13,0,132.0519685,182.291,37.3,2,3,1.4074,2,9,0,133.7744375,mLuc,2.811575006
100,171,*CCCCCCCCCCCC,*CC(*)C(=O)OCCN(CC)CC,*CC(*)C(=O)OCC(CC)CCCC,*SC(=S)SC(C)C(=O)O,2,0.5,170.34,0,0,0,4.9272,9,12,0,56.4385619,173.256,29.54,0,3,1.2814,6,12,0,121.6969429,186.295,26.3,0,2,3.156,7,13,0,132.0519685,182.291,37.3,2,3,1.4074,2,9,0,133.7744375,mLuc,3.202352068
100,172,*CCCCCCCCCCCC,*CC(*)C(=O)OCCN(CC)CC,*CC(*)C(=O)OCC(CC)CCCC,*SC(=S)SC(C)C(=O)O,5,2,170.34,0,0,0,4.9272,9,12,0,56.4385619,173.256,29.54,0,3,1.2814,6,12,0,121.6969429,186.295,26.3,0,2,3.156,7,13,0,132.0519685,182.291,37.3,2,3,1.4074,2,9,0,133.7744375,mLuc,2.041392685
100,173,*CCCCCCCCCCCC,*CC(*)C(=O)OCCN(CC)CC,*CC(*)C(=O)OCC(CC)CCCC,*SC(=S)SC(C)C(=O)O,5,1,170.34,0,0,0,4.9272,9,12,0,56.4385619,173.256,29.54,0,3,1.2814,6,12,0,121.6969429,186.295,26.3,0,2,3.156,7,13,0,132.0519685,182.291,37.3,2,3,1.4074,2,9,0,133.7744375,mLuc,3.092018471
100,174,*CCCCCCCCCCCC,*CC(*)C(=O)OCCN(CC)CC,*CC(*)C(=O)OCC(CC)CCCC,*SC(=S)SC(C)C(=O)O,5,0.5,170.34,0,0,0,4.9272,9,12,0,56.4385619,173.256,29.54,0,3,1.2814,6,12,0,121.6969429,186.295,26.3,0,2,3.156,7,13,0,132.0519685,182.291,37.3,2,3,1.4074,2,9,0,133.7744375,mLuc,3.98403198
100,175,*CCCCCCCCCCCC,*CC(*)C(=O)OCCN(CC)CC,*CC(*)C(=O)OCC(CC)CCCC,*SC(=S)SC(C)C(=O)O,10,2,170.34,0,0,0,4.9272,9,12,0,56.4385619,173.256,29.54,0,3,1.2814,6,12,0,121.6969429,186.295,26.3,0,2,3.156,7,13,0,132.0519685,182.291,37.3,2,3,1.4074,2,9,0,133.7744375,mLuc,1.872156273
100,176,*CCCCCCCCCCCC,*CC(*)C(=O)OCCN(CC)CC,*CC(*)C(=O)OCC(CC)CCCC,*SC(=S)SC(C)C(=O)O,10,1,170.34,0,0,0,4.9272,9,12,0,56.4385619,173.256,29.54,0,3,1.2814,6,12,0,121.6969429,186.295,26.3,0,2,3.156,7,13,0,132.0519685,182.291,37.3,2,3,1.4074,2,9,0,133.7744375,mLuc,3.155032229
100,177,*CCCCCCCCCCCC,*CC(*)C(=O)OCCN(CC)CC,*CC(*)C(=O)OCC(CC)CCCC,*SC(=S)SC(C)C(=O)O,10,0.5,170.34,0,0,0,4.9272,9,12,0,56.4385619,173.256,29.54,0,3,1.2814,6,12,0,121.6969429,186.295,26.3,0,2,3.156,7,13,0,132.0519685,182.291,37.3,2,3,1.4074,2,9,0,133.7744375,mLuc,3.612995656
100,178,*CCCCCCCCCCCC,*CC(*)C(=O)OCCN(CC)CC,*CC(*)C(=O)OCC(CC)CCCC,*SC(=S)SC(C)C(=O)O,20,2,170.34,0,0,0,4.9272,9,12,0,56.4385619,173.256,29.54,0,3,1.2814,6,12,0,121.6969429,186.295,26.3,0,2,3.156,7,13,0,132.0519685,182.291,37.3,2,3,1.4074,2,9,0,133.7744375,mLuc,2.658488381
100,179,*CCCCCCCCCCCC,*CC(*)C(=O)OCCN(CC)CC,*CC(*)C(=O)OCC(CC)CCCC,*SC(=S)SC(C)C(=O)O,20,1,170.34,0,0,0,4.9272,9,12,0,56.4385619,173.256,29.54,0,3,1.2814,6,12,0,121.6969429,186.295,26.3,0,2,3.156,7,13,0,132.0519685,182.291,37.3,2,3,1.4074,2,9,0,133.7744375,mLuc,2.357934847
100,180,*CCCCCCCCCCCC,*CC(*)C(=O)OCCN(CC)CC,*CC(*)C(=O)OCC(CC)CCCC,*SC(=S)SC(C)C(=O)O,20,0.5,170.34,0,0,0,4.9272,9,12,0,56.4385619,173.256,29.54,0,3,1.2814,6,12,0,121.6969429,186.295,26.3,0,2,3.156,7,13,0,132.0519685,182.291,37.3,2,3,1.4074,2,9,0,133.7744375,mLuc,2.597695186
100,181,*CCCCCCCCCCCC,*CC(*)(C)C(=O)OCCN(C)C,*CC(*)C(=O)OCCOc1ccccc1,*SC(=S)SC(C)C(=O)O,2,2,170.34,0,0,0,4.9272,9,12,0,56.4385619,159.229,29.54,0,3,0.7472,4,11,0,121.2604657,194.23,35.53,0,3,2.0186,5,14,1,269.1209499,182.291,37.3,2,3,1.4074,2,9,0,133.7744375,mLuc,2.390051496
100,182,*CCCCCCCCCCCC,*CC(*)(C)C(=O)OCCN(C)C,*CC(*)C(=O)OCCOc1ccccc1,*SC(=S)SC(C)C(=O)O,2,1,170.34,0,0,0,4.9272,9,12,0,56.4385619,159.229,29.54,0,3,0.7472,4,11,0,121.2604657,194.23,35.53,0,3,2.0186,5,14,1,269.1209499,182.291,37.3,2,3,1.4074,2,9,0,133.7744375,mLuc,2.405687787
100,183,*CCCCCCCCCCCC,*CC(*)(C)C(=O)OCCN(C)C,*CC(*)C(=O)OCCOc1ccccc1,*SC(=S)SC(C)C(=O)O,2,0.5,170.34,0,0,0,4.9272,9,12,0,56.4385619,159.229,29.54,0,3,0.7472,4,11,0,121.2604657,194.23,35.53,0,3,2.0186,5,14,1,269.1209499,182.291,37.3,2,3,1.4074,2,9,0,133.7744375,mLuc,3.847819347
100,184,*CCCCCCCCCCCC,*CC(*)(C)C(=O)OCCN(C)C,*CC(*)C(=O)OCCOc1ccccc1,*SC(=S)SC(C)C(=O)O,5,2,170.34,0,0,0,4.9272,9,12,0,56.4385619,159.229,29.54,0,3,0.7472,4,11,0,121.2604657,194.23,35.53,0,3,2.0186,5,14,1,269.1209499,182.291,37.3,2,3,1.4074,2,9,0,133.7744375,mLuc,2.42894429
100,185,*CCCCCCCCCCCC,*CC(*)(C)C(=O)OCCN(C)C,*CC(*)C(=O)OCCOc1ccccc1,*SC(=S)SC(C)C(=O)O,5,1,170.34,0,0,0,4.9272,9,12,0,56.4385619,159.229,29.54,0,3,0.7472,4,11,0,121.2604657,194.23,35.53,0,3,2.0186,5,14,1,269.1209499,182.291,37.3,2,3,1.4074,2,9,0,133.7744375,mLuc,4.862897281
100,186,*CCCCCCCCCCCC,*CC(*)(C)C(=O)OCCN(C)C,*CC(*)C(=O)OCCOc1ccccc1,*SC(=S)SC(C)C(=O)O,5,0.5,170.34,0,0,0,4.9272,9,12,0,56.4385619,159.229,29.54,0,3,0.7472,4,11,0,121.2604657,194.23,35.53,0,3,2.0186,5,14,1,269.1209499,182.291,37.3,2,3,1.4074,2,9,0,133.7744375,mLuc,3.172748839
100,187,*CCCCCCCCCCCC,*CC(*)(C)C(=O)OCCN(C)C,*CC(*)C(=O)OCCOc1ccccc1,*SC(=S)SC(C)C(=O)O,10,2,170.34,0,0,0,4.9272,9,12,0,56.4385619,159.229,29.54,0,3,0.7472,4,11,0,121.2604657,194.23,35.53,0,3,2.0186,5,14,1,269.1209499,182.291,37.3,2,3,1.4074,2,9,0,133.7744375,mLuc,3.080626487
100,188,*CCCCCCCCCCCC,*CC(*)(C)C(=O)OCCN(C)C,*CC(*)C(=O)OCCOc1ccccc1,*SC(=S)SC(C)C(=O)O,10,1,170.34,0,0,0,4.9272,9,12,0,56.4385619,159.229,29.54,0,3,0.7472,4,11,0,121.2604657,194.23,35.53,0,3,2.0186,5,14,1,269.1209499,182.291,37.3,2,3,1.4074,2,9,0,133.7744375,mLuc,2.507855872
100,189,*CCCCCCCCCCCC,*CC(*)(C)C(=O)OCCN(C)C,*CC(*)C(=O)OCCOc1ccccc1,*SC(=S)SC(C)C(=O)O,10,0.5,170.34,0,0,0,4.9272,9,12,0,56.4385619,159.229,29.54,0,3,0.7472,4,11,0,121.2604657,194.23,35.53,0,3,2.0186,5,14,1,269.1209499,182.291,37.3,2,3,1.4074,2,9,0,133.7744375,mLuc,2.382917135
100,190,*CCCCCCCCCCCC,*CC(*)(C)C(=O)OCCN(C)C,*CC(*)C(=O)OCCOc1ccccc1,*SC(=S)SC(C)C(=O)O,20,2,170.34,0,0,0,4.9272,9,12,0,56.4385619,159.229,29.54,0,3,0.7472,4,11,0,121.2604657,194.23,35.53,0,3,2.0186,5,14,1,269.1209499,182.291,37.3,2,3,1.4074,2,9,0,133.7744375,mLuc,2.188928484
100,191,*CCCCCCCCCCCC,*CC(*)(C)C(=O)OCCN(C)C,*CC(*)C(=O)OCCOc1ccccc1,*SC(=S)SC(C)C(=O)O,20,1,170.34,0,0,0,4.9272,9,12,0,56.4385619,159.229,29.54,0,3,0.7472,4,11,0,121.2604657,194.23,35.53,0,3,2.0186,5,14,1,269.1209499,182.291,37.3,2,3,1.4074,2,9,0,133.7744375,mLuc,3.118595365
100,192,*CCCCCCCCCCCC,*CC(*)(C)C(=O)OCCN(C)C,*CC(*)C(=O)OCCOc1ccccc1,*SC(=S)SC(C)C(=O)O,20,0.5,170.34,0,0,0,4.9272,9,12,0,56.4385619,159.229,29.54,0,3,0.7472,4,11,0,121.2604657,194.23,35.53,0,3,2.0186,5,14,1,269.1209499,182.291,37.3,2,3,1.4074,2,9,0,133.7744375,mLuc,3.817895757
100,193,*CCCCCCCCCCCC,*CC(*)(C)C(=O)OCCN(C)C,*CC(*)(C)C(=O)OCCCCCC,*SC(=S)SC(C)C(=O)O,2,2,170.34,0,0,0,4.9272,9,12,0,56.4385619,159.229,29.54,0,3,0.7472,4,11,0,121.2604657,172.268,26.3,0,2,2.7659,6,12,0,119.0069869,182.291,37.3,2,3,1.4074,2,9,0,133.7744375,mLuc,2.841046465
100,194,*CCCCCCCCCCCC,*CC(*)(C)C(=O)OCCN(C)C,*CC(*)(C)C(=O)OCCCCCC,*SC(=S)SC(C)C(=O)O,2,1,170.34,0,0,0,4.9272,9,12,0,56.4385619,159.229,29.54,0,3,0.7472,4,11,0,121.2604657,172.268,26.3,0,2,2.7659,6,12,0,119.0069869,182.291,37.3,2,3,1.4074,2,9,0,133.7744375,mLuc,3.591509809
100,195,*CCCCCCCCCCCC,*CC(*)(C)C(=O)OCCN(C)C,*CC(*)(C)C(=O)OCCCCCC,*SC(=S)SC(C)C(=O)O,2,0.5,170.34,0,0,0,4.9272,9,12,0,56.4385619,159.229,29.54,0,3,0.7472,4,11,0,121.2604657,172.268,26.3,0,2,2.7659,6,12,0,119.0069869,182.291,37.3,2,3,1.4074,2,9,0,133.7744375,mLuc,3.937943954
100,196,*CCCCCCCCCCCC,*CC(*)(C)C(=O)OCCN(C)C,*CC(*)(C)C(=O)OCCCCCC,*SC(=S)SC(C)C(=O)O,5,2,170.34,0,0,0,4.9272,9,12,0,56.4385619,159.229,29.54,0,3,0.7472,4,11,0,121.2604657,172.268,26.3,0,2,2.7659,6,12,0,119.0069869,182.291,37.3,2,3,1.4074,2,9,0,133.7744375,mLuc,2.694605199
100,197,*CCCCCCCCCCCC,*CC(*)(C)C(=O)OCCN(C)C,*CC(*)(C)C(=O)OCCCCCC,*SC(=S)SC(C)C(=O)O,5,1,170.34,0,0,0,4.9272,9,12,0,56.4385619,159.229,29.54,0,3,0.7472,4,11,0,121.2604657,172.268,26.3,0,2,2.7659,6,12,0,119.0069869,182.291,37.3,2,3,1.4074,2,9,0,133.7744375,mLuc,3.831357785
100,198,*CCCCCCCCCCCC,*CC(*)(C)C(=O)OCCN(C)C,*CC(*)(C)C(=O)OCCCCCC,*SC(=S)SC(C)C(=O)O,5,0.5,170.34,0,0,0,4.9272,9,12,0,56.4385619,159.229,29.54,0,3,0.7472,4,11,0,121.2604657,172.268,26.3,0,2,2.7659,6,12,0,119.0069869,182.291,37.3,2,3,1.4074,2,9,0,133.7744375,mLuc,3.855942946
100,199,*CCCCCCCCCCCC,*CC(*)(C)C(=O)OCCN(C)C,*CC(*)(C)C(=O)OCCCCCC,*SC(=S)SC(C)C(=O)O,10,2,170.34,0,0,0,4.9272,9,12,0,56.4385619,159.229,29.54,0,3,0.7472,4,11,0,121.2604657,172.268,26.3,0,2,2.7659,6,12,0,119.0069869,182.291,37.3,2,3,1.4074,2,9,0,133.7744375,mLuc,3.340146551
100,200,*CCCCCCCCCCCC,*CC(*)(C)C(=O)OCCN(C)C,*CC(*)(C)C(=O)OCCCCCC,*SC(=S)SC(C)C(=O)O,10,1,170.34,0,0,0,4.9272,9,12,0,56.4385619,159.229,29.54,0,3,0.7472,4,11,0,121.2604657,172.268,26.3,0,2,2.7659,6,12,0,119.0069869,182.291,37.3,2,3,1.4074,2,9,0,133.7744375,mLuc,3.382287266
100,201,*CCCCCCCCCCCC,*CC(*)(C)C(=O)OCCN(C)C,*CC(*)(C)C(=O)OCCCCCC,*SC(=S)SC(C)C(=O)O,10,0.5,170.34,0,0,0,4.9272,9,12,0,56.4385619,159.229,29.54,0,3,0.7472,4,11,0,121.2604657,172.268,26.3,0,2,2.7659,6,12,0,119.0069869,182.291,37.3,2,3,1.4074,2,9,0,133.7744375,mLuc,3.641523685
100,202,*CCCCCCCCCCCC,*CC(*)(C)C(=O)OCCN(C)C,*CC(*)(C)C(=O)OCCCCCC,*SC(=S)SC(C)C(=O)O,20,2,170.34,0,0,0,4.9272,9,12,0,56.4385619,159.229,29.54,0,3,0.7472,4,11,0,121.2604657,172.268,26.3,0,2,2.7659,6,12,0,119.0069869,182.291,37.3,2,3,1.4074,2,9,0,133.7744375,mLuc,3.255393126
100,203,*CCCCCCCCCCCC,*CC(*)(C)C(=O)OCCN(C)C,*CC(*)(C)C(=O)OCCCCCC,*SC(=S)SC(C)C(=O)O,20,1,170.34,0,0,0,4.9272,9,12,0,56.4385619,159.229,29.54,0,3,0.7472,4,11,0,121.2604657,172.268,26.3,0,2,2.7659,6,12,0,119.0069869,182.291,37.3,2,3,1.4074,2,9,0,133.7744375,mLuc,2.928395852
100,204,*CCCCCCCCCCCC,*CC(*)(C)C(=O)OCCN(C)C,*CC(*)(C)C(=O)OCCCCCC,*SC(=S)SC(C)C(=O)O,20,0.5,170.34,0,0,0,4.9272,9,12,0,56.4385619,159.229,29.54,0,3,0.7472,4,11,0,121.2604657,172.268,26.3,0,2,2.7659,6,12,0,119.0069869,182.291,37.3,2,3,1.4074,2,9,0,133.7744375,mLuc,2.494850022
100,205,*CCCCCCCCCCCC,*CC(*)(C)C(=O)OCCN(C)C,*CC(*)C(=O)OCC(CC)CCCC,*SC(=S)SC(C)C(=O)O,2,2,170.34,0,0,0,4.9272,9,12,0,56.4385619,159.229,29.54,0,3,0.7472,4,11,0,121.2604657,186.295,26.3,0,2,3.156,7,13,0,132.0519685,182.291,37.3,2,3,1.4074,2,9,0,133.7744375,mLuc,4.539552808
100,206,*CCCCCCCCCCCC,*CC(*)(C)C(=O)OCCN(C)C,*CC(*)C(=O)OCC(CC)CCCC,*SC(=S)SC(C)C(=O)O,2,1,170.34,0,0,0,4.9272,9,12,0,56.4385619,159.229,29.54,0,3,0.7472,4,11,0,121.2604657,186.295,26.3,0,2,3.156,7,13,0,132.0519685,182.291,37.3,2,3,1.4074,2,9,0,133.7744375,mLuc,3.139564266
100,207,*CCCCCCCCCCCC,*CC(*)(C)C(=O)OCCN(C)C,*CC(*)C(=O)OCC(CC)CCCC,*SC(=S)SC(C)C(=O)O,2,0.5,170.34,0,0,0,4.9272,9,12,0,56.4385619,159.229,29.54,0,3,0.7472,4,11,0,121.2604657,186.295,26.3,0,2,3.156,7,13,0,132.0519685,182.291,37.3,2,3,1.4074,2,9,0,133.7744375,mLuc,3.683317262
100,208,*CCCCCCCCCCCC,*CC(*)(C)C(=O)OCCN(C)C,*CC(*)C(=O)OCC(CC)CCCC,*SC(=S)SC(C)C(=O)O,5,2,170.34,0,0,0,4.9272,9,12,0,56.4385619,159.229,29.54,0,3,0.7472,4,11,0,121.2604657,186.295,26.3,0,2,3.156,7,13,0,132.0519685,182.291,37.3,2,3,1.4074,2,9,0,133.7744375,mLuc,3.965624967
100,209,*CCCCCCCCCCCC,*CC(*)(C)C(=O)OCCN(C)C,*CC(*)C(=O)OCC(CC)CCCC,*SC(=S)SC(C)C(=O)O,5,1,170.34,0,0,0,4.9272,9,12,0,56.4385619,159.229,29.54,0,3,0.7472,4,11,0,121.2604657,186.295,26.3,0,2,3.156,7,13,0,132.0519685,182.291,37.3,2,3,1.4074,2,9,0,133.7744375,mLuc,4.863857962
100,210,*CCCCCCCCCCCC,*CC(*)(C)C(=O)OCCN(C)C,*CC(*)C(=O)OCC(CC)CCCC,*SC(=S)SC(C)C(=O)O,5,0.5,170.34,0,0,0,4.9272,9,12,0,56.4385619,159.229,29.54,0,3,0.7472,4,11,0,121.2604657,186.295,26.3,0,2,3.156,7,13,0,132.0519685,182.291,37.3,2,3,1.4074,2,9,0,133.7744375,mLuc,3.015778756
100,211,*CCCCCCCCCCCC,*CC(*)(C)C(=O)OCCN(C)C,*CC(*)C(=O)OCC(CC)CCCC,*SC(=S)SC(C)C(=O)O,10,2,170.34,0,0,0,4.9272,9,12,0,56.4385619,159.229,29.54,0,3,0.7472,4,11,0,121.2604657,186.295,26.3,0,2,3.156,7,13,0,132.0519685,182.291,37.3,2,3,1.4074,2,9,0,133.7744375,mLuc,3.494224187
100,212,*CCCCCCCCCCCC,*CC(*)(C)C(=O)OCCN(C)C,*CC(*)C(=O)OCC(CC)CCCC,*SC(=S)SC(C)C(=O)O,10,1,170.34,0,0,0,4.9272,9,12,0,56.4385619,159.229,29.54,0,3,0.7472,4,11,0,121.2604657,186.295,26.3,0,2,3.156,7,13,0,132.0519685,182.291,37.3,2,3,1.4074,2,9,0,133.7744375,mLuc,5.74164276
100,213,*CCCCCCCCCCCC,*CC(*)(C)C(=O)OCCN(C)C,*CC(*)C(=O)OCC(CC)CCCC,*SC(=S)SC(C)C(=O)O,10,0.5,170.34,0,0,0,4.9272,9,12,0,56.4385619,159.229,29.54,0,3,0.7472,4,11,0,121.2604657,186.295,26.3,0,2,3.156,7,13,0,132.0519685,182.291,37.3,2,3,1.4074,2,9,0,133.7744375,mLuc,5.412992799
100,214,*CCCCCCCCCCCC,*CC(*)(C)C(=O)OCCN(C)C,*CC(*)C(=O)OCC(CC)CCCC,*SC(=S)SC(C)C(=O)O,20,2,170.34,0,0,0,4.9272,9,12,0,56.4385619,159.229,29.54,0,3,0.7472,4,11,0,121.2604657,186.295,26.3,0,2,3.156,7,13,0,132.0519685,182.291,37.3,2,3,1.4074,2,9,0,133.7744375,mLuc,5.280747912
100,215,*CCCCCCCCCCCC,*CC(*)(C)C(=O)OCCN(C)C,*CC(*)C(=O)OCC(CC)CCCC,*SC(=S)SC(C)C(=O)O,20,1,170.34,0,0,0,4.9272,9,12,0,56.4385619,159.229,29.54,0,3,0.7472,4,11,0,121.2604657,186.295,26.3,0,2,3.156,7,13,0,132.0519685,182.291,37.3,2,3,1.4074,2,9,0,133.7744375,mLuc,5.167953538
100,216,*CCCCCCCCCCCC,*CC(*)(C)C(=O)OCCN(C)C,*CC(*)C(=O)OCC(CC)CCCC,*SC(=S)SC(C)C(=O)O,20,0.5,170.34,0,0,0,4.9272,9,12,0,56.4385619,159.229,29.54,0,3,0.7472,4,11,0,121.2604657,186.295,26.3,0,2,3.156,7,13,0,132.0519685,182.291,37.3,2,3,1.4074,2,9,0,133.7744375,mLuc,4.758533422
100,217,*CCCCCCCCCCCC,*CC(*)C(=O)OCCN(C)C,*CC(*)C(=O)OCCOc1ccccc1,*SC(=S)SC(C)C(=O)O,2,2,170.34,0,0,0,4.9272,9,12,0,56.4385619,145.202,29.54,0,3,0.5012,4,10,0,101.7792292,194.23,35.53,0,3,2.0186,5,14,1,269.1209499,182.291,37.3,2,3,1.4074,2,9,0,133.7744375,mLuc,2.725094521
100,218,*CCCCCCCCCCCC,*CC(*)C(=O)OCCN(C)C,*CC(*)C(=O)OCCOc1ccccc1,*SC(=S)SC(C)C(=O)O,2,1,170.34,0,0,0,4.9272,9,12,0,56.4385619,145.202,29.54,0,3,0.5012,4,10,0,101.7792292,194.23,35.53,0,3,2.0186,5,14,1,269.1209499,182.291,37.3,2,3,1.4074,2,9,0,133.7744375,mLuc,2.550839605
100,219,*CCCCCCCCCCCC,*CC(*)C(=O)OCCN(C)C,*CC(*)C(=O)OCCOc1ccccc1,*SC(=S)SC(C)C(=O)O,2,0.5,170.34,0,0,0,4.9272,9,12,0,56.4385619,145.202,29.54,0,3,0.5012,4,10,0,101.7792292,194.23,35.53,0,3,2.0186,5,14,1,269.1209499,182.291,37.3,2,3,1.4074,2,9,0,133.7744375,mLuc,2.954483717
100,220,*CCCCCCCCCCCC,*CC(*)C(=O)OCCN(C)C,*CC(*)C(=O)OCCOc1ccccc1,*SC(=S)SC(C)C(=O)O,5,2,170.34,0,0,0,4.9272,9,12,0,56.4385619,145.202,29.54,0,3,0.5012,4,10,0,101.7792292,194.23,35.53,0,3,2.0186,5,14,1,269.1209499,182.291,37.3,2,3,1.4074,2,9,0,133.7744375,mLuc,2.478566496
100,221,*CCCCCCCCCCCC,*CC(*)C(=O)OCCN(C)C,*CC(*)C(=O)OCCOc1ccccc1,*SC(=S)SC(C)C(=O)O,5,1,170.34,0,0,0,4.9272,9,12,0,56.4385619,145.202,29.54,0,3,0.5012,4,10,0,101.7792292,194.23,35.53,0,3,2.0186,5,14,1,269.1209499,182.291,37.3,2,3,1.4074,2,9,0,133.7744375,mLuc,3.341632336
100,222,*CCCCCCCCCCCC,*CC(*)C(=O)OCCN(C)C,*CC(*)C(=O)OCCOc1ccccc1,*SC(=S)SC(C)C(=O)O,5,0.5,170.34,0,0,0,4.9272,9,12,0,56.4385619,145.202,29.54,0,3,0.5012,4,10,0,101.7792292,194.23,35.53,0,3,2.0186,5,14,1,269.1209499,182.291,37.3,2,3,1.4074,2,9,0,133.7744375,mLuc,6.07776041
100,223,*CCCCCCCCCCCC,*CC(*)C(=O)OCCN(C)C,*CC(*)C(=O)OCCOc1ccccc1,*SC(=S)SC(C)C(=O)O,10,2,170.34,0,0,0,4.9272,9,12,0,56.4385619,145.202,29.54,0,3,0.5012,4,10,0,101.7792292,194.23,35.53,0,3,2.0186,5,14,1,269.1209499,182.291,37.3,2,3,1.4074,2,9,0,133.7744375,mLuc,3.447855444
100,224,*CCCCCCCCCCCC,*CC(*)C(=O)OCCN(C)C,*CC(*)C(=O)OCCOc1ccccc1,*SC(=S)SC(C)C(=O)O,10,1,170.34,0,0,0,4.9272,9,12,0,56.4385619,145.202,29.54,0,3,0.5012,4,10,0,101.7792292,194.23,35.53,0,3,2.0186,5,14,1,269.1209499,182.291,37.3,2,3,1.4074,2,9,0,133.7744375,mLuc,2.842921121
100,225,*CCCCCCCCCCCC,*CC(*)C(=O)OCCN(C)C,*CC(*)C(=O)OCCOc1ccccc1,*SC(=S)SC(C)C(=O)O,10,0.5,170.34,0,0,0,4.9272,9,12,0,56.4385619,145.202,29.54,0,3,0.5012,4,10,0,101.7792292,194.23,35.53,0,3,2.0186,5,14,1,269.1209499,182.291,37.3,2,3,1.4074,2,9,0,133.7744375,mLuc,2.649334859
100,226,*CCCCCCCCCCCC,*CC(*)C(=O)OCCN(C)C,*CC(*)C(=O)OCCOc1ccccc1,*SC(=S)SC(C)C(=O)O,20,2,170.34,0,0,0,4.9272,9,12,0,56.4385619,145.202,29.54,0,3,0.5012,4,10,0,101.7792292,194.23,35.53,0,3,2.0186,5,14,1,269.1209499,182.291,37.3,2,3,1.4074,2,9,0,133.7744375,mLuc,2.352182518
100,227,*CCCCCCCCCCCC,*CC(*)C(=O)OCCN(C)C,*CC(*)C(=O)OCCOc1ccccc1,*SC(=S)SC(C)C(=O)O,20,1,170.34,0,0,0,4.9272,9,12,0,56.4385619,145.202,29.54,0,3,0.5012,4,10,0,101.7792292,194.23,35.53,0,3,2.0186,5,14,1,269.1209499,182.291,37.3,2,3,1.4074,2,9,0,133.7744375,mLuc,2.552668216
100,228,*CCCCCCCCCCCC,*CC(*)C(=O)OCCN(C)C,*CC(*)C(=O)OCCOc1ccccc1,*SC(=S)SC(C)C(=O)O,20,0.5,170.34,0,0,0,4.9272,9,12,0,56.4385619,145.202,29.54,0,3,0.5012,4,10,0,101.7792292,194.23,35.53,0,3,2.0186,5,14,1,269.1209499,182.291,37.3,2,3,1.4074,2,9,0,133.7744375,mLuc,4.037406576
100,229,*CCCCCCCCCCCC,*CC(*)C(=O)OCCN(C)C,*CC(*)(C)C(=O)OCCCCCC,*SC(=S)SC(C)C(=O)O,2,2,170.34,0,0,0,4.9272,9,12,0,56.4385619,145.202,29.54,0,3,0.5012,4,10,0,101.7792292,172.268,26.3,0,2,2.7659,6,12,0,119.0069869,182.291,37.3,2,3,1.4074,2,9,0,133.7744375,mLuc,2.89181612
100,230,*CCCCCCCCCCCC,*CC(*)C(=O)OCCN(C)C,*CC(*)(C)C(=O)OCCCCCC,*SC(=S)SC(C)C(=O)O,2,1,170.34,0,0,0,4.9272,9,12,0,56.4385619,145.202,29.54,0,3,0.5012,4,10,0,101.7792292,172.268,26.3,0,2,2.7659,6,12,0,119.0069869,182.291,37.3,2,3,1.4074,2,9,0,133.7744375,mLuc,2.775610448
100,231,*CCCCCCCCCCCC,*CC(*)C(=O)OCCN(C)C,*CC(*)(C)C(=O)OCCCCCC,*SC(=S)SC(C)C(=O)O,2,0.5,170.34,0,0,0,4.9272,9,12,0,56.4385619,145.202,29.54,0,3,0.5012,4,10,0,101.7792292,172.268,26.3,0,2,2.7659,6,12,0,119.0069869,182.291,37.3,2,3,1.4074,2,9,0,133.7744375,mLuc,3.003245055
100,232,*CCCCCCCCCCCC,*CC(*)C(=O)OCCN(C)C,*CC(*)(C)C(=O)OCCCCCC,*SC(=S)SC(C)C(=O)O,5,2,170.34,0,0,0,4.9272,9,12,0,56.4385619,145.202,29.54,0,3,0.5012,4,10,0,101.7792292,172.268,26.3,0,2,2.7659,6,12,0,119.0069869,182.291,37.3,2,3,1.4074,2,9,0,133.7744375,mLuc,2.850646235
100,233,*CCCCCCCCCCCC,*CC(*)C(=O)OCCN(C)C,*CC(*)(C)C(=O)OCCCCCC,*SC(=S)SC(C)C(=O)O,5,1,170.34,0,0,0,4.9272,9,12,0,56.4385619,145.202,29.54,0,3,0.5012,4,10,0,101.7792292,172.268,26.3,0,2,2.7659,6,12,0,119.0069869,182.291,37.3,2,3,1.4074,2,9,0,133.7744375,mLuc,4.034808874
100,234,*CCCCCCCCCCCC,*CC(*)C(=O)OCCN(C)C,*CC(*)(C)C(=O)OCCCCCC,*SC(=S)SC(C)C(=O)O,5,0.5,170.34,0,0,0,4.9272,9,12,0,56.4385619,145.202,29.54,0,3,0.5012,4,10,0,101.7792292,172.268,26.3,0,2,2.7659,6,12,0,119.0069869,182.291,37.3,2,3,1.4074,2,9,0,133.7744375,mLuc,4.028571253
100,235,*CCCCCCCCCCCC,*CC(*)C(=O)OCCN(C)C,*CC(*)(C)C(=O)OCCCCCC,*SC(=S)SC(C)C(=O)O,10,2,170.34,0,0,0,4.9272,9,12,0,56.4385619,145.202,29.54,0,3,0.5012,4,10,0,101.7792292,172.268,26.3,0,2,2.7659,6,12,0,119.0069869,182.291,37.3,2,3,1.4074,2,9,0,133.7744375,mLuc,3.503790683
100,236,*CCCCCCCCCCCC,*CC(*)C(=O)OCCN(C)C,*CC(*)(C)C(=O)OCCCCCC,*SC(=S)SC(C)C(=O)O,10,1,170.34,0,0,0,4.9272,9,12,0,56.4385619,145.202,29.54,0,3,0.5012,4,10,0,101.7792292,172.268,26.3,0,2,2.7659,6,12,0,119.0069869,182.291,37.3,2,3,1.4074,2,9,0,133.7744375,mLuc,3.499412126
100,237,*CCCCCCCCCCCC,*CC(*)C(=O)OCCN(C)C,*CC(*)(C)C(=O)OCCCCCC,*SC(=S)SC(C)C(=O)O,10,0.5,170.34,0,0,0,4.9272,9,12,0,56.4385619,145.202,29.54,0,3,0.5012,4,10,0,101.7792292,172.268,26.3,0,2,2.7659,6,12,0,119.0069869,182.291,37.3,2,3,1.4074,2,9,0,133.7744375,mLuc,4.401900037
100,238,*CCCCCCCCCCCC,*CC(*)C(=O)OCCN(C)C,*CC(*)(C)C(=O)OCCCCCC,*SC(=S)SC(C)C(=O)O,20,2,170.34,0,0,0,4.9272,9,12,0,56.4385619,145.202,29.54,0,3,0.5012,4,10,0,101.7792292,172.268,26.3,0,2,2.7659,6,12,0,119.0069869,182.291,37.3,2,3,1.4074,2,9,0,133.7744375,mLuc,4.151323875
100,239,*CCCCCCCCCCCC,*CC(*)C(=O)OCCN(C)C,*CC(*)(C)C(=O)OCCCCCC,*SC(=S)SC(C)C(=O)O,20,1,170.34,0,0,0,4.9272,9,12,0,56.4385619,145.202,29.54,0,3,0.5012,4,10,0,101.7792292,172.268,26.3,0,2,2.7659,6,12,0,119.0069869,182.291,37.3,2,3,1.4074,2,9,0,133.7744375,mLuc,3.129850951
100,240,*CCCCCCCCCCCC,*CC(*)C(=O)OCCN(C)C,*CC(*)(C)C(=O)OCCCCCC,*SC(=S)SC(C)C(=O)O,20,0.5,170.34,0,0,0,4.9272,9,12,0,56.4385619,145.202,29.54,0,3,0.5012,4,10,0,101.7792292,172.268,26.3,0,2,2.7659,6,12,0,119.0069869,182.291,37.3,2,3,1.4074,2,9,0,133.7744375,mLuc,3.516535374
100,241,*CCCCCCCCCCCC,*CC(*)C(=O)OCCN(C)C,*CC(*)C(=O)OCC(CC)CCCC,*SC(=S)SC(C)C(=O)O,2,2,170.34,0,0,0,4.9272,9,12,0,56.4385619,145.202,29.54,0,3,0.5012,4,10,0,101.7792292,186.295,26.3,0,2,3.156,7,13,0,132.0519685,182.291,37.3,2,3,1.4074,2,9,0,133.7744375,mLuc,2.524396122
100,242,*CCCCCCCCCCCC,*CC(*)C(=O)OCCN(C)C,*CC(*)C(=O)OCC(CC)CCCC,*SC(=S)SC(C)C(=O)O,2,1,170.34,0,0,0,4.9272,9,12,0,56.4385619,145.202,29.54,0,3,0.5012,4,10,0,101.7792292,186.295,26.3,0,2,3.156,7,13,0,132.0519685,182.291,37.3,2,3,1.4074,2,9,0,133.7744375,mLuc,3.799168176
100,243,*CCCCCCCCCCCC,*CC(*)C(=O)OCCN(C)C,*CC(*)C(=O)OCC(CC)CCCC,*SC(=S)SC(C)C(=O)O,2,0.5,170.34,0,0,0,4.9272,9,12,0,56.4385619,145.202,29.54,0,3,0.5012,4,10,0,101.7792292,186.295,26.3,0,2,3.156,7,13,0,132.0519685,182.291,37.3,2,3,1.4074,2,9,0,133.7744375,mLuc,4.373840327
100,244,*CCCCCCCCCCCC,*CC(*)C(=O)OCCN(C)C,*CC(*)C(=O)OCC(CC)CCCC,*SC(=S)SC(C)C(=O)O,5,2,170.34,0,0,0,4.9272,9,12,0,56.4385619,145.202,29.54,0,3,0.5012,4,10,0,101.7792292,186.295,26.3,0,2,3.156,7,13,0,132.0519685,182.291,37.3,2,3,1.4074,2,9,0,133.7744375,mLuc,3.191031609
100,245,*CCCCCCCCCCCC,*CC(*)C(=O)OCCN(C)C,*CC(*)C(=O)OCC(CC)CCCC,*SC(=S)SC(C)C(=O)O,5,1,170.34,0,0,0,4.9272,9,12,0,56.4385619,145.202,29.54,0,3,0.5012,4,10,0,101.7792292,186.295,26.3,0,2,3.156,7,13,0,132.0519685,182.291,37.3,2,3,1.4074,2,9,0,133.7744375,mLuc,4.642528819
100,246,*CCCCCCCCCCCC,*CC(*)C(=O)OCCN(C)C,*CC(*)C(=O)OCC(CC)CCCC,*SC(=S)SC(C)C(=O)O,5,0.5,170.34,0,0,0,4.9272,9,12,0,56.4385619,145.202,29.54,0,3,0.5012,4,10,0,101.7792292,186.295,26.3,0,2,3.156,7,13,0,132.0519685,182.291,37.3,2,3,1.4074,2,9,0,133.7744375,mLuc,4.432889155
100,247,*CCCCCCCCCCCC,*CC(*)C(=O)OCCN(C)C,*CC(*)C(=O)OCC(CC)CCCC,*SC(=S)SC(C)C(=O)O,10,2,170.34,0,0,0,4.9272,9,12,0,56.4385619,145.202,29.54,0,3,0.5012,4,10,0,101.7792292,186.295,26.3,0,2,3.156,7,13,0,132.0519685,182.291,37.3,2,3,1.4074,2,9,0,133.7744375,mLuc,3.366329551
100,248,*CCCCCCCCCCCC,*CC(*)C(=O)OCCN(C)C,*CC(*)C(=O)OCC(CC)CCCC,*SC(=S)SC(C)C(=O)O,10,1,170.34,0,0,0,4.9272,9,12,0,56.4385619,145.202,29.54,0,3,0.5012,4,10,0,101.7792292,186.295,26.3,0,2,3.156,7,13,0,132.0519685,182.291,37.3,2,3,1.4074,2,9,0,133.7744375,mLuc,5.460703945
100,249,*CCCCCCCCCCCC,*CC(*)C(=O)OCCN(C)C,*CC(*)C(=O)OCC(CC)CCCC,*SC(=S)SC(C)C(=O)O,10,0.5,170.34,0,0,0,4.9272,9,12,0,56.4385619,145.202,29.54,0,3,0.5012,4,10,0,101.7792292,186.295,26.3,0,2,3.156,7,13,0,132.0519685,182.291,37.3,2,3,1.4074,2,9,0,133.7744375,mLuc,3.743156855
100,250,*CCCCCCCCCCCC,*CC(*)C(=O)OCCN(C)C,*CC(*)C(=O)OCC(CC)CCCC,*SC(=S)SC(C)C(=O)O,20,2,170.34,0,0,0,4.9272,9,12,0,56.4385619,145.202,29.54,0,3,0.5012,4,10,0,101.7792292,186.295,26.3,0,2,3.156,7,13,0,132.0519685,182.291,37.3,2,3,1.4074,2,9,0,133.7744375,mLuc,3.366796383
100,251,*CCCCCCCCCCCC,*CC(*)C(=O)OCCN(C)C,*CC(*)C(=O)OCC(CC)CCCC,*SC(=S)SC(C)C(=O)O,20,1,170.34,0,0,0,4.9272,9,12,0,56.4385619,145.202,29.54,0,3,0.5012,4,10,0,101.7792292,186.295,26.3,0,2,3.156,7,13,0,132.0519685,182.291,37.3,2,3,1.4074,2,9,0,133.7744375,mLuc,5.486325612
100,252,*CCCCCCCCCCCC,*CC(*)C(=O)OCCN(C)C,*CC(*)C(=O)OCC(CC)CCCC,*SC(=S)SC(C)C(=O)O,20,0.5,170.34,0,0,0,4.9272,9,12,0,56.4385619,145.202,29.54,0,3,0.5012,4,10,0,101.7792292,186.295,26.3,0,2,3.156,7,13,0,132.0519685,182.291,37.3,2,3,1.4074,2,9,0,133.7744375,mLuc,3.945394719
100,253,*CCCCCCCCCCCC,*CC(*)(C)C(=O)OCCN1CCCCC1,*CC(*)C(=O)OCCOc1ccccc1,*SC(=S)SC(C)C(=O)O,2,2,170.34,0,0,0,4.9272,9,12,0,56.4385619,199.294,29.54,0,3,1.6715,4,14,1,174.1263449,194.23,35.53,0,3,2.0186,5,14,1,269.1209499,182.291,37.3,2,3,1.4074,2,9,0,133.7744375,mLuc,2.282168778
100,254,*CCCCCCCCCCCC,*CC(*)(C)C(=O)OCCN1CCCCC1,*CC(*)C(=O)OCCOc1ccccc1,*SC(=S)SC(C)C(=O)O,2,1,170.34,0,0,0,4.9272,9,12,0,56.4385619,199.294,29.54,0,3,1.6715,4,14,1,174.1263449,194.23,35.53,0,3,2.0186,5,14,1,269.1209499,182.291,37.3,2,3,1.4074,2,9,0,133.7744375,mLuc,2.383815366
100,255,*CCCCCCCCCCCC,*CC(*)(C)C(=O)OCCN1CCCCC1,*CC(*)C(=O)OCCOc1ccccc1,*SC(=S)SC(C)C(=O)O,2,0.5,170.34,0,0,0,4.9272,9,12,0,56.4385619,199.294,29.54,0,3,1.6715,4,14,1,174.1263449,194.23,35.53,0,3,2.0186,5,14,1,269.1209499,182.291,37.3,2,3,1.4074,2,9,0,133.7744375,mLuc,2.657533888
100,256,*CCCCCCCCCCCC,*CC(*)(C)C(=O)OCCN1CCCCC1,*CC(*)C(=O)OCCOc1ccccc1,*SC(=S)SC(C)C(=O)O,5,2,170.34,0,0,0,4.9272,9,12,0,56.4385619,199.294,29.54,0,3,1.6715,4,14,1,174.1263449,194.23,35.53,0,3,2.0186,5,14,1,269.1209499,182.291,37.3,2,3,1.4074,2,9,0,133.7744375,mLuc,2.222716471
100,257,*CCCCCCCCCCCC,*CC(*)(C)C(=O)OCCN1CCCCC1,*CC(*)C(=O)OCCOc1ccccc1,*SC(=S)SC(C)C(=O)O,5,1,170.34,0,0,0,4.9272,9,12,0,56.4385619,199.294,29.54,0,3,1.6715,4,14,1,174.1263449,194.23,35.53,0,3,2.0186,5,14,1,269.1209499,182.291,37.3,2,3,1.4074,2,9,0,133.7744375,mLuc,3.088844563
100,258,*CCCCCCCCCCCC,*CC(*)(C)C(=O)OCCN1CCCCC1,*CC(*)C(=O)OCCOc1ccccc1,*SC(=S)SC(C)C(=O)O,5,0.5,170.34,0,0,0,4.9272,9,12,0,56.4385619,199.294,29.54,0,3,1.6715,4,14,1,174.1263449,194.23,35.53,0,3,2.0186,5,14,1,269.1209499,182.291,37.3,2,3,1.4074,2,9,0,133.7744375,mLuc,3.986301367
100,259,*CCCCCCCCCCCC,*CC(*)(C)C(=O)OCCN1CCCCC1,*CC(*)C(=O)OCCOc1ccccc1,*SC(=S)SC(C)C(=O)O,10,2,170.34,0,0,0,4.9272,9,12,0,56.4385619,199.294,29.54,0,3,1.6715,4,14,1,174.1263449,194.23,35.53,0,3,2.0186,5,14,1,269.1209499,182.291,37.3,2,3,1.4074,2,9,0,133.7744375,mLuc,2.954965731
100,260,*CCCCCCCCCCCC,*CC(*)(C)C(=O)OCCN1CCCCC1,*CC(*)C(=O)OCCOc1ccccc1,*SC(=S)SC(C)C(=O)O,10,1,170.34,0,0,0,4.9272,9,12,0,56.4385619,199.294,29.54,0,3,1.6715,4,14,1,174.1263449,194.23,35.53,0,3,2.0186,5,14,1,269.1209499,182.291,37.3,2,3,1.4074,2,9,0,133.7744375,mLuc,3.269979677
100,261,*CCCCCCCCCCCC,*CC(*)(C)C(=O)OCCN1CCCCC1,*CC(*)C(=O)OCCOc1ccccc1,*SC(=S)SC(C)C(=O)O,10,0.5,170.34,0,0,0,4.9272,9,12,0,56.4385619,199.294,29.54,0,3,1.6715,4,14,1,174.1263449,194.23,35.53,0,3,2.0186,5,14,1,269.1209499,182.291,37.3,2,3,1.4074,2,9,0,133.7744375,mLuc,3.14113609
100,262,*CCCCCCCCCCCC,*CC(*)(C)C(=O)OCCN1CCCCC1,*CC(*)C(=O)OCCOc1ccccc1,*SC(=S)SC(C)C(=O)O,20,2,170.34,0,0,0,4.9272,9,12,0,56.4385619,199.294,29.54,0,3,1.6715,4,14,1,174.1263449,194.23,35.53,0,3,2.0186,5,14,1,269.1209499,182.291,37.3,2,3,1.4074,2,9,0,133.7744375,mLuc,2.530199698
100,263,*CCCCCCCCCCCC,*CC(*)(C)C(=O)OCCN1CCCCC1,*CC(*)C(=O)OCCOc1ccccc1,*SC(=S)SC(C)C(=O)O,20,1,170.34,0,0,0,4.9272,9,12,0,56.4385619,199.294,29.54,0,3,1.6715,4,14,1,174.1263449,194.23,35.53,0,3,2.0186,5,14,1,269.1209499,182.291,37.3,2,3,1.4074,2,9,0,133.7744375,mLuc,3.225567713
100,264,*CCCCCCCCCCCC,*CC(*)(C)C(=O)OCCN1CCCCC1,*CC(*)C(=O)OCCOc1ccccc1,*SC(=S)SC(C)C(=O)O,20,0.5,170.34,0,0,0,4.9272,9,12,0,56.4385619,199.294,29.54,0,3,1.6715,4,14,1,174.1263449,194.23,35.53,0,3,2.0186,5,14,1,269.1209499,182.291,37.3,2,3,1.4074,2,9,0,133.7744375,mLuc,3.01389006
100,265,*CCCCCCCCCCCC,*CC(*)(C)C(=O)OCCN1CCCCC1,*CC(*)(C)C(=O)OCCCCCC,*SC(=S)SC(C)C(=O)O,2,2,170.34,0,0,0,4.9272,9,12,0,56.4385619,199.294,29.54,0,3,1.6715,4,14,1,174.1263449,172.268,26.3,0,2,2.7659,6,12,0,119.0069869,182.291,37.3,2,3,1.4074,2,9,0,133.7744375,mLuc,2.331427297
100,266,*CCCCCCCCCCCC,*CC(*)(C)C(=O)OCCN1CCCCC1,*CC(*)(C)C(=O)OCCCCCC,*SC(=S)SC(C)C(=O)O,2,1,170.34,0,0,0,4.9272,9,12,0,56.4385619,199.294,29.54,0,3,1.6715,4,14,1,174.1263449,172.268,26.3,0,2,2.7659,6,12,0,119.0069869,182.291,37.3,2,3,1.4074,2,9,0,133.7744375,mLuc,2.387389826
100,267,*CCCCCCCCCCCC,*CC(*)(C)C(=O)OCCN1CCCCC1,*CC(*)(C)C(=O)OCCCCCC,*SC(=S)SC(C)C(=O)O,2,0.5,170.34,0,0,0,4.9272,9,12,0,56.4385619,199.294,29.54,0,3,1.6715,4,14,1,174.1263449,172.268,26.3,0,2,2.7659,6,12,0,119.0069869,182.291,37.3,2,3,1.4074,2,9,0,133.7744375,mLuc,2.822821645
100,268,*CCCCCCCCCCCC,*CC(*)(C)C(=O)OCCN1CCCCC1,*CC(*)(C)C(=O)OCCCCCC,*SC(=S)SC(C)C(=O)O,5,2,170.34,0,0,0,4.9272,9,12,0,56.4385619,199.294,29.54,0,3,1.6715,4,14,1,174.1263449,172.268,26.3,0,2,2.7659,6,12,0,119.0069869,182.291,37.3,2,3,1.4074,2,9,0,133.7744375,mLuc,2.665111737
100,269,*CCCCCCCCCCCC,*CC(*)(C)C(=O)OCCN1CCCCC1,*CC(*)(C)C(=O)OCCCCCC,*SC(=S)SC(C)C(=O)O,5,1,170.34,0,0,0,4.9272,9,12,0,56.4385619,199.294,29.54,0,3,1.6715,4,14,1,174.1263449,172.268,26.3,0,2,2.7659,6,12,0,119.0069869,182.291,37.3,2,3,1.4074,2,9,0,133.7744375,mLuc,2.844477176
100,270,*CCCCCCCCCCCC,*CC(*)(C)C(=O)OCCN1CCCCC1,*CC(*)(C)C(=O)OCCCCCC,*SC(=S)SC(C)C(=O)O,5,0.5,170.34,0,0,0,4.9272,9,12,0,56.4385619,199.294,29.54,0,3,1.6715,4,14,1,174.1263449,172.268,26.3,0,2,2.7659,6,12,0,119.0069869,182.291,37.3,2,3,1.4074,2,9,0,133.7744375,mLuc,3.004536318
100,271,*CCCCCCCCCCCC,*CC(*)(C)C(=O)OCCN1CCCCC1,*CC(*)(C)C(=O)OCCCCCC,*SC(=S)SC(C)C(=O)O,10,2,170.34,0,0,0,4.9272,9,12,0,56.4385619,199.294,29.54,0,3,1.6715,4,14,1,174.1263449,172.268,26.3,0,2,2.7659,6,12,0,119.0069869,182.291,37.3,2,3,1.4074,2,9,0,133.7744375,mLuc,2.740362689
100,272,*CCCCCCCCCCCC,*CC(*)(C)C(=O)OCCN1CCCCC1,*CC(*)(C)C(=O)OCCCCCC,*SC(=S)SC(C)C(=O)O,10,1,170.34,0,0,0,4.9272,9,12,0,56.4385619,199.294,29.54,0,3,1.6715,4,14,1,174.1263449,172.268,26.3,0,2,2.7659,6,12,0,119.0069869,182.291,37.3,2,3,1.4074,2,9,0,133.7744375,mLuc,3.081887139
100,273,*CCCCCCCCCCCC,*CC(*)(C)C(=O)OCCN1CCCCC1,*CC(*)(C)C(=O)OCCCCCC,*SC(=S)SC(C)C(=O)O,10,0.5,170.34,0,0,0,4.9272,9,12,0,56.4385619,199.294,29.54,0,3,1.6715,4,14,1,174.1263449,172.268,26.3,0,2,2.7659,6,12,0,119.0069869,182.291,37.3,2,3,1.4074,2,9,0,133.7744375,mLuc,2.748962861
100,274,*CCCCCCCCCCCC,*CC(*)(C)C(=O)OCCN1CCCCC1,*CC(*)(C)C(=O)OCCCCCC,*SC(=S)SC(C)C(=O)O,20,2,170.34,0,0,0,4.9272,9,12,0,56.4385619,199.294,29.54,0,3,1.6715,4,14,1,174.1263449,172.268,26.3,0,2,2.7659,6,12,0,119.0069869,182.291,37.3,2,3,1.4074,2,9,0,133.7744375,mLuc,2.146128036
100,275,*CCCCCCCCCCCC,*CC(*)(C)C(=O)OCCN1CCCCC1,*CC(*)(C)C(=O)OCCCCCC,*SC(=S)SC(C)C(=O)O,20,1,170.34,0,0,0,4.9272,9,12,0,56.4385619,199.294,29.54,0,3,1.6715,4,14,1,174.1263449,172.268,26.3,0,2,2.7659,6,12,0,119.0069869,182.291,37.3,2,3,1.4074,2,9,0,133.7744375,mLuc,2.923761961
100,276,*CCCCCCCCCCCC,*CC(*)(C)C(=O)OCCN1CCCCC1,*CC(*)(C)C(=O)OCCCCCC,*SC(=S)SC(C)C(=O)O,20,0.5,170.34,0,0,0,4.9272,9,12,0,56.4385619,199.294,29.54,0,3,1.6715,4,14,1,174.1263449,172.268,26.3,0,2,2.7659,6,12,0,119.0069869,182.291,37.3,2,3,1.4074,2,9,0,133.7744375,mLuc,2.741939078
100,277,*CCCCCCCCCCCC,*CC(*)(C)C(=O)OCCN1CCCCC1,*CC(*)C(=O)OCC(CC)CCCC,*SC(=S)SC(C)C(=O)O,2,2,170.34,0,0,0,4.9272,9,12,0,56.4385619,199.294,29.54,0,3,1.6715,4,14,1,174.1263449,186.295,26.3,0,2,3.156,7,13,0,132.0519685,182.291,37.3,2,3,1.4074,2,9,0,133.7744375,mLuc,2.762303363
100,278,*CCCCCCCCCCCC,*CC(*)(C)C(=O)OCCN1CCCCC1,*CC(*)C(=O)OCC(CC)CCCC,*SC(=S)SC(C)C(=O)O,2,1,170.34,0,0,0,4.9272,9,12,0,56.4385619,199.294,29.54,0,3,1.6715,4,14,1,174.1263449,186.295,26.3,0,2,3.156,7,13,0,132.0519685,182.291,37.3,2,3,1.4074,2,9,0,133.7744375,mLuc,2.485721426
100,279,*CCCCCCCCCCCC,*CC(*)(C)C(=O)OCCN1CCCCC1,*CC(*)C(=O)OCC(CC)CCCC,*SC(=S)SC(C)C(=O)O,2,0.5,170.34,0,0,0,4.9272,9,12,0,56.4385619,199.294,29.54,0,3,1.6715,4,14,1,174.1263449,186.295,26.3,0,2,3.156,7,13,0,132.0519685,182.291,37.3,2,3,1.4074,2,9,0,133.7744375,mLuc,2.653694795
100,280,*CCCCCCCCCCCC,*CC(*)(C)C(=O)OCCN1CCCCC1,*CC(*)C(=O)OCC(CC)CCCC,*SC(=S)SC(C)C(=O)O,5,2,170.34,0,0,0,4.9272,9,12,0,56.4385619,199.294,29.54,0,3,1.6715,4,14,1,174.1263449,186.295,26.3,0,2,3.156,7,13,0,132.0519685,182.291,37.3,2,3,1.4074,2,9,0,133.7744375,mLuc,3.045714059
100,281,*CCCCCCCCCCCC,*CC(*)(C)C(=O)OCCN1CCCCC1,*CC(*)C(=O)OCC(CC)CCCC,*SC(=S)SC(C)C(=O)O,5,1,170.34,0,0,0,4.9272,9,12,0,56.4385619,199.294,29.54,0,3,1.6715,4,14,1,174.1263449,186.295,26.3,0,2,3.156,7,13,0,132.0519685,182.291,37.3,2,3,1.4074,2,9,0,133.7744375,mLuc,3.400969479
100,282,*CCCCCCCCCCCC,*CC(*)(C)C(=O)OCCN1CCCCC1,*CC(*)C(=O)OCC(CC)CCCC,*SC(=S)SC(C)C(=O)O,5,0.5,170.34,0,0,0,4.9272,9,12,0,56.4385619,199.294,29.54,0,3,1.6715,4,14,1,174.1263449,186.295,26.3,0,2,3.156,7,13,0,132.0519685,182.291,37.3,2,3,1.4074,2,9,0,133.7744375,mLuc,2.839478047
100,283,*CCCCCCCCCCCC,*CC(*)(C)C(=O)OCCN1CCCCC1,*CC(*)C(=O)OCC(CC)CCCC,*SC(=S)SC(C)C(=O)O,10,2,170.34,0,0,0,4.9272,9,12,0,56.4385619,199.294,29.54,0,3,1.6715,4,14,1,174.1263449,186.295,26.3,0,2,3.156,7,13,0,132.0519685,182.291,37.3,2,3,1.4074,2,9,0,133.7744375,mLuc,2.513883186
100,284,*CCCCCCCCCCCC,*CC(*)(C)C(=O)OCCN1CCCCC1,*CC(*)C(=O)OCC(CC)CCCC,*SC(=S)SC(C)C(=O)O,10,1,170.34,0,0,0,4.9272,9,12,0,56.4385619,199.294,29.54,0,3,1.6715,4,14,1,174.1263449,186.295,26.3,0,2,3.156,7,13,0,132.0519685,182.291,37.3,2,3,1.4074,2,9,0,133.7744375,mLuc,2.935003151
100,285,*CCCCCCCCCCCC,*CC(*)(C)C(=O)OCCN1CCCCC1,*CC(*)C(=O)OCC(CC)CCCC,*SC(=S)SC(C)C(=O)O,10,0.5,170.34,0,0,0,4.9272,9,12,0,56.4385619,199.294,29.54,0,3,1.6715,4,14,1,174.1263449,186.295,26.3,0,2,3.156,7,13,0,132.0519685,182.291,37.3,2,3,1.4074,2,9,0,133.7744375,mLuc,2.635483747
100,286,*CCCCCCCCCCCC,*CC(*)(C)C(=O)OCCN1CCCCC1,*CC(*)C(=O)OCC(CC)CCCC,*SC(=S)SC(C)C(=O)O,20,2,170.34,0,0,0,4.9272,9,12,0,56.4385619,199.294,29.54,0,3,1.6715,4,14,1,174.1263449,186.295,26.3,0,2,3.156,7,13,0,132.0519685,182.291,37.3,2,3,1.4074,2,9,0,133.7744375,mLuc,2.511883361
100,287,*CCCCCCCCCCCC,*CC(*)(C)C(=O)OCCN1CCCCC1,*CC(*)C(=O)OCC(CC)CCCC,*SC(=S)SC(C)C(=O)O,20,1,170.34,0,0,0,4.9272,9,12,0,56.4385619,199.294,29.54,0,3,1.6715,4,14,1,174.1263449,186.295,26.3,0,2,3.156,7,13,0,132.0519685,182.291,37.3,2,3,1.4074,2,9,0,133.7744375,mLuc,3.392960615
100,288,*CCCCCCCCCCCC,*CC(*)(C)C(=O)OCCN1CCCCC1,*CC(*)C(=O)OCC(CC)CCCC,*SC(=S)SC(C)C(=O)O,20,0.5,170.34,0,0,0,4.9272,9,12,0,56.4385619,199.294,29.54,0,3,1.6715,4,14,1,174.1263449,186.295,26.3,0,2,3.156,7,13,0,132.0519685,182.291,37.3,2,3,1.4074,2,9,0,133.7744375,mLuc,3.005180513
100,289,*CCCCCCCCCCCC,*CC(*)(C)C(=O)OCCN(C)C,*CC(*)C(=O)OCC(CC)CCCC,*SC(=S)SC(C)(C#N)CCC(=O)O,30,1,170.34,0,0,0,4.9272,9,12,0,56.4385619,159.229,29.54,0,3,0.7472,4,11,0,121.2604657,186.295,26.3,0,2,3.156,7,13,0,132.0519685,235.355,61.09,2,4,2.08138,4,13,0,260.9534945,mLuc,5.808036558
100,290,*CCCCCCCCCCCC,*CC(*)(C)C(=O)OCCN(C)C,*CC(*)C(=O)OCC(CC)CCCC,*SC(=S)SC(C)(C#N)CCC(=O)O,40,1,170.34,0,0,0,4.9272,9,12,0,56.4385619,159.229,29.54,0,3,0.7472,4,11,0,121.2604657,186.295,26.3,0,2,3.156,7,13,0,132.0519685,235.355,61.09,2,4,2.08138,4,13,0,260.9534945,mLuc,5.57723601
100,291,*CCCCCCCCCCCC,*CC(*)(C)C(=O)OCCN(C)C,*CC(*)C(=O)OCC(CC)CCCC,*SC(=S)SC(C)(C#N)CCC(=O)O,50,1,170.34,0,0,0,4.9272,9,12,0,56.4385619,159.229,29.54,0,3,0.7472,4,11,0,121.2604657,186.295,26.3,0,2,3.156,7,13,0,132.0519685,235.355,61.09,2,4,2.08138,4,13,0,260.9534945,mLuc,5.504593618
100,292,*CCCCCCCCCCCC,*CC(*)(C)C(=O)OCCN1CCCCC1,*CC(*)C(=O)OCC(CC)CCCC,*SC(=S)SC(C)(C#N)CCC(=O)O,30,1,170.34,0,0,0,4.9272,9,12,0,56.4385619,199.294,29.54,0,3,1.6715,4,14,1,174.1263449,186.295,26.3,0,2,3.156,7,13,0,132.0519685,235.355,61.09,2,4,2.08138,4,13,0,260.9534945,mLuc,3.125624994
100,293,*CCCCCCCCCCCC,*CC(*)(C)C(=O)OCCN1CCCCC1,*CC(*)C(=O)OCC(CC)CCCC,*SC(=S)SC(C)(C#N)CCC(=O)O,40,1,170.34,0,0,0,4.9272,9,12,0,56.4385619,199.294,29.54,0,3,1.6715,4,14,1,174.1263449,186.295,26.3,0,2,3.156,7,13,0,132.0519685,235.355,61.09,2,4,2.08138,4,13,0,260.9534945,mLuc,3.750839421
100,294,*CCCCCCCCCCCC,*CC(*)(C)C(=O)OCCN1CCCCC1,*CC(*)C(=O)OCC(CC)CCCC,*SC(=S)SC(C)(C#N)CCC(=O)O,50,1,170.34,0,0,0,4.9272,9,12,0,56.4385619,199.294,29.54,0,3,1.6715,4,14,1,174.1263449,186.295,26.3,0,2,3.156,7,13,0,132.0519685,235.355,61.09,2,4,2.08138,4,13,0,260.9534945,mLuc,4.079867503
100,295,*CCCCCCCCCCCC,*CC(*)(C)C(=O)OCCN(C)C,*CC(*)(C)C(=O)OCCCCC=CCC=CCCCCCCCCC,*SC(=S)SC(C)(C#N)CCC(=O)O,40,1,170.34,0,0,0,4.9272,9,12,0,56.4385619,159.229,29.54,0,3,0.7472,4,11,0,121.2604657,336.56,26.3,0,2,6.9991,16,24,0,328.8616163,235.355,61.09,2,4,2.08138,4,13,0,260.9534945,mLuc,4.104869772
100,296,*CCCCCCCCCCCC,*CC(*)(C)C(=O)OCCN(C)C,*CC(*)(C)C(=O)OCCCCC=CCC=CCCCCCCCCC,*SC(=S)SC(C)(C#N)CCC(=O)O,50,1,170.34,0,0,0,4.9272,9,12,0,56.4385619,159.229,29.54,0,3,0.7472,4,11,0,121.2604657,336.56,26.3,0,2,6.9991,16,24,0,328.8616163,235.355,61.09,2,4,2.08138,4,13,0,260.9534945,mLuc,4.491469396
100,297,*CCCCCCCCCCCC,*CC(*)(C)C(=O)OCCN(C)C,*CC(*)C(=O)OCCOCCOCC,*SC(=S)SC(C)(C#N)CCC(=O)O,10,2,170.34,0,0,0,4.9272,9,12,0,56.4385619,159.229,29.54,0,3,0.7472,4,11,0,121.2604657,190.239,44.76,0,4,0.9927,8,13,0,124.7831092,235.355,61.09,2,4,2.08138,4,13,0,260.9534945,mLuc,3.822106197
100,298,*CCCCCCCCCCCC,*CC(*)(C)C(=O)OCCN(C)C,*CC(*)C(=O)OCCOCCOCC,*SC(=S)SC(C)(C#N)CCC(=O)O,40,1,170.34,0,0,0,4.9272,9,12,0,56.4385619,159.229,29.54,0,3,0.7472,4,11,0,121.2604657,190.239,44.76,0,4,0.9927,8,13,0,124.7831092,235.355,61.09,2,4,2.08138,4,13,0,260.9534945,mLuc,2.836829454
100,299,*CCCCCCCCCCCC,*CC(*)(C)C(=O)OCCN1CCCCC1,*CC(*)C(=O)OCC(CC)CCCC,*SC(=S)SC(C)(C#N)CCC(=O)O,50,1,170.34,0,0,0,4.9272,9,12,0,56.4385619,199.294,29.54,0,3,1.6715,4,14,1,174.1263449,186.295,26.3,0,2,3.156,7,13,0,132.0519685,235.355,61.09,2,4,2.08138,4,13,0,260.9534945,mLuc,3.018249547
100,300,*CCCCCCCCCCCC,*CC(*)(C)C(=O)OCCN1CCCCC1,*CC(*)(C)C(=O)OCCCCC=CCC=CCCCCCCCCC,*SC(=S)SC(C)(C#N)CCC(=O)O,5,1,170.34,0,0,0,4.9272,9,12,0,56.4385619,199.294,29.54,0,3,1.6715,4,14,1,174.1263449,336.56,26.3,0,2,6.9991,16,24,0,328.8616163,235.355,61.09,2,4,2.08138,4,13,0,260.9534945,mLuc,2.519409042
100,301,*CCCCCCCCCCCC,*CC(*)(C)C(=O)OCCCN1CCCC1,*CC(*)C(=O)OCC(CC)CCCC,*SC(=S)SC(C)(C#N)CCC(=O)O,5,1,170.34,0,0,0,4.9272,9,12,0,56.4385619,199.294,29.54,0,3,1.6715,5,14,1,174.1263449,186.295,26.3,0,2,3.156,7,13,0,132.0519685,235.355,61.09,2,4,2.08138,4,13,0,260.9534945,mLuc,4.80824276
100,302,*CCCCCCCCCCCC,*CC(*)(C)C(=O)OCCCN1CCCC1,*CC(*)C(=O)OCC(CC)CCCC,*SC(=S)SC(C)(C#N)CCC(=O)O,50,1,170.34,0,0,0,4.9272,9,12,0,56.4385619,199.294,29.54,0,3,1.6715,5,14,1,174.1263449,186.295,26.3,0,2,3.156,7,13,0,132.0519685,235.355,61.09,2,4,2.08138,4,13,0,260.9534945,mLuc,4.462941606
100,303,*CCCCCCCCCCCC,*CC(*)(C)C(=O)OCCN1CCCCCC1,*CC(*)C(=O)OCC(CC)CCCC,*SC(=S)SC(C)(C#N)CCC(=O)O,5,1,170.34,0,0,0,4.9272,9,12,0,56.4385619,213.321,29.54,0,3,2.0616,4,15,1,184.0611407,186.295,26.3,0,2,3.156,7,13,0,132.0519685,235.355,61.09,2,4,2.08138,4,13,0,260.9534945,mLuc,5.333656638
100,304,*CCCCCCCCCCCC,*CC(*)(C)C(=O)OCCN1CCCCCC1,*CC(*)C(=O)OCC(CC)CCCC,*SC(=S)SC(C)(C#N)CCC(=O)O,50,1,170.34,0,0,0,4.9272,9,12,0,56.4385619,213.321,29.54,0,3,2.0616,4,15,1,184.0611407,186.295,26.3,0,2,3.156,7,13,0,132.0519685,235.355,61.09,2,4,2.08138,4,13,0,260.9534945,mLuc,3.271753029
100,305,*CCCCCCCCCCCC,*CC(*)(C)C(=O)OCCN1CCCCCC1,*CC(*)(C)C(=O)OCCCCCC,*SC(=S)SC(C)(C#N)CCC(=O)O,5,1,170.34,0,0,0,4.9272,9,12,0,56.4385619,213.321,29.54,0,3,2.0616,4,15,1,184.0611407,172.268,26.3,0,2,2.7659,6,12,0,119.0069869,235.355,61.09,2,4,2.08138,4,13,0,260.9534945,mLuc,4.080785673
100,306,*CCCCCCCCCCCC,*CC(*)(C)C(=O)OCCN1CCCCCC1,*CC(*)(C)C(=O)OCCCCCC,*SC(=S)SC(C)(C#N)CCC(=O)O,50,1,170.34,0,0,0,4.9272,9,12,0,56.4385619,213.321,29.54,0,3,2.0616,4,15,1,184.0611407,172.268,26.3,0,2,2.7659,6,12,0,119.0069869,235.355,61.09,2,4,2.08138,4,13,0,260.9534945,mLuc,2.767193526
100,307,*CCCCCCCCCCCC,*CC(*)(C)C(=O)OCCN,*CC(*)C(=O)OCC(CC)CCCC,*SC(=S)SC(C)(C#N)CCC(=O)O,10,1,170.34,0,0,0,4.9272,9,12,0,56.4385619,131.175,52.32,1,3,0.1443,3,9,0,91.05865003,186.295,26.3,0,2,3.156,7,13,0,132.0519685,235.355,61.09,2,4,2.08138,4,13,0,260.9534945,mLuc,4.27116175
100,308,*CCCCCCCCCCCC,*CC(*)(C)C(=O)OCCN,*CC(*)C(=O)OCC(CC)CCCC,*SC(=S)SC(C)(C#N)CCC(=O)O,40,1,170.34,0,0,0,4.9272,9,12,0,56.4385619,131.175,52.32,1,3,0.1443,3,9,0,91.05865003,186.295,26.3,0,2,3.156,7,13,0,132.0519685,235.355,61.09,2,4,2.08138,4,13,0,260.9534945,mLuc,4.032831547
100,309,*CCCCCCCCCCCC,*CC(*)(C)C(=O)OCCN,*CC(*)(C)C(=O)OCCCCCC,*SC(=S)SC(C)(C#N)CCC(=O)O,10,1,170.34,0,0,0,4.9272,9,12,0,56.4385619,131.175,52.32,1,3,0.1443,3,9,0,91.05865003,172.268,26.3,0,2,2.7659,6,12,0,119.0069869,235.355,61.09,2,4,2.08138,4,13,0,260.9534945,mLuc,3.190795525
100,310,*CCCCCCCCCCCC,*CC(*)(C)C(=O)OCCN,*CC(*)(C)C(=O)OCCCCCC,*SC(=S)SC(C)(C#N)CCC(=O)O,50,1,170.34,0,0,0,4.9272,9,12,0,56.4385619,131.175,52.32,1,3,0.1443,3,9,0,91.05865003,172.268,26.3,0,2,2.7659,6,12,0,119.0069869,235.355,61.09,2,4,2.08138,4,13,0,260.9534945,mLuc,2.943284785
100,311,*CCCCCCCCCCCC,*CC(*)(C)C(=O)OCCN(C)C,*CC(*)C(=O)OCC(CC)CCCC,*SC(=S)SC(C)C(=O)O,50,1,170.34,0,0,0,4.9272,9,12,0,56.4385619,159.229,29.54,0,3,0.7472,4,11,0,121.2604657,186.295,26.3,0,2,3.156,7,13,0,132.0519685,182.291,37.3,2,3,1.4074,2,9,0,133.7744375,mLuc,3.194340806
100,312,*CCCCCCCCCCCC,*CC(*)(C)C(=O)OCCN1CCCCC1,*CC(*)C(=O)OCC(CC)CCCC,*SC(=S)SC(C)C(=O)O,50,1,170.34,0,0,0,4.9272,9,12,0,56.4385619,199.294,29.54,0,3,1.6715,4,14,1,174.1263449,186.295,26.3,0,2,3.156,7,13,0,132.0519685,182.291,37.3,2,3,1.4074,2,9,0,133.7744375,mLuc,3.058678204
100,313,*CC,*CC(*)(C)C(=O)OCCN(C)C,*CC(*)C(=O)OCC(CC)CCCC,*SC(=S)SC(C)(C#N)CCC(=O)O,5,1,30.07,0,0,0,1.0262,0,2,0,0,159.229,29.54,0,3,0.7472,4,11,0,121.2604657,186.295,26.3,0,2,3.156,7,13,0,132.0519685,235.355,61.09,2,4,2.08138,4,13,0,260.9534945,mLuc,5.288018687
100,314,*CC,*CC(*)(C)C(=O)OCCN(C)C,*CC(*)C(=O)OCC(CC)CCCC,*SC(=S)SC(C)(C#N)CCC(=O)O,40,1,30.07,0,0,0,1.0262,0,2,0,0,159.229,29.54,0,3,0.7472,4,11,0,121.2604657,186.295,26.3,0,2,3.156,7,13,0,132.0519685,235.355,61.09,2,4,2.08138,4,13,0,260.9534945,mLuc,5.076823694
100,315,*CCCCCCCCCCCC,*CC(*)(C)C(=O)OCCN(C)C,*CC(*)C(=O)OCC(CC)CCCC,*SC(=S)SC(C)C(=O)NCCC1CCNCC1,10,1,170.34,0,0,0,4.9272,9,12,0,56.4385619,159.229,29.54,0,3,0.7472,4,11,0,121.2604657,186.295,26.3,0,2,3.156,7,13,0,132.0519685,292.495,41.13,3,4,1.8287,5,17,1,267.4421581,mLuc,4.05284866
100,316,*CCCCCCCCCCCC,*CC(*)(C)C(=O)OCCN(C)C,*CC(*)C(=O)OCC(CC)CCCC,*SC(=S)SC(C)C(=O)NCCC1CCNCC1,50,1,170.34,0,0,0,4.9272,9,12,0,56.4385619,159.229,29.54,0,3,0.7472,4,11,0,121.2604657,186.295,26.3,0,2,3.156,7,13,0,132.0519685,292.495,41.13,3,4,1.8287,5,17,1,267.4421581,mLuc,4.645015411
100,317,*CCCCCCCCCCCC,*CC(*)(C)C(=O)OCCN(C)C,*CC(*)C(=O)OCC(CC)CCCC,*SC(=S)SC(C)C(=O)OC1CCC2(C)C(CCC3(C)C2CC=C2C4C(C)C(C)CCC4(C(=O)O)CCC23C)C1(C)C,10,1,170.34,0,0,0,4.9272,9,12,0,56.4385619,159.229,29.54,0,3,0.7472,4,11,0,121.2604657,186.295,26.3,0,2,3.156,7,13,0,132.0519685,620.987,63.6,2,5,8.9768,4,41,5,1148.790973,mLuc,5.951230369
100,318,*CCCCCCCCCCCC,*CC(*)(C)C(=O)OCCN(C)C,*CC(*)C(=O)OCC(CC)CCCC,*SC(=S)SC(C)C(=O)OC1CCC2(C)C(CCC3(C)C2CC=C2C4C(C)C(C)CCC4(C(=O)O)CCC23C)C1(C)C,50,1,170.34,0,0,0,4.9272,9,12,0,56.4385619,159.229,29.54,0,3,0.7472,4,11,0,121.2604657,186.295,26.3,0,2,3.156,7,13,0,132.0519685,620.987,63.6,2,5,8.9768,4,41,5,1148.790973,mLuc,4.344485467
101,2291,*CCCCCCCCCCCC,*CC(*)C(=O)OCCN(CC)CC,*CC(*)C(=O)OCCOc1ccccc1,*SC(=S)SC(C)(C#N)CCC(=O)O,2,2,170.34,0,0,0,4.9272,9,12,0,56.4385619,173.256,29.54,0,3,1.2814,6,12,0,121.6969429,194.23,35.53,0,3,2.0186,5,14,1,269.1209499,235.355,61.09,2,4,2.08138,4,13,0,260.9534945,GFP,3.180699201
101,2292,*CCCCCCCCCCCC,*CC(*)C(=O)OCCN(CC)CC,*CC(*)C(=O)OCCOc1ccccc1,*SC(=S)SC(C)(C#N)CCC(=O)O,2,1,170.34,0,0,0,4.9272,9,12,0,56.4385619,173.256,29.54,0,3,1.2814,6,12,0,121.6969429,194.23,35.53,0,3,2.0186,5,14,1,269.1209499,235.355,61.09,2,4,2.08138,4,13,0,260.9534945,GFP,3.217483944
101,2293,*CCCCCCCCCCCC,*CC(*)C(=O)OCCN(CC)CC,*CC(*)C(=O)OCCOc1ccccc1,*SC(=S)SC(C)(C#N)CCC(=O)O,2,0.5,170.34,0,0,0,4.9272,9,12,0,56.4385619,173.256,29.54,0,3,1.2814,6,12,0,121.6969429,194.23,35.53,0,3,2.0186,5,14,1,269.1209499,235.355,61.09,2,4,2.08138,4,13,0,260.9534945,GFP,2.998912904
101,2294,*CCCCCCCCCCCC,*CC(*)C(=O)OCCN(CC)CC,*CC(*)C(=O)OCCOc1ccccc1,*SC(=S)SC(C)(C#N)CCC(=O)O,5,2,170.34,0,0,0,4.9272,9,12,0,56.4385619,173.256,29.54,0,3,1.2814,6,12,0,121.6969429,194.23,35.53,0,3,2.0186,5,14,1,269.1209499,235.355,61.09,2,4,2.08138,4,13,0,260.9534945,GFP,3.20723031
101,2295,*CCCCCCCCCCCC,*CC(*)C(=O)OCCN(CC)CC,*CC(*)C(=O)OCCOc1ccccc1,*SC(=S)SC(C)(C#N)CCC(=O)O,5,1,170.34,0,0,0,4.9272,9,12,0,56.4385619,173.256,29.54,0,3,1.2814,6,12,0,121.6969429,194.23,35.53,0,3,2.0186,5,14,1,269.1209499,235.355,61.09,2,4,2.08138,4,13,0,260.9534945,GFP,3.207634367
101,2296,*CCCCCCCCCCCC,*CC(*)C(=O)OCCN(CC)CC,*CC(*)C(=O)OCCOc1ccccc1,*SC(=S)SC(C)(C#N)CCC(=O)O,5,0.5,170.34,0,0,0,4.9272,9,12,0,56.4385619,173.256,29.54,0,3,1.2814,6,12,0,121.6969429,194.23,35.53,0,3,2.0186,5,14,1,269.1209499,235.355,61.09,2,4,2.08138,4,13,0,260.9534945,GFP,3.158060794
101,2297,*CCCCCCCCCCCC,*CC(*)C(=O)OCCN(CC)CC,*CC(*)C(=O)OCCOc1ccccc1,*SC(=S)SC(C)(C#N)CCC(=O)O,10,2,170.34,0,0,0,4.9272,9,12,0,56.4385619,173.256,29.54,0,3,1.2814,6,12,0,121.6969429,194.23,35.53,0,3,2.0186,5,14,1,269.1209499,235.355,61.09,2,4,2.08138,4,13,0,260.9534945,GFP,3.212453961
101,2298,*CCCCCCCCCCCC,*CC(*)C(=O)OCCN(CC)CC,*CC(*)C(=O)OCCOc1ccccc1,*SC(=S)SC(C)(C#N)CCC(=O)O,10,1,170.34,0,0,0,4.9272,9,12,0,56.4385619,173.256,29.54,0,3,1.2814,6,12,0,121.6969429,194.23,35.53,0,3,2.0186,5,14,1,269.1209499,235.355,61.09,2,4,2.08138,4,13,0,260.9534945,GFP,3.245389271
101,2299,*CCCCCCCCCCCC,*CC(*)C(=O)OCCN(CC)CC,*CC(*)C(=O)OCCOc1ccccc1,*SC(=S)SC(C)(C#N)CCC(=O)O,10,0.5,170.34,0,0,0,4.9272,9,12,0,56.4385619,173.256,29.54,0,3,1.2814,6,12,0,121.6969429,194.23,35.53,0,3,2.0186,5,14,1,269.1209499,235.355,61.09,2,4,2.08138,4,13,0,260.9534945,GFP,3.236537261
101,2300,*CCCCCCCCCCCC,*CC(*)C(=O)OCCN(CC)CC,*CC(*)C(=O)OCCOc1ccccc1,*SC(=S)SC(C)(C#N)CCC(=O)O,20,2,170.34,0,0,0,4.9272,9,12,0,56.4385619,173.256,29.54,0,3,1.2814,6,12,0,121.6969429,194.23,35.53,0,3,2.0186,5,14,1,269.1209499,235.355,61.09,2,4,2.08138,4,13,0,260.9534945,GFP,3.285444783
101,2301,*CCCCCCCCCCCC,*CC(*)C(=O)OCCN(CC)CC,*CC(*)C(=O)OCCOc1ccccc1,*SC(=S)SC(C)(C#N)CCC(=O)O,20,1,170.34,0,0,0,4.9272,9,12,0,56.4385619,173.256,29.54,0,3,1.2814,6,12,0,121.6969429,194.23,35.53,0,3,2.0186,5,14,1,269.1209499,235.355,61.09,2,4,2.08138,4,13,0,260.9534945,GFP,3.145196406
101,2302,*CCCCCCCCCCCC,*CC(*)C(=O)OCCN(CC)CC,*CC(*)C(=O)OCCOc1ccccc1,*SC(=S)SC(C)(C#N)CCC(=O)O,20,0.5,170.34,0,0,0,4.9272,9,12,0,56.4385619,173.256,29.54,0,3,1.2814,6,12,0,121.6969429,194.23,35.53,0,3,2.0186,5,14,1,269.1209499,235.355,61.09,2,4,2.08138,4,13,0,260.9534945,GFP,3.204933522
101,2303,*CCCCCCCCCCCC,*CC(*)C(=O)OCCN(CC)CC,*CC(*)(C)C(=O)OCCCCCC,*SC(=S)SC(C)(C#N)CCC(=O)O,2,2,170.34,0,0,0,4.9272,9,12,0,56.4385619,173.256,29.54,0,3,1.2814,6,12,0,121.6969429,172.268,26.3,0,2,2.7659,6,12,0,119.0069869,235.355,61.09,2,4,2.08138,4,13,0,260.9534945,GFP,3.25791845
101,2304,*CCCCCCCCCCCC,*CC(*)C(=O)OCCN(CC)CC,*CC(*)(C)C(=O)OCCCCCC,*SC(=S)SC(C)(C#N)CCC(=O)O,2,1,170.34,0,0,0,4.9272,9,12,0,56.4385619,173.256,29.54,0,3,1.2814,6,12,0,121.6969429,172.268,26.3,0,2,2.7659,6,12,0,119.0069869,235.355,61.09,2,4,2.08138,4,13,0,260.9534945,GFP,3.293693951
101,2305,*CCCCCCCCCCCC,*CC(*)C(=O)OCCN(CC)CC,*CC(*)(C)C(=O)OCCCCCC,*SC(=S)SC(C)(C#N)CCC(=O)O,2,0.5,170.34,0,0,0,4.9272,9,12,0,56.4385619,173.256,29.54,0,3,1.2814,6,12,0,121.6969429,172.268,26.3,0,2,2.7659,6,12,0,119.0069869,235.355,61.09,2,4,2.08138,4,13,0,260.9534945,GFP,3.203848464
101,2306,*CCCCCCCCCCCC,*CC(*)C(=O)OCCN(CC)CC,*CC(*)(C)C(=O)OCCCCCC,*SC(=S)SC(C)(C#N)CCC(=O)O,5,2,170.34,0,0,0,4.9272,9,12,0,56.4385619,173.256,29.54,0,3,1.2814,6,12,0,121.6969429,172.268,26.3,0,2,2.7659,6,12,0,119.0069869,235.355,61.09,2,4,2.08138,4,13,0,260.9534945,GFP,3.333447274
101,2307,*CCCCCCCCCCCC,*CC(*)C(=O)OCCN(CC)CC,*CC(*)(C)C(=O)OCCCCCC,*SC(=S)SC(C)(C#N)CCC(=O)O,5,1,170.34,0,0,0,4.9272,9,12,0,56.4385619,173.256,29.54,0,3,1.2814,6,12,0,121.6969429,172.268,26.3,0,2,2.7659,6,12,0,119.0069869,235.355,61.09,2,4,2.08138,4,13,0,260.9534945,GFP,3.086715664
101,2308,*CCCCCCCCCCCC,*CC(*)C(=O)OCCN(CC)CC,*CC(*)(C)C(=O)OCCCCCC,*SC(=S)SC(C)(C#N)CCC(=O)O,5,0.5,170.34,0,0,0,4.9272,9,12,0,56.4385619,173.256,29.54,0,3,1.2814,6,12,0,121.6969429,172.268,26.3,0,2,2.7659,6,12,0,119.0069869,235.355,61.09,2,4,2.08138,4,13,0,260.9534945,GFP,3.276116989
101,2309,*CCCCCCCCCCCC,*CC(*)C(=O)OCCN(CC)CC,*CC(*)(C)C(=O)OCCCCCC,*SC(=S)SC(C)(C#N)CCC(=O)O,10,2,170.34,0,0,0,4.9272,9,12,0,56.4385619,173.256,29.54,0,3,1.2814,6,12,0,121.6969429,172.268,26.3,0,2,2.7659,6,12,0,119.0069869,235.355,61.09,2,4,2.08138,4,13,0,260.9534945,GFP,3.049799278
101,2310,*CCCCCCCCCCCC,*CC(*)C(=O)OCCN(CC)CC,*CC(*)(C)C(=O)OCCCCCC,*SC(=S)SC(C)(C#N)CCC(=O)O,10,1,170.34,0,0,0,4.9272,9,12,0,56.4385619,173.256,29.54,0,3,1.2814,6,12,0,121.6969429,172.268,26.3,0,2,2.7659,6,12,0,119.0069869,235.355,61.09,2,4,2.08138,4,13,0,260.9534945,GFP,3.158211669
101,2311,*CCCCCCCCCCCC,*CC(*)C(=O)OCCN(CC)CC,*CC(*)(C)C(=O)OCCCCCC,*SC(=S)SC(C)(C#N)CCC(=O)O,10,0.5,170.34,0,0,0,4.9272,9,12,0,56.4385619,173.256,29.54,0,3,1.2814,6,12,0,121.6969429,172.268,26.3,0,2,2.7659,6,12,0,119.0069869,235.355,61.09,2,4,2.08138,4,13,0,260.9534945,GFP,3.266701967
101,2312,*CCCCCCCCCCCC,*CC(*)C(=O)OCCN(CC)CC,*CC(*)(C)C(=O)OCCCCCC,*SC(=S)SC(C)(C#N)CCC(=O)O,20,2,170.34,0,0,0,4.9272,9,12,0,56.4385619,173.256,29.54,0,3,1.2814,6,12,0,121.6969429,172.268,26.3,0,2,2.7659,6,12,0,119.0069869,235.355,61.09,2,4,2.08138,4,13,0,260.9534945,GFP,3.269512944
101,2313,*CCCCCCCCCCCC,*CC(*)C(=O)OCCN(CC)CC,*CC(*)(C)C(=O)OCCCCCC,*SC(=S)SC(C)(C#N)CCC(=O)O,20,1,170.34,0,0,0,4.9272,9,12,0,56.4385619,173.256,29.54,0,3,1.2814,6,12,0,121.6969429,172.268,26.3,0,2,2.7659,6,12,0,119.0069869,235.355,61.09,2,4,2.08138,4,13,0,260.9534945,GFP,2.991890304
101,2314,*CCCCCCCCCCCC,*CC(*)C(=O)OCCN(CC)CC,*CC(*)(C)C(=O)OCCCCCC,*SC(=S)SC(C)(C#N)CCC(=O)O,20,0.5,170.34,0,0,0,4.9272,9,12,0,56.4385619,173.256,29.54,0,3,1.2814,6,12,0,121.6969429,172.268,26.3,0,2,2.7659,6,12,0,119.0069869,235.355,61.09,2,4,2.08138,4,13,0,260.9534945,GFP,3.127266818
101,2315,*CCCCCCCCCCCC,*CC(*)C(=O)OCCN(CC)CC,*CC(*)C(=O)OCC(CC)CCCC,*SC(=S)SC(C)(C#N)CCC(=O)O,2,2,170.34,0,0,0,4.9272,9,12,0,56.4385619,173.256,29.54,0,3,1.2814,6,12,0,121.6969429,186.295,26.3,0,2,3.156,7,13,0,132.0519685,235.355,61.09,2,4,2.08138,4,13,0,260.9534945,GFP,2.96449534
101,2316,*CCCCCCCCCCCC,*CC(*)C(=O)OCCN(CC)CC,*CC(*)C(=O)OCC(CC)CCCC,*SC(=S)SC(C)(C#N)CCC(=O)O,2,1,170.34,0,0,0,4.9272,9,12,0,56.4385619,173.256,29.54,0,3,1.2814,6,12,0,121.6969429,186.295,26.3,0,2,3.156,7,13,0,132.0519685,235.355,61.09,2,4,2.08138,4,13,0,260.9534945,GFP,3.1811287
101,2317,*CCCCCCCCCCCC,*CC(*)C(=O)OCCN(CC)CC,*CC(*)C(=O)OCC(CC)CCCC,*SC(=S)SC(C)(C#N)CCC(=O)O,2,0.5,170.34,0,0,0,4.9272,9,12,0,56.4385619,173.256,29.54,0,3,1.2814,6,12,0,121.6969429,186.295,26.3,0,2,3.156,7,13,0,132.0519685,235.355,61.09,2,4,2.08138,4,13,0,260.9534945,GFP,3.149527014
101,2318,*CCCCCCCCCCCC,*CC(*)C(=O)OCCN(CC)CC,*CC(*)C(=O)OCC(CC)CCCC,*SC(=S)SC(C)(C#N)CCC(=O)O,5,2,170.34,0,0,0,4.9272,9,12,0,56.4385619,173.256,29.54,0,3,1.2814,6,12,0,121.6969429,186.295,26.3,0,2,3.156,7,13,0,132.0519685,235.355,61.09,2,4,2.08138,4,13,0,260.9534945,GFP,3.196452542
101,2319,*CCCCCCCCCCCC,*CC(*)C(=O)OCCN(CC)CC,*CC(*)C(=O)OCC(CC)CCCC,*SC(=S)SC(C)(C#N)CCC(=O)O,5,1,170.34,0,0,0,4.9272,9,12,0,56.4385619,173.256,29.54,0,3,1.2814,6,12,0,121.6969429,186.295,26.3,0,2,3.156,7,13,0,132.0519685,235.355,61.09,2,4,2.08138,4,13,0,260.9534945,GFP,3.26799259
101,2320,*CCCCCCCCCCCC,*CC(*)C(=O)OCCN(CC)CC,*CC(*)C(=O)OCC(CC)CCCC,*SC(=S)SC(C)(C#N)CCC(=O)O,5,0.5,170.34,0,0,0,4.9272,9,12,0,56.4385619,173.256,29.54,0,3,1.2814,6,12,0,121.6969429,186.295,26.3,0,2,3.156,7,13,0,132.0519685,235.355,61.09,2,4,2.08138,4,13,0,260.9534945,GFP,3.219060332
101,2321,*CCCCCCCCCCCC,*CC(*)C(=O)OCCN(CC)CC,*CC(*)C(=O)OCC(CC)CCCC,*SC(=S)SC(C)(C#N)CCC(=O)O,10,2,170.34,0,0,0,4.9272,9,12,0,56.4385619,173.256,29.54,0,3,1.2814,6,12,0,121.6969429,186.295,26.3,0,2,3.156,7,13,0,132.0519685,235.355,61.09,2,4,2.08138,4,13,0,260.9534945,GFP,3.23363058
101,2322,*CCCCCCCCCCCC,*CC(*)C(=O)OCCN(CC)CC,*CC(*)C(=O)OCC(CC)CCCC,*SC(=S)SC(C)(C#N)CCC(=O)O,10,1,170.34,0,0,0,4.9272,9,12,0,56.4385619,173.256,29.54,0,3,1.2814,6,12,0,121.6969429,186.295,26.3,0,2,3.156,7,13,0,132.0519685,235.355,61.09,2,4,2.08138,4,13,0,260.9534945,GFP,3.061452479
101,2323,*CCCCCCCCCCCC,*CC(*)C(=O)OCCN(CC)CC,*CC(*)C(=O)OCC(CC)CCCC,*SC(=S)SC(C)(C#N)CCC(=O)O,10,0.5,170.34,0,0,0,4.9272,9,12,0,56.4385619,173.256,29.54,0,3,1.2814,6,12,0,121.6969429,186.295,26.3,0,2,3.156,7,13,0,132.0519685,235.355,61.09,2,4,2.08138,4,13,0,260.9534945,GFP,3.287689784
101,2324,*CCCCCCCCCCCC,*CC(*)C(=O)OCCN(CC)CC,*CC(*)C(=O)OCC(CC)CCCC,*SC(=S)SC(C)(C#N)CCC(=O)O,20,2,170.34,0,0,0,4.9272,9,12,0,56.4385619,173.256,29.54,0,3,1.2814,6,12,0,121.6969429,186.295,26.3,0,2,3.156,7,13,0,132.0519685,235.355,61.09,2,4,2.08138,4,13,0,260.9534945,GFP,3.115610512
101,2325,*CCCCCCCCCCCC,*CC(*)C(=O)OCCN(CC)CC,*CC(*)C(=O)OCC(CC)CCCC,*SC(=S)SC(C)(C#N)CCC(=O)O,20,1,170.34,0,0,0,4.9272,9,12,0,56.4385619,173.256,29.54,0,3,1.2814,6,12,0,121.6969429,186.295,26.3,0,2,3.156,7,13,0,132.0519685,235.355,61.09,2,4,2.08138,4,13,0,260.9534945,GFP,3.117271296
101,2326,*CCCCCCCCCCCC,*CC(*)C(=O)OCCN(CC)CC,*CC(*)C(=O)OCC(CC)CCCC,*SC(=S)SC(C)(C#N)CCC(=O)O,20,0.5,170.34,0,0,0,4.9272,9,12,0,56.4385619,173.256,29.54,0,3,1.2814,6,12,0,121.6969429,186.295,26.3,0,2,3.156,7,13,0,132.0519685,235.355,61.09,2,4,2.08138,4,13,0,260.9534945,GFP,3.28510703
101,2327,*CCCCCCCCCCCC,*CC(*)(C)C(=O)OCCN(C)C,*CC(*)C(=O)OCCOc1ccccc1,*SC(=S)SC(C)(C#N)CCC(=O)O,2,2,170.34,0,0,0,4.9272,9,12,0,56.4385619,159.229,29.54,0,3,0.7472,4,11,0,121.2604657,194.23,35.53,0,3,2.0186,5,14,1,269.1209499,235.355,61.09,2,4,2.08138,4,13,0,260.9534945,GFP,3.339153196
101,2328,*CCCCCCCCCCCC,*CC(*)(C)C(=O)OCCN(C)C,*CC(*)C(=O)OCCOc1ccccc1,*SC(=S)SC(C)(C#N)CCC(=O)O,2,1,170.34,0,0,0,4.9272,9,12,0,56.4385619,159.229,29.54,0,3,0.7472,4,11,0,121.2604657,194.23,35.53,0,3,2.0186,5,14,1,269.1209499,235.355,61.09,2,4,2.08138,4,13,0,260.9534945,GFP,3.284430734
101,2329,*CCCCCCCCCCCC,*CC(*)(C)C(=O)OCCN(C)C,*CC(*)C(=O)OCCOc1ccccc1,*SC(=S)SC(C)(C#N)CCC(=O)O,2,0.5,170.34,0,0,0,4.9272,9,12,0,56.4385619,159.229,29.54,0,3,0.7472,4,11,0,121.2604657,194.23,35.53,0,3,2.0186,5,14,1,269.1209499,235.355,61.09,2,4,2.08138,4,13,0,260.9534945,GFP,3.180842415
101,2330,*CCCCCCCCCCCC,*CC(*)(C)C(=O)OCCN(C)C,*CC(*)C(=O)OCCOc1ccccc1,*SC(=S)SC(C)(C#N)CCC(=O)O,5,2,170.34,0,0,0,4.9272,9,12,0,56.4385619,159.229,29.54,0,3,0.7472,4,11,0,121.2604657,194.23,35.53,0,3,2.0186,5,14,1,269.1209499,235.355,61.09,2,4,2.08138,4,13,0,260.9534945,GFP,3.231087121
101,2331,*CCCCCCCCCCCC,*CC(*)(C)C(=O)OCCN(C)C,*CC(*)C(=O)OCCOc1ccccc1,*SC(=S)SC(C)(C#N)CCC(=O)O,5,1,170.34,0,0,0,4.9272,9,12,0,56.4385619,159.229,29.54,0,3,0.7472,4,11,0,121.2604657,194.23,35.53,0,3,2.0186,5,14,1,269.1209499,235.355,61.09,2,4,2.08138,4,13,0,260.9534945,GFP,3.075911761
101,2332,*CCCCCCCCCCCC,*CC(*)(C)C(=O)OCCN(C)C,*CC(*)C(=O)OCCOc1ccccc1,*SC(=S)SC(C)(C#N)CCC(=O)O,5,0.5,170.34,0,0,0,4.9272,9,12,0,56.4385619,159.229,29.54,0,3,0.7472,4,11,0,121.2604657,194.23,35.53,0,3,2.0186,5,14,1,269.1209499,235.355,61.09,2,4,2.08138,4,13,0,260.9534945,GFP,3.264817823
101,2333,*CCCCCCCCCCCC,*CC(*)(C)C(=O)OCCN(C)C,*CC(*)C(=O)OCCOc1ccccc1,*SC(=S)SC(C)(C#N)CCC(=O)O,10,2,170.34,0,0,0,4.9272,9,12,0,56.4385619,159.229,29.54,0,3,0.7472,4,11,0,121.2604657,194.23,35.53,0,3,2.0186,5,14,1,269.1209499,235.355,61.09,2,4,2.08138,4,13,0,260.9534945,GFP,3.376576957
101,2334,*CCCCCCCCCCCC,*CC(*)(C)C(=O)OCCN(C)C,*CC(*)C(=O)OCCOc1ccccc1,*SC(=S)SC(C)(C#N)CCC(=O)O,10,1,170.34,0,0,0,4.9272,9,12,0,56.4385619,159.229,29.54,0,3,0.7472,4,11,0,121.2604657,194.23,35.53,0,3,2.0186,5,14,1,269.1209499,235.355,61.09,2,4,2.08138,4,13,0,260.9534945,GFP,3.252731703
101,2335,*CCCCCCCCCCCC,*CC(*)(C)C(=O)OCCN(C)C,*CC(*)C(=O)OCCOc1ccccc1,*SC(=S)SC(C)(C#N)CCC(=O)O,10,0.5,170.34,0,0,0,4.9272,9,12,0,56.4385619,159.229,29.54,0,3,0.7472,4,11,0,121.2604657,194.23,35.53,0,3,2.0186,5,14,1,269.1209499,235.355,61.09,2,4,2.08138,4,13,0,260.9534945,GFP,3.221674997
101,2336,*CCCCCCCCCCCC,*CC(*)(C)C(=O)OCCN(C)C,*CC(*)C(=O)OCCOc1ccccc1,*SC(=S)SC(C)(C#N)CCC(=O)O,20,2,170.34,0,0,0,4.9272,9,12,0,56.4385619,159.229,29.54,0,3,0.7472,4,11,0,121.2604657,194.23,35.53,0,3,2.0186,5,14,1,269.1209499,235.355,61.09,2,4,2.08138,4,13,0,260.9534945,GFP,3.326847699
101,2337,*CCCCCCCCCCCC,*CC(*)(C)C(=O)OCCN(C)C,*CC(*)C(=O)OCCOc1ccccc1,*SC(=S)SC(C)(C#N)CCC(=O)O,20,1,170.34,0,0,0,4.9272,9,12,0,56.4385619,159.229,29.54,0,3,0.7472,4,11,0,121.2604657,194.23,35.53,0,3,2.0186,5,14,1,269.1209499,235.355,61.09,2,4,2.08138,4,13,0,260.9534945,GFP,3.523616419
101,2338,*CCCCCCCCCCCC,*CC(*)(C)C(=O)OCCN(C)C,*CC(*)C(=O)OCCOc1ccccc1,*SC(=S)SC(C)(C#N)CCC(=O)O,20,0.5,170.34,0,0,0,4.9272,9,12,0,56.4385619,159.229,29.54,0,3,0.7472,4,11,0,121.2604657,194.23,35.53,0,3,2.0186,5,14,1,269.1209499,235.355,61.09,2,4,2.08138,4,13,0,260.9534945,GFP,3.3516997
101,2339,*CCCCCCCCCCCC,*CC(*)(C)C(=O)OCCN(C)C,*CC(*)(C)C(=O)OCCCCCC,*SC(=S)SC(C)(C#N)CCC(=O)O,2,2,170.34,0,0,0,4.9272,9,12,0,56.4385619,159.229,29.54,0,3,0.7472,4,11,0,121.2604657,172.268,26.3,0,2,2.7659,6,12,0,119.0069869,235.355,61.09,2,4,2.08138,4,13,0,260.9534945,GFP,3.110758009
101,2340,*CCCCCCCCCCCC,*CC(*)(C)C(=O)OCCN(C)C,*CC(*)(C)C(=O)OCCCCCC,*SC(=S)SC(C)(C#N)CCC(=O)O,2,1,170.34,0,0,0,4.9272,9,12,0,56.4385619,159.229,29.54,0,3,0.7472,4,11,0,121.2604657,172.268,26.3,0,2,2.7659,6,12,0,119.0069869,235.355,61.09,2,4,2.08138,4,13,0,260.9534945,GFP,3.352471951
101,2341,*CCCCCCCCCCCC,*CC(*)(C)C(=O)OCCN(C)C,*CC(*)(C)C(=O)OCCCCCC,*SC(=S)SC(C)(C#N)CCC(=O)O,2,0.5,170.34,0,0,0,4.9272,9,12,0,56.4385619,159.229,29.54,0,3,0.7472,4,11,0,121.2604657,172.268,26.3,0,2,2.7659,6,12,0,119.0069869,235.355,61.09,2,4,2.08138,4,13,0,260.9534945,GFP,3.190331698
101,2342,*CCCCCCCCCCCC,*CC(*)(C)C(=O)OCCN(C)C,*CC(*)(C)C(=O)OCCCCCC,*SC(=S)SC(C)(C#N)CCC(=O)O,5,2,170.34,0,0,0,4.9272,9,12,0,56.4385619,159.229,29.54,0,3,0.7472,4,11,0,121.2604657,172.268,26.3,0,2,2.7659,6,12,0,119.0069869,235.355,61.09,2,4,2.08138,4,13,0,260.9534945,GFP,3.115111036
101,2343,*CCCCCCCCCCCC,*CC(*)(C)C(=O)OCCN(C)C,*CC(*)(C)C(=O)OCCCCCC,*SC(=S)SC(C)(C#N)CCC(=O)O,5,1,170.34,0,0,0,4.9272,9,12,0,56.4385619,159.229,29.54,0,3,0.7472,4,11,0,121.2604657,172.268,26.3,0,2,2.7659,6,12,0,119.0069869,235.355,61.09,2,4,2.08138,4,13,0,260.9534945,GFP,3.626289029
101,2344,*CCCCCCCCCCCC,*CC(*)(C)C(=O)OCCN(C)C,*CC(*)(C)C(=O)OCCCCCC,*SC(=S)SC(C)(C#N)CCC(=O)O,5,0.5,170.34,0,0,0,4.9272,9,12,0,56.4385619,159.229,29.54,0,3,0.7472,4,11,0,121.2604657,172.268,26.3,0,2,2.7659,6,12,0,119.0069869,235.355,61.09,2,4,2.08138,4,13,0,260.9534945,GFP,3.1987945
101,2345,*CCCCCCCCCCCC,*CC(*)(C)C(=O)OCCN(C)C,*CC(*)(C)C(=O)OCCCCCC,*SC(=S)SC(C)(C#N)CCC(=O)O,10,2,170.34,0,0,0,4.9272,9,12,0,56.4385619,159.229,29.54,0,3,0.7472,4,11,0,121.2604657,172.268,26.3,0,2,2.7659,6,12,0,119.0069869,235.355,61.09,2,4,2.08138,4,13,0,260.9534945,GFP,3.198244586
101,2346,*CCCCCCCCCCCC,*CC(*)(C)C(=O)OCCN(C)C,*CC(*)(C)C(=O)OCCCCCC,*SC(=S)SC(C)(C#N)CCC(=O)O,10,1,170.34,0,0,0,4.9272,9,12,0,56.4385619,159.229,29.54,0,3,0.7472,4,11,0,121.2604657,172.268,26.3,0,2,2.7659,6,12,0,119.0069869,235.355,61.09,2,4,2.08138,4,13,0,260.9534945,GFP,3.513150985
101,2347,*CCCCCCCCCCCC,*CC(*)(C)C(=O)OCCN(C)C,*CC(*)(C)C(=O)OCCCCCC,*SC(=S)SC(C)(C#N)CCC(=O)O,10,0.5,170.34,0,0,0,4.9272,9,12,0,56.4385619,159.229,29.54,0,3,0.7472,4,11,0,121.2604657,172.268,26.3,0,2,2.7659,6,12,0,119.0069869,235.355,61.09,2,4,2.08138,4,13,0,260.9534945,GFP,3.186815124
101,2348,*CCCCCCCCCCCC,*CC(*)(C)C(=O)OCCN(C)C,*CC(*)(C)C(=O)OCCCCCC,*SC(=S)SC(C)(C#N)CCC(=O)O,20,2,170.34,0,0,0,4.9272,9,12,0,56.4385619,159.229,29.54,0,3,0.7472,4,11,0,121.2604657,172.268,26.3,0,2,2.7659,6,12,0,119.0069869,235.355,61.09,2,4,2.08138,4,13,0,260.9534945,GFP,3.230704314
101,2349,*CCCCCCCCCCCC,*CC(*)(C)C(=O)OCCN(C)C,*CC(*)(C)C(=O)OCCCCCC,*SC(=S)SC(C)(C#N)CCC(=O)O,20,1,170.34,0,0,0,4.9272,9,12,0,56.4385619,159.229,29.54,0,3,0.7472,4,11,0,121.2604657,172.268,26.3,0,2,2.7659,6,12,0,119.0069869,235.355,61.09,2,4,2.08138,4,13,0,260.9534945,GFP,3.123198075
101,2350,*CCCCCCCCCCCC,*CC(*)(C)C(=O)OCCN(C)C,*CC(*)(C)C(=O)OCCCCCC,*SC(=S)SC(C)(C#N)CCC(=O)O,20,0.5,170.34,0,0,0,4.9272,9,12,0,56.4385619,159.229,29.54,0,3,0.7472,4,11,0,121.2604657,172.268,26.3,0,2,2.7659,6,12,0,119.0069869,235.355,61.09,2,4,2.08138,4,13,0,260.9534945,GFP,3.289811839
101,2351,*CCCCCCCCCCCC,*CC(*)(C)C(=O)OCCN(C)C,*CC(*)C(=O)OCC(CC)CCCC,*SC(=S)SC(C)(C#N)CCC(=O)O,2,2,170.34,0,0,0,4.9272,9,12,0,56.4385619,159.229,29.54,0,3,0.7472,4,11,0,121.2604657,186.295,26.3,0,2,3.156,7,13,0,132.0519685,235.355,61.09,2,4,2.08138,4,13,0,260.9534945,GFP,3.23146959
101,2352,*CCCCCCCCCCCC,*CC(*)(C)C(=O)OCCN(C)C,*CC(*)C(=O)OCC(CC)CCCC,*SC(=S)SC(C)(C#N)CCC(=O)O,2,1,170.34,0,0,0,4.9272,9,12,0,56.4385619,159.229,29.54,0,3,0.7472,4,11,0,121.2604657,186.295,26.3,0,2,3.156,7,13,0,132.0519685,235.355,61.09,2,4,2.08138,4,13,0,260.9534945,GFP,3.311117843
101,2353,*CCCCCCCCCCCC,*CC(*)(C)C(=O)OCCN(C)C,*CC(*)C(=O)OCC(CC)CCCC,*SC(=S)SC(C)(C#N)CCC(=O)O,2,0.5,170.34,0,0,0,4.9272,9,12,0,56.4385619,159.229,29.54,0,3,0.7472,4,11,0,121.2604657,186.295,26.3,0,2,3.156,7,13,0,132.0519685,235.355,61.09,2,4,2.08138,4,13,0,260.9534945,GFP,3.092720645
101,2354,*CCCCCCCCCCCC,*CC(*)(C)C(=O)OCCN(C)C,*CC(*)C(=O)OCC(CC)CCCC,*SC(=S)SC(C)(C#N)CCC(=O)O,5,2,170.34,0,0,0,4.9272,9,12,0,56.4385619,159.229,29.54,0,3,0.7472,4,11,0,121.2604657,186.295,26.3,0,2,3.156,7,13,0,132.0519685,235.355,61.09,2,4,2.08138,4,13,0,260.9534945,GFP,3.175511813
101,2355,*CCCCCCCCCCCC,*CC(*)(C)C(=O)OCCN(C)C,*CC(*)C(=O)OCC(CC)CCCC,*SC(=S)SC(C)(C#N)CCC(=O)O,5,1,170.34,0,0,0,4.9272,9,12,0,56.4385619,159.229,29.54,0,3,0.7472,4,11,0,121.2604657,186.295,26.3,0,2,3.156,7,13,0,132.0519685,235.355,61.09,2,4,2.08138,4,13,0,260.9534945,GFP,3.445214876
101,2356,*CCCCCCCCCCCC,*CC(*)(C)C(=O)OCCN(C)C,*CC(*)C(=O)OCC(CC)CCCC,*SC(=S)SC(C)(C#N)CCC(=O)O,5,0.5,170.34,0,0,0,4.9272,9,12,0,56.4385619,159.229,29.54,0,3,0.7472,4,11,0,121.2604657,186.295,26.3,0,2,3.156,7,13,0,132.0519685,235.355,61.09,2,4,2.08138,4,13,0,260.9534945,GFP,3.287913647
101,2357,*CCCCCCCCCCCC,*CC(*)(C)C(=O)OCCN(C)C,*CC(*)C(=O)OCC(CC)CCCC,*SC(=S)SC(C)(C#N)CCC(=O)O,10,2,170.34,0,0,0,4.9272,9,12,0,56.4385619,159.229,29.54,0,3,0.7472,4,11,0,121.2604657,186.295,26.3,0,2,3.156,7,13,0,132.0519685,235.355,61.09,2,4,2.08138,4,13,0,260.9534945,GFP,3.186956335
101,2358,*CCCCCCCCCCCC,*CC(*)(C)C(=O)OCCN(C)C,*CC(*)C(=O)OCC(CC)CCCC,*SC(=S)SC(C)(C#N)CCC(=O)O,10,1,170.34,0,0,0,4.9272,9,12,0,56.4385619,159.229,29.54,0,3,0.7472,4,11,0,121.2604657,186.295,26.3,0,2,3.156,7,13,0,132.0519685,235.355,61.09,2,4,2.08138,4,13,0,260.9534945,GFP,2.976579219
101,2359,*CCCCCCCCCCCC,*CC(*)(C)C(=O)OCCN(C)C,*CC(*)C(=O)OCC(CC)CCCC,*SC(=S)SC(C)(C#N)CCC(=O)O,10,0.5,170.34,0,0,0,4.9272,9,12,0,56.4385619,159.229,29.54,0,3,0.7472,4,11,0,121.2604657,186.295,26.3,0,2,3.156,7,13,0,132.0519685,235.355,61.09,2,4,2.08138,4,13,0,260.9534945,GFP,2.997604787
101,2360,*CCCCCCCCCCCC,*CC(*)(C)C(=O)OCCN(C)C,*CC(*)C(=O)OCC(CC)CCCC,*SC(=S)SC(C)(C#N)CCC(=O)O,20,2,170.34,0,0,0,4.9272,9,12,0,56.4385619,159.229,29.54,0,3,0.7472,4,11,0,121.2604657,186.295,26.3,0,2,3.156,7,13,0,132.0519685,235.355,61.09,2,4,2.08138,4,13,0,260.9534945,GFP,3.15136985
101,2361,*CCCCCCCCCCCC,*CC(*)(C)C(=O)OCCN(C)C,*CC(*)C(=O)OCC(CC)CCCC,*SC(=S)SC(C)(C#N)CCC(=O)O,20,1,170.34,0,0,0,4.9272,9,12,0,56.4385619,159.229,29.54,0,3,0.7472,4,11,0,121.2604657,186.295,26.3,0,2,3.156,7,13,0,132.0519685,235.355,61.09,2,4,2.08138,4,13,0,260.9534945,GFP,3.239799818
101,2362,*CCCCCCCCCCCC,*CC(*)(C)C(=O)OCCN(C)C,*CC(*)C(=O)OCC(CC)CCCC,*SC(=S)SC(C)(C#N)CCC(=O)O,20,0.5,170.34,0,0,0,4.9272,9,12,0,56.4385619,159.229,29.54,0,3,0.7472,4,11,0,121.2604657,186.295,26.3,0,2,3.156,7,13,0,132.0519685,235.355,61.09,2,4,2.08138,4,13,0,260.9534945,GFP,3.165689376
101,2363,*CCCCCCCCCCCC,*CC(*)C(=O)OCCN(C)C,*CC(*)C(=O)OCCOc1ccccc1,*SC(=S)SC(C)(C#N)CCC(=O)O,2,2,170.34,0,0,0,4.9272,9,12,0,56.4385619,145.202,29.54,0,3,0.5012,4,10,0,101.7792292,194.23,35.53,0,3,2.0186,5,14,1,269.1209499,235.355,61.09,2,4,2.08138,4,13,0,260.9534945,GFP,3.229297794
101,2364,*CCCCCCCCCCCC,*CC(*)C(=O)OCCN(C)C,*CC(*)C(=O)OCCOc1ccccc1,*SC(=S)SC(C)(C#N)CCC(=O)O,2,1,170.34,0,0,0,4.9272,9,12,0,56.4385619,145.202,29.54,0,3,0.5012,4,10,0,101.7792292,194.23,35.53,0,3,2.0186,5,14,1,269.1209499,235.355,61.09,2,4,2.08138,4,13,0,260.9534945,GFP,3.327154512
101,2365,*CCCCCCCCCCCC,*CC(*)C(=O)OCCN(C)C,*CC(*)C(=O)OCCOc1ccccc1,*SC(=S)SC(C)(C#N)CCC(=O)O,2,0.5,170.34,0,0,0,4.9272,9,12,0,56.4385619,145.202,29.54,0,3,0.5012,4,10,0,101.7792292,194.23,35.53,0,3,2.0186,5,14,1,269.1209499,235.355,61.09,2,4,2.08138,4,13,0,260.9534945,GFP,3.286007122
101,2366,*CCCCCCCCCCCC,*CC(*)C(=O)OCCN(C)C,*CC(*)C(=O)OCCOc1ccccc1,*SC(=S)SC(C)(C#N)CCC(=O)O,5,2,170.34,0,0,0,4.9272,9,12,0,56.4385619,145.202,29.54,0,3,0.5012,4,10,0,101.7792292,194.23,35.53,0,3,2.0186,5,14,1,269.1209499,235.355,61.09,2,4,2.08138,4,13,0,260.9534945,GFP,3.30427505
101,2367,*CCCCCCCCCCCC,*CC(*)C(=O)OCCN(C)C,*CC(*)C(=O)OCCOc1ccccc1,*SC(=S)SC(C)(C#N)CCC(=O)O,5,1,170.34,0,0,0,4.9272,9,12,0,56.4385619,145.202,29.54,0,3,0.5012,4,10,0,101.7792292,194.23,35.53,0,3,2.0186,5,14,1,269.1209499,235.355,61.09,2,4,2.08138,4,13,0,260.9534945,GFP,3.217483944
101,2368,*CCCCCCCCCCCC,*CC(*)C(=O)OCCN(C)C,*CC(*)C(=O)OCCOc1ccccc1,*SC(=S)SC(C)(C#N)CCC(=O)O,5,0.5,170.34,0,0,0,4.9272,9,12,0,56.4385619,145.202,29.54,0,3,0.5012,4,10,0,101.7792292,194.23,35.53,0,3,2.0186,5,14,1,269.1209499,235.355,61.09,2,4,2.08138,4,13,0,260.9534945,GFP,3.276691529
101,2369,*CCCCCCCCCCCC,*CC(*)C(=O)OCCN(C)C,*CC(*)C(=O)OCCOc1ccccc1,*SC(=S)SC(C)(C#N)CCC(=O)O,10,2,170.34,0,0,0,4.9272,9,12,0,56.4385619,145.202,29.54,0,3,0.5012,4,10,0,101.7792292,194.23,35.53,0,3,2.0186,5,14,1,269.1209499,235.355,61.09,2,4,2.08138,4,13,0,260.9534945,GFP,3.300812794
101,2370,*CCCCCCCCCCCC,*CC(*)C(=O)OCCN(C)C,*CC(*)C(=O)OCCOc1ccccc1,*SC(=S)SC(C)(C#N)CCC(=O)O,10,1,170.34,0,0,0,4.9272,9,12,0,56.4385619,145.202,29.54,0,3,0.5012,4,10,0,101.7792292,194.23,35.53,0,3,2.0186,5,14,1,269.1209499,235.355,61.09,2,4,2.08138,4,13,0,260.9534945,GFP,3.199206479
101,2371,*CCCCCCCCCCCC,*CC(*)C(=O)OCCN(C)C,*CC(*)C(=O)OCCOc1ccccc1,*SC(=S)SC(C)(C#N)CCC(=O)O,10,0.5,170.34,0,0,0,4.9272,9,12,0,56.4385619,145.202,29.54,0,3,0.5012,4,10,0,101.7792292,194.23,35.53,0,3,2.0186,5,14,1,269.1209499,235.355,61.09,2,4,2.08138,4,13,0,260.9534945,GFP,3.310374642
101,2372,*CCCCCCCCCCCC,*CC(*)C(=O)OCCN(C)C,*CC(*)C(=O)OCCOc1ccccc1,*SC(=S)SC(C)(C#N)CCC(=O)O,20,2,170.34,0,0,0,4.9272,9,12,0,56.4385619,145.202,29.54,0,3,0.5012,4,10,0,101.7792292,194.23,35.53,0,3,2.0186,5,14,1,269.1209499,235.355,61.09,2,4,2.08138,4,13,0,260.9534945,GFP,3.291035675
101,2373,*CCCCCCCCCCCC,*CC(*)C(=O)OCCN(C)C,*CC(*)C(=O)OCCOc1ccccc1,*SC(=S)SC(C)(C#N)CCC(=O)O,20,1,170.34,0,0,0,4.9272,9,12,0,56.4385619,145.202,29.54,0,3,0.5012,4,10,0,101.7792292,194.23,35.53,0,3,2.0186,5,14,1,269.1209499,235.355,61.09,2,4,2.08138,4,13,0,260.9534945,GFP,3.27404233
101,2374,*CCCCCCCCCCCC,*CC(*)C(=O)OCCN(C)C,*CC(*)C(=O)OCCOc1ccccc1,*SC(=S)SC(C)(C#N)CCC(=O)O,20,0.5,170.34,0,0,0,4.9272,9,12,0,56.4385619,145.202,29.54,0,3,0.5012,4,10,0,101.7792292,194.23,35.53,0,3,2.0186,5,14,1,269.1209499,235.355,61.09,2,4,2.08138,4,13,0,260.9534945,GFP,3.316180099
101,2375,*CCCCCCCCCCCC,*CC(*)C(=O)OCCN(C)C,*CC(*)(C)C(=O)OCCCCCC,*SC(=S)SC(C)(C#N)CCC(=O)O,2,2,170.34,0,0,0,4.9272,9,12,0,56.4385619,145.202,29.54,0,3,0.5012,4,10,0,101.7792292,172.268,26.3,0,2,2.7659,6,12,0,119.0069869,235.355,61.09,2,4,2.08138,4,13,0,260.9534945,GFP,3.253216813
101,2376,*CCCCCCCCCCCC,*CC(*)C(=O)OCCN(C)C,*CC(*)(C)C(=O)OCCCCCC,*SC(=S)SC(C)(C#N)CCC(=O)O,2,1,170.34,0,0,0,4.9272,9,12,0,56.4385619,145.202,29.54,0,3,0.5012,4,10,0,101.7792292,172.268,26.3,0,2,2.7659,6,12,0,119.0069869,235.355,61.09,2,4,2.08138,4,13,0,260.9534945,GFP,3.251516552
101,2377,*CCCCCCCCCCCC,*CC(*)C(=O)OCCN(C)C,*CC(*)(C)C(=O)OCCCCCC,*SC(=S)SC(C)(C#N)CCC(=O)O,2,0.5,170.34,0,0,0,4.9272,9,12,0,56.4385619,145.202,29.54,0,3,0.5012,4,10,0,101.7792292,172.268,26.3,0,2,2.7659,6,12,0,119.0069869,235.355,61.09,2,4,2.08138,4,13,0,260.9534945,GFP,3.329804522
101,2378,*CCCCCCCCCCCC,*CC(*)C(=O)OCCN(C)C,*CC(*)(C)C(=O)OCCCCCC,*SC(=S)SC(C)(C#N)CCC(=O)O,5,2,170.34,0,0,0,4.9272,9,12,0,56.4385619,145.202,29.54,0,3,0.5012,4,10,0,101.7792292,172.268,26.3,0,2,2.7659,6,12,0,119.0069869,235.355,61.09,2,4,2.08138,4,13,0,260.9534945,GFP,3.262094965
101,2379,*CCCCCCCCCCCC,*CC(*)C(=O)OCCN(C)C,*CC(*)(C)C(=O)OCCCCCC,*SC(=S)SC(C)(C#N)CCC(=O)O,5,1,170.34,0,0,0,4.9272,9,12,0,56.4385619,145.202,29.54,0,3,0.5012,4,10,0,101.7792292,172.268,26.3,0,2,2.7659,6,12,0,119.0069869,235.355,61.09,2,4,2.08138,4,13,0,260.9534945,GFP,3.354012346
101,2380,*CCCCCCCCCCCC,*CC(*)C(=O)OCCN(C)C,*CC(*)(C)C(=O)OCCCCCC,*SC(=S)SC(C)(C#N)CCC(=O)O,5,0.5,170.34,0,0,0,4.9272,9,12,0,56.4385619,145.202,29.54,0,3,0.5012,4,10,0,101.7792292,172.268,26.3,0,2,2.7659,6,12,0,119.0069869,235.355,61.09,2,4,2.08138,4,13,0,260.9534945,GFP,3.317750029
101,2381,*CCCCCCCCCCCC,*CC(*)C(=O)OCCN(C)C,*CC(*)(C)C(=O)OCCCCCC,*SC(=S)SC(C)(C#N)CCC(=O)O,10,2,170.34,0,0,0,4.9272,9,12,0,56.4385619,145.202,29.54,0,3,0.5012,4,10,0,101.7792292,172.268,26.3,0,2,2.7659,6,12,0,119.0069869,235.355,61.09,2,4,2.08138,4,13,0,260.9534945,GFP,3.349180359
101,2382,*CCCCCCCCCCCC,*CC(*)C(=O)OCCN(C)C,*CC(*)(C)C(=O)OCCCCCC,*SC(=S)SC(C)(C#N)CCC(=O)O,10,1,170.34,0,0,0,4.9272,9,12,0,56.4385619,145.202,29.54,0,3,0.5012,4,10,0,101.7792292,172.268,26.3,0,2,2.7659,6,12,0,119.0069869,235.355,61.09,2,4,2.08138,4,13,0,260.9534945,GFP,3.270678836
101,2383,*CCCCCCCCCCCC,*CC(*)C(=O)OCCN(C)C,*CC(*)(C)C(=O)OCCCCCC,*SC(=S)SC(C)(C#N)CCC(=O)O,10,0.5,170.34,0,0,0,4.9272,9,12,0,56.4385619,145.202,29.54,0,3,0.5012,4,10,0,101.7792292,172.268,26.3,0,2,2.7659,6,12,0,119.0069869,235.355,61.09,2,4,2.08138,4,13,0,260.9534945,GFP,3.285332228
101,2384,*CCCCCCCCCCCC,*CC(*)C(=O)OCCN(C)C,*CC(*)(C)C(=O)OCCCCCC,*SC(=S)SC(C)(C#N)CCC(=O)O,20,2,170.34,0,0,0,4.9272,9,12,0,56.4385619,145.202,29.54,0,3,0.5012,4,10,0,101.7792292,172.268,26.3,0,2,2.7659,6,12,0,119.0069869,235.355,61.09,2,4,2.08138,4,13,0,260.9534945,GFP,3.323458367
101,2385,*CCCCCCCCCCCC,*CC(*)C(=O)OCCN(C)C,*CC(*)(C)C(=O)OCCCCCC,*SC(=S)SC(C)(C#N)CCC(=O)O,20,1,170.34,0,0,0,4.9272,9,12,0,56.4385619,145.202,29.54,0,3,0.5012,4,10,0,101.7792292,172.268,26.3,0,2,2.7659,6,12,0,119.0069869,235.355,61.09,2,4,2.08138,4,13,0,260.9534945,GFP,3.293583513
101,2386,*CCCCCCCCCCCC,*CC(*)C(=O)OCCN(C)C,*CC(*)(C)C(=O)OCCCCCC,*SC(=S)SC(C)(C#N)CCC(=O)O,20,0.5,170.34,0,0,0,4.9272,9,12,0,56.4385619,145.202,29.54,0,3,0.5012,4,10,0,101.7792292,172.268,26.3,0,2,2.7659,6,12,0,119.0069869,235.355,61.09,2,4,2.08138,4,13,0,260.9534945,GFP,3.296116492
101,2387,*CCCCCCCCCCCC,*CC(*)C(=O)OCCN(C)C,*CC(*)C(=O)OCC(CC)CCCC,*SC(=S)SC(C)(C#N)CCC(=O)O,2,2,170.34,0,0,0,4.9272,9,12,0,56.4385619,145.202,29.54,0,3,0.5012,4,10,0,101.7792292,186.295,26.3,0,2,3.156,7,13,0,132.0519685,235.355,61.09,2,4,2.08138,4,13,0,260.9534945,GFP,3.339749482
101,2388,*CCCCCCCCCCCC,*CC(*)C(=O)OCCN(C)C,*CC(*)C(=O)OCC(CC)CCCC,*SC(=S)SC(C)(C#N)CCC(=O)O,2,1,170.34,0,0,0,4.9272,9,12,0,56.4385619,145.202,29.54,0,3,0.5012,4,10,0,101.7792292,186.295,26.3,0,2,3.156,7,13,0,132.0519685,235.355,61.09,2,4,2.08138,4,13,0,260.9534945,GFP,3.462772228
101,2389,*CCCCCCCCCCCC,*CC(*)C(=O)OCCN(C)C,*CC(*)C(=O)OCC(CC)CCCC,*SC(=S)SC(C)(C#N)CCC(=O)O,2,0.5,170.34,0,0,0,4.9272,9,12,0,56.4385619,145.202,29.54,0,3,0.5012,4,10,0,101.7792292,186.295,26.3,0,2,3.156,7,13,0,132.0519685,235.355,61.09,2,4,2.08138,4,13,0,260.9534945,GFP,3.322115879
101,2390,*CCCCCCCCCCCC,*CC(*)C(=O)OCCN(C)C,*CC(*)C(=O)OCC(CC)CCCC,*SC(=S)SC(C)(C#N)CCC(=O)O,5,2,170.34,0,0,0,4.9272,9,12,0,56.4385619,145.202,29.54,0,3,0.5012,4,10,0,101.7792292,186.295,26.3,0,2,3.156,7,13,0,132.0519685,235.355,61.09,2,4,2.08138,4,13,0,260.9534945,GFP,3.29939833
101,2391,*CCCCCCCCCCCC,*CC(*)C(=O)OCCN(C)C,*CC(*)C(=O)OCC(CC)CCCC,*SC(=S)SC(C)(C#N)CCC(=O)O,5,1,170.34,0,0,0,4.9272,9,12,0,56.4385619,145.202,29.54,0,3,0.5012,4,10,0,101.7792292,186.295,26.3,0,2,3.156,7,13,0,132.0519685,235.355,61.09,2,4,2.08138,4,13,0,260.9534945,GFP,3.307709923
101,2392,*CCCCCCCCCCCC,*CC(*)C(=O)OCCN(C)C,*CC(*)C(=O)OCC(CC)CCCC,*SC(=S)SC(C)(C#N)CCC(=O)O,5,0.5,170.34,0,0,0,4.9272,9,12,0,56.4385619,145.202,29.54,0,3,0.5012,4,10,0,101.7792292,186.295,26.3,0,2,3.156,7,13,0,132.0519685,235.355,61.09,2,4,2.08138,4,13,0,260.9534945,GFP,3.371529632
101,2393,*CCCCCCCCCCCC,*CC(*)C(=O)OCCN(C)C,*CC(*)C(=O)OCC(CC)CCCC,*SC(=S)SC(C)(C#N)CCC(=O)O,10,2,170.34,0,0,0,4.9272,9,12,0,56.4385619,145.202,29.54,0,3,0.5012,4,10,0,101.7792292,186.295,26.3,0,2,3.156,7,13,0,132.0519685,235.355,61.09,2,4,2.08138,4,13,0,260.9534945,GFP,3.376941757
101,2394,*CCCCCCCCCCCC,*CC(*)C(=O)OCCN(C)C,*CC(*)C(=O)OCC(CC)CCCC,*SC(=S)SC(C)(C#N)CCC(=O)O,10,1,170.34,0,0,0,4.9272,9,12,0,56.4385619,145.202,29.54,0,3,0.5012,4,10,0,101.7792292,186.295,26.3,0,2,3.156,7,13,0,132.0519685,235.355,61.09,2,4,2.08138,4,13,0,260.9534945,GFP,3.311859774
101,2395,*CCCCCCCCCCCC,*CC(*)C(=O)OCCN(C)C,*CC(*)C(=O)OCC(CC)CCCC,*SC(=S)SC(C)(C#N)CCC(=O)O,10,0.5,170.34,0,0,0,4.9272,9,12,0,56.4385619,145.202,29.54,0,3,0.5012,4,10,0,101.7792292,186.295,26.3,0,2,3.156,7,13,0,132.0519685,235.355,61.09,2,4,2.08138,4,13,0,260.9534945,GFP,3.36875162
101,2396,*CCCCCCCCCCCC,*CC(*)C(=O)OCCN(C)C,*CC(*)C(=O)OCC(CC)CCCC,*SC(=S)SC(C)(C#N)CCC(=O)O,20,2,170.34,0,0,0,4.9272,9,12,0,56.4385619,145.202,29.54,0,3,0.5012,4,10,0,101.7792292,186.295,26.3,0,2,3.156,7,13,0,132.0519685,235.355,61.09,2,4,2.08138,4,13,0,260.9534945,GFP,3.53307266
101,2397,*CCCCCCCCCCCC,*CC(*)C(=O)OCCN(C)C,*CC(*)C(=O)OCC(CC)CCCC,*SC(=S)SC(C)(C#N)CCC(=O)O,20,1,170.34,0,0,0,4.9272,9,12,0,56.4385619,145.202,29.54,0,3,0.5012,4,10,0,101.7792292,186.295,26.3,0,2,3.156,7,13,0,132.0519685,235.355,61.09,2,4,2.08138,4,13,0,260.9534945,GFP,3.387300822
101,2398,*CCCCCCCCCCCC,*CC(*)C(=O)OCCN(C)C,*CC(*)C(=O)OCC(CC)CCCC,*SC(=S)SC(C)(C#N)CCC(=O)O,20,0.5,170.34,0,0,0,4.9272,9,12,0,56.4385619,145.202,29.54,0,3,0.5012,4,10,0,101.7792292,186.295,26.3,0,2,3.156,7,13,0,132.0519685,235.355,61.09,2,4,2.08138,4,13,0,260.9534945,GFP,3.294135419
101,2399,*CCCCCCCCCCCC,*CC(*)(C)C(=O)OCCN1CCCCC1,*CC(*)C(=O)OCCOc1ccccc1,*SC(=S)SC(C)(C#N)CCC(=O)O,2,2,170.34,0,0,0,4.9272,9,12,0,56.4385619,199.294,29.54,0,3,1.6715,4,14,1,174.1263449,194.23,35.53,0,3,2.0186,5,14,1,269.1209499,235.355,61.09,2,4,2.08138,4,13,0,260.9534945,GFP,3.392960615
101,2400,*CCCCCCCCCCCC,*CC(*)(C)C(=O)OCCN1CCCCC1,*CC(*)C(=O)OCCOc1ccccc1,*SC(=S)SC(C)(C#N)CCC(=O)O,2,1,170.34,0,0,0,4.9272,9,12,0,56.4385619,199.294,29.54,0,3,1.6715,4,14,1,174.1263449,194.23,35.53,0,3,2.0186,5,14,1,269.1209499,235.355,61.09,2,4,2.08138,4,13,0,260.9534945,GFP,3.559487682
101,2401,*CCCCCCCCCCCC,*CC(*)(C)C(=O)OCCN1CCCCC1,*CC(*)C(=O)OCCOc1ccccc1,*SC(=S)SC(C)(C#N)CCC(=O)O,2,0.5,170.34,0,0,0,4.9272,9,12,0,56.4385619,199.294,29.54,0,3,1.6715,4,14,1,174.1263449,194.23,35.53,0,3,2.0186,5,14,1,269.1209499,235.355,61.09,2,4,2.08138,4,13,0,260.9534945,GFP,3.40849436
101,2402,*CCCCCCCCCCCC,*CC(*)(C)C(=O)OCCN1CCCCC1,*CC(*)C(=O)OCCOc1ccccc1,*SC(=S)SC(C)(C#N)CCC(=O)O,5,2,170.34,0,0,0,4.9272,9,12,0,56.4385619,199.294,29.54,0,3,1.6715,4,14,1,174.1263449,194.23,35.53,0,3,2.0186,5,14,1,269.1209499,235.355,61.09,2,4,2.08138,4,13,0,260.9534945,GFP,3.383186799
101,2403,*CCCCCCCCCCCC,*CC(*)(C)C(=O)OCCN1CCCCC1,*CC(*)C(=O)OCCOc1ccccc1,*SC(=S)SC(C)(C#N)CCC(=O)O,5,1,170.34,0,0,0,4.9272,9,12,0,56.4385619,199.294,29.54,0,3,1.6715,4,14,1,174.1263449,194.23,35.53,0,3,2.0186,5,14,1,269.1209499,235.355,61.09,2,4,2.08138,4,13,0,260.9534945,GFP,3.367728546
101,2404,*CCCCCCCCCCCC,*CC(*)(C)C(=O)OCCN1CCCCC1,*CC(*)C(=O)OCCOc1ccccc1,*SC(=S)SC(C)(C#N)CCC(=O)O,5,0.5,170.34,0,0,0,4.9272,9,12,0,56.4385619,199.294,29.54,0,3,1.6715,4,14,1,174.1263449,194.23,35.53,0,3,2.0186,5,14,1,269.1209499,235.355,61.09,2,4,2.08138,4,13,0,260.9534945,GFP,3.398634325
101,2405,*CCCCCCCCCCCC,*CC(*)(C)C(=O)OCCN1CCCCC1,*CC(*)C(=O)OCCOc1ccccc1,*SC(=S)SC(C)(C#N)CCC(=O)O,10,2,170.34,0,0,0,4.9272,9,12,0,56.4385619,199.294,29.54,0,3,1.6715,4,14,1,174.1263449,194.23,35.53,0,3,2.0186,5,14,1,269.1209499,235.355,61.09,2,4,2.08138,4,13,0,260.9534945,GFP,3.596816936
101,2406,*CCCCCCCCCCCC,*CC(*)(C)C(=O)OCCN1CCCCC1,*CC(*)C(=O)OCCOc1ccccc1,*SC(=S)SC(C)(C#N)CCC(=O)O,10,1,170.34,0,0,0,4.9272,9,12,0,56.4385619,199.294,29.54,0,3,1.6715,4,14,1,174.1263449,194.23,35.53,0,3,2.0186,5,14,1,269.1209499,235.355,61.09,2,4,2.08138,4,13,0,260.9534945,GFP,3.438463235
101,2407,*CCCCCCCCCCCC,*CC(*)(C)C(=O)OCCN1CCCCC1,*CC(*)C(=O)OCCOc1ccccc1,*SC(=S)SC(C)(C#N)CCC(=O)O,10,0.5,170.34,0,0,0,4.9272,9,12,0,56.4385619,199.294,29.54,0,3,1.6715,4,14,1,174.1263449,194.23,35.53,0,3,2.0186,5,14,1,269.1209499,235.355,61.09,2,4,2.08138,4,13,0,260.9534945,GFP,3.401572846
101,2408,*CCCCCCCCCCCC,*CC(*)(C)C(=O)OCCN1CCCCC1,*CC(*)C(=O)OCCOc1ccccc1,*SC(=S)SC(C)(C#N)CCC(=O)O,20,2,170.34,0,0,0,4.9272,9,12,0,56.4385619,199.294,29.54,0,3,1.6715,4,14,1,174.1263449,194.23,35.53,0,3,2.0186,5,14,1,269.1209499,235.355,61.09,2,4,2.08138,4,13,0,260.9534945,GFP,3.416224317
101,2409,*CCCCCCCCCCCC,*CC(*)(C)C(=O)OCCN1CCCCC1,*CC(*)C(=O)OCCOc1ccccc1,*SC(=S)SC(C)(C#N)CCC(=O)O,20,1,170.34,0,0,0,4.9272,9,12,0,56.4385619,199.294,29.54,0,3,1.6715,4,14,1,174.1263449,194.23,35.53,0,3,2.0186,5,14,1,269.1209499,235.355,61.09,2,4,2.08138,4,13,0,260.9534945,GFP,3.317331935
101,2410,*CCCCCCCCCCCC,*CC(*)(C)C(=O)OCCN1CCCCC1,*CC(*)C(=O)OCCOc1ccccc1,*SC(=S)SC(C)(C#N)CCC(=O)O,20,0.5,170.34,0,0,0,4.9272,9,12,0,56.4385619,199.294,29.54,0,3,1.6715,4,14,1,174.1263449,194.23,35.53,0,3,2.0186,5,14,1,269.1209499,235.355,61.09,2,4,2.08138,4,13,0,260.9534945,GFP,3.649091352
101,2411,*CCCCCCCCCCCC,*CC(*)(C)C(=O)OCCN1CCCCC1,*CC(*)(C)C(=O)OCCCCCC,*SC(=S)SC(C)(C#N)CCC(=O)O,2,2,170.34,0,0,0,4.9272,9,12,0,56.4385619,199.294,29.54,0,3,1.6715,4,14,1,174.1263449,172.268,26.3,0,2,2.7659,6,12,0,119.0069869,235.355,61.09,2,4,2.08138,4,13,0,260.9534945,GFP,3.375846436
101,2412,*CCCCCCCCCCCC,*CC(*)(C)C(=O)OCCN1CCCCC1,*CC(*)(C)C(=O)OCCCCCC,*SC(=S)SC(C)(C#N)CCC(=O)O,2,1,170.34,0,0,0,4.9272,9,12,0,56.4385619,199.294,29.54,0,3,1.6715,4,14,1,174.1263449,172.268,26.3,0,2,2.7659,6,12,0,119.0069869,235.355,61.09,2,4,2.08138,4,13,0,260.9534945,GFP,3.366422957
101,2413,*CCCCCCCCCCCC,*CC(*)(C)C(=O)OCCN1CCCCC1,*CC(*)(C)C(=O)OCCCCCC,*SC(=S)SC(C)(C#N)CCC(=O)O,2,0.5,170.34,0,0,0,4.9272,9,12,0,56.4385619,199.294,29.54,0,3,1.6715,4,14,1,174.1263449,172.268,26.3,0,2,2.7659,6,12,0,119.0069869,235.355,61.09,2,4,2.08138,4,13,0,260.9534945,GFP,3.387033701
101,2414,*CCCCCCCCCCCC,*CC(*)(C)C(=O)OCCN1CCCCC1,*CC(*)(C)C(=O)OCCCCCC,*SC(=S)SC(C)(C#N)CCC(=O)O,5,2,170.34,0,0,0,4.9272,9,12,0,56.4385619,199.294,29.54,0,3,1.6715,4,14,1,174.1263449,172.268,26.3,0,2,2.7659,6,12,0,119.0069869,235.355,61.09,2,4,2.08138,4,13,0,260.9534945,GFP,3.31122391
101,2415,*CCCCCCCCCCCC,*CC(*)(C)C(=O)OCCN1CCCCC1,*CC(*)(C)C(=O)OCCCCCC,*SC(=S)SC(C)(C#N)CCC(=O)O,5,1,170.34,0,0,0,4.9272,9,12,0,56.4385619,199.294,29.54,0,3,1.6715,4,14,1,174.1263449,172.268,26.3,0,2,2.7659,6,12,0,119.0069869,235.355,61.09,2,4,2.08138,4,13,0,260.9534945,GFP,3.437036719
101,2416,*CCCCCCCCCCCC,*CC(*)(C)C(=O)OCCN1CCCCC1,*CC(*)(C)C(=O)OCCCCCC,*SC(=S)SC(C)(C#N)CCC(=O)O,5,0.5,170.34,0,0,0,4.9272,9,12,0,56.4385619,199.294,29.54,0,3,1.6715,4,14,1,174.1263449,172.268,26.3,0,2,2.7659,6,12,0,119.0069869,235.355,61.09,2,4,2.08138,4,13,0,260.9534945,GFP,3.628899564
101,2417,*CCCCCCCCCCCC,*CC(*)(C)C(=O)OCCN1CCCCC1,*CC(*)(C)C(=O)OCCCCCC,*SC(=S)SC(C)(C#N)CCC(=O)O,10,2,170.34,0,0,0,4.9272,9,12,0,56.4385619,199.294,29.54,0,3,1.6715,4,14,1,174.1263449,172.268,26.3,0,2,2.7659,6,12,0,119.0069869,235.355,61.09,2,4,2.08138,4,13,0,260.9534945,GFP,3.412880358
101,2418,*CCCCCCCCCCCC,*CC(*)(C)C(=O)OCCN1CCCCC1,*CC(*)(C)C(=O)OCCCCCC,*SC(=S)SC(C)(C#N)CCC(=O)O,10,1,170.34,0,0,0,4.9272,9,12,0,56.4385619,199.294,29.54,0,3,1.6715,4,14,1,174.1263449,172.268,26.3,0,2,2.7659,6,12,0,119.0069869,235.355,61.09,2,4,2.08138,4,13,0,260.9534945,GFP,3.473194909
101,2419,*CCCCCCCCCCCC,*CC(*)(C)C(=O)OCCN1CCCCC1,*CC(*)(C)C(=O)OCCCCCC,*SC(=S)SC(C)(C#N)CCC(=O)O,10,0.5,170.34,0,0,0,4.9272,9,12,0,56.4385619,199.294,29.54,0,3,1.6715,4,14,1,174.1263449,172.268,26.3,0,2,2.7659,6,12,0,119.0069869,235.355,61.09,2,4,2.08138,4,13,0,260.9534945,GFP,3.36267093
101,2420,*CCCCCCCCCCCC,*CC(*)(C)C(=O)OCCN1CCCCC1,*CC(*)(C)C(=O)OCCCCCC,*SC(=S)SC(C)(C#N)CCC(=O)O,20,2,170.34,0,0,0,4.9272,9,12,0,56.4385619,199.294,29.54,0,3,1.6715,4,14,1,174.1263449,172.268,26.3,0,2,2.7659,6,12,0,119.0069869,235.355,61.09,2,4,2.08138,4,13,0,260.9534945,GFP,3.48784512
101,2421,*CCCCCCCCCCCC,*CC(*)(C)C(=O)OCCN1CCCCC1,*CC(*)(C)C(=O)OCCCCCC,*SC(=S)SC(C)(C#N)CCC(=O)O,20,1,170.34,0,0,0,4.9272,9,12,0,56.4385619,199.294,29.54,0,3,1.6715,4,14,1,174.1263449,172.268,26.3,0,2,2.7659,6,12,0,119.0069869,235.355,61.09,2,4,2.08138,4,13,0,260.9534945,GFP,3.296336055
101,2422,*CCCCCCCCCCCC,*CC(*)(C)C(=O)OCCN1CCCCC1,*CC(*)(C)C(=O)OCCCCCC,*SC(=S)SC(C)(C#N)CCC(=O)O,20,0.5,170.34,0,0,0,4.9272,9,12,0,56.4385619,199.294,29.54,0,3,1.6715,4,14,1,174.1263449,172.268,26.3,0,2,2.7659,6,12,0,119.0069869,235.355,61.09,2,4,2.08138,4,13,0,260.9534945,GFP,3.441223674
101,2423,*CCCCCCCCCCCC,*CC(*)(C)C(=O)OCCN1CCCCC1,*CC(*)C(=O)OCC(CC)CCCC,*SC(=S)SC(C)(C#N)CCC(=O)O,2,2,170.34,0,0,0,4.9272,9,12,0,56.4385619,199.294,29.54,0,3,1.6715,4,14,1,174.1263449,186.295,26.3,0,2,3.156,7,13,0,132.0519685,235.355,61.09,2,4,2.08138,4,13,0,260.9534945,GFP,3.497896743
101,2424,*CCCCCCCCCCCC,*CC(*)(C)C(=O)OCCN1CCCCC1,*CC(*)C(=O)OCC(CC)CCCC,*SC(=S)SC(C)(C#N)CCC(=O)O,2,1,170.34,0,0,0,4.9272,9,12,0,56.4385619,199.294,29.54,0,3,1.6715,4,14,1,174.1263449,186.295,26.3,0,2,3.156,7,13,0,132.0519685,235.355,61.09,2,4,2.08138,4,13,0,260.9534945,GFP,3.612783857
101,2425,*CCCCCCCCCCCC,*CC(*)(C)C(=O)OCCN1CCCCC1,*CC(*)C(=O)OCC(CC)CCCC,*SC(=S)SC(C)(C#N)CCC(=O)O,2,0.5,170.34,0,0,0,4.9272,9,12,0,56.4385619,199.294,29.54,0,3,1.6715,4,14,1,174.1263449,186.295,26.3,0,2,3.156,7,13,0,132.0519685,235.355,61.09,2,4,2.08138,4,13,0,260.9534945,GFP,3.426023016
101,2426,*CCCCCCCCCCCC,*CC(*)(C)C(=O)OCCN1CCCCC1,*CC(*)C(=O)OCC(CC)CCCC,*SC(=S)SC(C)(C#N)CCC(=O)O,5,2,170.34,0,0,0,4.9272,9,12,0,56.4385619,199.294,29.54,0,3,1.6715,4,14,1,174.1263449,186.295,26.3,0,2,3.156,7,13,0,132.0519685,235.355,61.09,2,4,2.08138,4,13,0,260.9534945,GFP,3.234137489
101,2427,*CCCCCCCCCCCC,*CC(*)(C)C(=O)OCCN1CCCCC1,*CC(*)C(=O)OCC(CC)CCCC,*SC(=S)SC(C)(C#N)CCC(=O)O,5,1,170.34,0,0,0,4.9272,9,12,0,56.4385619,199.294,29.54,0,3,1.6715,4,14,1,174.1263449,186.295,26.3,0,2,3.156,7,13,0,132.0519685,235.355,61.09,2,4,2.08138,4,13,0,260.9534945,GFP,3.175366831
101,2428,*CCCCCCCCCCCC,*CC(*)(C)C(=O)OCCN1CCCCC1,*CC(*)C(=O)OCC(CC)CCCC,*SC(=S)SC(C)(C#N)CCC(=O)O,5,0.5,170.34,0,0,0,4.9272,9,12,0,56.4385619,199.294,29.54,0,3,1.6715,4,14,1,174.1263449,186.295,26.3,0,2,3.156,7,13,0,132.0519685,235.355,61.09,2,4,2.08138,4,13,0,260.9534945,GFP,3.422261451
101,2429,*CCCCCCCCCCCC,*CC(*)(C)C(=O)OCCN1CCCCC1,*CC(*)C(=O)OCC(CC)CCCC,*SC(=S)SC(C)(C#N)CCC(=O)O,10,2,170.34,0,0,0,4.9272,9,12,0,56.4385619,199.294,29.54,0,3,1.6715,4,14,1,174.1263449,186.295,26.3,0,2,3.156,7,13,0,132.0519685,235.355,61.09,2,4,2.08138,4,13,0,260.9534945,GFP,3.362765127
101,2430,*CCCCCCCCCCCC,*CC(*)(C)C(=O)OCCN1CCCCC1,*CC(*)C(=O)OCC(CC)CCCC,*SC(=S)SC(C)(C#N)CCC(=O)O,10,1,170.34,0,0,0,4.9272,9,12,0,56.4385619,199.294,29.54,0,3,1.6715,4,14,1,174.1263449,186.295,26.3,0,2,3.156,7,13,0,132.0519685,235.355,61.09,2,4,2.08138,4,13,0,260.9534945,GFP,3.419129308
101,2431,*CCCCCCCCCCCC,*CC(*)(C)C(=O)OCCN1CCCCC1,*CC(*)C(=O)OCC(CC)CCCC,*SC(=S)SC(C)(C#N)CCC(=O)O,10,0.5,170.34,0,0,0,4.9272,9,12,0,56.4385619,199.294,29.54,0,3,1.6715,4,14,1,174.1263449,186.295,26.3,0,2,3.156,7,13,0,132.0519685,235.355,61.09,2,4,2.08138,4,13,0,260.9534945,GFP,3.392960615
101,2432,*CCCCCCCCCCCC,*CC(*)(C)C(=O)OCCN1CCCCC1,*CC(*)C(=O)OCC(CC)CCCC,*SC(=S)SC(C)(C#N)CCC(=O)O,20,2,170.34,0,0,0,4.9272,9,12,0,56.4385619,199.294,29.54,0,3,1.6715,4,14,1,174.1263449,186.295,26.3,0,2,3.156,7,13,0,132.0519685,235.355,61.09,2,4,2.08138,4,13,0,260.9534945,GFP,3.589614541
101,2433,*CCCCCCCCCCCC,*CC(*)(C)C(=O)OCCN1CCCCC1,*CC(*)C(=O)OCC(CC)CCCC,*SC(=S)SC(C)(C#N)CCC(=O)O,20,1,170.34,0,0,0,4.9272,9,12,0,56.4385619,199.294,29.54,0,3,1.6715,4,14,1,174.1263449,186.295,26.3,0,2,3.156,7,13,0,132.0519685,235.355,61.09,2,4,2.08138,4,13,0,260.9534945,GFP,3.434089638
101,2434,*CCCCCCCCCCCC,*CC(*)(C)C(=O)OCCN1CCCCC1,*CC(*)C(=O)OCC(CC)CCCC,*SC(=S)SC(C)(C#N)CCC(=O)O,20,0.5,170.34,0,0,0,4.9272,9,12,0,56.4385619,199.294,29.54,0,3,1.6715,4,14,1,174.1263449,186.295,26.3,0,2,3.156,7,13,0,132.0519685,235.355,61.09,2,4,2.08138,4,13,0,260.9534945,GFP,3.491361694
101,2435,*CCCCCCCCCCCC,*CC(*)C(=O)OCCN(CC)CC,*CC(*)C(=O)OCCOc1ccccc1,*SC(=S)SC(C)C(=O)O,2,2,170.34,0,0,0,4.9272,9,12,0,56.4385619,173.256,29.54,0,3,1.2814,6,12,0,121.6969429,194.23,35.53,0,3,2.0186,5,14,1,269.1209499,182.291,37.3,2,3,1.4074,2,9,0,133.7744375,GFP,3.521334257
101,2436,*CCCCCCCCCCCC,*CC(*)C(=O)OCCN(CC)CC,*CC(*)C(=O)OCCOc1ccccc1,*SC(=S)SC(C)C(=O)O,2,1,170.34,0,0,0,4.9272,9,12,0,56.4385619,173.256,29.54,0,3,1.2814,6,12,0,121.6969429,194.23,35.53,0,3,2.0186,5,14,1,269.1209499,182.291,37.3,2,3,1.4074,2,9,0,133.7744375,GFP,3.314920056
101,2437,*CCCCCCCCCCCC,*CC(*)C(=O)OCCN(CC)CC,*CC(*)C(=O)OCCOc1ccccc1,*SC(=S)SC(C)C(=O)O,2,0.5,170.34,0,0,0,4.9272,9,12,0,56.4385619,173.256,29.54,0,3,1.2814,6,12,0,121.6969429,194.23,35.53,0,3,2.0186,5,14,1,269.1209499,182.291,37.3,2,3,1.4074,2,9,0,133.7744375,GFP,3.439016728
101,2438,*CCCCCCCCCCCC,*CC(*)C(=O)OCCN(CC)CC,*CC(*)C(=O)OCCOc1ccccc1,*SC(=S)SC(C)C(=O)O,5,2,170.34,0,0,0,4.9272,9,12,0,56.4385619,173.256,29.54,0,3,1.2814,6,12,0,121.6969429,194.23,35.53,0,3,2.0186,5,14,1,269.1209499,182.291,37.3,2,3,1.4074,2,9,0,133.7744375,GFP,3.308137379
101,2439,*CCCCCCCCCCCC,*CC(*)C(=O)OCCN(CC)CC,*CC(*)C(=O)OCCOc1ccccc1,*SC(=S)SC(C)C(=O)O,5,1,170.34,0,0,0,4.9272,9,12,0,56.4385619,173.256,29.54,0,3,1.2814,6,12,0,121.6969429,194.23,35.53,0,3,2.0186,5,14,1,269.1209499,182.291,37.3,2,3,1.4074,2,9,0,133.7744375,GFP,3.394188923
101,2440,*CCCCCCCCCCCC,*CC(*)C(=O)OCCN(CC)CC,*CC(*)C(=O)OCCOc1ccccc1,*SC(=S)SC(C)C(=O)O,5,0.5,170.34,0,0,0,4.9272,9,12,0,56.4385619,173.256,29.54,0,3,1.2814,6,12,0,121.6969429,194.23,35.53,0,3,2.0186,5,14,1,269.1209499,182.291,37.3,2,3,1.4074,2,9,0,133.7744375,GFP,3.400883216
101,2441,*CCCCCCCCCCCC,*CC(*)C(=O)OCCN(CC)CC,*CC(*)C(=O)OCCOc1ccccc1,*SC(=S)SC(C)C(=O)O,10,2,170.34,0,0,0,4.9272,9,12,0,56.4385619,173.256,29.54,0,3,1.2814,6,12,0,121.6969429,194.23,35.53,0,3,2.0186,5,14,1,269.1209499,182.291,37.3,2,3,1.4074,2,9,0,133.7744375,GFP,3.347427599
101,2442,*CCCCCCCCCCCC,*CC(*)C(=O)OCCN(CC)CC,*CC(*)C(=O)OCCOc1ccccc1,*SC(=S)SC(C)C(=O)O,10,1,170.34,0,0,0,4.9272,9,12,0,56.4385619,173.256,29.54,0,3,1.2814,6,12,0,121.6969429,194.23,35.53,0,3,2.0186,5,14,1,269.1209499,182.291,37.3,2,3,1.4074,2,9,0,133.7744375,GFP,3.406795573
101,2443,*CCCCCCCCCCCC,*CC(*)C(=O)OCCN(CC)CC,*CC(*)C(=O)OCCOc1ccccc1,*SC(=S)SC(C)C(=O)O,10,0.5,170.34,0,0,0,4.9272,9,12,0,56.4385619,173.256,29.54,0,3,1.2814,6,12,0,121.6969429,194.23,35.53,0,3,2.0186,5,14,1,269.1209499,182.291,37.3,2,3,1.4074,2,9,0,133.7744375,GFP,3.385963571
101,2444,*CCCCCCCCCCCC,*CC(*)C(=O)OCCN(CC)CC,*CC(*)C(=O)OCCOc1ccccc1,*SC(=S)SC(C)C(=O)O,20,2,170.34,0,0,0,4.9272,9,12,0,56.4385619,173.256,29.54,0,3,1.2814,6,12,0,121.6969429,194.23,35.53,0,3,2.0186,5,14,1,269.1209499,182.291,37.3,2,3,1.4074,2,9,0,133.7744375,GFP,3.404149249
101,2445,*CCCCCCCCCCCC,*CC(*)C(=O)OCCN(CC)CC,*CC(*)C(=O)OCCOc1ccccc1,*SC(=S)SC(C)C(=O)O,20,1,170.34,0,0,0,4.9272,9,12,0,56.4385619,173.256,29.54,0,3,1.2814,6,12,0,121.6969429,194.23,35.53,0,3,2.0186,5,14,1,269.1209499,182.291,37.3,2,3,1.4074,2,9,0,133.7744375,GFP,3.376029182
101,2446,*CCCCCCCCCCCC,*CC(*)C(=O)OCCN(CC)CC,*CC(*)C(=O)OCCOc1ccccc1,*SC(=S)SC(C)C(=O)O,20,0.5,170.34,0,0,0,4.9272,9,12,0,56.4385619,173.256,29.54,0,3,1.2814,6,12,0,121.6969429,194.23,35.53,0,3,2.0186,5,14,1,269.1209499,182.291,37.3,2,3,1.4074,2,9,0,133.7744375,GFP,3.414973348
101,2447,*CCCCCCCCCCCC,*CC(*)C(=O)OCCN(CC)CC,*CC(*)(C)C(=O)OCCCCCC,*SC(=S)SC(C)C(=O)O,2,2,170.34,0,0,0,4.9272,9,12,0,56.4385619,173.256,29.54,0,3,1.2814,6,12,0,121.6969429,172.268,26.3,0,2,2.7659,6,12,0,119.0069869,182.291,37.3,2,3,1.4074,2,9,0,133.7744375,GFP,3.475961589
101,2448,*CCCCCCCCCCCC,*CC(*)C(=O)OCCN(CC)CC,*CC(*)(C)C(=O)OCCCCCC,*SC(=S)SC(C)C(=O)O,2,1,170.34,0,0,0,4.9272,9,12,0,56.4385619,173.256,29.54,0,3,1.2814,6,12,0,121.6969429,172.268,26.3,0,2,2.7659,6,12,0,119.0069869,182.291,37.3,2,3,1.4074,2,9,0,133.7744375,GFP,3.348207477
101,2449,*CCCCCCCCCCCC,*CC(*)C(=O)OCCN(CC)CC,*CC(*)(C)C(=O)OCCCCCC,*SC(=S)SC(C)C(=O)O,2,0.5,170.34,0,0,0,4.9272,9,12,0,56.4385619,173.256,29.54,0,3,1.2814,6,12,0,121.6969429,172.268,26.3,0,2,2.7659,6,12,0,119.0069869,182.291,37.3,2,3,1.4074,2,9,0,133.7744375,GFP,3.520352504
101,2450,*CCCCCCCCCCCC,*CC(*)C(=O)OCCN(CC)CC,*CC(*)(C)C(=O)OCCCCCC,*SC(=S)SC(C)C(=O)O,5,2,170.34,0,0,0,4.9272,9,12,0,56.4385619,173.256,29.54,0,3,1.2814,6,12,0,121.6969429,172.268,26.3,0,2,2.7659,6,12,0,119.0069869,182.291,37.3,2,3,1.4074,2,9,0,133.7744375,GFP,3.331933173
101,2451,*CCCCCCCCCCCC,*CC(*)C(=O)OCCN(CC)CC,*CC(*)(C)C(=O)OCCCCCC,*SC(=S)SC(C)C(=O)O,5,1,170.34,0,0,0,4.9272,9,12,0,56.4385619,173.256,29.54,0,3,1.2814,6,12,0,121.6969429,172.268,26.3,0,2,2.7659,6,12,0,119.0069869,182.291,37.3,2,3,1.4074,2,9,0,133.7744375,GFP,3.346548559
101,2452,*CCCCCCCCCCCC,*CC(*)C(=O)OCCN(CC)CC,*CC(*)(C)C(=O)OCCCCCC,*SC(=S)SC(C)C(=O)O,5,0.5,170.34,0,0,0,4.9272,9,12,0,56.4385619,173.256,29.54,0,3,1.2814,6,12,0,121.6969429,172.268,26.3,0,2,2.7659,6,12,0,119.0069869,182.291,37.3,2,3,1.4074,2,9,0,133.7744375,GFP,3.419707981
101,2453,*CCCCCCCCCCCC,*CC(*)C(=O)OCCN(CC)CC,*CC(*)(C)C(=O)OCCCCCC,*SC(=S)SC(C)C(=O)O,10,2,170.34,0,0,0,4.9272,9,12,0,56.4385619,173.256,29.54,0,3,1.2814,6,12,0,121.6969429,172.268,26.3,0,2,2.7659,6,12,0,119.0069869,182.291,37.3,2,3,1.4074,2,9,0,133.7744375,GFP,3.422507766
101,2454,*CCCCCCCCCCCC,*CC(*)C(=O)OCCN(CC)CC,*CC(*)(C)C(=O)OCCCCCC,*SC(=S)SC(C)C(=O)O,10,1,170.34,0,0,0,4.9272,9,12,0,56.4385619,173.256,29.54,0,3,1.2814,6,12,0,121.6969429,172.268,26.3,0,2,2.7659,6,12,0,119.0069869,182.291,37.3,2,3,1.4074,2,9,0,133.7744375,GFP,3.364832305
101,2455,*CCCCCCCCCCCC,*CC(*)C(=O)OCCN(CC)CC,*CC(*)(C)C(=O)OCCCCCC,*SC(=S)SC(C)C(=O)O,10,0.5,170.34,0,0,0,4.9272,9,12,0,56.4385619,173.256,29.54,0,3,1.2814,6,12,0,121.6969429,172.268,26.3,0,2,2.7659,6,12,0,119.0069869,182.291,37.3,2,3,1.4074,2,9,0,133.7744375,GFP,3.345765693
101,2456,*CCCCCCCCCCCC,*CC(*)C(=O)OCCN(CC)CC,*CC(*)(C)C(=O)OCCCCCC,*SC(=S)SC(C)C(=O)O,20,2,170.34,0,0,0,4.9272,9,12,0,56.4385619,173.256,29.54,0,3,1.2814,6,12,0,121.6969429,172.268,26.3,0,2,2.7659,6,12,0,119.0069869,182.291,37.3,2,3,1.4074,2,9,0,133.7744375,GFP,3.356503892
101,2457,*CCCCCCCCCCCC,*CC(*)C(=O)OCCN(CC)CC,*CC(*)(C)C(=O)OCCCCCC,*SC(=S)SC(C)C(=O)O,20,1,170.34,0,0,0,4.9272,9,12,0,56.4385619,173.256,29.54,0,3,1.2814,6,12,0,121.6969429,172.268,26.3,0,2,2.7659,6,12,0,119.0069869,182.291,37.3,2,3,1.4074,2,9,0,133.7744375,GFP,3.797302172
101,2458,*CCCCCCCCCCCC,*CC(*)C(=O)OCCN(CC)CC,*CC(*)(C)C(=O)OCCCCCC,*SC(=S)SC(C)C(=O)O,20,0.5,170.34,0,0,0,4.9272,9,12,0,56.4385619,173.256,29.54,0,3,1.2814,6,12,0,121.6969429,172.268,26.3,0,2,2.7659,6,12,0,119.0069869,182.291,37.3,2,3,1.4074,2,9,0,133.7744375,GFP,3.617419747
101,2459,*CCCCCCCCCCCC,*CC(*)C(=O)OCCN(CC)CC,*CC(*)C(=O)OCC(CC)CCCC,*SC(=S)SC(C)C(=O)O,2,2,170.34,0,0,0,4.9272,9,12,0,56.4385619,173.256,29.54,0,3,1.2814,6,12,0,121.6969429,186.295,26.3,0,2,3.156,7,13,0,132.0519685,182.291,37.3,2,3,1.4074,2,9,0,133.7744375,GFP,3.590786124
101,2460,*CCCCCCCCCCCC,*CC(*)C(=O)OCCN(CC)CC,*CC(*)C(=O)OCC(CC)CCCC,*SC(=S)SC(C)C(=O)O,2,1,170.34,0,0,0,4.9272,9,12,0,56.4385619,173.256,29.54,0,3,1.2814,6,12,0,121.6969429,186.295,26.3,0,2,3.156,7,13,0,132.0519685,182.291,37.3,2,3,1.4074,2,9,0,133.7744375,GFP,3.535357424
101,2461,*CCCCCCCCCCCC,*CC(*)C(=O)OCCN(CC)CC,*CC(*)C(=O)OCC(CC)CCCC,*SC(=S)SC(C)C(=O)O,2,0.5,170.34,0,0,0,4.9272,9,12,0,56.4385619,173.256,29.54,0,3,1.2814,6,12,0,121.6969429,186.295,26.3,0,2,3.156,7,13,0,132.0519685,182.291,37.3,2,3,1.4074,2,9,0,133.7744375,GFP,3.636186895
101,2462,*CCCCCCCCCCCC,*CC(*)C(=O)OCCN(CC)CC,*CC(*)C(=O)OCC(CC)CCCC,*SC(=S)SC(C)C(=O)O,5,2,170.34,0,0,0,4.9272,9,12,0,56.4385619,173.256,29.54,0,3,1.2814,6,12,0,121.6969429,186.295,26.3,0,2,3.156,7,13,0,132.0519685,182.291,37.3,2,3,1.4074,2,9,0,133.7744375,GFP,3.423327809
101,2463,*CCCCCCCCCCCC,*CC(*)C(=O)OCCN(CC)CC,*CC(*)C(=O)OCC(CC)CCCC,*SC(=S)SC(C)C(=O)O,5,1,170.34,0,0,0,4.9272,9,12,0,56.4385619,173.256,29.54,0,3,1.2814,6,12,0,121.6969429,186.295,26.3,0,2,3.156,7,13,0,132.0519685,182.291,37.3,2,3,1.4074,2,9,0,133.7744375,GFP,3.539389782
101,2464,*CCCCCCCCCCCC,*CC(*)C(=O)OCCN(CC)CC,*CC(*)C(=O)OCC(CC)CCCC,*SC(=S)SC(C)C(=O)O,5,0.5,170.34,0,0,0,4.9272,9,12,0,56.4385619,173.256,29.54,0,3,1.2814,6,12,0,121.6969429,186.295,26.3,0,2,3.156,7,13,0,132.0519685,182.291,37.3,2,3,1.4074,2,9,0,133.7744375,GFP,3.481657573
101,2465,*CCCCCCCCCCCC,*CC(*)C(=O)OCCN(CC)CC,*CC(*)C(=O)OCC(CC)CCCC,*SC(=S)SC(C)C(=O)O,10,2,170.34,0,0,0,4.9272,9,12,0,56.4385619,173.256,29.54,0,3,1.2814,6,12,0,121.6969429,186.295,26.3,0,2,3.156,7,13,0,132.0519685,182.291,37.3,2,3,1.4074,2,9,0,133.7744375,GFP,3.477048866
101,2466,*CCCCCCCCCCCC,*CC(*)C(=O)OCCN(CC)CC,*CC(*)C(=O)OCC(CC)CCCC,*SC(=S)SC(C)C(=O)O,10,1,170.34,0,0,0,4.9272,9,12,0,56.4385619,173.256,29.54,0,3,1.2814,6,12,0,121.6969429,186.295,26.3,0,2,3.156,7,13,0,132.0519685,182.291,37.3,2,3,1.4074,2,9,0,133.7744375,GFP,3.450864692
101,2467,*CCCCCCCCCCCC,*CC(*)C(=O)OCCN(CC)CC,*CC(*)C(=O)OCC(CC)CCCC,*SC(=S)SC(C)C(=O)O,10,0.5,170.34,0,0,0,4.9272,9,12,0,56.4385619,173.256,29.54,0,3,1.2814,6,12,0,121.6969429,186.295,26.3,0,2,3.156,7,13,0,132.0519685,182.291,37.3,2,3,1.4074,2,9,0,133.7744375,GFP,3.433609843
101,2468,*CCCCCCCCCCCC,*CC(*)C(=O)OCCN(CC)CC,*CC(*)C(=O)OCC(CC)CCCC,*SC(=S)SC(C)C(=O)O,20,2,170.34,0,0,0,4.9272,9,12,0,56.4385619,173.256,29.54,0,3,1.2814,6,12,0,121.6969429,186.295,26.3,0,2,3.156,7,13,0,132.0519685,182.291,37.3,2,3,1.4074,2,9,0,133.7744375,GFP,3.421027776
101,2469,*CCCCCCCCCCCC,*CC(*)C(=O)OCCN(CC)CC,*CC(*)C(=O)OCC(CC)CCCC,*SC(=S)SC(C)C(=O)O,20,1,170.34,0,0,0,4.9272,9,12,0,56.4385619,173.256,29.54,0,3,1.2814,6,12,0,121.6969429,186.295,26.3,0,2,3.156,7,13,0,132.0519685,182.291,37.3,2,3,1.4074,2,9,0,133.7744375,GFP,3.401745082
101,2470,*CCCCCCCCCCCC,*CC(*)C(=O)OCCN(CC)CC,*CC(*)C(=O)OCC(CC)CCCC,*SC(=S)SC(C)C(=O)O,20,0.5,170.34,0,0,0,4.9272,9,12,0,56.4385619,173.256,29.54,0,3,1.2814,6,12,0,121.6969429,186.295,26.3,0,2,3.156,7,13,0,132.0519685,182.291,37.3,2,3,1.4074,2,9,0,133.7744375,GFP,3.555819683
101,2471,*CCCCCCCCCCCC,*CC(*)(C)C(=O)OCCN(C)C,*CC(*)C(=O)OCCOc1ccccc1,*SC(=S)SC(C)C(=O)O,2,2,170.34,0,0,0,4.9272,9,12,0,56.4385619,159.229,29.54,0,3,0.7472,4,11,0,121.2604657,194.23,35.53,0,3,2.0186,5,14,1,269.1209499,182.291,37.3,2,3,1.4074,2,9,0,133.7744375,GFP,3.499961866
101,2472,*CCCCCCCCCCCC,*CC(*)(C)C(=O)OCCN(C)C,*CC(*)C(=O)OCCOc1ccccc1,*SC(=S)SC(C)C(=O)O,2,1,170.34,0,0,0,4.9272,9,12,0,56.4385619,159.229,29.54,0,3,0.7472,4,11,0,121.2604657,194.23,35.53,0,3,2.0186,5,14,1,269.1209499,182.291,37.3,2,3,1.4074,2,9,0,133.7744375,GFP,3.363235804
101,2473,*CCCCCCCCCCCC,*CC(*)(C)C(=O)OCCN(C)C,*CC(*)C(=O)OCCOc1ccccc1,*SC(=S)SC(C)C(=O)O,2,0.5,170.34,0,0,0,4.9272,9,12,0,56.4385619,159.229,29.54,0,3,0.7472,4,11,0,121.2604657,194.23,35.53,0,3,2.0186,5,14,1,269.1209499,182.291,37.3,2,3,1.4074,2,9,0,133.7744375,GFP,3.53345429
101,2474,*CCCCCCCCCCCC,*CC(*)(C)C(=O)OCCN(C)C,*CC(*)C(=O)OCCOc1ccccc1,*SC(=S)SC(C)C(=O)O,5,2,170.34,0,0,0,4.9272,9,12,0,56.4385619,159.229,29.54,0,3,0.7472,4,11,0,121.2604657,194.23,35.53,0,3,2.0186,5,14,1,269.1209499,182.291,37.3,2,3,1.4074,2,9,0,133.7744375,GFP,3.443262987
101,2475,*CCCCCCCCCCCC,*CC(*)(C)C(=O)OCCN(C)C,*CC(*)C(=O)OCCOc1ccccc1,*SC(=S)SC(C)C(=O)O,5,1,170.34,0,0,0,4.9272,9,12,0,56.4385619,159.229,29.54,0,3,0.7472,4,11,0,121.2604657,194.23,35.53,0,3,2.0186,5,14,1,269.1209499,182.291,37.3,2,3,1.4074,2,9,0,133.7744375,GFP,3.527307604
101,2476,*CCCCCCCCCCCC,*CC(*)(C)C(=O)OCCN(C)C,*CC(*)C(=O)OCCOc1ccccc1,*SC(=S)SC(C)C(=O)O,5,0.5,170.34,0,0,0,4.9272,9,12,0,56.4385619,159.229,29.54,0,3,0.7472,4,11,0,121.2604657,194.23,35.53,0,3,2.0186,5,14,1,269.1209499,182.291,37.3,2,3,1.4074,2,9,0,133.7744375,GFP,3.532308393
101,2477,*CCCCCCCCCCCC,*CC(*)(C)C(=O)OCCN(C)C,*CC(*)C(=O)OCCOc1ccccc1,*SC(=S)SC(C)C(=O)O,10,2,170.34,0,0,0,4.9272,9,12,0,56.4385619,159.229,29.54,0,3,0.7472,4,11,0,121.2604657,194.23,35.53,0,3,2.0186,5,14,1,269.1209499,182.291,37.3,2,3,1.4074,2,9,0,133.7744375,GFP,3.359266165
101,2478,*CCCCCCCCCCCC,*CC(*)(C)C(=O)OCCN(C)C,*CC(*)C(=O)OCCOc1ccccc1,*SC(=S)SC(C)C(=O)O,10,1,170.34,0,0,0,4.9272,9,12,0,56.4385619,159.229,29.54,0,3,0.7472,4,11,0,121.2604657,194.23,35.53,0,3,2.0186,5,14,1,269.1209499,182.291,37.3,2,3,1.4074,2,9,0,133.7744375,GFP,3.40832478
101,2479,*CCCCCCCCCCCC,*CC(*)(C)C(=O)OCCN(C)C,*CC(*)C(=O)OCCOc1ccccc1,*SC(=S)SC(C)C(=O)O,10,0.5,170.34,0,0,0,4.9272,9,12,0,56.4385619,159.229,29.54,0,3,0.7472,4,11,0,121.2604657,194.23,35.53,0,3,2.0186,5,14,1,269.1209499,182.291,37.3,2,3,1.4074,2,9,0,133.7744375,GFP,3.374565061
101,2480,*CCCCCCCCCCCC,*CC(*)(C)C(=O)OCCN(C)C,*CC(*)C(=O)OCCOc1ccccc1,*SC(=S)SC(C)C(=O)O,20,2,170.34,0,0,0,4.9272,9,12,0,56.4385619,159.229,29.54,0,3,0.7472,4,11,0,121.2604657,194.23,35.53,0,3,2.0186,5,14,1,269.1209499,182.291,37.3,2,3,1.4074,2,9,0,133.7744375,GFP,3.536621562
101,2481,*CCCCCCCCCCCC,*CC(*)(C)C(=O)OCCN(C)C,*CC(*)C(=O)OCCOc1ccccc1,*SC(=S)SC(C)C(=O)O,20,1,170.34,0,0,0,4.9272,9,12,0,56.4385619,159.229,29.54,0,3,0.7472,4,11,0,121.2604657,194.23,35.53,0,3,2.0186,5,14,1,269.1209499,182.291,37.3,2,3,1.4074,2,9,0,133.7744375,GFP,3.464638559
101,2482,*CCCCCCCCCCCC,*CC(*)(C)C(=O)OCCN(C)C,*CC(*)C(=O)OCCOc1ccccc1,*SC(=S)SC(C)C(=O)O,20,0.5,170.34,0,0,0,4.9272,9,12,0,56.4385619,159.229,29.54,0,3,0.7472,4,11,0,121.2604657,194.23,35.53,0,3,2.0186,5,14,1,269.1209499,182.291,37.3,2,3,1.4074,2,9,0,133.7744375,GFP,3.393662931
101,2483,*CCCCCCCCCCCC,*CC(*)(C)C(=O)OCCN(C)C,*CC(*)(C)C(=O)OCCCCCC,*SC(=S)SC(C)C(=O)O,2,2,170.34,0,0,0,4.9272,9,12,0,56.4385619,159.229,29.54,0,3,0.7472,4,11,0,121.2604657,172.268,26.3,0,2,2.7659,6,12,0,119.0069869,182.291,37.3,2,3,1.4074,2,9,0,133.7744375,GFP,3.489536629
101,2484,*CCCCCCCCCCCC,*CC(*)(C)C(=O)OCCN(C)C,*CC(*)(C)C(=O)OCCCCCC,*SC(=S)SC(C)C(=O)O,2,1,170.34,0,0,0,4.9272,9,12,0,56.4385619,159.229,29.54,0,3,0.7472,4,11,0,121.2604657,172.268,26.3,0,2,2.7659,6,12,0,119.0069869,182.291,37.3,2,3,1.4074,2,9,0,133.7744375,GFP,3.504606771
101,2485,*CCCCCCCCCCCC,*CC(*)(C)C(=O)OCCN(C)C,*CC(*)(C)C(=O)OCCCCCC,*SC(=S)SC(C)C(=O)O,2,0.5,170.34,0,0,0,4.9272,9,12,0,56.4385619,159.229,29.54,0,3,0.7472,4,11,0,121.2604657,172.268,26.3,0,2,2.7659,6,12,0,119.0069869,182.291,37.3,2,3,1.4074,2,9,0,133.7744375,GFP,3.630529571
101,2486,*CCCCCCCCCCCC,*CC(*)(C)C(=O)OCCN(C)C,*CC(*)(C)C(=O)OCCCCCC,*SC(=S)SC(C)C(=O)O,5,2,170.34,0,0,0,4.9272,9,12,0,56.4385619,159.229,29.54,0,3,0.7472,4,11,0,121.2604657,172.268,26.3,0,2,2.7659,6,12,0,119.0069869,182.291,37.3,2,3,1.4074,2,9,0,133.7744375,GFP,3.460296327
101,2487,*CCCCCCCCCCCC,*CC(*)(C)C(=O)OCCN(C)C,*CC(*)(C)C(=O)OCCCCCC,*SC(=S)SC(C)C(=O)O,5,1,170.34,0,0,0,4.9272,9,12,0,56.4385619,159.229,29.54,0,3,0.7472,4,11,0,121.2604657,172.268,26.3,0,2,2.7659,6,12,0,119.0069869,182.291,37.3,2,3,1.4074,2,9,0,133.7744375,GFP,3.399933182
101,2488,*CCCCCCCCCCCC,*CC(*)(C)C(=O)OCCN(C)C,*CC(*)(C)C(=O)OCCCCCC,*SC(=S)SC(C)C(=O)O,5,0.5,170.34,0,0,0,4.9272,9,12,0,56.4385619,159.229,29.54,0,3,0.7472,4,11,0,121.2604657,172.268,26.3,0,2,2.7659,6,12,0,119.0069869,182.291,37.3,2,3,1.4074,2,9,0,133.7744375,GFP,3.205204364
101,2489,*CCCCCCCCCCCC,*CC(*)(C)C(=O)OCCN(C)C,*CC(*)(C)C(=O)OCCCCCC,*SC(=S)SC(C)C(=O)O,10,2,170.34,0,0,0,4.9272,9,12,0,56.4385619,159.229,29.54,0,3,0.7472,4,11,0,121.2604657,172.268,26.3,0,2,2.7659,6,12,0,119.0069869,182.291,37.3,2,3,1.4074,2,9,0,133.7744375,GFP,3.413299764
101,2490,*CCCCCCCCCCCC,*CC(*)(C)C(=O)OCCN(C)C,*CC(*)(C)C(=O)OCCCCCC,*SC(=S)SC(C)C(=O)O,10,1,170.34,0,0,0,4.9272,9,12,0,56.4385619,159.229,29.54,0,3,0.7472,4,11,0,121.2604657,172.268,26.3,0,2,2.7659,6,12,0,119.0069869,182.291,37.3,2,3,1.4074,2,9,0,133.7744375,GFP,3.416723698
101,2491,*CCCCCCCCCCCC,*CC(*)(C)C(=O)OCCN(C)C,*CC(*)(C)C(=O)OCCCCCC,*SC(=S)SC(C)C(=O)O,10,0.5,170.34,0,0,0,4.9272,9,12,0,56.4385619,159.229,29.54,0,3,0.7472,4,11,0,121.2604657,172.268,26.3,0,2,2.7659,6,12,0,119.0069869,182.291,37.3,2,3,1.4074,2,9,0,133.7744375,GFP,3.445292769
101,2492,*CCCCCCCCCCCC,*CC(*)(C)C(=O)OCCN(C)C,*CC(*)(C)C(=O)OCCCCCC,*SC(=S)SC(C)C(=O)O,20,2,170.34,0,0,0,4.9272,9,12,0,56.4385619,159.229,29.54,0,3,0.7472,4,11,0,121.2604657,172.268,26.3,0,2,2.7659,6,12,0,119.0069869,182.291,37.3,2,3,1.4074,2,9,0,133.7744375,GFP,3.360593414
101,2493,*CCCCCCCCCCCC,*CC(*)(C)C(=O)OCCN(C)C,*CC(*)(C)C(=O)OCCCCCC,*SC(=S)SC(C)C(=O)O,20,1,170.34,0,0,0,4.9272,9,12,0,56.4385619,159.229,29.54,0,3,0.7472,4,11,0,121.2604657,172.268,26.3,0,2,2.7659,6,12,0,119.0069869,182.291,37.3,2,3,1.4074,2,9,0,133.7744375,GFP,3.497551599
101,2494,*CCCCCCCCCCCC,*CC(*)(C)C(=O)OCCN(C)C,*CC(*)(C)C(=O)OCCCCCC,*SC(=S)SC(C)C(=O)O,20,0.5,170.34,0,0,0,4.9272,9,12,0,56.4385619,159.229,29.54,0,3,0.7472,4,11,0,121.2604657,172.268,26.3,0,2,2.7659,6,12,0,119.0069869,182.291,37.3,2,3,1.4074,2,9,0,133.7744375,GFP,3.410692896
101,2495,*CCCCCCCCCCCC,*CC(*)(C)C(=O)OCCN(C)C,*CC(*)C(=O)OCC(CC)CCCC,*SC(=S)SC(C)C(=O)O,2,2,170.34,0,0,0,4.9272,9,12,0,56.4385619,159.229,29.54,0,3,0.7472,4,11,0,121.2604657,186.295,26.3,0,2,3.156,7,13,0,132.0519685,182.291,37.3,2,3,1.4074,2,9,0,133.7744375,GFP,3.283979284
101,2496,*CCCCCCCCCCCC,*CC(*)(C)C(=O)OCCN(C)C,*CC(*)C(=O)OCC(CC)CCCC,*SC(=S)SC(C)C(=O)O,2,1,170.34,0,0,0,4.9272,9,12,0,56.4385619,159.229,29.54,0,3,0.7472,4,11,0,121.2604657,186.295,26.3,0,2,3.156,7,13,0,132.0519685,182.291,37.3,2,3,1.4074,2,9,0,133.7744375,GFP,3.265525335
101,2497,*CCCCCCCCCCCC,*CC(*)(C)C(=O)OCCN(C)C,*CC(*)C(=O)OCC(CC)CCCC,*SC(=S)SC(C)C(=O)O,2,0.5,170.34,0,0,0,4.9272,9,12,0,56.4385619,159.229,29.54,0,3,0.7472,4,11,0,121.2604657,186.295,26.3,0,2,3.156,7,13,0,132.0519685,182.291,37.3,2,3,1.4074,2,9,0,133.7744375,GFP,3.16790781
101,2498,*CCCCCCCCCCCC,*CC(*)(C)C(=O)OCCN(C)C,*CC(*)C(=O)OCC(CC)CCCC,*SC(=S)SC(C)C(=O)O,5,2,170.34,0,0,0,4.9272,9,12,0,56.4385619,159.229,29.54,0,3,0.7472,4,11,0,121.2604657,186.295,26.3,0,2,3.156,7,13,0,132.0519685,182.291,37.3,2,3,1.4074,2,9,0,133.7744375,GFP,3.298525595
101,2499,*CCCCCCCCCCCC,*CC(*)(C)C(=O)OCCN(C)C,*CC(*)C(=O)OCC(CC)CCCC,*SC(=S)SC(C)C(=O)O,5,1,170.34,0,0,0,4.9272,9,12,0,56.4385619,159.229,29.54,0,3,0.7472,4,11,0,121.2604657,186.295,26.3,0,2,3.156,7,13,0,132.0519685,182.291,37.3,2,3,1.4074,2,9,0,133.7744375,GFP,3.297322714
101,2500,*CCCCCCCCCCCC,*CC(*)(C)C(=O)OCCN(C)C,*CC(*)C(=O)OCC(CC)CCCC,*SC(=S)SC(C)C(=O)O,5,0.5,170.34,0,0,0,4.9272,9,12,0,56.4385619,159.229,29.54,0,3,0.7472,4,11,0,121.2604657,186.295,26.3,0,2,3.156,7,13,0,132.0519685,182.291,37.3,2,3,1.4074,2,9,0,133.7744375,GFP,3.636086515
101,2501,*CCCCCCCCCCCC,*CC(*)(C)C(=O)OCCN(C)C,*CC(*)C(=O)OCC(CC)CCCC,*SC(=S)SC(C)C(=O)O,10,2,170.34,0,0,0,4.9272,9,12,0,56.4385619,159.229,29.54,0,3,0.7472,4,11,0,121.2604657,186.295,26.3,0,2,3.156,7,13,0,132.0519685,182.291,37.3,2,3,1.4074,2,9,0,133.7744375,GFP,3.571534147
101,2502,*CCCCCCCCCCCC,*CC(*)(C)C(=O)OCCN(C)C,*CC(*)C(=O)OCC(CC)CCCC,*SC(=S)SC(C)C(=O)O,10,1,170.34,0,0,0,4.9272,9,12,0,56.4385619,159.229,29.54,0,3,0.7472,4,11,0,121.2604657,186.295,26.3,0,2,3.156,7,13,0,132.0519685,182.291,37.3,2,3,1.4074,2,9,0,133.7744375,GFP,3.333648757
101,2503,*CCCCCCCCCCCC,*CC(*)(C)C(=O)OCCN(C)C,*CC(*)C(=O)OCC(CC)CCCC,*SC(=S)SC(C)C(=O)O,10,0.5,170.34,0,0,0,4.9272,9,12,0,56.4385619,159.229,29.54,0,3,0.7472,4,11,0,121.2604657,186.295,26.3,0,2,3.156,7,13,0,132.0519685,182.291,37.3,2,3,1.4074,2,9,0,133.7744375,GFP,3.203984244
101,2504,*CCCCCCCCCCCC,*CC(*)(C)C(=O)OCCN(C)C,*CC(*)C(=O)OCC(CC)CCCC,*SC(=S)SC(C)C(=O)O,20,2,170.34,0,0,0,4.9272,9,12,0,56.4385619,159.229,29.54,0,3,0.7472,4,11,0,121.2604657,186.295,26.3,0,2,3.156,7,13,0,132.0519685,182.291,37.3,2,3,1.4074,2,9,0,133.7744375,GFP,3.17768076
101,2505,*CCCCCCCCCCCC,*CC(*)(C)C(=O)OCCN(C)C,*CC(*)C(=O)OCC(CC)CCCC,*SC(=S)SC(C)C(=O)O,20,1,170.34,0,0,0,4.9272,9,12,0,56.4385619,159.229,29.54,0,3,0.7472,4,11,0,121.2604657,186.295,26.3,0,2,3.156,7,13,0,132.0519685,182.291,37.3,2,3,1.4074,2,9,0,133.7744375,GFP,3.188928484
101,2506,*CCCCCCCCCCCC,*CC(*)(C)C(=O)OCCN(C)C,*CC(*)C(=O)OCC(CC)CCCC,*SC(=S)SC(C)C(=O)O,20,0.5,170.34,0,0,0,4.9272,9,12,0,56.4385619,159.229,29.54,0,3,0.7472,4,11,0,121.2604657,186.295,26.3,0,2,3.156,7,13,0,132.0519685,182.291,37.3,2,3,1.4074,2,9,0,133.7744375,GFP,3.228656958
101,2507,*CCCCCCCCCCCC,*CC(*)C(=O)OCCN(C)C,*CC(*)C(=O)OCCOc1ccccc1,*SC(=S)SC(C)C(=O)O,2,2,170.34,0,0,0,4.9272,9,12,0,56.4385619,145.202,29.54,0,3,0.5012,4,10,0,101.7792292,194.23,35.53,0,3,2.0186,5,14,1,269.1209499,182.291,37.3,2,3,1.4074,2,9,0,133.7744375,GFP,3.455986239
101,2508,*CCCCCCCCCCCC,*CC(*)C(=O)OCCN(C)C,*CC(*)C(=O)OCCOc1ccccc1,*SC(=S)SC(C)C(=O)O,2,1,170.34,0,0,0,4.9272,9,12,0,56.4385619,145.202,29.54,0,3,0.5012,4,10,0,101.7792292,194.23,35.53,0,3,2.0186,5,14,1,269.1209499,182.291,37.3,2,3,1.4074,2,9,0,133.7744375,GFP,3.4827307
101,2509,*CCCCCCCCCCCC,*CC(*)C(=O)OCCN(C)C,*CC(*)C(=O)OCCOc1ccccc1,*SC(=S)SC(C)C(=O)O,2,0.5,170.34,0,0,0,4.9272,9,12,0,56.4385619,145.202,29.54,0,3,0.5012,4,10,0,101.7792292,194.23,35.53,0,3,2.0186,5,14,1,269.1209499,182.291,37.3,2,3,1.4074,2,9,0,133.7744375,GFP,3.467015818
101,2510,*CCCCCCCCCCCC,*CC(*)C(=O)OCCN(C)C,*CC(*)C(=O)OCCOc1ccccc1,*SC(=S)SC(C)C(=O)O,5,2,170.34,0,0,0,4.9272,9,12,0,56.4385619,145.202,29.54,0,3,0.5012,4,10,0,101.7792292,194.23,35.53,0,3,2.0186,5,14,1,269.1209499,182.291,37.3,2,3,1.4074,2,9,0,133.7744375,GFP,3.360877297
101,2511,*CCCCCCCCCCCC,*CC(*)C(=O)OCCN(C)C,*CC(*)C(=O)OCCOc1ccccc1,*SC(=S)SC(C)C(=O)O,5,1,170.34,0,0,0,4.9272,9,12,0,56.4385619,145.202,29.54,0,3,0.5012,4,10,0,101.7792292,194.23,35.53,0,3,2.0186,5,14,1,269.1209499,182.291,37.3,2,3,1.4074,2,9,0,133.7744375,GFP,3.514149134
101,2512,*CCCCCCCCCCCC,*CC(*)C(=O)OCCN(C)C,*CC(*)C(=O)OCCOc1ccccc1,*SC(=S)SC(C)C(=O)O,5,0.5,170.34,0,0,0,4.9272,9,12,0,56.4385619,145.202,29.54,0,3,0.5012,4,10,0,101.7792292,194.23,35.53,0,3,2.0186,5,14,1,269.1209499,182.291,37.3,2,3,1.4074,2,9,0,133.7744375,GFP,3.518974311
101,2513,*CCCCCCCCCCCC,*CC(*)C(=O)OCCN(C)C,*CC(*)C(=O)OCCOc1ccccc1,*SC(=S)SC(C)C(=O)O,10,2,170.34,0,0,0,4.9272,9,12,0,56.4385619,145.202,29.54,0,3,0.5012,4,10,0,101.7792292,194.23,35.53,0,3,2.0186,5,14,1,269.1209499,182.291,37.3,2,3,1.4074,2,9,0,133.7744375,GFP,3.486572151
101,2514,*CCCCCCCCCCCC,*CC(*)C(=O)OCCN(C)C,*CC(*)C(=O)OCCOc1ccccc1,*SC(=S)SC(C)C(=O)O,10,1,170.34,0,0,0,4.9272,9,12,0,56.4385619,145.202,29.54,0,3,0.5012,4,10,0,101.7792292,194.23,35.53,0,3,2.0186,5,14,1,269.1209499,182.291,37.3,2,3,1.4074,2,9,0,133.7744375,GFP,3.474798819
101,2515,*CCCCCCCCCCCC,*CC(*)C(=O)OCCN(C)C,*CC(*)C(=O)OCCOc1ccccc1,*SC(=S)SC(C)C(=O)O,10,0.5,170.34,0,0,0,4.9272,9,12,0,56.4385619,145.202,29.54,0,3,0.5012,4,10,0,101.7792292,194.23,35.53,0,3,2.0186,5,14,1,269.1209499,182.291,37.3,2,3,1.4074,2,9,0,133.7744375,GFP,3.402347373
101,2516,*CCCCCCCCCCCC,*CC(*)C(=O)OCCN(C)C,*CC(*)C(=O)OCCOc1ccccc1,*SC(=S)SC(C)C(=O)O,20,2,170.34,0,0,0,4.9272,9,12,0,56.4385619,145.202,29.54,0,3,0.5012,4,10,0,101.7792292,194.23,35.53,0,3,2.0186,5,14,1,269.1209499,182.291,37.3,2,3,1.4074,2,9,0,133.7744375,GFP,3.410608543
101,2517,*CCCCCCCCCCCC,*CC(*)C(=O)OCCN(C)C,*CC(*)C(=O)OCCOc1ccccc1,*SC(=S)SC(C)C(=O)O,20,1,170.34,0,0,0,4.9272,9,12,0,56.4385619,145.202,29.54,0,3,0.5012,4,10,0,101.7792292,194.23,35.53,0,3,2.0186,5,14,1,269.1209499,182.291,37.3,2,3,1.4074,2,9,0,133.7744375,GFP,3.375114685
101,2518,*CCCCCCCCCCCC,*CC(*)C(=O)OCCN(C)C,*CC(*)C(=O)OCCOc1ccccc1,*SC(=S)SC(C)C(=O)O,20,0.5,170.34,0,0,0,4.9272,9,12,0,56.4385619,145.202,29.54,0,3,0.5012,4,10,0,101.7792292,194.23,35.53,0,3,2.0186,5,14,1,269.1209499,182.291,37.3,2,3,1.4074,2,9,0,133.7744375,GFP,3.415390738
101,2519,*CCCCCCCCCCCC,*CC(*)C(=O)OCCN(C)C,*CC(*)(C)C(=O)OCCCCCC,*SC(=S)SC(C)C(=O)O,2,2,170.34,0,0,0,4.9272,9,12,0,56.4385619,145.202,29.54,0,3,0.5012,4,10,0,101.7792292,172.268,26.3,0,2,2.7659,6,12,0,119.0069869,182.291,37.3,2,3,1.4074,2,9,0,133.7744375,GFP,3.368844507
101,2520,*CCCCCCCCCCCC,*CC(*)C(=O)OCCN(C)C,*CC(*)(C)C(=O)OCCCCCC,*SC(=S)SC(C)C(=O)O,2,1,170.34,0,0,0,4.9272,9,12,0,56.4385619,145.202,29.54,0,3,0.5012,4,10,0,101.7792292,172.268,26.3,0,2,2.7659,6,12,0,119.0069869,182.291,37.3,2,3,1.4074,2,9,0,133.7744375,GFP,3.353820095
101,2521,*CCCCCCCCCCCC,*CC(*)C(=O)OCCN(C)C,*CC(*)(C)C(=O)OCCCCCC,*SC(=S)SC(C)C(=O)O,2,0.5,170.34,0,0,0,4.9272,9,12,0,56.4385619,145.202,29.54,0,3,0.5012,4,10,0,101.7792292,172.268,26.3,0,2,2.7659,6,12,0,119.0069869,182.291,37.3,2,3,1.4074,2,9,0,133.7744375,GFP,3.414722721
101,2522,*CCCCCCCCCCCC,*CC(*)C(=O)OCCN(C)C,*CC(*)(C)C(=O)OCCCCCC,*SC(=S)SC(C)C(=O)O,5,2,170.34,0,0,0,4.9272,9,12,0,56.4385619,145.202,29.54,0,3,0.5012,4,10,0,101.7792292,172.268,26.3,0,2,2.7659,6,12,0,119.0069869,182.291,37.3,2,3,1.4074,2,9,0,133.7744375,GFP,3.482444792
101,2523,*CCCCCCCCCCCC,*CC(*)C(=O)OCCN(C)C,*CC(*)(C)C(=O)OCCCCCC,*SC(=S)SC(C)C(=O)O,5,1,170.34,0,0,0,4.9272,9,12,0,56.4385619,145.202,29.54,0,3,0.5012,4,10,0,101.7792292,172.268,26.3,0,2,2.7659,6,12,0,119.0069869,182.291,37.3,2,3,1.4074,2,9,0,133.7744375,GFP,3.473559955
101,2524,*CCCCCCCCCCCC,*CC(*)C(=O)OCCN(C)C,*CC(*)(C)C(=O)OCCCCCC,*SC(=S)SC(C)C(=O)O,5,0.5,170.34,0,0,0,4.9272,9,12,0,56.4385619,145.202,29.54,0,3,0.5012,4,10,0,101.7792292,172.268,26.3,0,2,2.7659,6,12,0,119.0069869,182.291,37.3,2,3,1.4074,2,9,0,133.7744375,GFP,3.512350811
101,2525,*CCCCCCCCCCCC,*CC(*)C(=O)OCCN(C)C,*CC(*)(C)C(=O)OCCCCCC,*SC(=S)SC(C)C(=O)O,10,2,170.34,0,0,0,4.9272,9,12,0,56.4385619,145.202,29.54,0,3,0.5012,4,10,0,101.7792292,172.268,26.3,0,2,2.7659,6,12,0,119.0069869,182.291,37.3,2,3,1.4074,2,9,0,133.7744375,GFP,3.383905087
101,2526,*CCCCCCCCCCCC,*CC(*)C(=O)OCCN(C)C,*CC(*)(C)C(=O)OCCCCCC,*SC(=S)SC(C)C(=O)O,10,1,170.34,0,0,0,4.9272,9,12,0,56.4385619,145.202,29.54,0,3,0.5012,4,10,0,101.7792292,172.268,26.3,0,2,2.7659,6,12,0,119.0069869,182.291,37.3,2,3,1.4074,2,9,0,133.7744375,GFP,3.433529826
101,2527,*CCCCCCCCCCCC,*CC(*)C(=O)OCCN(C)C,*CC(*)(C)C(=O)OCCCCCC,*SC(=S)SC(C)C(=O)O,10,0.5,170.34,0,0,0,4.9272,9,12,0,56.4385619,145.202,29.54,0,3,0.5012,4,10,0,101.7792292,172.268,26.3,0,2,2.7659,6,12,0,119.0069869,182.291,37.3,2,3,1.4074,2,9,0,133.7744375,GFP,3.430236353
101,2528,*CCCCCCCCCCCC,*CC(*)C(=O)OCCN(C)C,*CC(*)(C)C(=O)OCCCCCC,*SC(=S)SC(C)C(=O)O,20,2,170.34,0,0,0,4.9272,9,12,0,56.4385619,145.202,29.54,0,3,0.5012,4,10,0,101.7792292,172.268,26.3,0,2,2.7659,6,12,0,119.0069869,182.291,37.3,2,3,1.4074,2,9,0,133.7744375,GFP,3.559128266
101,2529,*CCCCCCCCCCCC,*CC(*)C(=O)OCCN(C)C,*CC(*)(C)C(=O)OCCCCCC,*SC(=S)SC(C)C(=O)O,20,1,170.34,0,0,0,4.9272,9,12,0,56.4385619,145.202,29.54,0,3,0.5012,4,10,0,101.7792292,172.268,26.3,0,2,2.7659,6,12,0,119.0069869,182.291,37.3,2,3,1.4074,2,9,0,133.7744375,GFP,3.434967888
101,2530,*CCCCCCCCCCCC,*CC(*)C(=O)OCCN(C)C,*CC(*)(C)C(=O)OCCCCCC,*SC(=S)SC(C)C(=O)O,20,0.5,170.34,0,0,0,4.9272,9,12,0,56.4385619,145.202,29.54,0,3,0.5012,4,10,0,101.7792292,172.268,26.3,0,2,2.7659,6,12,0,119.0069869,182.291,37.3,2,3,1.4074,2,9,0,133.7744375,GFP,3.383725626
101,2531,*CCCCCCCCCCCC,*CC(*)C(=O)OCCN(C)C,*CC(*)C(=O)OCC(CC)CCCC,*SC(=S)SC(C)C(=O)O,2,2,170.34,0,0,0,4.9272,9,12,0,56.4385619,145.202,29.54,0,3,0.5012,4,10,0,101.7792292,186.295,26.3,0,2,3.156,7,13,0,132.0519685,182.291,37.3,2,3,1.4074,2,9,0,133.7744375,GFP,3.360404055
101,2532,*CCCCCCCCCCCC,*CC(*)C(=O)OCCN(C)C,*CC(*)C(=O)OCC(CC)CCCC,*SC(=S)SC(C)C(=O)O,2,1,170.34,0,0,0,4.9272,9,12,0,56.4385619,145.202,29.54,0,3,0.5012,4,10,0,101.7792292,186.295,26.3,0,2,3.156,7,13,0,132.0519685,182.291,37.3,2,3,1.4074,2,9,0,133.7744375,GFP,3.481442629
101,2533,*CCCCCCCCCCCC,*CC(*)C(=O)OCCN(C)C,*CC(*)C(=O)OCC(CC)CCCC,*SC(=S)SC(C)C(=O)O,2,0.5,170.34,0,0,0,4.9272,9,12,0,56.4385619,145.202,29.54,0,3,0.5012,4,10,0,101.7792292,186.295,26.3,0,2,3.156,7,13,0,132.0519685,182.291,37.3,2,3,1.4074,2,9,0,133.7744375,GFP,3.543012046
101,2534,*CCCCCCCCCCCC,*CC(*)C(=O)OCCN(C)C,*CC(*)C(=O)OCC(CC)CCCC,*SC(=S)SC(C)C(=O)O,5,2,170.34,0,0,0,4.9272,9,12,0,56.4385619,145.202,29.54,0,3,0.5012,4,10,0,101.7792292,186.295,26.3,0,2,3.156,7,13,0,132.0519685,182.291,37.3,2,3,1.4074,2,9,0,133.7744375,GFP,3.511482289
101,2535,*CCCCCCCCCCCC,*CC(*)C(=O)OCCN(C)C,*CC(*)C(=O)OCC(CC)CCCC,*SC(=S)SC(C)C(=O)O,5,1,170.34,0,0,0,4.9272,9,12,0,56.4385619,145.202,29.54,0,3,0.5012,4,10,0,101.7792292,186.295,26.3,0,2,3.156,7,13,0,132.0519685,182.291,37.3,2,3,1.4074,2,9,0,133.7744375,GFP,3.480725379
101,2536,*CCCCCCCCCCCC,*CC(*)C(=O)OCCN(C)C,*CC(*)C(=O)OCC(CC)CCCC,*SC(=S)SC(C)C(=O)O,5,0.5,170.34,0,0,0,4.9272,9,12,0,56.4385619,145.202,29.54,0,3,0.5012,4,10,0,101.7792292,186.295,26.3,0,2,3.156,7,13,0,132.0519685,182.291,37.3,2,3,1.4074,2,9,0,133.7744375,GFP,3.410355383
101,2537,*CCCCCCCCCCCC,*CC(*)C(=O)OCCN(C)C,*CC(*)C(=O)OCC(CC)CCCC,*SC(=S)SC(C)C(=O)O,10,2,170.34,0,0,0,4.9272,9,12,0,56.4385619,145.202,29.54,0,3,0.5012,4,10,0,101.7792292,186.295,26.3,0,2,3.156,7,13,0,132.0519685,182.291,37.3,2,3,1.4074,2,9,0,133.7744375,GFP,3.441223674
101,2538,*CCCCCCCCCCCC,*CC(*)C(=O)OCCN(C)C,*CC(*)C(=O)OCC(CC)CCCC,*SC(=S)SC(C)C(=O)O,10,1,170.34,0,0,0,4.9272,9,12,0,56.4385619,145.202,29.54,0,3,0.5012,4,10,0,101.7792292,186.295,26.3,0,2,3.156,7,13,0,132.0519685,182.291,37.3,2,3,1.4074,2,9,0,133.7744375,GFP,3.487986331
101,2539,*CCCCCCCCCCCC,*CC(*)C(=O)OCCN(C)C,*CC(*)C(=O)OCC(CC)CCCC,*SC(=S)SC(C)C(=O)O,10,0.5,170.34,0,0,0,4.9272,9,12,0,56.4385619,145.202,29.54,0,3,0.5012,4,10,0,101.7792292,186.295,26.3,0,2,3.156,7,13,0,132.0519685,182.291,37.3,2,3,1.4074,2,9,0,133.7744375,GFP,3.488973525
101,2540,*CCCCCCCCCCCC,*CC(*)C(=O)OCCN(C)C,*CC(*)C(=O)OCC(CC)CCCC,*SC(=S)SC(C)C(=O)O,20,2,170.34,0,0,0,4.9272,9,12,0,56.4385619,145.202,29.54,0,3,0.5012,4,10,0,101.7792292,186.295,26.3,0,2,3.156,7,13,0,132.0519685,182.291,37.3,2,3,1.4074,2,9,0,133.7744375,GFP,3.481227578
101,2541,*CCCCCCCCCCCC,*CC(*)C(=O)OCCN(C)C,*CC(*)C(=O)OCC(CC)CCCC,*SC(=S)SC(C)C(=O)O,20,1,170.34,0,0,0,4.9272,9,12,0,56.4385619,145.202,29.54,0,3,0.5012,4,10,0,101.7792292,186.295,26.3,0,2,3.156,7,13,0,132.0519685,182.291,37.3,2,3,1.4074,2,9,0,133.7744375,GFP,3.427404955
101,2542,*CCCCCCCCCCCC,*CC(*)C(=O)OCCN(C)C,*CC(*)C(=O)OCC(CC)CCCC,*SC(=S)SC(C)C(=O)O,20,0.5,170.34,0,0,0,4.9272,9,12,0,56.4385619,145.202,29.54,0,3,0.5012,4,10,0,101.7792292,186.295,26.3,0,2,3.156,7,13,0,132.0519685,182.291,37.3,2,3,1.4074,2,9,0,133.7744375,GFP,3.408833322
101,2543,*CCCCCCCCCCCC,*CC(*)(C)C(=O)OCCN1CCCCC1,*CC(*)C(=O)OCCOc1ccccc1,*SC(=S)SC(C)C(=O)O,2,2,170.34,0,0,0,4.9272,9,12,0,56.4385619,199.294,29.54,0,3,1.6715,4,14,1,174.1263449,194.23,35.53,0,3,2.0186,5,14,1,269.1209499,182.291,37.3,2,3,1.4074,2,9,0,133.7744375,GFP,3.423819092
101,2544,*CCCCCCCCCCCC,*CC(*)(C)C(=O)OCCN1CCCCC1,*CC(*)C(=O)OCCOc1ccccc1,*SC(=S)SC(C)C(=O)O,2,1,170.34,0,0,0,4.9272,9,12,0,56.4385619,199.294,29.54,0,3,1.6715,4,14,1,174.1263449,194.23,35.53,0,3,2.0186,5,14,1,269.1209499,182.291,37.3,2,3,1.4074,2,9,0,133.7744375,GFP,3.377488383
101,2545,*CCCCCCCCCCCC,*CC(*)(C)C(=O)OCCN1CCCCC1,*CC(*)C(=O)OCCOc1ccccc1,*SC(=S)SC(C)C(=O)O,2,0.5,170.34,0,0,0,4.9272,9,12,0,56.4385619,199.294,29.54,0,3,1.6715,4,14,1,174.1263449,194.23,35.53,0,3,2.0186,5,14,1,269.1209499,182.291,37.3,2,3,1.4074,2,9,0,133.7744375,GFP,3.386142109
101,2546,*CCCCCCCCCCCC,*CC(*)(C)C(=O)OCCN1CCCCC1,*CC(*)C(=O)OCCOc1ccccc1,*SC(=S)SC(C)C(=O)O,5,2,170.34,0,0,0,4.9272,9,12,0,56.4385619,199.294,29.54,0,3,1.6715,4,14,1,174.1263449,194.23,35.53,0,3,2.0186,5,14,1,269.1209499,182.291,37.3,2,3,1.4074,2,9,0,133.7744375,GFP,3.478133428
101,2547,*CCCCCCCCCCCC,*CC(*)(C)C(=O)OCCN1CCCCC1,*CC(*)C(=O)OCCOc1ccccc1,*SC(=S)SC(C)C(=O)O,5,1,170.34,0,0,0,4.9272,9,12,0,56.4385619,199.294,29.54,0,3,1.6715,4,14,1,174.1263449,194.23,35.53,0,3,2.0186,5,14,1,269.1209499,182.291,37.3,2,3,1.4074,2,9,0,133.7744375,GFP,3.469895619
101,2548,*CCCCCCCCCCCC,*CC(*)(C)C(=O)OCCN1CCCCC1,*CC(*)C(=O)OCCOc1ccccc1,*SC(=S)SC(C)C(=O)O,5,0.5,170.34,0,0,0,4.9272,9,12,0,56.4385619,199.294,29.54,0,3,1.6715,4,14,1,174.1263449,194.23,35.53,0,3,2.0186,5,14,1,269.1209499,182.291,37.3,2,3,1.4074,2,9,0,133.7744375,GFP,3.579040088
101,2549,*CCCCCCCCCCCC,*CC(*)(C)C(=O)OCCN1CCCCC1,*CC(*)C(=O)OCCOc1ccccc1,*SC(=S)SC(C)C(=O)O,10,2,170.34,0,0,0,4.9272,9,12,0,56.4385619,199.294,29.54,0,3,1.6715,4,14,1,174.1263449,194.23,35.53,0,3,2.0186,5,14,1,269.1209499,182.291,37.3,2,3,1.4074,2,9,0,133.7744375,GFP,3.41689003
101,2550,*CCCCCCCCCCCC,*CC(*)(C)C(=O)OCCN1CCCCC1,*CC(*)C(=O)OCCOc1ccccc1,*SC(=S)SC(C)C(=O)O,10,1,170.34,0,0,0,4.9272,9,12,0,56.4385619,199.294,29.54,0,3,1.6715,4,14,1,174.1263449,194.23,35.53,0,3,2.0186,5,14,1,269.1209499,182.291,37.3,2,3,1.4074,2,9,0,133.7744375,GFP,3.49408499
101,2551,*CCCCCCCCCCCC,*CC(*)(C)C(=O)OCCN1CCCCC1,*CC(*)C(=O)OCCOc1ccccc1,*SC(=S)SC(C)C(=O)O,10,0.5,170.34,0,0,0,4.9272,9,12,0,56.4385619,199.294,29.54,0,3,1.6715,4,14,1,174.1263449,194.23,35.53,0,3,2.0186,5,14,1,269.1209499,182.291,37.3,2,3,1.4074,2,9,0,133.7744375,GFP,3.539577883
101,2552,*CCCCCCCCCCCC,*CC(*)(C)C(=O)OCCN1CCCCC1,*CC(*)C(=O)OCCOc1ccccc1,*SC(=S)SC(C)C(=O)O,20,2,170.34,0,0,0,4.9272,9,12,0,56.4385619,199.294,29.54,0,3,1.6715,4,14,1,174.1263449,194.23,35.53,0,3,2.0186,5,14,1,269.1209499,182.291,37.3,2,3,1.4074,2,9,0,133.7744375,GFP,3.548205096
101,2553,*CCCCCCCCCCCC,*CC(*)(C)C(=O)OCCN1CCCCC1,*CC(*)C(=O)OCCOc1ccccc1,*SC(=S)SC(C)C(=O)O,20,1,170.34,0,0,0,4.9272,9,12,0,56.4385619,199.294,29.54,0,3,1.6715,4,14,1,174.1263449,194.23,35.53,0,3,2.0186,5,14,1,269.1209499,182.291,37.3,2,3,1.4074,2,9,0,133.7744375,GFP,3.462098381
101,2554,*CCCCCCCCCCCC,*CC(*)(C)C(=O)OCCN1CCCCC1,*CC(*)C(=O)OCCOc1ccccc1,*SC(=S)SC(C)C(=O)O,20,0.5,170.34,0,0,0,4.9272,9,12,0,56.4385619,199.294,29.54,0,3,1.6715,4,14,1,174.1263449,194.23,35.53,0,3,2.0186,5,14,1,269.1209499,182.291,37.3,2,3,1.4074,2,9,0,133.7744375,GFP,3.455225653
101,2555,*CCCCCCCCCCCC,*CC(*)(C)C(=O)OCCN1CCCCC1,*CC(*)(C)C(=O)OCCCCCC,*SC(=S)SC(C)C(=O)O,2,2,170.34,0,0,0,4.9272,9,12,0,56.4385619,199.294,29.54,0,3,1.6715,4,14,1,174.1263449,172.268,26.3,0,2,2.7659,6,12,0,119.0069869,182.291,37.3,2,3,1.4074,2,9,0,133.7744375,GFP,3.46456406
101,2556,*CCCCCCCCCCCC,*CC(*)(C)C(=O)OCCN1CCCCC1,*CC(*)(C)C(=O)OCCCCCC,*SC(=S)SC(C)C(=O)O,2,1,170.34,0,0,0,4.9272,9,12,0,56.4385619,199.294,29.54,0,3,1.6715,4,14,1,174.1263449,172.268,26.3,0,2,2.7659,6,12,0,119.0069869,182.291,37.3,2,3,1.4074,2,9,0,133.7744375,GFP,3.438146636
101,2557,*CCCCCCCCCCCC,*CC(*)(C)C(=O)OCCN1CCCCC1,*CC(*)(C)C(=O)OCCCCCC,*SC(=S)SC(C)C(=O)O,2,0.5,170.34,0,0,0,4.9272,9,12,0,56.4385619,199.294,29.54,0,3,1.6715,4,14,1,174.1263449,172.268,26.3,0,2,2.7659,6,12,0,119.0069869,182.291,37.3,2,3,1.4074,2,9,0,133.7744375,GFP,3.463370327
101,2558,*CCCCCCCCCCCC,*CC(*)(C)C(=O)OCCN1CCCCC1,*CC(*)(C)C(=O)OCCCCCC,*SC(=S)SC(C)C(=O)O,5,2,170.34,0,0,0,4.9272,9,12,0,56.4385619,199.294,29.54,0,3,1.6715,4,14,1,174.1263449,172.268,26.3,0,2,2.7659,6,12,0,119.0069869,182.291,37.3,2,3,1.4074,2,9,0,133.7744375,GFP,3.437354128
101,2559,*CCCCCCCCCCCC,*CC(*)(C)C(=O)OCCN1CCCCC1,*CC(*)(C)C(=O)OCCCCCC,*SC(=S)SC(C)C(=O)O,5,1,170.34,0,0,0,4.9272,9,12,0,56.4385619,199.294,29.54,0,3,1.6715,4,14,1,174.1263449,172.268,26.3,0,2,2.7659,6,12,0,119.0069869,182.291,37.3,2,3,1.4074,2,9,0,133.7744375,GFP,3.551205944
101,2560,*CCCCCCCCCCCC,*CC(*)(C)C(=O)OCCN1CCCCC1,*CC(*)(C)C(=O)OCCCCCC,*SC(=S)SC(C)C(=O)O,5,0.5,170.34,0,0,0,4.9272,9,12,0,56.4385619,199.294,29.54,0,3,1.6715,4,14,1,174.1263449,172.268,26.3,0,2,2.7659,6,12,0,119.0069869,182.291,37.3,2,3,1.4074,2,9,0,133.7744375,GFP,3.614897216
101,2561,*CCCCCCCCCCCC,*CC(*)(C)C(=O)OCCN1CCCCC1,*CC(*)(C)C(=O)OCCCCCC,*SC(=S)SC(C)C(=O)O,10,2,170.34,0,0,0,4.9272,9,12,0,56.4385619,199.294,29.54,0,3,1.6715,4,14,1,174.1263449,172.268,26.3,0,2,2.7659,6,12,0,119.0069869,182.291,37.3,2,3,1.4074,2,9,0,133.7744375,GFP,3.780893109
101,2562,*CCCCCCCCCCCC,*CC(*)(C)C(=O)OCCN1CCCCC1,*CC(*)(C)C(=O)OCCCCCC,*SC(=S)SC(C)C(=O)O,10,1,170.34,0,0,0,4.9272,9,12,0,56.4385619,199.294,29.54,0,3,1.6715,4,14,1,174.1263449,172.268,26.3,0,2,2.7659,6,12,0,119.0069869,182.291,37.3,2,3,1.4074,2,9,0,133.7744375,GFP,3.45591024
101,2563,*CCCCCCCCCCCC,*CC(*)(C)C(=O)OCCN1CCCCC1,*CC(*)(C)C(=O)OCCCCCC,*SC(=S)SC(C)C(=O)O,10,0.5,170.34,0,0,0,4.9272,9,12,0,56.4385619,199.294,29.54,0,3,1.6715,4,14,1,174.1263449,172.268,26.3,0,2,2.7659,6,12,0,119.0069869,182.291,37.3,2,3,1.4074,2,9,0,133.7744375,GFP,3.35707684
101,2564,*CCCCCCCCCCCC,*CC(*)(C)C(=O)OCCN1CCCCC1,*CC(*)(C)C(=O)OCCCCCC,*SC(=S)SC(C)C(=O)O,20,2,170.34,0,0,0,4.9272,9,12,0,56.4385619,199.294,29.54,0,3,1.6715,4,14,1,174.1263449,172.268,26.3,0,2,2.7659,6,12,0,119.0069869,182.291,37.3,2,3,1.4074,2,9,0,133.7744375,GFP,3.540642254
101,2565,*CCCCCCCCCCCC,*CC(*)(C)C(=O)OCCN1CCCCC1,*CC(*)(C)C(=O)OCCCCCC,*SC(=S)SC(C)C(=O)O,20,1,170.34,0,0,0,4.9272,9,12,0,56.4385619,199.294,29.54,0,3,1.6715,4,14,1,174.1263449,172.268,26.3,0,2,2.7659,6,12,0,119.0069869,182.291,37.3,2,3,1.4074,2,9,0,133.7744375,GFP,3.471951455
101,2566,*CCCCCCCCCCCC,*CC(*)(C)C(=O)OCCN1CCCCC1,*CC(*)(C)C(=O)OCCCCCC,*SC(=S)SC(C)C(=O)O,20,0.5,170.34,0,0,0,4.9272,9,12,0,56.4385619,199.294,29.54,0,3,1.6715,4,14,1,174.1263449,172.268,26.3,0,2,2.7659,6,12,0,119.0069869,182.291,37.3,2,3,1.4074,2,9,0,133.7744375,GFP,3.495405563
101,2567,*CCCCCCCCCCCC,*CC(*)(C)C(=O)OCCN1CCCCC1,*CC(*)C(=O)OCC(CC)CCCC,*SC(=S)SC(C)C(=O)O,2,2,170.34,0,0,0,4.9272,9,12,0,56.4385619,199.294,29.54,0,3,1.6715,4,14,1,174.1263449,186.295,26.3,0,2,3.156,7,13,0,132.0519685,182.291,37.3,2,3,1.4074,2,9,0,133.7744375,GFP,3.478999132
101,2568,*CCCCCCCCCCCC,*CC(*)(C)C(=O)OCCN1CCCCC1,*CC(*)C(=O)OCC(CC)CCCC,*SC(=S)SC(C)C(=O)O,2,1,170.34,0,0,0,4.9272,9,12,0,56.4385619,199.294,29.54,0,3,1.6715,4,14,1,174.1263449,186.295,26.3,0,2,3.156,7,13,0,132.0519685,182.291,37.3,2,3,1.4074,2,9,0,133.7744375,GFP,3.387656729
101,2569,*CCCCCCCCCCCC,*CC(*)(C)C(=O)OCCN1CCCCC1,*CC(*)C(=O)OCC(CC)CCCC,*SC(=S)SC(C)C(=O)O,2,0.5,170.34,0,0,0,4.9272,9,12,0,56.4385619,199.294,29.54,0,3,1.6715,4,14,1,174.1263449,186.295,26.3,0,2,3.156,7,13,0,132.0519685,182.291,37.3,2,3,1.4074,2,9,0,133.7744375,GFP,3.435366507
101,2570,*CCCCCCCCCCCC,*CC(*)(C)C(=O)OCCN1CCCCC1,*CC(*)C(=O)OCC(CC)CCCC,*SC(=S)SC(C)C(=O)O,5,2,170.34,0,0,0,4.9272,9,12,0,56.4385619,199.294,29.54,0,3,1.6715,4,14,1,174.1263449,186.295,26.3,0,2,3.156,7,13,0,132.0519685,182.291,37.3,2,3,1.4074,2,9,0,133.7744375,GFP,3.456366033
101,2571,*CCCCCCCCCCCC,*CC(*)(C)C(=O)OCCN1CCCCC1,*CC(*)C(=O)OCC(CC)CCCC,*SC(=S)SC(C)C(=O)O,5,1,170.34,0,0,0,4.9272,9,12,0,56.4385619,199.294,29.54,0,3,1.6715,4,14,1,174.1263449,186.295,26.3,0,2,3.156,7,13,0,132.0519685,182.291,37.3,2,3,1.4074,2,9,0,133.7744375,GFP,3.31302311
101,2572,*CCCCCCCCCCCC,*CC(*)(C)C(=O)OCCN1CCCCC1,*CC(*)C(=O)OCC(CC)CCCC,*SC(=S)SC(C)C(=O)O,5,0.5,170.34,0,0,0,4.9272,9,12,0,56.4385619,199.294,29.54,0,3,1.6715,4,14,1,174.1263449,186.295,26.3,0,2,3.156,7,13,0,132.0519685,182.291,37.3,2,3,1.4074,2,9,0,133.7744375,GFP,3.70969387
101,2573,*CCCCCCCCCCCC,*CC(*)(C)C(=O)OCCN1CCCCC1,*CC(*)C(=O)OCC(CC)CCCC,*SC(=S)SC(C)C(=O)O,10,2,170.34,0,0,0,4.9272,9,12,0,56.4385619,199.294,29.54,0,3,1.6715,4,14,1,174.1263449,186.295,26.3,0,2,3.156,7,13,0,132.0519685,182.291,37.3,2,3,1.4074,2,9,0,133.7744375,GFP,3.467608106
101,2574,*CCCCCCCCCCCC,*CC(*)(C)C(=O)OCCN1CCCCC1,*CC(*)C(=O)OCC(CC)CCCC,*SC(=S)SC(C)C(=O)O,10,1,170.34,0,0,0,4.9272,9,12,0,56.4385619,199.294,29.54,0,3,1.6715,4,14,1,174.1263449,186.295,26.3,0,2,3.156,7,13,0,132.0519685,182.291,37.3,2,3,1.4074,2,9,0,133.7744375,GFP,3.377761439
101,2575,*CCCCCCCCCCCC,*CC(*)(C)C(=O)OCCN1CCCCC1,*CC(*)C(=O)OCC(CC)CCCC,*SC(=S)SC(C)C(=O)O,10,0.5,170.34,0,0,0,4.9272,9,12,0,56.4385619,199.294,29.54,0,3,1.6715,4,14,1,174.1263449,186.295,26.3,0,2,3.156,7,13,0,132.0519685,182.291,37.3,2,3,1.4074,2,9,0,133.7744375,GFP,3.443184729
101,2576,*CCCCCCCCCCCC,*CC(*)(C)C(=O)OCCN1CCCCC1,*CC(*)C(=O)OCC(CC)CCCC,*SC(=S)SC(C)C(=O)O,20,2,170.34,0,0,0,4.9272,9,12,0,56.4385619,199.294,29.54,0,3,1.6715,4,14,1,174.1263449,186.295,26.3,0,2,3.156,7,13,0,132.0519685,182.291,37.3,2,3,1.4074,2,9,0,133.7744375,GFP,3.725258066
101,2577,*CCCCCCCCCCCC,*CC(*)(C)C(=O)OCCN1CCCCC1,*CC(*)C(=O)OCC(CC)CCCC,*SC(=S)SC(C)C(=O)O,20,1,170.34,0,0,0,4.9272,9,12,0,56.4385619,199.294,29.54,0,3,1.6715,4,14,1,174.1263449,186.295,26.3,0,2,3.156,7,13,0,132.0519685,182.291,37.3,2,3,1.4074,2,9,0,133.7744375,GFP,3.712691782
101,2578,*CCCCCCCCCCCC,*CC(*)(C)C(=O)OCCN1CCCCC1,*CC(*)C(=O)OCC(CC)CCCC,*SC(=S)SC(C)C(=O)O,20,0.5,170.34,0,0,0,4.9272,9,12,0,56.4385619,199.294,29.54,0,3,1.6715,4,14,1,174.1263449,186.295,26.3,0,2,3.156,7,13,0,132.0519685,182.291,37.3,2,3,1.4074,2,9,0,133.7744375,GFP,3.493876111
101,2579,*CCCCCCCCCCCC,*CC(*)(C)C(=O)OCCN(C)C,*CC(*)C(=O)OCC(CC)CCCC,*SC(=S)SC(C)(C#N)CCC(=O)O,30,1,170.34,0,0,0,4.9272,9,12,0,56.4385619,159.229,29.54,0,3,0.7472,4,11,0,121.2604657,186.295,26.3,0,2,3.156,7,13,0,132.0519685,235.355,61.09,2,4,2.08138,4,13,0,260.9534945,GFP,3.507518556
101,2580,*CCCCCCCCCCCC,*CC(*)(C)C(=O)OCCN(C)C,*CC(*)C(=O)OCC(CC)CCCC,*SC(=S)SC(C)(C#N)CCC(=O)O,40,1,170.34,0,0,0,4.9272,9,12,0,56.4385619,159.229,29.54,0,3,0.7472,4,11,0,121.2604657,186.295,26.3,0,2,3.156,7,13,0,132.0519685,235.355,61.09,2,4,2.08138,4,13,0,260.9534945,GFP,3.375297738
101,2581,*CCCCCCCCCCCC,*CC(*)(C)C(=O)OCCN(C)C,*CC(*)C(=O)OCC(CC)CCCC,*SC(=S)SC(C)(C#N)CCC(=O)O,50,1,170.34,0,0,0,4.9272,9,12,0,56.4385619,159.229,29.54,0,3,0.7472,4,11,0,121.2604657,186.295,26.3,0,2,3.156,7,13,0,132.0519685,235.355,61.09,2,4,2.08138,4,13,0,260.9534945,GFP,3.688642252
101,2582,*CCCCCCCCCCCC,*CC(*)(C)C(=O)OCCN1CCCCC1,*CC(*)C(=O)OCC(CC)CCCC,*SC(=S)SC(C)(C#N)CCC(=O)O,30,1,170.34,0,0,0,4.9272,9,12,0,56.4385619,199.294,29.54,0,3,1.6715,4,14,1,174.1263449,186.295,26.3,0,2,3.156,7,13,0,132.0519685,235.355,61.09,2,4,2.08138,4,13,0,260.9534945,GFP,3.62572391
101,2583,*CCCCCCCCCCCC,*CC(*)(C)C(=O)OCCN1CCCCC1,*CC(*)C(=O)OCC(CC)CCCC,*SC(=S)SC(C)(C#N)CCC(=O)O,40,1,170.34,0,0,0,4.9272,9,12,0,56.4385619,199.294,29.54,0,3,1.6715,4,14,1,174.1263449,186.295,26.3,0,2,3.156,7,13,0,132.0519685,235.355,61.09,2,4,2.08138,4,13,0,260.9534945,GFP,3.648701457
101,2584,*CCCCCCCCCCCC,*CC(*)(C)C(=O)OCCN1CCCCC1,*CC(*)C(=O)OCC(CC)CCCC,*SC(=S)SC(C)(C#N)CCC(=O)O,50,1,170.34,0,0,0,4.9272,9,12,0,56.4385619,199.294,29.54,0,3,1.6715,4,14,1,174.1263449,186.295,26.3,0,2,3.156,7,13,0,132.0519685,235.355,61.09,2,4,2.08138,4,13,0,260.9534945,GFP,3.643304596
101,2585,*CCCCCCCCCCCC,*CC(*)(C)C(=O)OCCN(C)C,*CC(*)(C)C(=O)OCCCCC=CCC=CCCCCCCCCC,*SC(=S)SC(C)(C#N)CCC(=O)O,40,1,170.34,0,0,0,4.9272,9,12,0,56.4385619,159.229,29.54,0,3,0.7472,4,11,0,121.2604657,336.56,26.3,0,2,6.9991,16,24,0,328.8616163,235.355,61.09,2,4,2.08138,4,13,0,260.9534945,GFP,3.581209852
101,2586,*CCCCCCCCCCCC,*CC(*)(C)C(=O)OCCN(C)C,*CC(*)(C)C(=O)OCCCCC=CCC=CCCCCCCCCC,*SC(=S)SC(C)(C#N)CCC(=O)O,50,1,170.34,0,0,0,4.9272,9,12,0,56.4385619,159.229,29.54,0,3,0.7472,4,11,0,121.2604657,336.56,26.3,0,2,6.9991,16,24,0,328.8616163,235.355,61.09,2,4,2.08138,4,13,0,260.9534945,GFP,3.460972974
101,2587,*CCCCCCCCCCCC,*CC(*)(C)C(=O)OCCN(C)C,*CC(*)C(=O)OCCOCCOCC,*SC(=S)SC(C)(C#N)CCC(=O)O,10,2,170.34,0,0,0,4.9272,9,12,0,56.4385619,159.229,29.54,0,3,0.7472,4,11,0,121.2604657,190.239,44.76,0,4,0.9927,8,13,0,124.7831092,235.355,61.09,2,4,2.08138,4,13,0,260.9534945,GFP,3.592842683
101,2588,*CCCCCCCCCCCC,*CC(*)(C)C(=O)OCCN(C)C,*CC(*)C(=O)OCCOCCOCC,*SC(=S)SC(C)(C#N)CCC(=O)O,40,1,170.34,0,0,0,4.9272,9,12,0,56.4385619,159.229,29.54,0,3,0.7472,4,11,0,121.2604657,190.239,44.76,0,4,0.9927,8,13,0,124.7831092,235.355,61.09,2,4,2.08138,4,13,0,260.9534945,GFP,3.579954995
101,2589,*CCCCCCCCCCCC,*CC(*)(C)C(=O)OCCN1CCCCC1,*CC(*)C(=O)OCC(CC)CCCC,*SC(=S)SC(C)(C#N)CCC(=O)O,50,1,170.34,0,0,0,4.9272,9,12,0,56.4385619,199.294,29.54,0,3,1.6715,4,14,1,174.1263449,186.295,26.3,0,2,3.156,7,13,0,132.0519685,235.355,61.09,2,4,2.08138,4,13,0,260.9534945,GFP,3.608900264
101,2590,*CCCCCCCCCCCC,*CC(*)(C)C(=O)OCCN1CCCCC1,*CC(*)(C)C(=O)OCCCCC=CCC=CCCCCCCCCC,*SC(=S)SC(C)(C#N)CCC(=O)O,5,1,170.34,0,0,0,4.9272,9,12,0,56.4385619,199.294,29.54,0,3,1.6715,4,14,1,174.1263449,336.56,26.3,0,2,6.9991,16,24,0,328.8616163,235.355,61.09,2,4,2.08138,4,13,0,260.9534945,GFP,3.634426885
101,2591,*CCCCCCCCCCCC,*CC(*)(C)C(=O)OCCCN1CCCC1,*CC(*)C(=O)OCC(CC)CCCC,*SC(=S)SC(C)(C#N)CCC(=O)O,5,1,170.34,0,0,0,4.9272,9,12,0,56.4385619,199.294,29.54,0,3,1.6715,5,14,1,174.1263449,186.295,26.3,0,2,3.156,7,13,0,132.0519685,235.355,61.09,2,4,2.08138,4,13,0,260.9534945,GFP,4.069963938
101,2592,*CCCCCCCCCCCC,*CC(*)(C)C(=O)OCCCN1CCCC1,*CC(*)C(=O)OCC(CC)CCCC,*SC(=S)SC(C)(C#N)CCC(=O)O,50,1,170.34,0,0,0,4.9272,9,12,0,56.4385619,199.294,29.54,0,3,1.6715,5,14,1,174.1263449,186.295,26.3,0,2,3.156,7,13,0,132.0519685,235.355,61.09,2,4,2.08138,4,13,0,260.9534945,GFP,3.457654854
101,2593,*CCCCCCCCCCCC,*CC(*)(C)C(=O)OCCN1CCCCCC1,*CC(*)C(=O)OCC(CC)CCCC,*SC(=S)SC(C)(C#N)CCC(=O)O,5,1,170.34,0,0,0,4.9272,9,12,0,56.4385619,213.321,29.54,0,3,2.0616,4,15,1,184.0611407,186.295,26.3,0,2,3.156,7,13,0,132.0519685,235.355,61.09,2,4,2.08138,4,13,0,260.9534945,GFP,3.445214876
101,2594,*CCCCCCCCCCCC,*CC(*)(C)C(=O)OCCN1CCCCCC1,*CC(*)C(=O)OCC(CC)CCCC,*SC(=S)SC(C)(C#N)CCC(=O)O,50,1,170.34,0,0,0,4.9272,9,12,0,56.4385619,213.321,29.54,0,3,2.0616,4,15,1,184.0611407,186.295,26.3,0,2,3.156,7,13,0,132.0519685,235.355,61.09,2,4,2.08138,4,13,0,260.9534945,GFP,3.922232251
101,2595,*CCCCCCCCCCCC,*CC(*)(C)C(=O)OCCN1CCCCCC1,*CC(*)(C)C(=O)OCCCCCC,*SC(=S)SC(C)(C#N)CCC(=O)O,5,1,170.34,0,0,0,4.9272,9,12,0,56.4385619,213.321,29.54,0,3,2.0616,4,15,1,184.0611407,172.268,26.3,0,2,2.7659,6,12,0,119.0069869,235.355,61.09,2,4,2.08138,4,13,0,260.9534945,GFP,3.463146137
101,2596,*CCCCCCCCCCCC,*CC(*)(C)C(=O)OCCN1CCCCCC1,*CC(*)(C)C(=O)OCCCCCC,*SC(=S)SC(C)(C#N)CCC(=O)O,50,1,170.34,0,0,0,4.9272,9,12,0,56.4385619,213.321,29.54,0,3,2.0616,4,15,1,184.0611407,172.268,26.3,0,2,2.7659,6,12,0,119.0069869,235.355,61.09,2,4,2.08138,4,13,0,260.9534945,GFP,3.50426692
101,2597,*CCCCCCCCCCCC,*CC(*)(C)C(=O)OCCN,*CC(*)C(=O)OCC(CC)CCCC,*SC(=S)SC(C)(C#N)CCC(=O)O,10,1,170.34,0,0,0,4.9272,9,12,0,56.4385619,131.175,52.32,1,3,0.1443,3,9,0,91.05865003,186.295,26.3,0,2,3.156,7,13,0,132.0519685,235.355,61.09,2,4,2.08138,4,13,0,260.9534945,GFP,3.749040269
101,2598,*CCCCCCCCCCCC,*CC(*)(C)C(=O)OCCN,*CC(*)C(=O)OCC(CC)CCCC,*SC(=S)SC(C)(C#N)CCC(=O)O,40,1,170.34,0,0,0,4.9272,9,12,0,56.4385619,131.175,52.32,1,3,0.1443,3,9,0,91.05865003,186.295,26.3,0,2,3.156,7,13,0,132.0519685,235.355,61.09,2,4,2.08138,4,13,0,260.9534945,GFP,3.572116156
101,2599,*CCCCCCCCCCCC,*CC(*)(C)C(=O)OCCN,*CC(*)(C)C(=O)OCCCCCC,*SC(=S)SC(C)(C#N)CCC(=O)O,10,1,170.34,0,0,0,4.9272,9,12,0,56.4385619,131.175,52.32,1,3,0.1443,3,9,0,91.05865003,172.268,26.3,0,2,2.7659,6,12,0,119.0069869,235.355,61.09,2,4,2.08138,4,13,0,260.9534945,GFP,3.466571072
101,2600,*CCCCCCCCCCCC,*CC(*)(C)C(=O)OCCN,*CC(*)(C)C(=O)OCCCCCC,*SC(=S)SC(C)(C#N)CCC(=O)O,50,1,170.34,0,0,0,4.9272,9,12,0,56.4385619,131.175,52.32,1,3,0.1443,3,9,0,91.05865003,172.268,26.3,0,2,2.7659,6,12,0,119.0069869,235.355,61.09,2,4,2.08138,4,13,0,260.9534945,GFP,3.553033016
101,2601,*CCCCCCCCCCCC,*CC(*)(C)C(=O)OCCN(C)C,*CC(*)C(=O)OCC(CC)CCCC,*SC(=S)SC(C)C(=O)O,50,1,170.34,0,0,0,4.9272,9,12,0,56.4385619,159.229,29.54,0,3,0.7472,4,11,0,121.2604657,186.295,26.3,0,2,3.156,7,13,0,132.0519685,182.291,37.3,2,3,1.4074,2,9,0,133.7744375,GFP,3.512884424
101,2602,*CCCCCCCCCCCC,*CC(*)(C)C(=O)OCCN1CCCCC1,*CC(*)C(=O)OCC(CC)CCCC,*SC(=S)SC(C)C(=O)O,50,1,170.34,0,0,0,4.9272,9,12,0,56.4385619,199.294,29.54,0,3,1.6715,4,14,1,174.1263449,186.295,26.3,0,2,3.156,7,13,0,132.0519685,182.291,37.3,2,3,1.4074,2,9,0,133.7744375,GFP,3.450403086
101,2603,*CC,*CC(*)(C)C(=O)OCCN(C)C,*CC(*)C(=O)OCC(CC)CCCC,*SC(=S)SC(C)(C#N)CCC(=O)O,5,1,30.07,0,0,0,1.0262,0,2,0,0,159.229,29.54,0,3,0.7472,4,11,0,121.2604657,186.295,26.3,0,2,3.156,7,13,0,132.0519685,235.355,61.09,2,4,2.08138,4,13,0,260.9534945,GFP,3.824418737
101,2604,*CC,*CC(*)(C)C(=O)OCCN(C)C,*CC(*)C(=O)OCC(CC)CCCC,*SC(=S)SC(C)(C#N)CCC(=O)O,40,1,30.07,0,0,0,1.0262,0,2,0,0,159.229,29.54,0,3,0.7472,4,11,0,121.2604657,186.295,26.3,0,2,3.156,7,13,0,132.0519685,235.355,61.09,2,4,2.08138,4,13,0,260.9534945,GFP,3.30588853
101,2605,*CCCCCCCCCCCC,*CC(*)(C)C(=O)OCCN(C)C,*CC(*)C(=O)OCC(CC)CCCC,*SC(=S)SC(C)C(=O)NCCC1CCNCC1,10,1,170.34,0,0,0,4.9272,9,12,0,56.4385619,159.229,29.54,0,3,0.7472,4,11,0,121.2604657,186.295,26.3,0,2,3.156,7,13,0,132.0519685,292.495,41.13,3,4,1.8287,5,17,1,267.4421581,GFP,3.50940416
101,2606,*CCCCCCCCCCCC,*CC(*)(C)C(=O)OCCN(C)C,*CC(*)C(=O)OCC(CC)CCCC,*SC(=S)SC(C)C(=O)NCCC1CCNCC1,50,1,170.34,0,0,0,4.9272,9,12,0,56.4385619,159.229,29.54,0,3,0.7472,4,11,0,121.2604657,186.295,26.3,0,2,3.156,7,13,0,132.0519685,292.495,41.13,3,4,1.8287,5,17,1,267.4421581,GFP,3.408663874
101,2607,*CCCCCCCCCCCC,*CC(*)(C)C(=O)OCCN(C)C,*CC(*)C(=O)OCC(CC)CCCC,*SC(=S)SC(C)C(=O)OC1CCC2(C)C(CCC3(C)C2CC=C2C4C(C)C(C)CCC4(C(=O)O)CCC23C)C1(C)C,10,1,170.34,0,0,0,4.9272,9,12,0,56.4385619,159.229,29.54,0,3,0.7472,4,11,0,121.2604657,186.295,26.3,0,2,3.156,7,13,0,132.0519685,620.987,63.6,2,5,8.9768,4,41,5,1148.790973,GFP,3.575014555
101,2608,*CCCCCCCCCCCC,*CC(*)(C)C(=O)OCCN(C)C,*CC(*)C(=O)OCC(CC)CCCC,*SC(=S)SC(C)C(=O)OC1CCC2(C)C(CCC3(C)C2CC=C2C4C(C)C(C)CCC4(C(=O)O)CCC23C)C1(C)C,50,1,170.34,0,0,0,4.9272,9,12,0,56.4385619,159.229,29.54,0,3,0.7472,4,11,0,121.2604657,186.295,26.3,0,2,3.156,7,13,0,132.0519685,620.987,63.6,2,5,8.9768,4,41,5,1148.790973,GFP,3.460822699