ID,input2_AvgIpc,input2_BCUT2D_CHGLO,input2_BCUT2D_LOGPHI,input2_BCUT2D_LOGPLOW,input2_BCUT2D_MRLOW,input2_BCUT2D_MWHI,input2_BalabanJ,input2_BertzCT,input2_Chi0,input2_Chi0n,input2_Chi0v,input2_Chi1,input2_Chi1n,input2_Chi1v,input2_Chi2n,input2_Chi2v,input2_Chi3n,input2_Chi3v,input2_Chi4n,input2_Chi4v,input2_EState_VSA10,input2_EState_VSA2,input2_EState_VSA5,input2_EState_VSA7,input2_EState_VSA8,input2_EState_VSA9,input2_ExactMolWt,input2_FpDensityMorgan1,input2_FpDensityMorgan2,input2_FpDensityMorgan3,input2_FractionCSP3,input2_HallKierAlpha,input2_HeavyAtomCount,input2_HeavyAtomMolWt,input2_Ipc,input2_Kappa1,input2_Kappa2,input2_Kappa3,input2_LabuteASA,input2_MaxAbsPartialCharge,input2_MinAbsEStateIndex,input2_MinEStateIndex,input2_MinPartialCharge,input2_MolLogP,input2_MolMR,input2_MolWt,input2_NHOHCount,input2_NumAliphaticHeterocycles,input2_NumAliphaticRings,input2_NumAmideBonds,input2_NumHeterocycles,input2_NumRotatableBonds,input2_NumSaturatedHeterocycles,input2_NumSaturatedRings,input2_NumValenceElectrons,input2_PEOE_VSA1,input2_PEOE_VSA12,input2_PEOE_VSA6,input2_PEOE_VSA7,input2_PEOE_VSA8,input2_PEOE_VSA9,input2_Phi,input2_RingCount,input2_SMR_VSA1,input2_SMR_VSA10,input2_SMR_VSA3,input2_SMR_VSA5,input2_SPS,input2_SlogP_VSA3,input2_SlogP_VSA5,input2_VSA_EState2,input2_VSA_EState4,input2_VSA_EState7,input2_VSA_EState8,input2_qed,input2_fr_Al_OH,input2_fr_Al_OH_noTert,input2_fr_C_O,input2_fr_C_O_noCOO,input2_fr_HOCCN,input2_fr_NH1,input2_fr_amide,input2_fr_halogen,input2_fr_piperzine,input2_fr_quatN,input2_fr_unbrch_alkane,input3_AvgIpc,input3_BCUT2D_LOGPHI,input3_BCUT2D_MRHI,input3_Chi0,input3_Chi0n,input3_Chi0v,input3_Chi1,input3_Chi1n,input3_Chi1v,input3_Chi2n,input3_Chi2v,input3_Chi3n,input3_Chi3v,input3_Chi4n,input3_Chi4v,input3_EState_VSA3,input3_EState_VSA4,input3_EState_VSA5,input3_ExactMolWt,input3_FpDensityMorgan1,input3_FpDensityMorgan2,input3_FpDensityMorgan3,input3_HeavyAtomCount,input3_HeavyAtomMolWt,input3_Kappa1,input3_Kappa2,input3_Kappa3,input3_LabuteASA,input3_MaxAbsEStateIndex,input3_MaxEStateIndex,input3_MinAbsEStateIndex,input3_MolLogP,input3_MolMR,input3_MolWt,input3_NumRotatableBonds,input3_NumValenceElectrons,input3_PEOE_VSA6,input3_Phi,input3_SMR_VSA5,input3_SlogP_VSA5,input3_VSA_EState1,input3_VSA_EState10,input3_VSA_EState2,input3_VSA_EState7,input3_VSA_EState9,input3_qed,input3_fr_unbrch_alkane,R_ratio,Polymer_MW,Target_norm
1,2.991,-2.308,2.243,-2.371,-0.151,32.166,3.964,687.795,32.023,28.483,29.299,20.818,17.105,18.26,11.938,13.163,7.707,8.861,4.746,5.621,14.384,23.075,38.773,11.762,30.988,14.211,630.464,0.744,1.395,2.023,0.912,-1.16,43,564.449,1101079577,41.84,29.545,25.828,268.04,0.465,0.164,-0.338,-0.465,6.831,179.82,630.977,1,0,0,1,0,32,0,0,254,29.222,5.907,46.454,89.43,39.524,18.629,28.748,0,28.594,29.422,10.217,124.007,12.791,28.594,124.007,37.989,-0.338,13.801,14.262,0.064,0,0,3,3,0,1,1,0,0,0,5,2.647,2.241,7.987,20.383,17.849,18.665,12.992,10.288,11.443,7.167,8.56,4.589,5.575,2.736,3.347,32.662,56.638,0,404.26,0.926,1.63,2.222,27,364.293,26.41,17.505,15.058,169.825,12.038,12.038,0.158,4.662,112.377,404.613,19,160,26.689,17.122,72.138,72.138,16.756,1.919,22.929,6.603,1.672,0.23,3,4,4200,3.671635597
2,2.991,-2.308,2.243,-2.371,-0.151,32.166,3.964,687.795,32.023,28.483,29.299,20.818,17.105,18.26,11.938,13.163,7.707,8.861,4.746,5.621,14.384,23.075,38.773,11.762,30.988,14.211,630.464,0.744,1.395,2.023,0.912,-1.16,43,564.449,1101079577,41.84,29.545,25.828,268.04,0.465,0.164,-0.338,-0.465,6.831,179.82,630.977,1,0,0,1,0,32,0,0,254,29.222,5.907,46.454,89.43,39.524,18.629,28.748,0,28.594,29.422,10.217,124.007,12.791,28.594,124.007,37.989,-0.338,13.801,14.262,0.064,0,0,3,3,0,1,1,0,0,0,5,2.647,2.241,7.987,20.383,17.849,18.665,12.992,10.288,11.443,7.167,8.56,4.589,5.575,2.736,3.347,32.662,56.638,0,404.26,0.926,1.63,2.222,27,364.293,26.41,17.505,15.058,169.825,12.038,12.038,0.158,4.662,112.377,404.613,19,160,26.689,17.122,72.138,72.138,16.756,1.919,22.929,6.603,1.672,0.23,3,2,4200,4.497606841
3,2.991,-2.308,2.243,-2.371,-0.151,32.166,3.964,687.795,32.023,28.483,29.299,20.818,17.105,18.26,11.938,13.163,7.707,8.861,4.746,5.621,14.384,23.075,38.773,11.762,30.988,14.211,630.464,0.744,1.395,2.023,0.912,-1.16,43,564.449,1101079577,41.84,29.545,25.828,268.04,0.465,0.164,-0.338,-0.465,6.831,179.82,630.977,1,0,0,1,0,32,0,0,254,29.222,5.907,46.454,89.43,39.524,18.629,28.748,0,28.594,29.422,10.217,124.007,12.791,28.594,124.007,37.989,-0.338,13.801,14.262,0.064,0,0,3,3,0,1,1,0,0,0,5,2.647,2.241,7.987,20.383,17.849,18.665,12.992,10.288,11.443,7.167,8.56,4.589,5.575,2.736,3.347,32.662,56.638,0,404.26,0.926,1.63,2.222,27,364.293,26.41,17.505,15.058,169.825,12.038,12.038,0.158,4.662,112.377,404.613,19,160,26.689,17.122,72.138,72.138,16.756,1.919,22.929,6.603,1.672,0.23,3,1,4200,4.342343711
4,2.991,-2.308,2.243,-2.371,-0.151,32.166,3.964,687.795,32.023,28.483,29.299,20.818,17.105,18.26,11.938,13.163,7.707,8.861,4.746,5.621,14.384,23.075,38.773,11.762,30.988,14.211,630.464,0.744,1.395,2.023,0.912,-1.16,43,564.449,1101079577,41.84,29.545,25.828,268.04,0.465,0.164,-0.338,-0.465,6.831,179.82,630.977,1,0,0,1,0,32,0,0,254,29.222,5.907,46.454,89.43,39.524,18.629,28.748,0,28.594,29.422,10.217,124.007,12.791,28.594,124.007,37.989,-0.338,13.801,14.262,0.064,0,0,3,3,0,1,1,0,0,0,5,2.647,2.241,7.987,20.383,17.849,18.665,12.992,10.288,11.443,7.167,8.56,4.589,5.575,2.736,3.347,32.662,56.638,0,404.26,0.926,1.63,2.222,27,364.293,26.41,17.505,15.058,169.825,12.038,12.038,0.158,4.662,112.377,404.613,19,160,26.689,17.122,72.138,72.138,16.756,1.919,22.929,6.603,1.672,0.23,3,0.5,4200,5.061444939
5,2.925,-2.34,2.243,-2.488,-0.151,32.166,2.127,674.022,28.772,24.756,25.572,18.853,14.76,15.914,10.632,11.856,7.206,8.36,4.54,5.414,14.384,29.682,0,16.662,11.824,19.317,574.365,0.872,1.564,2.205,0.897,-1.2,39,520.393,219846266.2,35.826,22.484,17.269,240.214,0.465,0.171,-0.344,-0.465,3.559,156.043,574.825,1,1,1,1,1,24,1,1,228,29.012,5.907,19.765,50.534,65.703,25.236,20.655,1,33.701,29.422,9.8,78.056,15.744,28.594,78.056,39.745,-0.344,7.784,9.634,0.137,1,1,3,3,1,0,1,0,1,0,3,2.647,2.241,7.987,20.383,17.849,18.665,12.992,10.288,11.443,7.167,8.56,4.589,5.575,2.736,3.347,32.662,56.638,0,404.26,0.926,1.63,2.222,27,364.293,26.41,17.505,15.058,169.825,12.038,12.038,0.158,4.662,112.377,404.613,19,160,26.689,17.122,72.138,72.138,16.756,1.919,22.929,6.603,1.672,0.23,3,4,4200,3.885248108
6,2.925,-2.34,2.243,-2.488,-0.151,32.166,2.127,674.022,28.772,24.756,25.572,18.853,14.76,15.914,10.632,11.856,7.206,8.36,4.54,5.414,14.384,29.682,0,16.662,11.824,19.317,574.365,0.872,1.564,2.205,0.897,-1.2,39,520.393,219846266.2,35.826,22.484,17.269,240.214,0.465,0.171,-0.344,-0.465,3.559,156.043,574.825,1,1,1,1,1,24,1,1,228,29.012,5.907,19.765,50.534,65.703,25.236,20.655,1,33.701,29.422,9.8,78.056,15.744,28.594,78.056,39.745,-0.344,7.784,9.634,0.137,1,1,3,3,1,0,1,0,1,0,3,2.647,2.241,7.987,20.383,17.849,18.665,12.992,10.288,11.443,7.167,8.56,4.589,5.575,2.736,3.347,32.662,56.638,0,404.26,0.926,1.63,2.222,27,364.293,26.41,17.505,15.058,169.825,12.038,12.038,0.158,4.662,112.377,404.613,19,160,26.689,17.122,72.138,72.138,16.756,1.919,22.929,6.603,1.672,0.23,3,2,4200,2.718501689
7,2.925,-2.34,2.243,-2.488,-0.151,32.166,2.127,674.022,28.772,24.756,25.572,18.853,14.76,15.914,10.632,11.856,7.206,8.36,4.54,5.414,14.384,29.682,0,16.662,11.824,19.317,574.365,0.872,1.564,2.205,0.897,-1.2,39,520.393,219846266.2,35.826,22.484,17.269,240.214,0.465,0.171,-0.344,-0.465,3.559,156.043,574.825,1,1,1,1,1,24,1,1,228,29.012,5.907,19.765,50.534,65.703,25.236,20.655,1,33.701,29.422,9.8,78.056,15.744,28.594,78.056,39.745,-0.344,7.784,9.634,0.137,1,1,3,3,1,0,1,0,1,0,3,2.647,2.241,7.987,20.383,17.849,18.665,12.992,10.288,11.443,7.167,8.56,4.589,5.575,2.736,3.347,32.662,56.638,0,404.26,0.926,1.63,2.222,27,364.293,26.41,17.505,15.058,169.825,12.038,12.038,0.158,4.662,112.377,404.613,19,160,26.689,17.122,72.138,72.138,16.756,1.919,22.929,6.603,1.672,0.23,3,1,4200,2.662757832
8,2.925,-2.34,2.243,-2.488,-0.151,32.166,2.127,674.022,28.772,24.756,25.572,18.853,14.76,15.914,10.632,11.856,7.206,8.36,4.54,5.414,14.384,29.682,0,16.662,11.824,19.317,574.365,0.872,1.564,2.205,0.897,-1.2,39,520.393,219846266.2,35.826,22.484,17.269,240.214,0.465,0.171,-0.344,-0.465,3.559,156.043,574.825,1,1,1,1,1,24,1,1,228,29.012,5.907,19.765,50.534,65.703,25.236,20.655,1,33.701,29.422,9.8,78.056,15.744,28.594,78.056,39.745,-0.344,7.784,9.634,0.137,1,1,3,3,1,0,1,0,1,0,3,2.647,2.241,7.987,20.383,17.849,18.665,12.992,10.288,11.443,7.167,8.56,4.589,5.575,2.736,3.347,32.662,56.638,0,404.26,0.926,1.63,2.222,27,364.293,26.41,17.505,15.058,169.825,12.038,12.038,0.158,4.662,112.377,404.613,19,160,26.689,17.122,72.138,72.138,16.756,1.919,22.929,6.603,1.672,0.23,3,0.5,4200,3.51375015
9,2.927,-2.308,2.242,-2.458,-0.151,32.166,2.071,662.934,28.608,24.861,25.678,18.904,14.898,16.053,10.627,11.852,7.038,8.192,4.405,5.28,14.384,23.075,0,11.762,22.457,14.211,573.381,0.923,1.641,2.333,0.897,-1.2,39,518.401,235200918.6,35.826,23.499,19.505,240.76,0.465,0.147,-0.336,-0.465,3.444,158.256,573.841,2,1,1,1,1,25,1,1,228,29.639,5.907,19.765,50.534,72.248,18.629,21.587,1,28.594,29.422,15.533,78.056,15.564,28.594,78.056,37.603,-0.336,7.819,11.445,0.125,0,0,3,3,0,2,1,0,1,0,3,2.647,2.241,7.987,20.383,17.849,18.665,12.992,10.288,11.443,7.167,8.56,4.589,5.575,2.736,3.347,32.662,56.638,0,404.26,0.926,1.63,2.222,27,364.293,26.41,17.505,15.058,169.825,12.038,12.038,0.158,4.662,112.377,404.613,19,160,26.689,17.122,72.138,72.138,16.756,1.919,22.929,6.603,1.672,0.23,3,4,4200,-1
10,2.927,-2.308,2.242,-2.458,-0.151,32.166,2.071,662.934,28.608,24.861,25.678,18.904,14.898,16.053,10.627,11.852,7.038,8.192,4.405,5.28,14.384,23.075,0,11.762,22.457,14.211,573.381,0.923,1.641,2.333,0.897,-1.2,39,518.401,235200918.6,35.826,23.499,19.505,240.76,0.465,0.147,-0.336,-0.465,3.444,158.256,573.841,2,1,1,1,1,25,1,1,228,29.639,5.907,19.765,50.534,72.248,18.629,21.587,1,28.594,29.422,15.533,78.056,15.564,28.594,78.056,37.603,-0.336,7.819,11.445,0.125,0,0,3,3,0,2,1,0,1,0,3,2.647,2.241,7.987,20.383,17.849,18.665,12.992,10.288,11.443,7.167,8.56,4.589,5.575,2.736,3.347,32.662,56.638,0,404.26,0.926,1.63,2.222,27,364.293,26.41,17.505,15.058,169.825,12.038,12.038,0.158,4.662,112.377,404.613,19,160,26.689,17.122,72.138,72.138,16.756,1.919,22.929,6.603,1.672,0.23,3,2,4200,-1
11,2.927,-2.308,2.242,-2.458,-0.151,32.166,2.071,662.934,28.608,24.861,25.678,18.904,14.898,16.053,10.627,11.852,7.038,8.192,4.405,5.28,14.384,23.075,0,11.762,22.457,14.211,573.381,0.923,1.641,2.333,0.897,-1.2,39,518.401,235200918.6,35.826,23.499,19.505,240.76,0.465,0.147,-0.336,-0.465,3.444,158.256,573.841,2,1,1,1,1,25,1,1,228,29.639,5.907,19.765,50.534,72.248,18.629,21.587,1,28.594,29.422,15.533,78.056,15.564,28.594,78.056,37.603,-0.336,7.819,11.445,0.125,0,0,3,3,0,2,1,0,1,0,3,2.647,2.241,7.987,20.383,17.849,18.665,12.992,10.288,11.443,7.167,8.56,4.589,5.575,2.736,3.347,32.662,56.638,0,404.26,0.926,1.63,2.222,27,364.293,26.41,17.505,15.058,169.825,12.038,12.038,0.158,4.662,112.377,404.613,19,160,26.689,17.122,72.138,72.138,16.756,1.919,22.929,6.603,1.672,0.23,3,1,4200,1.556302501
12,2.927,-2.308,2.242,-2.458,-0.151,32.166,2.071,662.934,28.608,24.861,25.678,18.904,14.898,16.053,10.627,11.852,7.038,8.192,4.405,5.28,14.384,23.075,0,11.762,22.457,14.211,573.381,0.923,1.641,2.333,0.897,-1.2,39,518.401,235200918.6,35.826,23.499,19.505,240.76,0.465,0.147,-0.336,-0.465,3.444,158.256,573.841,2,1,1,1,1,25,1,1,228,29.639,5.907,19.765,50.534,72.248,18.629,21.587,1,28.594,29.422,15.533,78.056,15.564,28.594,78.056,37.603,-0.336,7.819,11.445,0.125,0,0,3,3,0,2,1,0,1,0,3,2.647,2.241,7.987,20.383,17.849,18.665,12.992,10.288,11.443,7.167,8.56,4.589,5.575,2.736,3.347,32.662,56.638,0,404.26,0.926,1.63,2.222,27,364.293,26.41,17.505,15.058,169.825,12.038,12.038,0.158,4.662,112.377,404.613,19,160,26.689,17.122,72.138,72.138,16.756,1.919,22.929,6.603,1.672,0.23,3,0.5,4200,0.477121255
13,2.674,-2.308,2.241,-2.996,-0.36,35.453,0,414.533,21.09,18.641,20.214,13.492,10.581,11.736,7.436,8.66,4.674,5.829,2.796,3.526,9.589,29.575,0,11.762,12.657,14.211,455.247,0.966,1.655,2.241,0.905,-0.34,29,413.753,870080.485,30.85,20.914,18.17,187.318,1,0,-0.285,-1,-0.112,114.458,456.089,3,0,0,0,0,20,0,0,174,37.146,0,19.765,38.36,32.311,25.174,22.248,0,41.94,23.514,0,65.214,12.828,23.8,65.214,22.963,3.551,6.553,6.746,0.203,0,0,2,2,0,0,0,1,0,1,3,2.647,2.241,7.987,20.383,17.849,18.665,12.992,10.288,11.443,7.167,8.56,4.589,5.575,2.736,3.347,32.662,56.638,0,404.26,0.926,1.63,2.222,27,364.293,26.41,17.505,15.058,169.825,12.038,12.038,0.158,4.662,112.377,404.613,19,160,26.689,17.122,72.138,72.138,16.756,1.919,22.929,6.603,1.672,0.23,3,4,4200,-1
14,2.674,-2.308,2.241,-2.996,-0.36,35.453,0,414.533,21.09,18.641,20.214,13.492,10.581,11.736,7.436,8.66,4.674,5.829,2.796,3.526,9.589,29.575,0,11.762,12.657,14.211,455.247,0.966,1.655,2.241,0.905,-0.34,29,413.753,870080.485,30.85,20.914,18.17,187.318,1,0,-0.285,-1,-0.112,114.458,456.089,3,0,0,0,0,20,0,0,174,37.146,0,19.765,38.36,32.311,25.174,22.248,0,41.94,23.514,0,65.214,12.828,23.8,65.214,22.963,3.551,6.553,6.746,0.203,0,0,2,2,0,0,0,1,0,1,3,2.647,2.241,7.987,20.383,17.849,18.665,12.992,10.288,11.443,7.167,8.56,4.589,5.575,2.736,3.347,32.662,56.638,0,404.26,0.926,1.63,2.222,27,364.293,26.41,17.505,15.058,169.825,12.038,12.038,0.158,4.662,112.377,404.613,19,160,26.689,17.122,72.138,72.138,16.756,1.919,22.929,6.603,1.672,0.23,3,2,4200,-1
15,2.674,-2.308,2.241,-2.996,-0.36,35.453,0,414.533,21.09,18.641,20.214,13.492,10.581,11.736,7.436,8.66,4.674,5.829,2.796,3.526,9.589,29.575,0,11.762,12.657,14.211,455.247,0.966,1.655,2.241,0.905,-0.34,29,413.753,870080.485,30.85,20.914,18.17,187.318,1,0,-0.285,-1,-0.112,114.458,456.089,3,0,0,0,0,20,0,0,174,37.146,0,19.765,38.36,32.311,25.174,22.248,0,41.94,23.514,0,65.214,12.828,23.8,65.214,22.963,3.551,6.553,6.746,0.203,0,0,2,2,0,0,0,1,0,1,3,2.647,2.241,7.987,20.383,17.849,18.665,12.992,10.288,11.443,7.167,8.56,4.589,5.575,2.736,3.347,32.662,56.638,0,404.26,0.926,1.63,2.222,27,364.293,26.41,17.505,15.058,169.825,12.038,12.038,0.158,4.662,112.377,404.613,19,160,26.689,17.122,72.138,72.138,16.756,1.919,22.929,6.603,1.672,0.23,3,1,4200,-1
16,2.674,-2.308,2.241,-2.996,-0.36,35.453,0,414.533,21.09,18.641,20.214,13.492,10.581,11.736,7.436,8.66,4.674,5.829,2.796,3.526,9.589,29.575,0,11.762,12.657,14.211,455.247,0.966,1.655,2.241,0.905,-0.34,29,413.753,870080.485,30.85,20.914,18.17,187.318,1,0,-0.285,-1,-0.112,114.458,456.089,3,0,0,0,0,20,0,0,174,37.146,0,19.765,38.36,32.311,25.174,22.248,0,41.94,23.514,0,65.214,12.828,23.8,65.214,22.963,3.551,6.553,6.746,0.203,0,0,2,2,0,0,0,1,0,1,3,2.647,2.241,7.987,20.383,17.849,18.665,12.992,10.288,11.443,7.167,8.56,4.589,5.575,2.736,3.347,32.662,56.638,0,404.26,0.926,1.63,2.222,27,364.293,26.41,17.505,15.058,169.825,12.038,12.038,0.158,4.662,112.377,404.613,19,160,26.689,17.122,72.138,72.138,16.756,1.919,22.929,6.603,1.672,0.23,3,0.5,4200,1
17,2.775,-2.308,2.242,-2.996,-0.4,35.453,0,538.939,24.244,20.828,22.4,15.297,11.503,12.657,8.265,9.414,5.239,6.454,3.052,3.961,14.384,48.193,7.11,6.924,10.471,14.211,513.253,0.97,1.636,2.212,0.87,-0.87,33,469.773,5204339.136,34.298,21.649,18.169,209.323,1,0,-0.359,-1,-0.571,125.395,514.125,3,0,0,0,0,21,0,0,196,41.883,0,19.765,38.36,26.558,31.491,22.501,0,51.472,29.484,0,71.256,13.485,33.331,65.214,34.388,3.426,6.18,5.428,0.16,0,0,3,3,0,0,0,1,0,1,3,2.647,2.241,7.987,20.383,17.849,18.665,12.992,10.288,11.443,7.167,8.56,4.589,5.575,2.736,3.347,32.662,56.638,0,404.26,0.926,1.63,2.222,27,364.293,26.41,17.505,15.058,169.825,12.038,12.038,0.158,4.662,112.377,404.613,19,160,26.689,17.122,72.138,72.138,16.756,1.919,22.929,6.603,1.672,0.23,3,4,4200,1.633468456
18,2.775,-2.308,2.242,-2.996,-0.4,35.453,0,538.939,24.244,20.828,22.4,15.297,11.503,12.657,8.265,9.414,5.239,6.454,3.052,3.961,14.384,48.193,7.11,6.924,10.471,14.211,513.253,0.97,1.636,2.212,0.87,-0.87,33,469.773,5204339.136,34.298,21.649,18.169,209.323,1,0,-0.359,-1,-0.571,125.395,514.125,3,0,0,0,0,21,0,0,196,41.883,0,19.765,38.36,26.558,31.491,22.501,0,51.472,29.484,0,71.256,13.485,33.331,65.214,34.388,3.426,6.18,5.428,0.16,0,0,3,3,0,0,0,1,0,1,3,2.647,2.241,7.987,20.383,17.849,18.665,12.992,10.288,11.443,7.167,8.56,4.589,5.575,2.736,3.347,32.662,56.638,0,404.26,0.926,1.63,2.222,27,364.293,26.41,17.505,15.058,169.825,12.038,12.038,0.158,4.662,112.377,404.613,19,160,26.689,17.122,72.138,72.138,16.756,1.919,22.929,6.603,1.672,0.23,3,2,4200,1.698970004
19,2.775,-2.308,2.242,-2.996,-0.4,35.453,0,538.939,24.244,20.828,22.4,15.297,11.503,12.657,8.265,9.414,5.239,6.454,3.052,3.961,14.384,48.193,7.11,6.924,10.471,14.211,513.253,0.97,1.636,2.212,0.87,-0.87,33,469.773,5204339.136,34.298,21.649,18.169,209.323,1,0,-0.359,-1,-0.571,125.395,514.125,3,0,0,0,0,21,0,0,196,41.883,0,19.765,38.36,26.558,31.491,22.501,0,51.472,29.484,0,71.256,13.485,33.331,65.214,34.388,3.426,6.18,5.428,0.16,0,0,3,3,0,0,0,1,0,1,3,2.647,2.241,7.987,20.383,17.849,18.665,12.992,10.288,11.443,7.167,8.56,4.589,5.575,2.736,3.347,32.662,56.638,0,404.26,0.926,1.63,2.222,27,364.293,26.41,17.505,15.058,169.825,12.038,12.038,0.158,4.662,112.377,404.613,19,160,26.689,17.122,72.138,72.138,16.756,1.919,22.929,6.603,1.672,0.23,3,1,4200,1.602059991
20,2.775,-2.308,2.242,-2.996,-0.4,35.453,0,538.939,24.244,20.828,22.4,15.297,11.503,12.657,8.265,9.414,5.239,6.454,3.052,3.961,14.384,48.193,7.11,6.924,10.471,14.211,513.253,0.97,1.636,2.212,0.87,-0.87,33,469.773,5204339.136,34.298,21.649,18.169,209.323,1,0,-0.359,-1,-0.571,125.395,514.125,3,0,0,0,0,21,0,0,196,41.883,0,19.765,38.36,26.558,31.491,22.501,0,51.472,29.484,0,71.256,13.485,33.331,65.214,34.388,3.426,6.18,5.428,0.16,0,0,3,3,0,0,0,1,0,1,3,2.647,2.241,7.987,20.383,17.849,18.665,12.992,10.288,11.443,7.167,8.56,4.589,5.575,2.736,3.347,32.662,56.638,0,404.26,0.926,1.63,2.222,27,364.293,26.41,17.505,15.058,169.825,12.038,12.038,0.158,4.662,112.377,404.613,19,160,26.689,17.122,72.138,72.138,16.756,1.919,22.929,6.603,1.672,0.23,3,0.5,4200,1.819543936
21,2.991,-2.308,2.243,-2.371,-0.151,32.166,3.964,687.795,32.023,28.483,29.299,20.818,17.105,18.26,11.938,13.163,7.707,8.861,4.746,5.621,14.384,23.075,38.773,11.762,30.988,14.211,630.464,0.744,1.395,2.023,0.912,-1.16,43,564.449,1101079577,41.84,29.545,25.828,268.04,0.465,0.164,-0.338,-0.465,6.831,179.82,630.977,1,0,0,1,0,32,0,0,254,29.222,5.907,46.454,89.43,39.524,18.629,28.748,0,28.594,29.422,10.217,124.007,12.791,28.594,124.007,37.989,-0.338,13.801,14.262,0.064,0,0,3,3,0,1,1,0,0,0,5,2.647,2.241,7.987,20.383,17.849,18.665,12.992,10.288,11.443,7.167,8.56,4.589,5.575,2.736,3.347,32.662,56.638,0,404.26,0.926,1.63,2.222,27,364.293,26.41,17.505,15.058,169.825,12.038,12.038,0.158,4.662,112.377,404.613,19,160,26.689,17.122,72.138,72.138,16.756,1.919,22.929,6.603,1.672,0.23,3,4,4200,3.592953572
22,2.991,-2.308,2.243,-2.371,-0.151,32.166,3.964,687.795,32.023,28.483,29.299,20.818,17.105,18.26,11.938,13.163,7.707,8.861,4.746,5.621,14.384,23.075,38.773,11.762,30.988,14.211,630.464,0.744,1.395,2.023,0.912,-1.16,43,564.449,1101079577,41.84,29.545,25.828,268.04,0.465,0.164,-0.338,-0.465,6.831,179.82,630.977,1,0,0,1,0,32,0,0,254,29.222,5.907,46.454,89.43,39.524,18.629,28.748,0,28.594,29.422,10.217,124.007,12.791,28.594,124.007,37.989,-0.338,13.801,14.262,0.064,0,0,3,3,0,1,1,0,0,0,5,2.647,2.241,7.987,20.383,17.849,18.665,12.992,10.288,11.443,7.167,8.56,4.589,5.575,2.736,3.347,32.662,56.638,0,404.26,0.926,1.63,2.222,27,364.293,26.41,17.505,15.058,169.825,12.038,12.038,0.158,4.662,112.377,404.613,19,160,26.689,17.122,72.138,72.138,16.756,1.919,22.929,6.603,1.672,0.23,3,2,4200,5.037538045
23,2.991,-2.308,2.243,-2.371,-0.151,32.166,3.964,687.795,32.023,28.483,29.299,20.818,17.105,18.26,11.938,13.163,7.707,8.861,4.746,5.621,14.384,23.075,38.773,11.762,30.988,14.211,630.464,0.744,1.395,2.023,0.912,-1.16,43,564.449,1101079577,41.84,29.545,25.828,268.04,0.465,0.164,-0.338,-0.465,6.831,179.82,630.977,1,0,0,1,0,32,0,0,254,29.222,5.907,46.454,89.43,39.524,18.629,28.748,0,28.594,29.422,10.217,124.007,12.791,28.594,124.007,37.989,-0.338,13.801,14.262,0.064,0,0,3,3,0,1,1,0,0,0,5,2.647,2.241,7.987,20.383,17.849,18.665,12.992,10.288,11.443,7.167,8.56,4.589,5.575,2.736,3.347,32.662,56.638,0,404.26,0.926,1.63,2.222,27,364.293,26.41,17.505,15.058,169.825,12.038,12.038,0.158,4.662,112.377,404.613,19,160,26.689,17.122,72.138,72.138,16.756,1.919,22.929,6.603,1.672,0.23,3,1,4200,5.453183749
24,2.991,-2.308,2.243,-2.371,-0.151,32.166,3.964,687.795,32.023,28.483,29.299,20.818,17.105,18.26,11.938,13.163,7.707,8.861,4.746,5.621,14.384,23.075,38.773,11.762,30.988,14.211,630.464,0.744,1.395,2.023,0.912,-1.16,43,564.449,1101079577,41.84,29.545,25.828,268.04,0.465,0.164,-0.338,-0.465,6.831,179.82,630.977,1,0,0,1,0,32,0,0,254,29.222,5.907,46.454,89.43,39.524,18.629,28.748,0,28.594,29.422,10.217,124.007,12.791,28.594,124.007,37.989,-0.338,13.801,14.262,0.064,0,0,3,3,0,1,1,0,0,0,5,2.647,2.241,7.987,20.383,17.849,18.665,12.992,10.288,11.443,7.167,8.56,4.589,5.575,2.736,3.347,32.662,56.638,0,404.26,0.926,1.63,2.222,27,364.293,26.41,17.505,15.058,169.825,12.038,12.038,0.158,4.662,112.377,404.613,19,160,26.689,17.122,72.138,72.138,16.756,1.919,22.929,6.603,1.672,0.23,3,0.5,4200,5.279990719
25,2.925,-2.34,2.243,-2.488,-0.151,32.166,2.127,674.022,28.772,24.756,25.572,18.853,14.76,15.914,10.632,11.856,7.206,8.36,4.54,5.414,14.384,29.682,0,16.662,11.824,19.317,574.365,0.872,1.564,2.205,0.897,-1.2,39,520.393,219846266.2,35.826,22.484,17.269,240.214,0.465,0.171,-0.344,-0.465,3.559,156.043,574.825,1,1,1,1,1,24,1,1,228,29.012,5.907,19.765,50.534,65.703,25.236,20.655,1,33.701,29.422,9.8,78.056,15.744,28.594,78.056,39.745,-0.344,7.784,9.634,0.137,1,1,3,3,1,0,1,0,1,0,3,2.647,2.241,7.987,20.383,17.849,18.665,12.992,10.288,11.443,7.167,8.56,4.589,5.575,2.736,3.347,32.662,56.638,0,404.26,0.926,1.63,2.222,27,364.293,26.41,17.505,15.058,169.825,12.038,12.038,0.158,4.662,112.377,404.613,19,160,26.689,17.122,72.138,72.138,16.756,1.919,22.929,6.603,1.672,0.23,3,4,4200,2.674861141
26,2.925,-2.34,2.243,-2.488,-0.151,32.166,2.127,674.022,28.772,24.756,25.572,18.853,14.76,15.914,10.632,11.856,7.206,8.36,4.54,5.414,14.384,29.682,0,16.662,11.824,19.317,574.365,0.872,1.564,2.205,0.897,-1.2,39,520.393,219846266.2,35.826,22.484,17.269,240.214,0.465,0.171,-0.344,-0.465,3.559,156.043,574.825,1,1,1,1,1,24,1,1,228,29.012,5.907,19.765,50.534,65.703,25.236,20.655,1,33.701,29.422,9.8,78.056,15.744,28.594,78.056,39.745,-0.344,7.784,9.634,0.137,1,1,3,3,1,0,1,0,1,0,3,2.647,2.241,7.987,20.383,17.849,18.665,12.992,10.288,11.443,7.167,8.56,4.589,5.575,2.736,3.347,32.662,56.638,0,404.26,0.926,1.63,2.222,27,364.293,26.41,17.505,15.058,169.825,12.038,12.038,0.158,4.662,112.377,404.613,19,160,26.689,17.122,72.138,72.138,16.756,1.919,22.929,6.603,1.672,0.23,3,2,4200,2.133538908
27,2.925,-2.34,2.243,-2.488,-0.151,32.166,2.127,674.022,28.772,24.756,25.572,18.853,14.76,15.914,10.632,11.856,7.206,8.36,4.54,5.414,14.384,29.682,0,16.662,11.824,19.317,574.365,0.872,1.564,2.205,0.897,-1.2,39,520.393,219846266.2,35.826,22.484,17.269,240.214,0.465,0.171,-0.344,-0.465,3.559,156.043,574.825,1,1,1,1,1,24,1,1,228,29.012,5.907,19.765,50.534,65.703,25.236,20.655,1,33.701,29.422,9.8,78.056,15.744,28.594,78.056,39.745,-0.344,7.784,9.634,0.137,1,1,3,3,1,0,1,0,1,0,3,2.647,2.241,7.987,20.383,17.849,18.665,12.992,10.288,11.443,7.167,8.56,4.589,5.575,2.736,3.347,32.662,56.638,0,404.26,0.926,1.63,2.222,27,364.293,26.41,17.505,15.058,169.825,12.038,12.038,0.158,4.662,112.377,404.613,19,160,26.689,17.122,72.138,72.138,16.756,1.919,22.929,6.603,1.672,0.23,3,1,4200,2.431363764
28,2.925,-2.34,2.243,-2.488,-0.151,32.166,2.127,674.022,28.772,24.756,25.572,18.853,14.76,15.914,10.632,11.856,7.206,8.36,4.54,5.414,14.384,29.682,0,16.662,11.824,19.317,574.365,0.872,1.564,2.205,0.897,-1.2,39,520.393,219846266.2,35.826,22.484,17.269,240.214,0.465,0.171,-0.344,-0.465,3.559,156.043,574.825,1,1,1,1,1,24,1,1,228,29.012,5.907,19.765,50.534,65.703,25.236,20.655,1,33.701,29.422,9.8,78.056,15.744,28.594,78.056,39.745,-0.344,7.784,9.634,0.137,1,1,3,3,1,0,1,0,1,0,3,2.647,2.241,7.987,20.383,17.849,18.665,12.992,10.288,11.443,7.167,8.56,4.589,5.575,2.736,3.347,32.662,56.638,0,404.26,0.926,1.63,2.222,27,364.293,26.41,17.505,15.058,169.825,12.038,12.038,0.158,4.662,112.377,404.613,19,160,26.689,17.122,72.138,72.138,16.756,1.919,22.929,6.603,1.672,0.23,3,0.5,4200,3.319314304
29,2.927,-2.308,2.242,-2.458,-0.151,32.166,2.071,662.934,28.608,24.861,25.678,18.904,14.898,16.053,10.627,11.852,7.038,8.192,4.405,5.28,14.384,23.075,0,11.762,22.457,14.211,573.381,0.923,1.641,2.333,0.897,-1.2,39,518.401,235200918.6,35.826,23.499,19.505,240.76,0.465,0.147,-0.336,-0.465,3.444,158.256,573.841,2,1,1,1,1,25,1,1,228,29.639,5.907,19.765,50.534,72.248,18.629,21.587,1,28.594,29.422,15.533,78.056,15.564,28.594,78.056,37.603,-0.336,7.819,11.445,0.125,0,0,3,3,0,2,1,0,1,0,3,2.647,2.241,7.987,20.383,17.849,18.665,12.992,10.288,11.443,7.167,8.56,4.589,5.575,2.736,3.347,32.662,56.638,0,404.26,0.926,1.63,2.222,27,364.293,26.41,17.505,15.058,169.825,12.038,12.038,0.158,4.662,112.377,404.613,19,160,26.689,17.122,72.138,72.138,16.756,1.919,22.929,6.603,1.672,0.23,3,4,4200,0.477121255
30,2.927,-2.308,2.242,-2.458,-0.151,32.166,2.071,662.934,28.608,24.861,25.678,18.904,14.898,16.053,10.627,11.852,7.038,8.192,4.405,5.28,14.384,23.075,0,11.762,22.457,14.211,573.381,0.923,1.641,2.333,0.897,-1.2,39,518.401,235200918.6,35.826,23.499,19.505,240.76,0.465,0.147,-0.336,-0.465,3.444,158.256,573.841,2,1,1,1,1,25,1,1,228,29.639,5.907,19.765,50.534,72.248,18.629,21.587,1,28.594,29.422,15.533,78.056,15.564,28.594,78.056,37.603,-0.336,7.819,11.445,0.125,0,0,3,3,0,2,1,0,1,0,3,2.647,2.241,7.987,20.383,17.849,18.665,12.992,10.288,11.443,7.167,8.56,4.589,5.575,2.736,3.347,32.662,56.638,0,404.26,0.926,1.63,2.222,27,364.293,26.41,17.505,15.058,169.825,12.038,12.038,0.158,4.662,112.377,404.613,19,160,26.689,17.122,72.138,72.138,16.756,1.919,22.929,6.603,1.672,0.23,3,2,4200,-1
31,2.927,-2.308,2.242,-2.458,-0.151,32.166,2.071,662.934,28.608,24.861,25.678,18.904,14.898,16.053,10.627,11.852,7.038,8.192,4.405,5.28,14.384,23.075,0,11.762,22.457,14.211,573.381,0.923,1.641,2.333,0.897,-1.2,39,518.401,235200918.6,35.826,23.499,19.505,240.76,0.465,0.147,-0.336,-0.465,3.444,158.256,573.841,2,1,1,1,1,25,1,1,228,29.639,5.907,19.765,50.534,72.248,18.629,21.587,1,28.594,29.422,15.533,78.056,15.564,28.594,78.056,37.603,-0.336,7.819,11.445,0.125,0,0,3,3,0,2,1,0,1,0,3,2.647,2.241,7.987,20.383,17.849,18.665,12.992,10.288,11.443,7.167,8.56,4.589,5.575,2.736,3.347,32.662,56.638,0,404.26,0.926,1.63,2.222,27,364.293,26.41,17.505,15.058,169.825,12.038,12.038,0.158,4.662,112.377,404.613,19,160,26.689,17.122,72.138,72.138,16.756,1.919,22.929,6.603,1.672,0.23,3,1,4200,1.414973348
32,2.927,-2.308,2.242,-2.458,-0.151,32.166,2.071,662.934,28.608,24.861,25.678,18.904,14.898,16.053,10.627,11.852,7.038,8.192,4.405,5.28,14.384,23.075,0,11.762,22.457,14.211,573.381,0.923,1.641,2.333,0.897,-1.2,39,518.401,235200918.6,35.826,23.499,19.505,240.76,0.465,0.147,-0.336,-0.465,3.444,158.256,573.841,2,1,1,1,1,25,1,1,228,29.639,5.907,19.765,50.534,72.248,18.629,21.587,1,28.594,29.422,15.533,78.056,15.564,28.594,78.056,37.603,-0.336,7.819,11.445,0.125,0,0,3,3,0,2,1,0,1,0,3,2.647,2.241,7.987,20.383,17.849,18.665,12.992,10.288,11.443,7.167,8.56,4.589,5.575,2.736,3.347,32.662,56.638,0,404.26,0.926,1.63,2.222,27,364.293,26.41,17.505,15.058,169.825,12.038,12.038,0.158,4.662,112.377,404.613,19,160,26.689,17.122,72.138,72.138,16.756,1.919,22.929,6.603,1.672,0.23,3,0.5,4200,2.372912003
33,2.674,-2.308,2.241,-2.996,-0.36,35.453,0,414.533,21.09,18.641,20.214,13.492,10.581,11.736,7.436,8.66,4.674,5.829,2.796,3.526,9.589,29.575,0,11.762,12.657,14.211,455.247,0.966,1.655,2.241,0.905,-0.34,29,413.753,870080.485,30.85,20.914,18.17,187.318,1,0,-0.285,-1,-0.112,114.458,456.089,3,0,0,0,0,20,0,0,174,37.146,0,19.765,38.36,32.311,25.174,22.248,0,41.94,23.514,0,65.214,12.828,23.8,65.214,22.963,3.551,6.553,6.746,0.203,0,0,2,2,0,0,0,1,0,1,3,2.647,2.241,7.987,20.383,17.849,18.665,12.992,10.288,11.443,7.167,8.56,4.589,5.575,2.736,3.347,32.662,56.638,0,404.26,0.926,1.63,2.222,27,364.293,26.41,17.505,15.058,169.825,12.038,12.038,0.158,4.662,112.377,404.613,19,160,26.689,17.122,72.138,72.138,16.756,1.919,22.929,6.603,1.672,0.23,3,4,4200,-1
34,2.674,-2.308,2.241,-2.996,-0.36,35.453,0,414.533,21.09,18.641,20.214,13.492,10.581,11.736,7.436,8.66,4.674,5.829,2.796,3.526,9.589,29.575,0,11.762,12.657,14.211,455.247,0.966,1.655,2.241,0.905,-0.34,29,413.753,870080.485,30.85,20.914,18.17,187.318,1,0,-0.285,-1,-0.112,114.458,456.089,3,0,0,0,0,20,0,0,174,37.146,0,19.765,38.36,32.311,25.174,22.248,0,41.94,23.514,0,65.214,12.828,23.8,65.214,22.963,3.551,6.553,6.746,0.203,0,0,2,2,0,0,0,1,0,1,3,2.647,2.241,7.987,20.383,17.849,18.665,12.992,10.288,11.443,7.167,8.56,4.589,5.575,2.736,3.347,32.662,56.638,0,404.26,0.926,1.63,2.222,27,364.293,26.41,17.505,15.058,169.825,12.038,12.038,0.158,4.662,112.377,404.613,19,160,26.689,17.122,72.138,72.138,16.756,1.919,22.929,6.603,1.672,0.23,3,2,4200,-1
35,2.674,-2.308,2.241,-2.996,-0.36,35.453,0,414.533,21.09,18.641,20.214,13.492,10.581,11.736,7.436,8.66,4.674,5.829,2.796,3.526,9.589,29.575,0,11.762,12.657,14.211,455.247,0.966,1.655,2.241,0.905,-0.34,29,413.753,870080.485,30.85,20.914,18.17,187.318,1,0,-0.285,-1,-0.112,114.458,456.089,3,0,0,0,0,20,0,0,174,37.146,0,19.765,38.36,32.311,25.174,22.248,0,41.94,23.514,0,65.214,12.828,23.8,65.214,22.963,3.551,6.553,6.746,0.203,0,0,2,2,0,0,0,1,0,1,3,2.647,2.241,7.987,20.383,17.849,18.665,12.992,10.288,11.443,7.167,8.56,4.589,5.575,2.736,3.347,32.662,56.638,0,404.26,0.926,1.63,2.222,27,364.293,26.41,17.505,15.058,169.825,12.038,12.038,0.158,4.662,112.377,404.613,19,160,26.689,17.122,72.138,72.138,16.756,1.919,22.929,6.603,1.672,0.23,3,1,4200,1
36,2.674,-2.308,2.241,-2.996,-0.36,35.453,0,414.533,21.09,18.641,20.214,13.492,10.581,11.736,7.436,8.66,4.674,5.829,2.796,3.526,9.589,29.575,0,11.762,12.657,14.211,455.247,0.966,1.655,2.241,0.905,-0.34,29,413.753,870080.485,30.85,20.914,18.17,187.318,1,0,-0.285,-1,-0.112,114.458,456.089,3,0,0,0,0,20,0,0,174,37.146,0,19.765,38.36,32.311,25.174,22.248,0,41.94,23.514,0,65.214,12.828,23.8,65.214,22.963,3.551,6.553,6.746,0.203,0,0,2,2,0,0,0,1,0,1,3,2.647,2.241,7.987,20.383,17.849,18.665,12.992,10.288,11.443,7.167,8.56,4.589,5.575,2.736,3.347,32.662,56.638,0,404.26,0.926,1.63,2.222,27,364.293,26.41,17.505,15.058,169.825,12.038,12.038,0.158,4.662,112.377,404.613,19,160,26.689,17.122,72.138,72.138,16.756,1.919,22.929,6.603,1.672,0.23,3,0.5,4200,2.113943352
37,2.775,-2.308,2.242,-2.996,-0.4,35.453,0,538.939,24.244,20.828,22.4,15.297,11.503,12.657,8.265,9.414,5.239,6.454,3.052,3.961,14.384,48.193,7.11,6.924,10.471,14.211,513.253,0.97,1.636,2.212,0.87,-0.87,33,469.773,5204339.136,34.298,21.649,18.169,209.323,1,0,-0.359,-1,-0.571,125.395,514.125,3,0,0,0,0,21,0,0,196,41.883,0,19.765,38.36,26.558,31.491,22.501,0,51.472,29.484,0,71.256,13.485,33.331,65.214,34.388,3.426,6.18,5.428,0.16,0,0,3,3,0,0,0,1,0,1,3,2.647,2.241,7.987,20.383,17.849,18.665,12.992,10.288,11.443,7.167,8.56,4.589,5.575,2.736,3.347,32.662,56.638,0,404.26,0.926,1.63,2.222,27,364.293,26.41,17.505,15.058,169.825,12.038,12.038,0.158,4.662,112.377,404.613,19,160,26.689,17.122,72.138,72.138,16.756,1.919,22.929,6.603,1.672,0.23,3,4,4200,2.403120521
38,2.775,-2.308,2.242,-2.996,-0.4,35.453,0,538.939,24.244,20.828,22.4,15.297,11.503,12.657,8.265,9.414,5.239,6.454,3.052,3.961,14.384,48.193,7.11,6.924,10.471,14.211,513.253,0.97,1.636,2.212,0.87,-0.87,33,469.773,5204339.136,34.298,21.649,18.169,209.323,1,0,-0.359,-1,-0.571,125.395,514.125,3,0,0,0,0,21,0,0,196,41.883,0,19.765,38.36,26.558,31.491,22.501,0,51.472,29.484,0,71.256,13.485,33.331,65.214,34.388,3.426,6.18,5.428,0.16,0,0,3,3,0,0,0,1,0,1,3,2.647,2.241,7.987,20.383,17.849,18.665,12.992,10.288,11.443,7.167,8.56,4.589,5.575,2.736,3.347,32.662,56.638,0,404.26,0.926,1.63,2.222,27,364.293,26.41,17.505,15.058,169.825,12.038,12.038,0.158,4.662,112.377,404.613,19,160,26.689,17.122,72.138,72.138,16.756,1.919,22.929,6.603,1.672,0.23,3,2,4200,2.354108439
39,2.775,-2.308,2.242,-2.996,-0.4,35.453,0,538.939,24.244,20.828,22.4,15.297,11.503,12.657,8.265,9.414,5.239,6.454,3.052,3.961,14.384,48.193,7.11,6.924,10.471,14.211,513.253,0.97,1.636,2.212,0.87,-0.87,33,469.773,5204339.136,34.298,21.649,18.169,209.323,1,0,-0.359,-1,-0.571,125.395,514.125,3,0,0,0,0,21,0,0,196,41.883,0,19.765,38.36,26.558,31.491,22.501,0,51.472,29.484,0,71.256,13.485,33.331,65.214,34.388,3.426,6.18,5.428,0.16,0,0,3,3,0,0,0,1,0,1,3,2.647,2.241,7.987,20.383,17.849,18.665,12.992,10.288,11.443,7.167,8.56,4.589,5.575,2.736,3.347,32.662,56.638,0,404.26,0.926,1.63,2.222,27,364.293,26.41,17.505,15.058,169.825,12.038,12.038,0.158,4.662,112.377,404.613,19,160,26.689,17.122,72.138,72.138,16.756,1.919,22.929,6.603,1.672,0.23,3,1,4200,1.954242509
40,2.775,-2.308,2.242,-2.996,-0.4,35.453,0,538.939,24.244,20.828,22.4,15.297,11.503,12.657,8.265,9.414,5.239,6.454,3.052,3.961,14.384,48.193,7.11,6.924,10.471,14.211,513.253,0.97,1.636,2.212,0.87,-0.87,33,469.773,5204339.136,34.298,21.649,18.169,209.323,1,0,-0.359,-1,-0.571,125.395,514.125,3,0,0,0,0,21,0,0,196,41.883,0,19.765,38.36,26.558,31.491,22.501,0,51.472,29.484,0,71.256,13.485,33.331,65.214,34.388,3.426,6.18,5.428,0.16,0,0,3,3,0,0,0,1,0,1,3,2.647,2.241,7.987,20.383,17.849,18.665,12.992,10.288,11.443,7.167,8.56,4.589,5.575,2.736,3.347,32.662,56.638,0,404.26,0.926,1.63,2.222,27,364.293,26.41,17.505,15.058,169.825,12.038,12.038,0.158,4.662,112.377,404.613,19,160,26.689,17.122,72.138,72.138,16.756,1.919,22.929,6.603,1.672,0.23,3,0.5,4200,2.328379603
41,2.991,-2.308,2.243,-2.371,-0.151,32.166,3.964,687.795,32.023,28.483,29.299,20.818,17.105,18.26,11.938,13.163,7.707,8.861,4.746,5.621,14.384,23.075,38.773,11.762,30.988,14.211,630.464,0.744,1.395,2.023,0.912,-1.16,43,564.449,1101079577,41.84,29.545,25.828,268.04,0.465,0.164,-0.338,-0.465,6.831,179.82,630.977,1,0,0,1,0,32,0,0,254,29.222,5.907,46.454,89.43,39.524,18.629,28.748,0,28.594,29.422,10.217,124.007,12.791,28.594,124.007,37.989,-0.338,13.801,14.262,0.064,0,0,3,3,0,1,1,0,0,0,5,2.701,2.242,7.988,21.797,19.263,20.08,13.992,11.288,12.443,7.936,9.16,5.027,6.182,2.94,3.959,32.662,50.885,18.594,432.291,0.862,1.552,2.172,29,388.315,28.41,19.378,16.848,182.555,12.092,12.092,0.155,5.442,121.611,432.667,21,172,33.11,18.984,84.979,84.979,16.87,1.989,23.006,9.145,1.678,0.178,4,4,4200,3.893983567
42,2.991,-2.308,2.243,-2.371,-0.151,32.166,3.964,687.795,32.023,28.483,29.299,20.818,17.105,18.26,11.938,13.163,7.707,8.861,4.746,5.621,14.384,23.075,38.773,11.762,30.988,14.211,630.464,0.744,1.395,2.023,0.912,-1.16,43,564.449,1101079577,41.84,29.545,25.828,268.04,0.465,0.164,-0.338,-0.465,6.831,179.82,630.977,1,0,0,1,0,32,0,0,254,29.222,5.907,46.454,89.43,39.524,18.629,28.748,0,28.594,29.422,10.217,124.007,12.791,28.594,124.007,37.989,-0.338,13.801,14.262,0.064,0,0,3,3,0,1,1,0,0,0,5,2.701,2.242,7.988,21.797,19.263,20.08,13.992,11.288,12.443,7.936,9.16,5.027,6.182,2.94,3.959,32.662,50.885,18.594,432.291,0.862,1.552,2.172,29,388.315,28.41,19.378,16.848,182.555,12.092,12.092,0.155,5.442,121.611,432.667,21,172,33.11,18.984,84.979,84.979,16.87,1.989,23.006,9.145,1.678,0.178,4,2,4200,5.210588699
43,2.991,-2.308,2.243,-2.371,-0.151,32.166,3.964,687.795,32.023,28.483,29.299,20.818,17.105,18.26,11.938,13.163,7.707,8.861,4.746,5.621,14.384,23.075,38.773,11.762,30.988,14.211,630.464,0.744,1.395,2.023,0.912,-1.16,43,564.449,1101079577,41.84,29.545,25.828,268.04,0.465,0.164,-0.338,-0.465,6.831,179.82,630.977,1,0,0,1,0,32,0,0,254,29.222,5.907,46.454,89.43,39.524,18.629,28.748,0,28.594,29.422,10.217,124.007,12.791,28.594,124.007,37.989,-0.338,13.801,14.262,0.064,0,0,3,3,0,1,1,0,0,0,5,2.701,2.242,7.988,21.797,19.263,20.08,13.992,11.288,12.443,7.936,9.16,5.027,6.182,2.94,3.959,32.662,50.885,18.594,432.291,0.862,1.552,2.172,29,388.315,28.41,19.378,16.848,182.555,12.092,12.092,0.155,5.442,121.611,432.667,21,172,33.11,18.984,84.979,84.979,16.87,1.989,23.006,9.145,1.678,0.178,4,1,4200,5.537181662
44,2.991,-2.308,2.243,-2.371,-0.151,32.166,3.964,687.795,32.023,28.483,29.299,20.818,17.105,18.26,11.938,13.163,7.707,8.861,4.746,5.621,14.384,23.075,38.773,11.762,30.988,14.211,630.464,0.744,1.395,2.023,0.912,-1.16,43,564.449,1101079577,41.84,29.545,25.828,268.04,0.465,0.164,-0.338,-0.465,6.831,179.82,630.977,1,0,0,1,0,32,0,0,254,29.222,5.907,46.454,89.43,39.524,18.629,28.748,0,28.594,29.422,10.217,124.007,12.791,28.594,124.007,37.989,-0.338,13.801,14.262,0.064,0,0,3,3,0,1,1,0,0,0,5,2.701,2.242,7.988,21.797,19.263,20.08,13.992,11.288,12.443,7.936,9.16,5.027,6.182,2.94,3.959,32.662,50.885,18.594,432.291,0.862,1.552,2.172,29,388.315,28.41,19.378,16.848,182.555,12.092,12.092,0.155,5.442,121.611,432.667,21,172,33.11,18.984,84.979,84.979,16.87,1.989,23.006,9.145,1.678,0.178,4,0.5,4200,5.181580646
45,2.925,-2.34,2.243,-2.488,-0.151,32.166,2.127,674.022,28.772,24.756,25.572,18.853,14.76,15.914,10.632,11.856,7.206,8.36,4.54,5.414,14.384,29.682,0,16.662,11.824,19.317,574.365,0.872,1.564,2.205,0.897,-1.2,39,520.393,219846266.2,35.826,22.484,17.269,240.214,0.465,0.171,-0.344,-0.465,3.559,156.043,574.825,1,1,1,1,1,24,1,1,228,29.012,5.907,19.765,50.534,65.703,25.236,20.655,1,33.701,29.422,9.8,78.056,15.744,28.594,78.056,39.745,-0.344,7.784,9.634,0.137,1,1,3,3,1,0,1,0,1,0,3,2.701,2.242,7.988,21.797,19.263,20.08,13.992,11.288,12.443,7.936,9.16,5.027,6.182,2.94,3.959,32.662,50.885,18.594,432.291,0.862,1.552,2.172,29,388.315,28.41,19.378,16.848,182.555,12.092,12.092,0.155,5.442,121.611,432.667,21,172,33.11,18.984,84.979,84.979,16.87,1.989,23.006,9.145,1.678,0.178,4,4,4200,2.447158031
46,2.925,-2.34,2.243,-2.488,-0.151,32.166,2.127,674.022,28.772,24.756,25.572,18.853,14.76,15.914,10.632,11.856,7.206,8.36,4.54,5.414,14.384,29.682,0,16.662,11.824,19.317,574.365,0.872,1.564,2.205,0.897,-1.2,39,520.393,219846266.2,35.826,22.484,17.269,240.214,0.465,0.171,-0.344,-0.465,3.559,156.043,574.825,1,1,1,1,1,24,1,1,228,29.012,5.907,19.765,50.534,65.703,25.236,20.655,1,33.701,29.422,9.8,78.056,15.744,28.594,78.056,39.745,-0.344,7.784,9.634,0.137,1,1,3,3,1,0,1,0,1,0,3,2.701,2.242,7.988,21.797,19.263,20.08,13.992,11.288,12.443,7.936,9.16,5.027,6.182,2.94,3.959,32.662,50.885,18.594,432.291,0.862,1.552,2.172,29,388.315,28.41,19.378,16.848,182.555,12.092,12.092,0.155,5.442,121.611,432.667,21,172,33.11,18.984,84.979,84.979,16.87,1.989,23.006,9.145,1.678,0.178,4,2,4200,2.164352856
47,2.925,-2.34,2.243,-2.488,-0.151,32.166,2.127,674.022,28.772,24.756,25.572,18.853,14.76,15.914,10.632,11.856,7.206,8.36,4.54,5.414,14.384,29.682,0,16.662,11.824,19.317,574.365,0.872,1.564,2.205,0.897,-1.2,39,520.393,219846266.2,35.826,22.484,17.269,240.214,0.465,0.171,-0.344,-0.465,3.559,156.043,574.825,1,1,1,1,1,24,1,1,228,29.012,5.907,19.765,50.534,65.703,25.236,20.655,1,33.701,29.422,9.8,78.056,15.744,28.594,78.056,39.745,-0.344,7.784,9.634,0.137,1,1,3,3,1,0,1,0,1,0,3,2.701,2.242,7.988,21.797,19.263,20.08,13.992,11.288,12.443,7.936,9.16,5.027,6.182,2.94,3.959,32.662,50.885,18.594,432.291,0.862,1.552,2.172,29,388.315,28.41,19.378,16.848,182.555,12.092,12.092,0.155,5.442,121.611,432.667,21,172,33.11,18.984,84.979,84.979,16.87,1.989,23.006,9.145,1.678,0.178,4,1,4200,2.238046103
48,2.925,-2.34,2.243,-2.488,-0.151,32.166,2.127,674.022,28.772,24.756,25.572,18.853,14.76,15.914,10.632,11.856,7.206,8.36,4.54,5.414,14.384,29.682,0,16.662,11.824,19.317,574.365,0.872,1.564,2.205,0.897,-1.2,39,520.393,219846266.2,35.826,22.484,17.269,240.214,0.465,0.171,-0.344,-0.465,3.559,156.043,574.825,1,1,1,1,1,24,1,1,228,29.012,5.907,19.765,50.534,65.703,25.236,20.655,1,33.701,29.422,9.8,78.056,15.744,28.594,78.056,39.745,-0.344,7.784,9.634,0.137,1,1,3,3,1,0,1,0,1,0,3,2.701,2.242,7.988,21.797,19.263,20.08,13.992,11.288,12.443,7.936,9.16,5.027,6.182,2.94,3.959,32.662,50.885,18.594,432.291,0.862,1.552,2.172,29,388.315,28.41,19.378,16.848,182.555,12.092,12.092,0.155,5.442,121.611,432.667,21,172,33.11,18.984,84.979,84.979,16.87,1.989,23.006,9.145,1.678,0.178,4,0.5,4200,3.953276337
49,2.927,-2.308,2.242,-2.458,-0.151,32.166,2.071,662.934,28.608,24.861,25.678,18.904,14.898,16.053,10.627,11.852,7.038,8.192,4.405,5.28,14.384,23.075,0,11.762,22.457,14.211,573.381,0.923,1.641,2.333,0.897,-1.2,39,518.401,235200918.6,35.826,23.499,19.505,240.76,0.465,0.147,-0.336,-0.465,3.444,158.256,573.841,2,1,1,1,1,25,1,1,228,29.639,5.907,19.765,50.534,72.248,18.629,21.587,1,28.594,29.422,15.533,78.056,15.564,28.594,78.056,37.603,-0.336,7.819,11.445,0.125,0,0,3,3,0,2,1,0,1,0,3,2.701,2.242,7.988,21.797,19.263,20.08,13.992,11.288,12.443,7.936,9.16,5.027,6.182,2.94,3.959,32.662,50.885,18.594,432.291,0.862,1.552,2.172,29,388.315,28.41,19.378,16.848,182.555,12.092,12.092,0.155,5.442,121.611,432.667,21,172,33.11,18.984,84.979,84.979,16.87,1.989,23.006,9.145,1.678,0.178,4,4,4200,1.113943352
50,2.927,-2.308,2.242,-2.458,-0.151,32.166,2.071,662.934,28.608,24.861,25.678,18.904,14.898,16.053,10.627,11.852,7.038,8.192,4.405,5.28,14.384,23.075,0,11.762,22.457,14.211,573.381,0.923,1.641,2.333,0.897,-1.2,39,518.401,235200918.6,35.826,23.499,19.505,240.76,0.465,0.147,-0.336,-0.465,3.444,158.256,573.841,2,1,1,1,1,25,1,1,228,29.639,5.907,19.765,50.534,72.248,18.629,21.587,1,28.594,29.422,15.533,78.056,15.564,28.594,78.056,37.603,-0.336,7.819,11.445,0.125,0,0,3,3,0,2,1,0,1,0,3,2.701,2.242,7.988,21.797,19.263,20.08,13.992,11.288,12.443,7.936,9.16,5.027,6.182,2.94,3.959,32.662,50.885,18.594,432.291,0.862,1.552,2.172,29,388.315,28.41,19.378,16.848,182.555,12.092,12.092,0.155,5.442,121.611,432.667,21,172,33.11,18.984,84.979,84.979,16.87,1.989,23.006,9.145,1.678,0.178,4,2,4200,1.556302501
51,2.927,-2.308,2.242,-2.458,-0.151,32.166,2.071,662.934,28.608,24.861,25.678,18.904,14.898,16.053,10.627,11.852,7.038,8.192,4.405,5.28,14.384,23.075,0,11.762,22.457,14.211,573.381,0.923,1.641,2.333,0.897,-1.2,39,518.401,235200918.6,35.826,23.499,19.505,240.76,0.465,0.147,-0.336,-0.465,3.444,158.256,573.841,2,1,1,1,1,25,1,1,228,29.639,5.907,19.765,50.534,72.248,18.629,21.587,1,28.594,29.422,15.533,78.056,15.564,28.594,78.056,37.603,-0.336,7.819,11.445,0.125,0,0,3,3,0,2,1,0,1,0,3,2.701,2.242,7.988,21.797,19.263,20.08,13.992,11.288,12.443,7.936,9.16,5.027,6.182,2.94,3.959,32.662,50.885,18.594,432.291,0.862,1.552,2.172,29,388.315,28.41,19.378,16.848,182.555,12.092,12.092,0.155,5.442,121.611,432.667,21,172,33.11,18.984,84.979,84.979,16.87,1.989,23.006,9.145,1.678,0.178,4,1,4200,2.838849091
52,2.927,-2.308,2.242,-2.458,-0.151,32.166,2.071,662.934,28.608,24.861,25.678,18.904,14.898,16.053,10.627,11.852,7.038,8.192,4.405,5.28,14.384,23.075,0,11.762,22.457,14.211,573.381,0.923,1.641,2.333,0.897,-1.2,39,518.401,235200918.6,35.826,23.499,19.505,240.76,0.465,0.147,-0.336,-0.465,3.444,158.256,573.841,2,1,1,1,1,25,1,1,228,29.639,5.907,19.765,50.534,72.248,18.629,21.587,1,28.594,29.422,15.533,78.056,15.564,28.594,78.056,37.603,-0.336,7.819,11.445,0.125,0,0,3,3,0,2,1,0,1,0,3,2.701,2.242,7.988,21.797,19.263,20.08,13.992,11.288,12.443,7.936,9.16,5.027,6.182,2.94,3.959,32.662,50.885,18.594,432.291,0.862,1.552,2.172,29,388.315,28.41,19.378,16.848,182.555,12.092,12.092,0.155,5.442,121.611,432.667,21,172,33.11,18.984,84.979,84.979,16.87,1.989,23.006,9.145,1.678,0.178,4,0.5,4200,3.287129621
53,2.674,-2.308,2.241,-2.996,-0.36,35.453,0,414.533,21.09,18.641,20.214,13.492,10.581,11.736,7.436,8.66,4.674,5.829,2.796,3.526,9.589,29.575,0,11.762,12.657,14.211,455.247,0.966,1.655,2.241,0.905,-0.34,29,413.753,870080.485,30.85,20.914,18.17,187.318,1,0,-0.285,-1,-0.112,114.458,456.089,3,0,0,0,0,20,0,0,174,37.146,0,19.765,38.36,32.311,25.174,22.248,0,41.94,23.514,0,65.214,12.828,23.8,65.214,22.963,3.551,6.553,6.746,0.203,0,0,2,2,0,0,0,1,0,1,3,2.701,2.242,7.988,21.797,19.263,20.08,13.992,11.288,12.443,7.936,9.16,5.027,6.182,2.94,3.959,32.662,50.885,18.594,432.291,0.862,1.552,2.172,29,388.315,28.41,19.378,16.848,182.555,12.092,12.092,0.155,5.442,121.611,432.667,21,172,33.11,18.984,84.979,84.979,16.87,1.989,23.006,9.145,1.678,0.178,4,4,4200,0.84509804
54,2.674,-2.308,2.241,-2.996,-0.36,35.453,0,414.533,21.09,18.641,20.214,13.492,10.581,11.736,7.436,8.66,4.674,5.829,2.796,3.526,9.589,29.575,0,11.762,12.657,14.211,455.247,0.966,1.655,2.241,0.905,-0.34,29,413.753,870080.485,30.85,20.914,18.17,187.318,1,0,-0.285,-1,-0.112,114.458,456.089,3,0,0,0,0,20,0,0,174,37.146,0,19.765,38.36,32.311,25.174,22.248,0,41.94,23.514,0,65.214,12.828,23.8,65.214,22.963,3.551,6.553,6.746,0.203,0,0,2,2,0,0,0,1,0,1,3,2.701,2.242,7.988,21.797,19.263,20.08,13.992,11.288,12.443,7.936,9.16,5.027,6.182,2.94,3.959,32.662,50.885,18.594,432.291,0.862,1.552,2.172,29,388.315,28.41,19.378,16.848,182.555,12.092,12.092,0.155,5.442,121.611,432.667,21,172,33.11,18.984,84.979,84.979,16.87,1.989,23.006,9.145,1.678,0.178,4,2,4200,0.84509804
55,2.674,-2.308,2.241,-2.996,-0.36,35.453,0,414.533,21.09,18.641,20.214,13.492,10.581,11.736,7.436,8.66,4.674,5.829,2.796,3.526,9.589,29.575,0,11.762,12.657,14.211,455.247,0.966,1.655,2.241,0.905,-0.34,29,413.753,870080.485,30.85,20.914,18.17,187.318,1,0,-0.285,-1,-0.112,114.458,456.089,3,0,0,0,0,20,0,0,174,37.146,0,19.765,38.36,32.311,25.174,22.248,0,41.94,23.514,0,65.214,12.828,23.8,65.214,22.963,3.551,6.553,6.746,0.203,0,0,2,2,0,0,0,1,0,1,3,2.701,2.242,7.988,21.797,19.263,20.08,13.992,11.288,12.443,7.936,9.16,5.027,6.182,2.94,3.959,32.662,50.885,18.594,432.291,0.862,1.552,2.172,29,388.315,28.41,19.378,16.848,182.555,12.092,12.092,0.155,5.442,121.611,432.667,21,172,33.11,18.984,84.979,84.979,16.87,1.989,23.006,9.145,1.678,0.178,4,1,4200,-1
56,2.674,-2.308,2.241,-2.996,-0.36,35.453,0,414.533,21.09,18.641,20.214,13.492,10.581,11.736,7.436,8.66,4.674,5.829,2.796,3.526,9.589,29.575,0,11.762,12.657,14.211,455.247,0.966,1.655,2.241,0.905,-0.34,29,413.753,870080.485,30.85,20.914,18.17,187.318,1,0,-0.285,-1,-0.112,114.458,456.089,3,0,0,0,0,20,0,0,174,37.146,0,19.765,38.36,32.311,25.174,22.248,0,41.94,23.514,0,65.214,12.828,23.8,65.214,22.963,3.551,6.553,6.746,0.203,0,0,2,2,0,0,0,1,0,1,3,2.701,2.242,7.988,21.797,19.263,20.08,13.992,11.288,12.443,7.936,9.16,5.027,6.182,2.94,3.959,32.662,50.885,18.594,432.291,0.862,1.552,2.172,29,388.315,28.41,19.378,16.848,182.555,12.092,12.092,0.155,5.442,121.611,432.667,21,172,33.11,18.984,84.979,84.979,16.87,1.989,23.006,9.145,1.678,0.178,4,0.5,4200,-1
57,2.775,-2.308,2.242,-2.996,-0.4,35.453,0,538.939,24.244,20.828,22.4,15.297,11.503,12.657,8.265,9.414,5.239,6.454,3.052,3.961,14.384,48.193,7.11,6.924,10.471,14.211,513.253,0.97,1.636,2.212,0.87,-0.87,33,469.773,5204339.136,34.298,21.649,18.169,209.323,1,0,-0.359,-1,-0.571,125.395,514.125,3,0,0,0,0,21,0,0,196,41.883,0,19.765,38.36,26.558,31.491,22.501,0,51.472,29.484,0,71.256,13.485,33.331,65.214,34.388,3.426,6.18,5.428,0.16,0,0,3,3,0,0,0,1,0,1,3,2.701,2.242,7.988,21.797,19.263,20.08,13.992,11.288,12.443,7.936,9.16,5.027,6.182,2.94,3.959,32.662,50.885,18.594,432.291,0.862,1.552,2.172,29,388.315,28.41,19.378,16.848,182.555,12.092,12.092,0.155,5.442,121.611,432.667,21,172,33.11,18.984,84.979,84.979,16.87,1.989,23.006,9.145,1.678,0.178,4,4,4200,1.748188027
58,2.775,-2.308,2.242,-2.996,-0.4,35.453,0,538.939,24.244,20.828,22.4,15.297,11.503,12.657,8.265,9.414,5.239,6.454,3.052,3.961,14.384,48.193,7.11,6.924,10.471,14.211,513.253,0.97,1.636,2.212,0.87,-0.87,33,469.773,5204339.136,34.298,21.649,18.169,209.323,1,0,-0.359,-1,-0.571,125.395,514.125,3,0,0,0,0,21,0,0,196,41.883,0,19.765,38.36,26.558,31.491,22.501,0,51.472,29.484,0,71.256,13.485,33.331,65.214,34.388,3.426,6.18,5.428,0.16,0,0,3,3,0,0,0,1,0,1,3,2.701,2.242,7.988,21.797,19.263,20.08,13.992,11.288,12.443,7.936,9.16,5.027,6.182,2.94,3.959,32.662,50.885,18.594,432.291,0.862,1.552,2.172,29,388.315,28.41,19.378,16.848,182.555,12.092,12.092,0.155,5.442,121.611,432.667,21,172,33.11,18.984,84.979,84.979,16.87,1.989,23.006,9.145,1.678,0.178,4,2,4200,2.782472624
59,2.775,-2.308,2.242,-2.996,-0.4,35.453,0,538.939,24.244,20.828,22.4,15.297,11.503,12.657,8.265,9.414,5.239,6.454,3.052,3.961,14.384,48.193,7.11,6.924,10.471,14.211,513.253,0.97,1.636,2.212,0.87,-0.87,33,469.773,5204339.136,34.298,21.649,18.169,209.323,1,0,-0.359,-1,-0.571,125.395,514.125,3,0,0,0,0,21,0,0,196,41.883,0,19.765,38.36,26.558,31.491,22.501,0,51.472,29.484,0,71.256,13.485,33.331,65.214,34.388,3.426,6.18,5.428,0.16,0,0,3,3,0,0,0,1,0,1,3,2.701,2.242,7.988,21.797,19.263,20.08,13.992,11.288,12.443,7.936,9.16,5.027,6.182,2.94,3.959,32.662,50.885,18.594,432.291,0.862,1.552,2.172,29,388.315,28.41,19.378,16.848,182.555,12.092,12.092,0.155,5.442,121.611,432.667,21,172,33.11,18.984,84.979,84.979,16.87,1.989,23.006,9.145,1.678,0.178,4,1,4200,2.334453751
60,2.775,-2.308,2.242,-2.996,-0.4,35.453,0,538.939,24.244,20.828,22.4,15.297,11.503,12.657,8.265,9.414,5.239,6.454,3.052,3.961,14.384,48.193,7.11,6.924,10.471,14.211,513.253,0.97,1.636,2.212,0.87,-0.87,33,469.773,5204339.136,34.298,21.649,18.169,209.323,1,0,-0.359,-1,-0.571,125.395,514.125,3,0,0,0,0,21,0,0,196,41.883,0,19.765,38.36,26.558,31.491,22.501,0,51.472,29.484,0,71.256,13.485,33.331,65.214,34.388,3.426,6.18,5.428,0.16,0,0,3,3,0,0,0,1,0,1,3,2.701,2.242,7.988,21.797,19.263,20.08,13.992,11.288,12.443,7.936,9.16,5.027,6.182,2.94,3.959,32.662,50.885,18.594,432.291,0.862,1.552,2.172,29,388.315,28.41,19.378,16.848,182.555,12.092,12.092,0.155,5.442,121.611,432.667,21,172,33.11,18.984,84.979,84.979,16.87,1.989,23.006,9.145,1.678,0.178,4,0.5,4200,1.982271233
61,2.991,-2.308,2.243,-2.371,-0.151,32.166,3.964,687.795,32.023,28.483,29.299,20.818,17.105,18.26,11.938,13.163,7.707,8.861,4.746,5.621,14.384,23.075,38.773,11.762,30.988,14.211,630.464,0.744,1.395,2.023,0.912,-1.16,43,564.449,1101079577,41.84,29.545,25.828,268.04,0.465,0.164,-0.338,-0.465,6.831,179.82,630.977,1,0,0,1,0,32,0,0,254,29.222,5.907,46.454,89.43,39.524,18.629,28.748,0,28.594,29.422,10.217,124.007,12.791,28.594,124.007,37.989,-0.338,13.801,14.262,0.064,0,0,3,3,0,1,1,0,0,0,5,2.701,2.242,7.988,21.797,19.263,20.08,13.992,11.288,12.443,7.936,9.16,5.027,6.182,2.94,3.959,32.662,50.885,18.594,432.291,0.862,1.552,2.172,29,388.315,28.41,19.378,16.848,182.555,12.092,12.092,0.155,5.442,121.611,432.667,21,172,33.11,18.984,84.979,84.979,16.87,1.989,23.006,9.145,1.678,0.178,4,4,4200,4.484641445
62,2.991,-2.308,2.243,-2.371,-0.151,32.166,3.964,687.795,32.023,28.483,29.299,20.818,17.105,18.26,11.938,13.163,7.707,8.861,4.746,5.621,14.384,23.075,38.773,11.762,30.988,14.211,630.464,0.744,1.395,2.023,0.912,-1.16,43,564.449,1101079577,41.84,29.545,25.828,268.04,0.465,0.164,-0.338,-0.465,6.831,179.82,630.977,1,0,0,1,0,32,0,0,254,29.222,5.907,46.454,89.43,39.524,18.629,28.748,0,28.594,29.422,10.217,124.007,12.791,28.594,124.007,37.989,-0.338,13.801,14.262,0.064,0,0,3,3,0,1,1,0,0,0,5,2.701,2.242,7.988,21.797,19.263,20.08,13.992,11.288,12.443,7.936,9.16,5.027,6.182,2.94,3.959,32.662,50.885,18.594,432.291,0.862,1.552,2.172,29,388.315,28.41,19.378,16.848,182.555,12.092,12.092,0.155,5.442,121.611,432.667,21,172,33.11,18.984,84.979,84.979,16.87,1.989,23.006,9.145,1.678,0.178,4,2,4200,5.851158021
63,2.991,-2.308,2.243,-2.371,-0.151,32.166,3.964,687.795,32.023,28.483,29.299,20.818,17.105,18.26,11.938,13.163,7.707,8.861,4.746,5.621,14.384,23.075,38.773,11.762,30.988,14.211,630.464,0.744,1.395,2.023,0.912,-1.16,43,564.449,1101079577,41.84,29.545,25.828,268.04,0.465,0.164,-0.338,-0.465,6.831,179.82,630.977,1,0,0,1,0,32,0,0,254,29.222,5.907,46.454,89.43,39.524,18.629,28.748,0,28.594,29.422,10.217,124.007,12.791,28.594,124.007,37.989,-0.338,13.801,14.262,0.064,0,0,3,3,0,1,1,0,0,0,5,2.701,2.242,7.988,21.797,19.263,20.08,13.992,11.288,12.443,7.936,9.16,5.027,6.182,2.94,3.959,32.662,50.885,18.594,432.291,0.862,1.552,2.172,29,388.315,28.41,19.378,16.848,182.555,12.092,12.092,0.155,5.442,121.611,432.667,21,172,33.11,18.984,84.979,84.979,16.87,1.989,23.006,9.145,1.678,0.178,4,1,4200,5.321175735
64,2.991,-2.308,2.243,-2.371,-0.151,32.166,3.964,687.795,32.023,28.483,29.299,20.818,17.105,18.26,11.938,13.163,7.707,8.861,4.746,5.621,14.384,23.075,38.773,11.762,30.988,14.211,630.464,0.744,1.395,2.023,0.912,-1.16,43,564.449,1101079577,41.84,29.545,25.828,268.04,0.465,0.164,-0.338,-0.465,6.831,179.82,630.977,1,0,0,1,0,32,0,0,254,29.222,5.907,46.454,89.43,39.524,18.629,28.748,0,28.594,29.422,10.217,124.007,12.791,28.594,124.007,37.989,-0.338,13.801,14.262,0.064,0,0,3,3,0,1,1,0,0,0,5,2.701,2.242,7.988,21.797,19.263,20.08,13.992,11.288,12.443,7.936,9.16,5.027,6.182,2.94,3.959,32.662,50.885,18.594,432.291,0.862,1.552,2.172,29,388.315,28.41,19.378,16.848,182.555,12.092,12.092,0.155,5.442,121.611,432.667,21,172,33.11,18.984,84.979,84.979,16.87,1.989,23.006,9.145,1.678,0.178,4,0.5,4200,5.33694979
65,2.925,-2.34,2.243,-2.488,-0.151,32.166,2.127,674.022,28.772,24.756,25.572,18.853,14.76,15.914,10.632,11.856,7.206,8.36,4.54,5.414,14.384,29.682,0,16.662,11.824,19.317,574.365,0.872,1.564,2.205,0.897,-1.2,39,520.393,219846266.2,35.826,22.484,17.269,240.214,0.465,0.171,-0.344,-0.465,3.559,156.043,574.825,1,1,1,1,1,24,1,1,228,29.012,5.907,19.765,50.534,65.703,25.236,20.655,1,33.701,29.422,9.8,78.056,15.744,28.594,78.056,39.745,-0.344,7.784,9.634,0.137,1,1,3,3,1,0,1,0,1,0,3,2.701,2.242,7.988,21.797,19.263,20.08,13.992,11.288,12.443,7.936,9.16,5.027,6.182,2.94,3.959,32.662,50.885,18.594,432.291,0.862,1.552,2.172,29,388.315,28.41,19.378,16.848,182.555,12.092,12.092,0.155,5.442,121.611,432.667,21,172,33.11,18.984,84.979,84.979,16.87,1.989,23.006,9.145,1.678,0.178,4,4,4200,2.053078443
66,2.925,-2.34,2.243,-2.488,-0.151,32.166,2.127,674.022,28.772,24.756,25.572,18.853,14.76,15.914,10.632,11.856,7.206,8.36,4.54,5.414,14.384,29.682,0,16.662,11.824,19.317,574.365,0.872,1.564,2.205,0.897,-1.2,39,520.393,219846266.2,35.826,22.484,17.269,240.214,0.465,0.171,-0.344,-0.465,3.559,156.043,574.825,1,1,1,1,1,24,1,1,228,29.012,5.907,19.765,50.534,65.703,25.236,20.655,1,33.701,29.422,9.8,78.056,15.744,28.594,78.056,39.745,-0.344,7.784,9.634,0.137,1,1,3,3,1,0,1,0,1,0,3,2.701,2.242,7.988,21.797,19.263,20.08,13.992,11.288,12.443,7.936,9.16,5.027,6.182,2.94,3.959,32.662,50.885,18.594,432.291,0.862,1.552,2.172,29,388.315,28.41,19.378,16.848,182.555,12.092,12.092,0.155,5.442,121.611,432.667,21,172,33.11,18.984,84.979,84.979,16.87,1.989,23.006,9.145,1.678,0.178,4,2,4200,2.230448921
67,2.925,-2.34,2.243,-2.488,-0.151,32.166,2.127,674.022,28.772,24.756,25.572,18.853,14.76,15.914,10.632,11.856,7.206,8.36,4.54,5.414,14.384,29.682,0,16.662,11.824,19.317,574.365,0.872,1.564,2.205,0.897,-1.2,39,520.393,219846266.2,35.826,22.484,17.269,240.214,0.465,0.171,-0.344,-0.465,3.559,156.043,574.825,1,1,1,1,1,24,1,1,228,29.012,5.907,19.765,50.534,65.703,25.236,20.655,1,33.701,29.422,9.8,78.056,15.744,28.594,78.056,39.745,-0.344,7.784,9.634,0.137,1,1,3,3,1,0,1,0,1,0,3,2.701,2.242,7.988,21.797,19.263,20.08,13.992,11.288,12.443,7.936,9.16,5.027,6.182,2.94,3.959,32.662,50.885,18.594,432.291,0.862,1.552,2.172,29,388.315,28.41,19.378,16.848,182.555,12.092,12.092,0.155,5.442,121.611,432.667,21,172,33.11,18.984,84.979,84.979,16.87,1.989,23.006,9.145,1.678,0.178,4,1,4200,2.408239965
68,2.925,-2.34,2.243,-2.488,-0.151,32.166,2.127,674.022,28.772,24.756,25.572,18.853,14.76,15.914,10.632,11.856,7.206,8.36,4.54,5.414,14.384,29.682,0,16.662,11.824,19.317,574.365,0.872,1.564,2.205,0.897,-1.2,39,520.393,219846266.2,35.826,22.484,17.269,240.214,0.465,0.171,-0.344,-0.465,3.559,156.043,574.825,1,1,1,1,1,24,1,1,228,29.012,5.907,19.765,50.534,65.703,25.236,20.655,1,33.701,29.422,9.8,78.056,15.744,28.594,78.056,39.745,-0.344,7.784,9.634,0.137,1,1,3,3,1,0,1,0,1,0,3,2.701,2.242,7.988,21.797,19.263,20.08,13.992,11.288,12.443,7.936,9.16,5.027,6.182,2.94,3.959,32.662,50.885,18.594,432.291,0.862,1.552,2.172,29,388.315,28.41,19.378,16.848,182.555,12.092,12.092,0.155,5.442,121.611,432.667,21,172,33.11,18.984,84.979,84.979,16.87,1.989,23.006,9.145,1.678,0.178,4,0.5,4200,3.491361694
69,2.927,-2.308,2.242,-2.458,-0.151,32.166,2.071,662.934,28.608,24.861,25.678,18.904,14.898,16.053,10.627,11.852,7.038,8.192,4.405,5.28,14.384,23.075,0,11.762,22.457,14.211,573.381,0.923,1.641,2.333,0.897,-1.2,39,518.401,235200918.6,35.826,23.499,19.505,240.76,0.465,0.147,-0.336,-0.465,3.444,158.256,573.841,2,1,1,1,1,25,1,1,228,29.639,5.907,19.765,50.534,72.248,18.629,21.587,1,28.594,29.422,15.533,78.056,15.564,28.594,78.056,37.603,-0.336,7.819,11.445,0.125,0,0,3,3,0,2,1,0,1,0,3,2.701,2.242,7.988,21.797,19.263,20.08,13.992,11.288,12.443,7.936,9.16,5.027,6.182,2.94,3.959,32.662,50.885,18.594,432.291,0.862,1.552,2.172,29,388.315,28.41,19.378,16.848,182.555,12.092,12.092,0.155,5.442,121.611,432.667,21,172,33.11,18.984,84.979,84.979,16.87,1.989,23.006,9.145,1.678,0.178,4,4,4200,0.477121255
70,2.927,-2.308,2.242,-2.458,-0.151,32.166,2.071,662.934,28.608,24.861,25.678,18.904,14.898,16.053,10.627,11.852,7.038,8.192,4.405,5.28,14.384,23.075,0,11.762,22.457,14.211,573.381,0.923,1.641,2.333,0.897,-1.2,39,518.401,235200918.6,35.826,23.499,19.505,240.76,0.465,0.147,-0.336,-0.465,3.444,158.256,573.841,2,1,1,1,1,25,1,1,228,29.639,5.907,19.765,50.534,72.248,18.629,21.587,1,28.594,29.422,15.533,78.056,15.564,28.594,78.056,37.603,-0.336,7.819,11.445,0.125,0,0,3,3,0,2,1,0,1,0,3,2.701,2.242,7.988,21.797,19.263,20.08,13.992,11.288,12.443,7.936,9.16,5.027,6.182,2.94,3.959,32.662,50.885,18.594,432.291,0.862,1.552,2.172,29,388.315,28.41,19.378,16.848,182.555,12.092,12.092,0.155,5.442,121.611,432.667,21,172,33.11,18.984,84.979,84.979,16.87,1.989,23.006,9.145,1.678,0.178,4,2,4200,1.698970004
71,2.927,-2.308,2.242,-2.458,-0.151,32.166,2.071,662.934,28.608,24.861,25.678,18.904,14.898,16.053,10.627,11.852,7.038,8.192,4.405,5.28,14.384,23.075,0,11.762,22.457,14.211,573.381,0.923,1.641,2.333,0.897,-1.2,39,518.401,235200918.6,35.826,23.499,19.505,240.76,0.465,0.147,-0.336,-0.465,3.444,158.256,573.841,2,1,1,1,1,25,1,1,228,29.639,5.907,19.765,50.534,72.248,18.629,21.587,1,28.594,29.422,15.533,78.056,15.564,28.594,78.056,37.603,-0.336,7.819,11.445,0.125,0,0,3,3,0,2,1,0,1,0,3,2.701,2.242,7.988,21.797,19.263,20.08,13.992,11.288,12.443,7.936,9.16,5.027,6.182,2.94,3.959,32.662,50.885,18.594,432.291,0.862,1.552,2.172,29,388.315,28.41,19.378,16.848,182.555,12.092,12.092,0.155,5.442,121.611,432.667,21,172,33.11,18.984,84.979,84.979,16.87,1.989,23.006,9.145,1.678,0.178,4,1,4200,3.591954555
72,2.927,-2.308,2.242,-2.458,-0.151,32.166,2.071,662.934,28.608,24.861,25.678,18.904,14.898,16.053,10.627,11.852,7.038,8.192,4.405,5.28,14.384,23.075,0,11.762,22.457,14.211,573.381,0.923,1.641,2.333,0.897,-1.2,39,518.401,235200918.6,35.826,23.499,19.505,240.76,0.465,0.147,-0.336,-0.465,3.444,158.256,573.841,2,1,1,1,1,25,1,1,228,29.639,5.907,19.765,50.534,72.248,18.629,21.587,1,28.594,29.422,15.533,78.056,15.564,28.594,78.056,37.603,-0.336,7.819,11.445,0.125,0,0,3,3,0,2,1,0,1,0,3,2.701,2.242,7.988,21.797,19.263,20.08,13.992,11.288,12.443,7.936,9.16,5.027,6.182,2.94,3.959,32.662,50.885,18.594,432.291,0.862,1.552,2.172,29,388.315,28.41,19.378,16.848,182.555,12.092,12.092,0.155,5.442,121.611,432.667,21,172,33.11,18.984,84.979,84.979,16.87,1.989,23.006,9.145,1.678,0.178,4,0.5,4200,3.104828404
73,2.674,-2.308,2.241,-2.996,-0.36,35.453,0,414.533,21.09,18.641,20.214,13.492,10.581,11.736,7.436,8.66,4.674,5.829,2.796,3.526,9.589,29.575,0,11.762,12.657,14.211,455.247,0.966,1.655,2.241,0.905,-0.34,29,413.753,870080.485,30.85,20.914,18.17,187.318,1,0,-0.285,-1,-0.112,114.458,456.089,3,0,0,0,0,20,0,0,174,37.146,0,19.765,38.36,32.311,25.174,22.248,0,41.94,23.514,0,65.214,12.828,23.8,65.214,22.963,3.551,6.553,6.746,0.203,0,0,2,2,0,0,0,1,0,1,3,2.701,2.242,7.988,21.797,19.263,20.08,13.992,11.288,12.443,7.936,9.16,5.027,6.182,2.94,3.959,32.662,50.885,18.594,432.291,0.862,1.552,2.172,29,388.315,28.41,19.378,16.848,182.555,12.092,12.092,0.155,5.442,121.611,432.667,21,172,33.11,18.984,84.979,84.979,16.87,1.989,23.006,9.145,1.678,0.178,4,4,4200,1
74,2.674,-2.308,2.241,-2.996,-0.36,35.453,0,414.533,21.09,18.641,20.214,13.492,10.581,11.736,7.436,8.66,4.674,5.829,2.796,3.526,9.589,29.575,0,11.762,12.657,14.211,455.247,0.966,1.655,2.241,0.905,-0.34,29,413.753,870080.485,30.85,20.914,18.17,187.318,1,0,-0.285,-1,-0.112,114.458,456.089,3,0,0,0,0,20,0,0,174,37.146,0,19.765,38.36,32.311,25.174,22.248,0,41.94,23.514,0,65.214,12.828,23.8,65.214,22.963,3.551,6.553,6.746,0.203,0,0,2,2,0,0,0,1,0,1,3,2.701,2.242,7.988,21.797,19.263,20.08,13.992,11.288,12.443,7.936,9.16,5.027,6.182,2.94,3.959,32.662,50.885,18.594,432.291,0.862,1.552,2.172,29,388.315,28.41,19.378,16.848,182.555,12.092,12.092,0.155,5.442,121.611,432.667,21,172,33.11,18.984,84.979,84.979,16.87,1.989,23.006,9.145,1.678,0.178,4,2,4200,-1
75,2.674,-2.308,2.241,-2.996,-0.36,35.453,0,414.533,21.09,18.641,20.214,13.492,10.581,11.736,7.436,8.66,4.674,5.829,2.796,3.526,9.589,29.575,0,11.762,12.657,14.211,455.247,0.966,1.655,2.241,0.905,-0.34,29,413.753,870080.485,30.85,20.914,18.17,187.318,1,0,-0.285,-1,-0.112,114.458,456.089,3,0,0,0,0,20,0,0,174,37.146,0,19.765,38.36,32.311,25.174,22.248,0,41.94,23.514,0,65.214,12.828,23.8,65.214,22.963,3.551,6.553,6.746,0.203,0,0,2,2,0,0,0,1,0,1,3,2.701,2.242,7.988,21.797,19.263,20.08,13.992,11.288,12.443,7.936,9.16,5.027,6.182,2.94,3.959,32.662,50.885,18.594,432.291,0.862,1.552,2.172,29,388.315,28.41,19.378,16.848,182.555,12.092,12.092,0.155,5.442,121.611,432.667,21,172,33.11,18.984,84.979,84.979,16.87,1.989,23.006,9.145,1.678,0.178,4,1,4200,-1
76,2.674,-2.308,2.241,-2.996,-0.36,35.453,0,414.533,21.09,18.641,20.214,13.492,10.581,11.736,7.436,8.66,4.674,5.829,2.796,3.526,9.589,29.575,0,11.762,12.657,14.211,455.247,0.966,1.655,2.241,0.905,-0.34,29,413.753,870080.485,30.85,20.914,18.17,187.318,1,0,-0.285,-1,-0.112,114.458,456.089,3,0,0,0,0,20,0,0,174,37.146,0,19.765,38.36,32.311,25.174,22.248,0,41.94,23.514,0,65.214,12.828,23.8,65.214,22.963,3.551,6.553,6.746,0.203,0,0,2,2,0,0,0,1,0,1,3,2.701,2.242,7.988,21.797,19.263,20.08,13.992,11.288,12.443,7.936,9.16,5.027,6.182,2.94,3.959,32.662,50.885,18.594,432.291,0.862,1.552,2.172,29,388.315,28.41,19.378,16.848,182.555,12.092,12.092,0.155,5.442,121.611,432.667,21,172,33.11,18.984,84.979,84.979,16.87,1.989,23.006,9.145,1.678,0.178,4,0.5,4200,3.121559844
77,2.775,-2.308,2.242,-2.996,-0.4,35.453,0,538.939,24.244,20.828,22.4,15.297,11.503,12.657,8.265,9.414,5.239,6.454,3.052,3.961,14.384,48.193,7.11,6.924,10.471,14.211,513.253,0.97,1.636,2.212,0.87,-0.87,33,469.773,5204339.136,34.298,21.649,18.169,209.323,1,0,-0.359,-1,-0.571,125.395,514.125,3,0,0,0,0,21,0,0,196,41.883,0,19.765,38.36,26.558,31.491,22.501,0,51.472,29.484,0,71.256,13.485,33.331,65.214,34.388,3.426,6.18,5.428,0.16,0,0,3,3,0,0,0,1,0,1,3,2.701,2.242,7.988,21.797,19.263,20.08,13.992,11.288,12.443,7.936,9.16,5.027,6.182,2.94,3.959,32.662,50.885,18.594,432.291,0.862,1.552,2.172,29,388.315,28.41,19.378,16.848,182.555,12.092,12.092,0.155,5.442,121.611,432.667,21,172,33.11,18.984,84.979,84.979,16.87,1.989,23.006,9.145,1.678,0.178,4,4,4200,2.665580991
78,2.775,-2.308,2.242,-2.996,-0.4,35.453,0,538.939,24.244,20.828,22.4,15.297,11.503,12.657,8.265,9.414,5.239,6.454,3.052,3.961,14.384,48.193,7.11,6.924,10.471,14.211,513.253,0.97,1.636,2.212,0.87,-0.87,33,469.773,5204339.136,34.298,21.649,18.169,209.323,1,0,-0.359,-1,-0.571,125.395,514.125,3,0,0,0,0,21,0,0,196,41.883,0,19.765,38.36,26.558,31.491,22.501,0,51.472,29.484,0,71.256,13.485,33.331,65.214,34.388,3.426,6.18,5.428,0.16,0,0,3,3,0,0,0,1,0,1,3,2.701,2.242,7.988,21.797,19.263,20.08,13.992,11.288,12.443,7.936,9.16,5.027,6.182,2.94,3.959,32.662,50.885,18.594,432.291,0.862,1.552,2.172,29,388.315,28.41,19.378,16.848,182.555,12.092,12.092,0.155,5.442,121.611,432.667,21,172,33.11,18.984,84.979,84.979,16.87,1.989,23.006,9.145,1.678,0.178,4,2,4200,4.174263381
79,2.775,-2.308,2.242,-2.996,-0.4,35.453,0,538.939,24.244,20.828,22.4,15.297,11.503,12.657,8.265,9.414,5.239,6.454,3.052,3.961,14.384,48.193,7.11,6.924,10.471,14.211,513.253,0.97,1.636,2.212,0.87,-0.87,33,469.773,5204339.136,34.298,21.649,18.169,209.323,1,0,-0.359,-1,-0.571,125.395,514.125,3,0,0,0,0,21,0,0,196,41.883,0,19.765,38.36,26.558,31.491,22.501,0,51.472,29.484,0,71.256,13.485,33.331,65.214,34.388,3.426,6.18,5.428,0.16,0,0,3,3,0,0,0,1,0,1,3,2.701,2.242,7.988,21.797,19.263,20.08,13.992,11.288,12.443,7.936,9.16,5.027,6.182,2.94,3.959,32.662,50.885,18.594,432.291,0.862,1.552,2.172,29,388.315,28.41,19.378,16.848,182.555,12.092,12.092,0.155,5.442,121.611,432.667,21,172,33.11,18.984,84.979,84.979,16.87,1.989,23.006,9.145,1.678,0.178,4,1,4200,3.91850214
80,2.775,-2.308,2.242,-2.996,-0.4,35.453,0,538.939,24.244,20.828,22.4,15.297,11.503,12.657,8.265,9.414,5.239,6.454,3.052,3.961,14.384,48.193,7.11,6.924,10.471,14.211,513.253,0.97,1.636,2.212,0.87,-0.87,33,469.773,5204339.136,34.298,21.649,18.169,209.323,1,0,-0.359,-1,-0.571,125.395,514.125,3,0,0,0,0,21,0,0,196,41.883,0,19.765,38.36,26.558,31.491,22.501,0,51.472,29.484,0,71.256,13.485,33.331,65.214,34.388,3.426,6.18,5.428,0.16,0,0,3,3,0,0,0,1,0,1,3,2.701,2.242,7.988,21.797,19.263,20.08,13.992,11.288,12.443,7.936,9.16,5.027,6.182,2.94,3.959,32.662,50.885,18.594,432.291,0.862,1.552,2.172,29,388.315,28.41,19.378,16.848,182.555,12.092,12.092,0.155,5.442,121.611,432.667,21,172,33.11,18.984,84.979,84.979,16.87,1.989,23.006,9.145,1.678,0.178,4,0.5,4200,4.321038893
81,2.991,-2.308,2.243,-2.371,-0.151,32.166,3.964,687.795,32.023,28.483,29.299,20.818,17.105,18.26,11.938,13.163,7.707,8.861,4.746,5.621,14.384,23.075,38.773,11.762,30.988,14.211,630.464,0.744,1.395,2.023,0.912,-1.16,43,564.449,1101079577,41.84,29.545,25.828,268.04,0.465,0.164,-0.338,-0.465,6.831,179.82,630.977,1,0,0,1,0,32,0,0,254,29.222,5.907,46.454,89.43,39.524,18.629,28.748,0,28.594,29.422,10.217,124.007,12.791,28.594,124.007,37.989,-0.338,13.801,14.262,0.064,0,0,3,3,0,1,1,0,0,0,5,2.701,2.242,7.988,21.797,19.263,20.08,13.992,11.288,12.443,7.936,9.16,5.027,6.182,2.94,3.959,32.662,50.885,18.594,432.291,0.862,1.552,2.172,29,388.315,28.41,19.378,16.848,182.555,12.092,12.092,0.155,5.442,121.611,432.667,21,172,33.11,18.984,84.979,84.979,16.87,1.989,23.006,9.145,1.678,0.178,4,4,4200,6.125640966
82,2.991,-2.308,2.243,-2.371,-0.151,32.166,3.964,687.795,32.023,28.483,29.299,20.818,17.105,18.26,11.938,13.163,7.707,8.861,4.746,5.621,14.384,23.075,38.773,11.762,30.988,14.211,630.464,0.744,1.395,2.023,0.912,-1.16,43,564.449,1101079577,41.84,29.545,25.828,268.04,0.465,0.164,-0.338,-0.465,6.831,179.82,630.977,1,0,0,1,0,32,0,0,254,29.222,5.907,46.454,89.43,39.524,18.629,28.748,0,28.594,29.422,10.217,124.007,12.791,28.594,124.007,37.989,-0.338,13.801,14.262,0.064,0,0,3,3,0,1,1,0,0,0,5,2.701,2.242,7.988,21.797,19.263,20.08,13.992,11.288,12.443,7.936,9.16,5.027,6.182,2.94,3.959,32.662,50.885,18.594,432.291,0.862,1.552,2.172,29,388.315,28.41,19.378,16.848,182.555,12.092,12.092,0.155,5.442,121.611,432.667,21,172,33.11,18.984,84.979,84.979,16.87,1.989,23.006,9.145,1.678,0.178,4,2,4200,6.204296379
83,2.991,-2.308,2.243,-2.371,-0.151,32.166,3.964,687.795,32.023,28.483,29.299,20.818,17.105,18.26,11.938,13.163,7.707,8.861,4.746,5.621,14.384,23.075,38.773,11.762,30.988,14.211,630.464,0.744,1.395,2.023,0.912,-1.16,43,564.449,1101079577,41.84,29.545,25.828,268.04,0.465,0.164,-0.338,-0.465,6.831,179.82,630.977,1,0,0,1,0,32,0,0,254,29.222,5.907,46.454,89.43,39.524,18.629,28.748,0,28.594,29.422,10.217,124.007,12.791,28.594,124.007,37.989,-0.338,13.801,14.262,0.064,0,0,3,3,0,1,1,0,0,0,5,2.701,2.242,7.988,21.797,19.263,20.08,13.992,11.288,12.443,7.936,9.16,5.027,6.182,2.94,3.959,32.662,50.885,18.594,432.291,0.862,1.552,2.172,29,388.315,28.41,19.378,16.848,182.555,12.092,12.092,0.155,5.442,121.611,432.667,21,172,33.11,18.984,84.979,84.979,16.87,1.989,23.006,9.145,1.678,0.178,4,1,4200,5.704548581
84,2.991,-2.308,2.243,-2.371,-0.151,32.166,3.964,687.795,32.023,28.483,29.299,20.818,17.105,18.26,11.938,13.163,7.707,8.861,4.746,5.621,14.384,23.075,38.773,11.762,30.988,14.211,630.464,0.744,1.395,2.023,0.912,-1.16,43,564.449,1101079577,41.84,29.545,25.828,268.04,0.465,0.164,-0.338,-0.465,6.831,179.82,630.977,1,0,0,1,0,32,0,0,254,29.222,5.907,46.454,89.43,39.524,18.629,28.748,0,28.594,29.422,10.217,124.007,12.791,28.594,124.007,37.989,-0.338,13.801,14.262,0.064,0,0,3,3,0,1,1,0,0,0,5,2.701,2.242,7.988,21.797,19.263,20.08,13.992,11.288,12.443,7.936,9.16,5.027,6.182,2.94,3.959,32.662,50.885,18.594,432.291,0.862,1.552,2.172,29,388.315,28.41,19.378,16.848,182.555,12.092,12.092,0.155,5.442,121.611,432.667,21,172,33.11,18.984,84.979,84.979,16.87,1.989,23.006,9.145,1.678,0.178,4,0.5,4200,5.62838893
85,2.925,-2.34,2.243,-2.488,-0.151,32.166,2.127,674.022,28.772,24.756,25.572,18.853,14.76,15.914,10.632,11.856,7.206,8.36,4.54,5.414,14.384,29.682,0,16.662,11.824,19.317,574.365,0.872,1.564,2.205,0.897,-1.2,39,520.393,219846266.2,35.826,22.484,17.269,240.214,0.465,0.171,-0.344,-0.465,3.559,156.043,574.825,1,1,1,1,1,24,1,1,228,29.012,5.907,19.765,50.534,65.703,25.236,20.655,1,33.701,29.422,9.8,78.056,15.744,28.594,78.056,39.745,-0.344,7.784,9.634,0.137,1,1,3,3,1,0,1,0,1,0,3,2.701,2.242,7.988,21.797,19.263,20.08,13.992,11.288,12.443,7.936,9.16,5.027,6.182,2.94,3.959,32.662,50.885,18.594,432.291,0.862,1.552,2.172,29,388.315,28.41,19.378,16.848,182.555,12.092,12.092,0.155,5.442,121.611,432.667,21,172,33.11,18.984,84.979,84.979,16.87,1.989,23.006,9.145,1.678,0.178,4,4,4200,1.880813592
86,2.925,-2.34,2.243,-2.488,-0.151,32.166,2.127,674.022,28.772,24.756,25.572,18.853,14.76,15.914,10.632,11.856,7.206,8.36,4.54,5.414,14.384,29.682,0,16.662,11.824,19.317,574.365,0.872,1.564,2.205,0.897,-1.2,39,520.393,219846266.2,35.826,22.484,17.269,240.214,0.465,0.171,-0.344,-0.465,3.559,156.043,574.825,1,1,1,1,1,24,1,1,228,29.012,5.907,19.765,50.534,65.703,25.236,20.655,1,33.701,29.422,9.8,78.056,15.744,28.594,78.056,39.745,-0.344,7.784,9.634,0.137,1,1,3,3,1,0,1,0,1,0,3,2.701,2.242,7.988,21.797,19.263,20.08,13.992,11.288,12.443,7.936,9.16,5.027,6.182,2.94,3.959,32.662,50.885,18.594,432.291,0.862,1.552,2.172,29,388.315,28.41,19.378,16.848,182.555,12.092,12.092,0.155,5.442,121.611,432.667,21,172,33.11,18.984,84.979,84.979,16.87,1.989,23.006,9.145,1.678,0.178,4,2,4200,2.278753601
87,2.925,-2.34,2.243,-2.488,-0.151,32.166,2.127,674.022,28.772,24.756,25.572,18.853,14.76,15.914,10.632,11.856,7.206,8.36,4.54,5.414,14.384,29.682,0,16.662,11.824,19.317,574.365,0.872,1.564,2.205,0.897,-1.2,39,520.393,219846266.2,35.826,22.484,17.269,240.214,0.465,0.171,-0.344,-0.465,3.559,156.043,574.825,1,1,1,1,1,24,1,1,228,29.012,5.907,19.765,50.534,65.703,25.236,20.655,1,33.701,29.422,9.8,78.056,15.744,28.594,78.056,39.745,-0.344,7.784,9.634,0.137,1,1,3,3,1,0,1,0,1,0,3,2.701,2.242,7.988,21.797,19.263,20.08,13.992,11.288,12.443,7.936,9.16,5.027,6.182,2.94,3.959,32.662,50.885,18.594,432.291,0.862,1.552,2.172,29,388.315,28.41,19.378,16.848,182.555,12.092,12.092,0.155,5.442,121.611,432.667,21,172,33.11,18.984,84.979,84.979,16.87,1.989,23.006,9.145,1.678,0.178,4,1,4200,2.230448921
88,2.925,-2.34,2.243,-2.488,-0.151,32.166,2.127,674.022,28.772,24.756,25.572,18.853,14.76,15.914,10.632,11.856,7.206,8.36,4.54,5.414,14.384,29.682,0,16.662,11.824,19.317,574.365,0.872,1.564,2.205,0.897,-1.2,39,520.393,219846266.2,35.826,22.484,17.269,240.214,0.465,0.171,-0.344,-0.465,3.559,156.043,574.825,1,1,1,1,1,24,1,1,228,29.012,5.907,19.765,50.534,65.703,25.236,20.655,1,33.701,29.422,9.8,78.056,15.744,28.594,78.056,39.745,-0.344,7.784,9.634,0.137,1,1,3,3,1,0,1,0,1,0,3,2.701,2.242,7.988,21.797,19.263,20.08,13.992,11.288,12.443,7.936,9.16,5.027,6.182,2.94,3.959,32.662,50.885,18.594,432.291,0.862,1.552,2.172,29,388.315,28.41,19.378,16.848,182.555,12.092,12.092,0.155,5.442,121.611,432.667,21,172,33.11,18.984,84.979,84.979,16.87,1.989,23.006,9.145,1.678,0.178,4,0.5,4200,2.367355921
89,2.927,-2.308,2.242,-2.458,-0.151,32.166,2.071,662.934,28.608,24.861,25.678,18.904,14.898,16.053,10.627,11.852,7.038,8.192,4.405,5.28,14.384,23.075,0,11.762,22.457,14.211,573.381,0.923,1.641,2.333,0.897,-1.2,39,518.401,235200918.6,35.826,23.499,19.505,240.76,0.465,0.147,-0.336,-0.465,3.444,158.256,573.841,2,1,1,1,1,25,1,1,228,29.639,5.907,19.765,50.534,72.248,18.629,21.587,1,28.594,29.422,15.533,78.056,15.564,28.594,78.056,37.603,-0.336,7.819,11.445,0.125,0,0,3,3,0,2,1,0,1,0,3,2.701,2.242,7.988,21.797,19.263,20.08,13.992,11.288,12.443,7.936,9.16,5.027,6.182,2.94,3.959,32.662,50.885,18.594,432.291,0.862,1.552,2.172,29,388.315,28.41,19.378,16.848,182.555,12.092,12.092,0.155,5.442,121.611,432.667,21,172,33.11,18.984,84.979,84.979,16.87,1.989,23.006,9.145,1.678,0.178,4,4,4200,1.477121255
90,2.927,-2.308,2.242,-2.458,-0.151,32.166,2.071,662.934,28.608,24.861,25.678,18.904,14.898,16.053,10.627,11.852,7.038,8.192,4.405,5.28,14.384,23.075,0,11.762,22.457,14.211,573.381,0.923,1.641,2.333,0.897,-1.2,39,518.401,235200918.6,35.826,23.499,19.505,240.76,0.465,0.147,-0.336,-0.465,3.444,158.256,573.841,2,1,1,1,1,25,1,1,228,29.639,5.907,19.765,50.534,72.248,18.629,21.587,1,28.594,29.422,15.533,78.056,15.564,28.594,78.056,37.603,-0.336,7.819,11.445,0.125,0,0,3,3,0,2,1,0,1,0,3,2.701,2.242,7.988,21.797,19.263,20.08,13.992,11.288,12.443,7.936,9.16,5.027,6.182,2.94,3.959,32.662,50.885,18.594,432.291,0.862,1.552,2.172,29,388.315,28.41,19.378,16.848,182.555,12.092,12.092,0.155,5.442,121.611,432.667,21,172,33.11,18.984,84.979,84.979,16.87,1.989,23.006,9.145,1.678,0.178,4,2,4200,3.15624619
91,2.927,-2.308,2.242,-2.458,-0.151,32.166,2.071,662.934,28.608,24.861,25.678,18.904,14.898,16.053,10.627,11.852,7.038,8.192,4.405,5.28,14.384,23.075,0,11.762,22.457,14.211,573.381,0.923,1.641,2.333,0.897,-1.2,39,518.401,235200918.6,35.826,23.499,19.505,240.76,0.465,0.147,-0.336,-0.465,3.444,158.256,573.841,2,1,1,1,1,25,1,1,228,29.639,5.907,19.765,50.534,72.248,18.629,21.587,1,28.594,29.422,15.533,78.056,15.564,28.594,78.056,37.603,-0.336,7.819,11.445,0.125,0,0,3,3,0,2,1,0,1,0,3,2.701,2.242,7.988,21.797,19.263,20.08,13.992,11.288,12.443,7.936,9.16,5.027,6.182,2.94,3.959,32.662,50.885,18.594,432.291,0.862,1.552,2.172,29,388.315,28.41,19.378,16.848,182.555,12.092,12.092,0.155,5.442,121.611,432.667,21,172,33.11,18.984,84.979,84.979,16.87,1.989,23.006,9.145,1.678,0.178,4,1,4200,4.739073688
92,2.927,-2.308,2.242,-2.458,-0.151,32.166,2.071,662.934,28.608,24.861,25.678,18.904,14.898,16.053,10.627,11.852,7.038,8.192,4.405,5.28,14.384,23.075,0,11.762,22.457,14.211,573.381,0.923,1.641,2.333,0.897,-1.2,39,518.401,235200918.6,35.826,23.499,19.505,240.76,0.465,0.147,-0.336,-0.465,3.444,158.256,573.841,2,1,1,1,1,25,1,1,228,29.639,5.907,19.765,50.534,72.248,18.629,21.587,1,28.594,29.422,15.533,78.056,15.564,28.594,78.056,37.603,-0.336,7.819,11.445,0.125,0,0,3,3,0,2,1,0,1,0,3,2.701,2.242,7.988,21.797,19.263,20.08,13.992,11.288,12.443,7.936,9.16,5.027,6.182,2.94,3.959,32.662,50.885,18.594,432.291,0.862,1.552,2.172,29,388.315,28.41,19.378,16.848,182.555,12.092,12.092,0.155,5.442,121.611,432.667,21,172,33.11,18.984,84.979,84.979,16.87,1.989,23.006,9.145,1.678,0.178,4,0.5,4200,4.061377074
93,2.674,-2.308,2.241,-2.996,-0.36,35.453,0,414.533,21.09,18.641,20.214,13.492,10.581,11.736,7.436,8.66,4.674,5.829,2.796,3.526,9.589,29.575,0,11.762,12.657,14.211,455.247,0.966,1.655,2.241,0.905,-0.34,29,413.753,870080.485,30.85,20.914,18.17,187.318,1,0,-0.285,-1,-0.112,114.458,456.089,3,0,0,0,0,20,0,0,174,37.146,0,19.765,38.36,32.311,25.174,22.248,0,41.94,23.514,0,65.214,12.828,23.8,65.214,22.963,3.551,6.553,6.746,0.203,0,0,2,2,0,0,0,1,0,1,3,2.701,2.242,7.988,21.797,19.263,20.08,13.992,11.288,12.443,7.936,9.16,5.027,6.182,2.94,3.959,32.662,50.885,18.594,432.291,0.862,1.552,2.172,29,388.315,28.41,19.378,16.848,182.555,12.092,12.092,0.155,5.442,121.611,432.667,21,172,33.11,18.984,84.979,84.979,16.87,1.989,23.006,9.145,1.678,0.178,4,4,4200,1.113943352
94,2.674,-2.308,2.241,-2.996,-0.36,35.453,0,414.533,21.09,18.641,20.214,13.492,10.581,11.736,7.436,8.66,4.674,5.829,2.796,3.526,9.589,29.575,0,11.762,12.657,14.211,455.247,0.966,1.655,2.241,0.905,-0.34,29,413.753,870080.485,30.85,20.914,18.17,187.318,1,0,-0.285,-1,-0.112,114.458,456.089,3,0,0,0,0,20,0,0,174,37.146,0,19.765,38.36,32.311,25.174,22.248,0,41.94,23.514,0,65.214,12.828,23.8,65.214,22.963,3.551,6.553,6.746,0.203,0,0,2,2,0,0,0,1,0,1,3,2.701,2.242,7.988,21.797,19.263,20.08,13.992,11.288,12.443,7.936,9.16,5.027,6.182,2.94,3.959,32.662,50.885,18.594,432.291,0.862,1.552,2.172,29,388.315,28.41,19.378,16.848,182.555,12.092,12.092,0.155,5.442,121.611,432.667,21,172,33.11,18.984,84.979,84.979,16.87,1.989,23.006,9.145,1.678,0.178,4,2,4200,1.431363764
95,2.674,-2.308,2.241,-2.996,-0.36,35.453,0,414.533,21.09,18.641,20.214,13.492,10.581,11.736,7.436,8.66,4.674,5.829,2.796,3.526,9.589,29.575,0,11.762,12.657,14.211,455.247,0.966,1.655,2.241,0.905,-0.34,29,413.753,870080.485,30.85,20.914,18.17,187.318,1,0,-0.285,-1,-0.112,114.458,456.089,3,0,0,0,0,20,0,0,174,37.146,0,19.765,38.36,32.311,25.174,22.248,0,41.94,23.514,0,65.214,12.828,23.8,65.214,22.963,3.551,6.553,6.746,0.203,0,0,2,2,0,0,0,1,0,1,3,2.701,2.242,7.988,21.797,19.263,20.08,13.992,11.288,12.443,7.936,9.16,5.027,6.182,2.94,3.959,32.662,50.885,18.594,432.291,0.862,1.552,2.172,29,388.315,28.41,19.378,16.848,182.555,12.092,12.092,0.155,5.442,121.611,432.667,21,172,33.11,18.984,84.979,84.979,16.87,1.989,23.006,9.145,1.678,0.178,4,1,4200,2.880813592
96,2.674,-2.308,2.241,-2.996,-0.36,35.453,0,414.533,21.09,18.641,20.214,13.492,10.581,11.736,7.436,8.66,4.674,5.829,2.796,3.526,9.589,29.575,0,11.762,12.657,14.211,455.247,0.966,1.655,2.241,0.905,-0.34,29,413.753,870080.485,30.85,20.914,18.17,187.318,1,0,-0.285,-1,-0.112,114.458,456.089,3,0,0,0,0,20,0,0,174,37.146,0,19.765,38.36,32.311,25.174,22.248,0,41.94,23.514,0,65.214,12.828,23.8,65.214,22.963,3.551,6.553,6.746,0.203,0,0,2,2,0,0,0,1,0,1,3,2.701,2.242,7.988,21.797,19.263,20.08,13.992,11.288,12.443,7.936,9.16,5.027,6.182,2.94,3.959,32.662,50.885,18.594,432.291,0.862,1.552,2.172,29,388.315,28.41,19.378,16.848,182.555,12.092,12.092,0.155,5.442,121.611,432.667,21,172,33.11,18.984,84.979,84.979,16.87,1.989,23.006,9.145,1.678,0.178,4,0.5,4200,4.842190967
97,2.775,-2.308,2.242,-2.996,-0.4,35.453,0,538.939,24.244,20.828,22.4,15.297,11.503,12.657,8.265,9.414,5.239,6.454,3.052,3.961,14.384,48.193,7.11,6.924,10.471,14.211,513.253,0.97,1.636,2.212,0.87,-0.87,33,469.773,5204339.136,34.298,21.649,18.169,209.323,1,0,-0.359,-1,-0.571,125.395,514.125,3,0,0,0,0,21,0,0,196,41.883,0,19.765,38.36,26.558,31.491,22.501,0,51.472,29.484,0,71.256,13.485,33.331,65.214,34.388,3.426,6.18,5.428,0.16,0,0,3,3,0,0,0,1,0,1,3,2.701,2.242,7.988,21.797,19.263,20.08,13.992,11.288,12.443,7.936,9.16,5.027,6.182,2.94,3.959,32.662,50.885,18.594,432.291,0.862,1.552,2.172,29,388.315,28.41,19.378,16.848,182.555,12.092,12.092,0.155,5.442,121.611,432.667,21,172,33.11,18.984,84.979,84.979,16.87,1.989,23.006,9.145,1.678,0.178,4,4,4200,3.763128377
98,2.775,-2.308,2.242,-2.996,-0.4,35.453,0,538.939,24.244,20.828,22.4,15.297,11.503,12.657,8.265,9.414,5.239,6.454,3.052,3.961,14.384,48.193,7.11,6.924,10.471,14.211,513.253,0.97,1.636,2.212,0.87,-0.87,33,469.773,5204339.136,34.298,21.649,18.169,209.323,1,0,-0.359,-1,-0.571,125.395,514.125,3,0,0,0,0,21,0,0,196,41.883,0,19.765,38.36,26.558,31.491,22.501,0,51.472,29.484,0,71.256,13.485,33.331,65.214,34.388,3.426,6.18,5.428,0.16,0,0,3,3,0,0,0,1,0,1,3,2.701,2.242,7.988,21.797,19.263,20.08,13.992,11.288,12.443,7.936,9.16,5.027,6.182,2.94,3.959,32.662,50.885,18.594,432.291,0.862,1.552,2.172,29,388.315,28.41,19.378,16.848,182.555,12.092,12.092,0.155,5.442,121.611,432.667,21,172,33.11,18.984,84.979,84.979,16.87,1.989,23.006,9.145,1.678,0.178,4,2,4200,4.790390733
99,2.775,-2.308,2.242,-2.996,-0.4,35.453,0,538.939,24.244,20.828,22.4,15.297,11.503,12.657,8.265,9.414,5.239,6.454,3.052,3.961,14.384,48.193,7.11,6.924,10.471,14.211,513.253,0.97,1.636,2.212,0.87,-0.87,33,469.773,5204339.136,34.298,21.649,18.169,209.323,1,0,-0.359,-1,-0.571,125.395,514.125,3,0,0,0,0,21,0,0,196,41.883,0,19.765,38.36,26.558,31.491,22.501,0,51.472,29.484,0,71.256,13.485,33.331,65.214,34.388,3.426,6.18,5.428,0.16,0,0,3,3,0,0,0,1,0,1,3,2.701,2.242,7.988,21.797,19.263,20.08,13.992,11.288,12.443,7.936,9.16,5.027,6.182,2.94,3.959,32.662,50.885,18.594,432.291,0.862,1.552,2.172,29,388.315,28.41,19.378,16.848,182.555,12.092,12.092,0.155,5.442,121.611,432.667,21,172,33.11,18.984,84.979,84.979,16.87,1.989,23.006,9.145,1.678,0.178,4,1,4200,5.048519488
100,2.775,-2.308,2.242,-2.996,-0.4,35.453,0,538.939,24.244,20.828,22.4,15.297,11.503,12.657,8.265,9.414,5.239,6.454,3.052,3.961,14.384,48.193,7.11,6.924,10.471,14.211,513.253,0.97,1.636,2.212,0.87,-0.87,33,469.773,5204339.136,34.298,21.649,18.169,209.323,1,0,-0.359,-1,-0.571,125.395,514.125,3,0,0,0,0,21,0,0,196,41.883,0,19.765,38.36,26.558,31.491,22.501,0,51.472,29.484,0,71.256,13.485,33.331,65.214,34.388,3.426,6.18,5.428,0.16,0,0,3,3,0,0,0,1,0,1,3,2.701,2.242,7.988,21.797,19.263,20.08,13.992,11.288,12.443,7.936,9.16,5.027,6.182,2.94,3.959,32.662,50.885,18.594,432.291,0.862,1.552,2.172,29,388.315,28.41,19.378,16.848,182.555,12.092,12.092,0.155,5.442,121.611,432.667,21,172,33.11,18.984,84.979,84.979,16.87,1.989,23.006,9.145,1.678,0.178,4,0.5,4200,4.654128391
101,2.991,-2.308,2.243,-2.371,-0.151,32.166,3.964,687.795,32.023,28.483,29.299,20.818,17.105,18.26,11.938,13.163,7.707,8.861,4.746,5.621,14.384,23.075,38.773,11.762,30.988,14.211,630.464,0.744,1.395,2.023,0.912,-1.16,43,564.449,1101079577,41.84,29.545,25.828,268.04,0.465,0.164,-0.338,-0.465,6.831,179.82,630.977,1,0,0,1,0,32,0,0,254,29.222,5.907,46.454,89.43,39.524,18.629,28.748,0,28.594,29.422,10.217,124.007,12.791,28.594,124.007,37.989,-0.338,13.801,14.262,0.064,0,0,3,3,0,1,1,0,0,0,5,2.775,2.242,7.988,23.918,21.385,22.201,15.492,12.788,13.943,8.996,10.221,5.777,6.932,3.501,4.436,32.662,50.885,37.857,474.338,0.781,1.438,2.094,32,424.348,31.41,22.215,18.932,201.65,12.15,12.15,0.152,6.612,135.462,474.748,24,190,52.372,21.805,104.242,104.242,16.979,2.022,23.093,13.325,1.685,0.116,7,4,4200,6.728182547
102,2.991,-2.308,2.243,-2.371,-0.151,32.166,3.964,687.795,32.023,28.483,29.299,20.818,17.105,18.26,11.938,13.163,7.707,8.861,4.746,5.621,14.384,23.075,38.773,11.762,30.988,14.211,630.464,0.744,1.395,2.023,0.912,-1.16,43,564.449,1101079577,41.84,29.545,25.828,268.04,0.465,0.164,-0.338,-0.465,6.831,179.82,630.977,1,0,0,1,0,32,0,0,254,29.222,5.907,46.454,89.43,39.524,18.629,28.748,0,28.594,29.422,10.217,124.007,12.791,28.594,124.007,37.989,-0.338,13.801,14.262,0.064,0,0,3,3,0,1,1,0,0,0,5,2.775,2.242,7.988,23.918,21.385,22.201,15.492,12.788,13.943,8.996,10.221,5.777,6.932,3.501,4.436,32.662,50.885,37.857,474.338,0.781,1.438,2.094,32,424.348,31.41,22.215,18.932,201.65,12.15,12.15,0.152,6.612,135.462,474.748,24,190,52.372,21.805,104.242,104.242,16.979,2.022,23.093,13.325,1.685,0.116,7,2,4200,6.932851173
103,2.991,-2.308,2.243,-2.371,-0.151,32.166,3.964,687.795,32.023,28.483,29.299,20.818,17.105,18.26,11.938,13.163,7.707,8.861,4.746,5.621,14.384,23.075,38.773,11.762,30.988,14.211,630.464,0.744,1.395,2.023,0.912,-1.16,43,564.449,1101079577,41.84,29.545,25.828,268.04,0.465,0.164,-0.338,-0.465,6.831,179.82,630.977,1,0,0,1,0,32,0,0,254,29.222,5.907,46.454,89.43,39.524,18.629,28.748,0,28.594,29.422,10.217,124.007,12.791,28.594,124.007,37.989,-0.338,13.801,14.262,0.064,0,0,3,3,0,1,1,0,0,0,5,2.775,2.242,7.988,23.918,21.385,22.201,15.492,12.788,13.943,8.996,10.221,5.777,6.932,3.501,4.436,32.662,50.885,37.857,474.338,0.781,1.438,2.094,32,424.348,31.41,22.215,18.932,201.65,12.15,12.15,0.152,6.612,135.462,474.748,24,190,52.372,21.805,104.242,104.242,16.979,2.022,23.093,13.325,1.685,0.116,7,1,4200,6.258836428
104,2.991,-2.308,2.243,-2.371,-0.151,32.166,3.964,687.795,32.023,28.483,29.299,20.818,17.105,18.26,11.938,13.163,7.707,8.861,4.746,5.621,14.384,23.075,38.773,11.762,30.988,14.211,630.464,0.744,1.395,2.023,0.912,-1.16,43,564.449,1101079577,41.84,29.545,25.828,268.04,0.465,0.164,-0.338,-0.465,6.831,179.82,630.977,1,0,0,1,0,32,0,0,254,29.222,5.907,46.454,89.43,39.524,18.629,28.748,0,28.594,29.422,10.217,124.007,12.791,28.594,124.007,37.989,-0.338,13.801,14.262,0.064,0,0,3,3,0,1,1,0,0,0,5,2.775,2.242,7.988,23.918,21.385,22.201,15.492,12.788,13.943,8.996,10.221,5.777,6.932,3.501,4.436,32.662,50.885,37.857,474.338,0.781,1.438,2.094,32,424.348,31.41,22.215,18.932,201.65,12.15,12.15,0.152,6.612,135.462,474.748,24,190,52.372,21.805,104.242,104.242,16.979,2.022,23.093,13.325,1.685,0.116,7,0.5,4200,6.023950474
105,2.925,-2.34,2.243,-2.488,-0.151,32.166,2.127,674.022,28.772,24.756,25.572,18.853,14.76,15.914,10.632,11.856,7.206,8.36,4.54,5.414,14.384,29.682,0,16.662,11.824,19.317,574.365,0.872,1.564,2.205,0.897,-1.2,39,520.393,219846266.2,35.826,22.484,17.269,240.214,0.465,0.171,-0.344,-0.465,3.559,156.043,574.825,1,1,1,1,1,24,1,1,228,29.012,5.907,19.765,50.534,65.703,25.236,20.655,1,33.701,29.422,9.8,78.056,15.744,28.594,78.056,39.745,-0.344,7.784,9.634,0.137,1,1,3,3,1,0,1,0,1,0,3,2.775,2.242,7.988,23.918,21.385,22.201,15.492,12.788,13.943,8.996,10.221,5.777,6.932,3.501,4.436,32.662,50.885,37.857,474.338,0.781,1.438,2.094,32,424.348,31.41,22.215,18.932,201.65,12.15,12.15,0.152,6.612,135.462,474.748,24,190,52.372,21.805,104.242,104.242,16.979,2.022,23.093,13.325,1.685,0.116,7,4,4200,2.707570176
106,2.925,-2.34,2.243,-2.488,-0.151,32.166,2.127,674.022,28.772,24.756,25.572,18.853,14.76,15.914,10.632,11.856,7.206,8.36,4.54,5.414,14.384,29.682,0,16.662,11.824,19.317,574.365,0.872,1.564,2.205,0.897,-1.2,39,520.393,219846266.2,35.826,22.484,17.269,240.214,0.465,0.171,-0.344,-0.465,3.559,156.043,574.825,1,1,1,1,1,24,1,1,228,29.012,5.907,19.765,50.534,65.703,25.236,20.655,1,33.701,29.422,9.8,78.056,15.744,28.594,78.056,39.745,-0.344,7.784,9.634,0.137,1,1,3,3,1,0,1,0,1,0,3,2.775,2.242,7.988,23.918,21.385,22.201,15.492,12.788,13.943,8.996,10.221,5.777,6.932,3.501,4.436,32.662,50.885,37.857,474.338,0.781,1.438,2.094,32,424.348,31.41,22.215,18.932,201.65,12.15,12.15,0.152,6.612,135.462,474.748,24,190,52.372,21.805,104.242,104.242,16.979,2.022,23.093,13.325,1.685,0.116,7,2,4200,2
107,2.925,-2.34,2.243,-2.488,-0.151,32.166,2.127,674.022,28.772,24.756,25.572,18.853,14.76,15.914,10.632,11.856,7.206,8.36,4.54,5.414,14.384,29.682,0,16.662,11.824,19.317,574.365,0.872,1.564,2.205,0.897,-1.2,39,520.393,219846266.2,35.826,22.484,17.269,240.214,0.465,0.171,-0.344,-0.465,3.559,156.043,574.825,1,1,1,1,1,24,1,1,228,29.012,5.907,19.765,50.534,65.703,25.236,20.655,1,33.701,29.422,9.8,78.056,15.744,28.594,78.056,39.745,-0.344,7.784,9.634,0.137,1,1,3,3,1,0,1,0,1,0,3,2.775,2.242,7.988,23.918,21.385,22.201,15.492,12.788,13.943,8.996,10.221,5.777,6.932,3.501,4.436,32.662,50.885,37.857,474.338,0.781,1.438,2.094,32,424.348,31.41,22.215,18.932,201.65,12.15,12.15,0.152,6.612,135.462,474.748,24,190,52.372,21.805,104.242,104.242,16.979,2.022,23.093,13.325,1.685,0.116,7,1,4200,2.195899652
108,2.925,-2.34,2.243,-2.488,-0.151,32.166,2.127,674.022,28.772,24.756,25.572,18.853,14.76,15.914,10.632,11.856,7.206,8.36,4.54,5.414,14.384,29.682,0,16.662,11.824,19.317,574.365,0.872,1.564,2.205,0.897,-1.2,39,520.393,219846266.2,35.826,22.484,17.269,240.214,0.465,0.171,-0.344,-0.465,3.559,156.043,574.825,1,1,1,1,1,24,1,1,228,29.012,5.907,19.765,50.534,65.703,25.236,20.655,1,33.701,29.422,9.8,78.056,15.744,28.594,78.056,39.745,-0.344,7.784,9.634,0.137,1,1,3,3,1,0,1,0,1,0,3,2.775,2.242,7.988,23.918,21.385,22.201,15.492,12.788,13.943,8.996,10.221,5.777,6.932,3.501,4.436,32.662,50.885,37.857,474.338,0.781,1.438,2.094,32,424.348,31.41,22.215,18.932,201.65,12.15,12.15,0.152,6.612,135.462,474.748,24,190,52.372,21.805,104.242,104.242,16.979,2.022,23.093,13.325,1.685,0.116,7,0.5,4200,2.945960704
109,2.927,-2.308,2.242,-2.458,-0.151,32.166,2.071,662.934,28.608,24.861,25.678,18.904,14.898,16.053,10.627,11.852,7.038,8.192,4.405,5.28,14.384,23.075,0,11.762,22.457,14.211,573.381,0.923,1.641,2.333,0.897,-1.2,39,518.401,235200918.6,35.826,23.499,19.505,240.76,0.465,0.147,-0.336,-0.465,3.444,158.256,573.841,2,1,1,1,1,25,1,1,228,29.639,5.907,19.765,50.534,72.248,18.629,21.587,1,28.594,29.422,15.533,78.056,15.564,28.594,78.056,37.603,-0.336,7.819,11.445,0.125,0,0,3,3,0,2,1,0,1,0,3,2.775,2.242,7.988,23.918,21.385,22.201,15.492,12.788,13.943,8.996,10.221,5.777,6.932,3.501,4.436,32.662,50.885,37.857,474.338,0.781,1.438,2.094,32,424.348,31.41,22.215,18.932,201.65,12.15,12.15,0.152,6.612,135.462,474.748,24,190,52.372,21.805,104.242,104.242,16.979,2.022,23.093,13.325,1.685,0.116,7,4,4200,1.662757832
110,2.927,-2.308,2.242,-2.458,-0.151,32.166,2.071,662.934,28.608,24.861,25.678,18.904,14.898,16.053,10.627,11.852,7.038,8.192,4.405,5.28,14.384,23.075,0,11.762,22.457,14.211,573.381,0.923,1.641,2.333,0.897,-1.2,39,518.401,235200918.6,35.826,23.499,19.505,240.76,0.465,0.147,-0.336,-0.465,3.444,158.256,573.841,2,1,1,1,1,25,1,1,228,29.639,5.907,19.765,50.534,72.248,18.629,21.587,1,28.594,29.422,15.533,78.056,15.564,28.594,78.056,37.603,-0.336,7.819,11.445,0.125,0,0,3,3,0,2,1,0,1,0,3,2.775,2.242,7.988,23.918,21.385,22.201,15.492,12.788,13.943,8.996,10.221,5.777,6.932,3.501,4.436,32.662,50.885,37.857,474.338,0.781,1.438,2.094,32,424.348,31.41,22.215,18.932,201.65,12.15,12.15,0.152,6.612,135.462,474.748,24,190,52.372,21.805,104.242,104.242,16.979,2.022,23.093,13.325,1.685,0.116,7,2,4200,3.08278537
111,2.927,-2.308,2.242,-2.458,-0.151,32.166,2.071,662.934,28.608,24.861,25.678,18.904,14.898,16.053,10.627,11.852,7.038,8.192,4.405,5.28,14.384,23.075,0,11.762,22.457,14.211,573.381,0.923,1.641,2.333,0.897,-1.2,39,518.401,235200918.6,35.826,23.499,19.505,240.76,0.465,0.147,-0.336,-0.465,3.444,158.256,573.841,2,1,1,1,1,25,1,1,228,29.639,5.907,19.765,50.534,72.248,18.629,21.587,1,28.594,29.422,15.533,78.056,15.564,28.594,78.056,37.603,-0.336,7.819,11.445,0.125,0,0,3,3,0,2,1,0,1,0,3,2.775,2.242,7.988,23.918,21.385,22.201,15.492,12.788,13.943,8.996,10.221,5.777,6.932,3.501,4.436,32.662,50.885,37.857,474.338,0.781,1.438,2.094,32,424.348,31.41,22.215,18.932,201.65,12.15,12.15,0.152,6.612,135.462,474.748,24,190,52.372,21.805,104.242,104.242,16.979,2.022,23.093,13.325,1.685,0.116,7,1,4200,4.954339009
112,2.927,-2.308,2.242,-2.458,-0.151,32.166,2.071,662.934,28.608,24.861,25.678,18.904,14.898,16.053,10.627,11.852,7.038,8.192,4.405,5.28,14.384,23.075,0,11.762,22.457,14.211,573.381,0.923,1.641,2.333,0.897,-1.2,39,518.401,235200918.6,35.826,23.499,19.505,240.76,0.465,0.147,-0.336,-0.465,3.444,158.256,573.841,2,1,1,1,1,25,1,1,228,29.639,5.907,19.765,50.534,72.248,18.629,21.587,1,28.594,29.422,15.533,78.056,15.564,28.594,78.056,37.603,-0.336,7.819,11.445,0.125,0,0,3,3,0,2,1,0,1,0,3,2.775,2.242,7.988,23.918,21.385,22.201,15.492,12.788,13.943,8.996,10.221,5.777,6.932,3.501,4.436,32.662,50.885,37.857,474.338,0.781,1.438,2.094,32,424.348,31.41,22.215,18.932,201.65,12.15,12.15,0.152,6.612,135.462,474.748,24,190,52.372,21.805,104.242,104.242,16.979,2.022,23.093,13.325,1.685,0.116,7,0.5,4200,4.180613251
113,2.674,-2.308,2.241,-2.996,-0.36,35.453,0,414.533,21.09,18.641,20.214,13.492,10.581,11.736,7.436,8.66,4.674,5.829,2.796,3.526,9.589,29.575,0,11.762,12.657,14.211,455.247,0.966,1.655,2.241,0.905,-0.34,29,413.753,870080.485,30.85,20.914,18.17,187.318,1,0,-0.285,-1,-0.112,114.458,456.089,3,0,0,0,0,20,0,0,174,37.146,0,19.765,38.36,32.311,25.174,22.248,0,41.94,23.514,0,65.214,12.828,23.8,65.214,22.963,3.551,6.553,6.746,0.203,0,0,2,2,0,0,0,1,0,1,3,2.775,2.242,7.988,23.918,21.385,22.201,15.492,12.788,13.943,8.996,10.221,5.777,6.932,3.501,4.436,32.662,50.885,37.857,474.338,0.781,1.438,2.094,32,424.348,31.41,22.215,18.932,201.65,12.15,12.15,0.152,6.612,135.462,474.748,24,190,52.372,21.805,104.242,104.242,16.979,2.022,23.093,13.325,1.685,0.116,7,4,4200,1.113943352
114,2.674,-2.308,2.241,-2.996,-0.36,35.453,0,414.533,21.09,18.641,20.214,13.492,10.581,11.736,7.436,8.66,4.674,5.829,2.796,3.526,9.589,29.575,0,11.762,12.657,14.211,455.247,0.966,1.655,2.241,0.905,-0.34,29,413.753,870080.485,30.85,20.914,18.17,187.318,1,0,-0.285,-1,-0.112,114.458,456.089,3,0,0,0,0,20,0,0,174,37.146,0,19.765,38.36,32.311,25.174,22.248,0,41.94,23.514,0,65.214,12.828,23.8,65.214,22.963,3.551,6.553,6.746,0.203,0,0,2,2,0,0,0,1,0,1,3,2.775,2.242,7.988,23.918,21.385,22.201,15.492,12.788,13.943,8.996,10.221,5.777,6.932,3.501,4.436,32.662,50.885,37.857,474.338,0.781,1.438,2.094,32,424.348,31.41,22.215,18.932,201.65,12.15,12.15,0.152,6.612,135.462,474.748,24,190,52.372,21.805,104.242,104.242,16.979,2.022,23.093,13.325,1.685,0.116,7,2,4200,1.361727836
115,2.674,-2.308,2.241,-2.996,-0.36,35.453,0,414.533,21.09,18.641,20.214,13.492,10.581,11.736,7.436,8.66,4.674,5.829,2.796,3.526,9.589,29.575,0,11.762,12.657,14.211,455.247,0.966,1.655,2.241,0.905,-0.34,29,413.753,870080.485,30.85,20.914,18.17,187.318,1,0,-0.285,-1,-0.112,114.458,456.089,3,0,0,0,0,20,0,0,174,37.146,0,19.765,38.36,32.311,25.174,22.248,0,41.94,23.514,0,65.214,12.828,23.8,65.214,22.963,3.551,6.553,6.746,0.203,0,0,2,2,0,0,0,1,0,1,3,2.775,2.242,7.988,23.918,21.385,22.201,15.492,12.788,13.943,8.996,10.221,5.777,6.932,3.501,4.436,32.662,50.885,37.857,474.338,0.781,1.438,2.094,32,424.348,31.41,22.215,18.932,201.65,12.15,12.15,0.152,6.612,135.462,474.748,24,190,52.372,21.805,104.242,104.242,16.979,2.022,23.093,13.325,1.685,0.116,7,1,4200,4.176149161
116,2.674,-2.308,2.241,-2.996,-0.36,35.453,0,414.533,21.09,18.641,20.214,13.492,10.581,11.736,7.436,8.66,4.674,5.829,2.796,3.526,9.589,29.575,0,11.762,12.657,14.211,455.247,0.966,1.655,2.241,0.905,-0.34,29,413.753,870080.485,30.85,20.914,18.17,187.318,1,0,-0.285,-1,-0.112,114.458,456.089,3,0,0,0,0,20,0,0,174,37.146,0,19.765,38.36,32.311,25.174,22.248,0,41.94,23.514,0,65.214,12.828,23.8,65.214,22.963,3.551,6.553,6.746,0.203,0,0,2,2,0,0,0,1,0,1,3,2.775,2.242,7.988,23.918,21.385,22.201,15.492,12.788,13.943,8.996,10.221,5.777,6.932,3.501,4.436,32.662,50.885,37.857,474.338,0.781,1.438,2.094,32,424.348,31.41,22.215,18.932,201.65,12.15,12.15,0.152,6.612,135.462,474.748,24,190,52.372,21.805,104.242,104.242,16.979,2.022,23.093,13.325,1.685,0.116,7,0.5,4200,5.186046131
117,2.775,-2.308,2.242,-2.996,-0.4,35.453,0,538.939,24.244,20.828,22.4,15.297,11.503,12.657,8.265,9.414,5.239,6.454,3.052,3.961,14.384,48.193,7.11,6.924,10.471,14.211,513.253,0.97,1.636,2.212,0.87,-0.87,33,469.773,5204339.136,34.298,21.649,18.169,209.323,1,0,-0.359,-1,-0.571,125.395,514.125,3,0,0,0,0,21,0,0,196,41.883,0,19.765,38.36,26.558,31.491,22.501,0,51.472,29.484,0,71.256,13.485,33.331,65.214,34.388,3.426,6.18,5.428,0.16,0,0,3,3,0,0,0,1,0,1,3,2.775,2.242,7.988,23.918,21.385,22.201,15.492,12.788,13.943,8.996,10.221,5.777,6.932,3.501,4.436,32.662,50.885,37.857,474.338,0.781,1.438,2.094,32,424.348,31.41,22.215,18.932,201.65,12.15,12.15,0.152,6.612,135.462,474.748,24,190,52.372,21.805,104.242,104.242,16.979,2.022,23.093,13.325,1.685,0.116,7,4,4200,3.402089351
118,2.775,-2.308,2.242,-2.996,-0.4,35.453,0,538.939,24.244,20.828,22.4,15.297,11.503,12.657,8.265,9.414,5.239,6.454,3.052,3.961,14.384,48.193,7.11,6.924,10.471,14.211,513.253,0.97,1.636,2.212,0.87,-0.87,33,469.773,5204339.136,34.298,21.649,18.169,209.323,1,0,-0.359,-1,-0.571,125.395,514.125,3,0,0,0,0,21,0,0,196,41.883,0,19.765,38.36,26.558,31.491,22.501,0,51.472,29.484,0,71.256,13.485,33.331,65.214,34.388,3.426,6.18,5.428,0.16,0,0,3,3,0,0,0,1,0,1,3,2.775,2.242,7.988,23.918,21.385,22.201,15.492,12.788,13.943,8.996,10.221,5.777,6.932,3.501,4.436,32.662,50.885,37.857,474.338,0.781,1.438,2.094,32,424.348,31.41,22.215,18.932,201.65,12.15,12.15,0.152,6.612,135.462,474.748,24,190,52.372,21.805,104.242,104.242,16.979,2.022,23.093,13.325,1.685,0.116,7,2,4200,4.176814481
119,2.775,-2.308,2.242,-2.996,-0.4,35.453,0,538.939,24.244,20.828,22.4,15.297,11.503,12.657,8.265,9.414,5.239,6.454,3.052,3.961,14.384,48.193,7.11,6.924,10.471,14.211,513.253,0.97,1.636,2.212,0.87,-0.87,33,469.773,5204339.136,34.298,21.649,18.169,209.323,1,0,-0.359,-1,-0.571,125.395,514.125,3,0,0,0,0,21,0,0,196,41.883,0,19.765,38.36,26.558,31.491,22.501,0,51.472,29.484,0,71.256,13.485,33.331,65.214,34.388,3.426,6.18,5.428,0.16,0,0,3,3,0,0,0,1,0,1,3,2.775,2.242,7.988,23.918,21.385,22.201,15.492,12.788,13.943,8.996,10.221,5.777,6.932,3.501,4.436,32.662,50.885,37.857,474.338,0.781,1.438,2.094,32,424.348,31.41,22.215,18.932,201.65,12.15,12.15,0.152,6.612,135.462,474.748,24,190,52.372,21.805,104.242,104.242,16.979,2.022,23.093,13.325,1.685,0.116,7,1,4200,3.960993709
120,2.775,-2.308,2.242,-2.996,-0.4,35.453,0,538.939,24.244,20.828,22.4,15.297,11.503,12.657,8.265,9.414,5.239,6.454,3.052,3.961,14.384,48.193,7.11,6.924,10.471,14.211,513.253,0.97,1.636,2.212,0.87,-0.87,33,469.773,5204339.136,34.298,21.649,18.169,209.323,1,0,-0.359,-1,-0.571,125.395,514.125,3,0,0,0,0,21,0,0,196,41.883,0,19.765,38.36,26.558,31.491,22.501,0,51.472,29.484,0,71.256,13.485,33.331,65.214,34.388,3.426,6.18,5.428,0.16,0,0,3,3,0,0,0,1,0,1,3,2.775,2.242,7.988,23.918,21.385,22.201,15.492,12.788,13.943,8.996,10.221,5.777,6.932,3.501,4.436,32.662,50.885,37.857,474.338,0.781,1.438,2.094,32,424.348,31.41,22.215,18.932,201.65,12.15,12.15,0.152,6.612,135.462,474.748,24,190,52.372,21.805,104.242,104.242,16.979,2.022,23.093,13.325,1.685,0.116,7,0.5,4200,3.553154548
121,2.991,-2.308,2.243,-2.371,-0.151,32.166,3.964,687.795,32.023,28.483,29.299,20.818,17.105,18.26,11.938,13.163,7.707,8.861,4.746,5.621,14.384,23.075,38.773,11.762,30.988,14.211,630.464,0.744,1.395,2.023,0.912,-1.16,43,564.449,1101079577,41.84,29.545,25.828,268.04,0.465,0.164,-0.338,-0.465,6.831,179.82,630.977,1,0,0,1,0,32,0,0,254,29.222,5.907,46.454,89.43,39.524,18.629,28.748,0,28.594,29.422,10.217,124.007,12.791,28.594,124.007,37.989,-0.338,13.801,14.262,0.064,0,0,3,3,0,1,1,0,0,0,5,2.798,2.243,7.988,24.625,22.092,22.908,15.992,13.288,14.443,9.35,10.575,6.027,7.182,3.678,4.613,32.662,50.885,44.278,488.354,0.758,1.394,2.061,33,436.359,32.41,23.166,20.494,208.015,12.165,12.165,0.151,7.002,140.079,488.775,25,196,58.793,22.752,110.663,110.663,17.005,2.028,23.117,14.752,1.687,0.102,8,4,4200,6.507209344
122,2.991,-2.308,2.243,-2.371,-0.151,32.166,3.964,687.795,32.023,28.483,29.299,20.818,17.105,18.26,11.938,13.163,7.707,8.861,4.746,5.621,14.384,23.075,38.773,11.762,30.988,14.211,630.464,0.744,1.395,2.023,0.912,-1.16,43,564.449,1101079577,41.84,29.545,25.828,268.04,0.465,0.164,-0.338,-0.465,6.831,179.82,630.977,1,0,0,1,0,32,0,0,254,29.222,5.907,46.454,89.43,39.524,18.629,28.748,0,28.594,29.422,10.217,124.007,12.791,28.594,124.007,37.989,-0.338,13.801,14.262,0.064,0,0,3,3,0,1,1,0,0,0,5,2.798,2.243,7.988,24.625,22.092,22.908,15.992,13.288,14.443,9.35,10.575,6.027,7.182,3.678,4.613,32.662,50.885,44.278,488.354,0.758,1.394,2.061,33,436.359,32.41,23.166,20.494,208.015,12.165,12.165,0.151,7.002,140.079,488.775,25,196,58.793,22.752,110.663,110.663,17.005,2.028,23.117,14.752,1.687,0.102,8,2,4200,4.047391702
123,2.991,-2.308,2.243,-2.371,-0.151,32.166,3.964,687.795,32.023,28.483,29.299,20.818,17.105,18.26,11.938,13.163,7.707,8.861,4.746,5.621,14.384,23.075,38.773,11.762,30.988,14.211,630.464,0.744,1.395,2.023,0.912,-1.16,43,564.449,1101079577,41.84,29.545,25.828,268.04,0.465,0.164,-0.338,-0.465,6.831,179.82,630.977,1,0,0,1,0,32,0,0,254,29.222,5.907,46.454,89.43,39.524,18.629,28.748,0,28.594,29.422,10.217,124.007,12.791,28.594,124.007,37.989,-0.338,13.801,14.262,0.064,0,0,3,3,0,1,1,0,0,0,5,2.798,2.243,7.988,24.625,22.092,22.908,15.992,13.288,14.443,9.35,10.575,6.027,7.182,3.678,4.613,32.662,50.885,44.278,488.354,0.758,1.394,2.061,33,436.359,32.41,23.166,20.494,208.015,12.165,12.165,0.151,7.002,140.079,488.775,25,196,58.793,22.752,110.663,110.663,17.005,2.028,23.117,14.752,1.687,0.102,8,1,4200,5.629681712
124,2.991,-2.308,2.243,-2.371,-0.151,32.166,3.964,687.795,32.023,28.483,29.299,20.818,17.105,18.26,11.938,13.163,7.707,8.861,4.746,5.621,14.384,23.075,38.773,11.762,30.988,14.211,630.464,0.744,1.395,2.023,0.912,-1.16,43,564.449,1101079577,41.84,29.545,25.828,268.04,0.465,0.164,-0.338,-0.465,6.831,179.82,630.977,1,0,0,1,0,32,0,0,254,29.222,5.907,46.454,89.43,39.524,18.629,28.748,0,28.594,29.422,10.217,124.007,12.791,28.594,124.007,37.989,-0.338,13.801,14.262,0.064,0,0,3,3,0,1,1,0,0,0,5,2.798,2.243,7.988,24.625,22.092,22.908,15.992,13.288,14.443,9.35,10.575,6.027,7.182,3.678,4.613,32.662,50.885,44.278,488.354,0.758,1.394,2.061,33,436.359,32.41,23.166,20.494,208.015,12.165,12.165,0.151,7.002,140.079,488.775,25,196,58.793,22.752,110.663,110.663,17.005,2.028,23.117,14.752,1.687,0.102,8,0.5,4200,5.115504005
125,2.925,-2.34,2.243,-2.488,-0.151,32.166,2.127,674.022,28.772,24.756,25.572,18.853,14.76,15.914,10.632,11.856,7.206,8.36,4.54,5.414,14.384,29.682,0,16.662,11.824,19.317,574.365,0.872,1.564,2.205,0.897,-1.2,39,520.393,219846266.2,35.826,22.484,17.269,240.214,0.465,0.171,-0.344,-0.465,3.559,156.043,574.825,1,1,1,1,1,24,1,1,228,29.012,5.907,19.765,50.534,65.703,25.236,20.655,1,33.701,29.422,9.8,78.056,15.744,28.594,78.056,39.745,-0.344,7.784,9.634,0.137,1,1,3,3,1,0,1,0,1,0,3,2.798,2.243,7.988,24.625,22.092,22.908,15.992,13.288,14.443,9.35,10.575,6.027,7.182,3.678,4.613,32.662,50.885,44.278,488.354,0.758,1.394,2.061,33,436.359,32.41,23.166,20.494,208.015,12.165,12.165,0.151,7.002,140.079,488.775,25,196,58.793,22.752,110.663,110.663,17.005,2.028,23.117,14.752,1.687,0.102,8,4,4200,1.826074803
126,2.925,-2.34,2.243,-2.488,-0.151,32.166,2.127,674.022,28.772,24.756,25.572,18.853,14.76,15.914,10.632,11.856,7.206,8.36,4.54,5.414,14.384,29.682,0,16.662,11.824,19.317,574.365,0.872,1.564,2.205,0.897,-1.2,39,520.393,219846266.2,35.826,22.484,17.269,240.214,0.465,0.171,-0.344,-0.465,3.559,156.043,574.825,1,1,1,1,1,24,1,1,228,29.012,5.907,19.765,50.534,65.703,25.236,20.655,1,33.701,29.422,9.8,78.056,15.744,28.594,78.056,39.745,-0.344,7.784,9.634,0.137,1,1,3,3,1,0,1,0,1,0,3,2.798,2.243,7.988,24.625,22.092,22.908,15.992,13.288,14.443,9.35,10.575,6.027,7.182,3.678,4.613,32.662,50.885,44.278,488.354,0.758,1.394,2.061,33,436.359,32.41,23.166,20.494,208.015,12.165,12.165,0.151,7.002,140.079,488.775,25,196,58.793,22.752,110.663,110.663,17.005,2.028,23.117,14.752,1.687,0.102,8,2,4200,2.584331224
127,2.925,-2.34,2.243,-2.488,-0.151,32.166,2.127,674.022,28.772,24.756,25.572,18.853,14.76,15.914,10.632,11.856,7.206,8.36,4.54,5.414,14.384,29.682,0,16.662,11.824,19.317,574.365,0.872,1.564,2.205,0.897,-1.2,39,520.393,219846266.2,35.826,22.484,17.269,240.214,0.465,0.171,-0.344,-0.465,3.559,156.043,574.825,1,1,1,1,1,24,1,1,228,29.012,5.907,19.765,50.534,65.703,25.236,20.655,1,33.701,29.422,9.8,78.056,15.744,28.594,78.056,39.745,-0.344,7.784,9.634,0.137,1,1,3,3,1,0,1,0,1,0,3,2.798,2.243,7.988,24.625,22.092,22.908,15.992,13.288,14.443,9.35,10.575,6.027,7.182,3.678,4.613,32.662,50.885,44.278,488.354,0.758,1.394,2.061,33,436.359,32.41,23.166,20.494,208.015,12.165,12.165,0.151,7.002,140.079,488.775,25,196,58.793,22.752,110.663,110.663,17.005,2.028,23.117,14.752,1.687,0.102,8,1,4200,3.420615771
128,2.925,-2.34,2.243,-2.488,-0.151,32.166,2.127,674.022,28.772,24.756,25.572,18.853,14.76,15.914,10.632,11.856,7.206,8.36,4.54,5.414,14.384,29.682,0,16.662,11.824,19.317,574.365,0.872,1.564,2.205,0.897,-1.2,39,520.393,219846266.2,35.826,22.484,17.269,240.214,0.465,0.171,-0.344,-0.465,3.559,156.043,574.825,1,1,1,1,1,24,1,1,228,29.012,5.907,19.765,50.534,65.703,25.236,20.655,1,33.701,29.422,9.8,78.056,15.744,28.594,78.056,39.745,-0.344,7.784,9.634,0.137,1,1,3,3,1,0,1,0,1,0,3,2.798,2.243,7.988,24.625,22.092,22.908,15.992,13.288,14.443,9.35,10.575,6.027,7.182,3.678,4.613,32.662,50.885,44.278,488.354,0.758,1.394,2.061,33,436.359,32.41,23.166,20.494,208.015,12.165,12.165,0.151,7.002,140.079,488.775,25,196,58.793,22.752,110.663,110.663,17.005,2.028,23.117,14.752,1.687,0.102,8,0.5,4200,3.356025857
129,2.927,-2.308,2.242,-2.458,-0.151,32.166,2.071,662.934,28.608,24.861,25.678,18.904,14.898,16.053,10.627,11.852,7.038,8.192,4.405,5.28,14.384,23.075,0,11.762,22.457,14.211,573.381,0.923,1.641,2.333,0.897,-1.2,39,518.401,235200918.6,35.826,23.499,19.505,240.76,0.465,0.147,-0.336,-0.465,3.444,158.256,573.841,2,1,1,1,1,25,1,1,228,29.639,5.907,19.765,50.534,72.248,18.629,21.587,1,28.594,29.422,15.533,78.056,15.564,28.594,78.056,37.603,-0.336,7.819,11.445,0.125,0,0,3,3,0,2,1,0,1,0,3,2.798,2.243,7.988,24.625,22.092,22.908,15.992,13.288,14.443,9.35,10.575,6.027,7.182,3.678,4.613,32.662,50.885,44.278,488.354,0.758,1.394,2.061,33,436.359,32.41,23.166,20.494,208.015,12.165,12.165,0.151,7.002,140.079,488.775,25,196,58.793,22.752,110.663,110.663,17.005,2.028,23.117,14.752,1.687,0.102,8,4,4200,3.093421685
130,2.927,-2.308,2.242,-2.458,-0.151,32.166,2.071,662.934,28.608,24.861,25.678,18.904,14.898,16.053,10.627,11.852,7.038,8.192,4.405,5.28,14.384,23.075,0,11.762,22.457,14.211,573.381,0.923,1.641,2.333,0.897,-1.2,39,518.401,235200918.6,35.826,23.499,19.505,240.76,0.465,0.147,-0.336,-0.465,3.444,158.256,573.841,2,1,1,1,1,25,1,1,228,29.639,5.907,19.765,50.534,72.248,18.629,21.587,1,28.594,29.422,15.533,78.056,15.564,28.594,78.056,37.603,-0.336,7.819,11.445,0.125,0,0,3,3,0,2,1,0,1,0,3,2.798,2.243,7.988,24.625,22.092,22.908,15.992,13.288,14.443,9.35,10.575,6.027,7.182,3.678,4.613,32.662,50.885,44.278,488.354,0.758,1.394,2.061,33,436.359,32.41,23.166,20.494,208.015,12.165,12.165,0.151,7.002,140.079,488.775,25,196,58.793,22.752,110.663,110.663,17.005,2.028,23.117,14.752,1.687,0.102,8,2,4200,3.329601248
131,2.927,-2.308,2.242,-2.458,-0.151,32.166,2.071,662.934,28.608,24.861,25.678,18.904,14.898,16.053,10.627,11.852,7.038,8.192,4.405,5.28,14.384,23.075,0,11.762,22.457,14.211,573.381,0.923,1.641,2.333,0.897,-1.2,39,518.401,235200918.6,35.826,23.499,19.505,240.76,0.465,0.147,-0.336,-0.465,3.444,158.256,573.841,2,1,1,1,1,25,1,1,228,29.639,5.907,19.765,50.534,72.248,18.629,21.587,1,28.594,29.422,15.533,78.056,15.564,28.594,78.056,37.603,-0.336,7.819,11.445,0.125,0,0,3,3,0,2,1,0,1,0,3,2.798,2.243,7.988,24.625,22.092,22.908,15.992,13.288,14.443,9.35,10.575,6.027,7.182,3.678,4.613,32.662,50.885,44.278,488.354,0.758,1.394,2.061,33,436.359,32.41,23.166,20.494,208.015,12.165,12.165,0.151,7.002,140.079,488.775,25,196,58.793,22.752,110.663,110.663,17.005,2.028,23.117,14.752,1.687,0.102,8,1,4200,5.240197177
132,2.927,-2.308,2.242,-2.458,-0.151,32.166,2.071,662.934,28.608,24.861,25.678,18.904,14.898,16.053,10.627,11.852,7.038,8.192,4.405,5.28,14.384,23.075,0,11.762,22.457,14.211,573.381,0.923,1.641,2.333,0.897,-1.2,39,518.401,235200918.6,35.826,23.499,19.505,240.76,0.465,0.147,-0.336,-0.465,3.444,158.256,573.841,2,1,1,1,1,25,1,1,228,29.639,5.907,19.765,50.534,72.248,18.629,21.587,1,28.594,29.422,15.533,78.056,15.564,28.594,78.056,37.603,-0.336,7.819,11.445,0.125,0,0,3,3,0,2,1,0,1,0,3,2.798,2.243,7.988,24.625,22.092,22.908,15.992,13.288,14.443,9.35,10.575,6.027,7.182,3.678,4.613,32.662,50.885,44.278,488.354,0.758,1.394,2.061,33,436.359,32.41,23.166,20.494,208.015,12.165,12.165,0.151,7.002,140.079,488.775,25,196,58.793,22.752,110.663,110.663,17.005,2.028,23.117,14.752,1.687,0.102,8,0.5,4200,5.324062165
133,2.674,-2.308,2.241,-2.996,-0.36,35.453,0,414.533,21.09,18.641,20.214,13.492,10.581,11.736,7.436,8.66,4.674,5.829,2.796,3.526,9.589,29.575,0,11.762,12.657,14.211,455.247,0.966,1.655,2.241,0.905,-0.34,29,413.753,870080.485,30.85,20.914,18.17,187.318,1,0,-0.285,-1,-0.112,114.458,456.089,3,0,0,0,0,20,0,0,174,37.146,0,19.765,38.36,32.311,25.174,22.248,0,41.94,23.514,0,65.214,12.828,23.8,65.214,22.963,3.551,6.553,6.746,0.203,0,0,2,2,0,0,0,1,0,1,3,2.798,2.243,7.988,24.625,22.092,22.908,15.992,13.288,14.443,9.35,10.575,6.027,7.182,3.678,4.613,32.662,50.885,44.278,488.354,0.758,1.394,2.061,33,436.359,32.41,23.166,20.494,208.015,12.165,12.165,0.151,7.002,140.079,488.775,25,196,58.793,22.752,110.663,110.663,17.005,2.028,23.117,14.752,1.687,0.102,8,4,4200,2.718501689
134,2.674,-2.308,2.241,-2.996,-0.36,35.453,0,414.533,21.09,18.641,20.214,13.492,10.581,11.736,7.436,8.66,4.674,5.829,2.796,3.526,9.589,29.575,0,11.762,12.657,14.211,455.247,0.966,1.655,2.241,0.905,-0.34,29,413.753,870080.485,30.85,20.914,18.17,187.318,1,0,-0.285,-1,-0.112,114.458,456.089,3,0,0,0,0,20,0,0,174,37.146,0,19.765,38.36,32.311,25.174,22.248,0,41.94,23.514,0,65.214,12.828,23.8,65.214,22.963,3.551,6.553,6.746,0.203,0,0,2,2,0,0,0,1,0,1,3,2.798,2.243,7.988,24.625,22.092,22.908,15.992,13.288,14.443,9.35,10.575,6.027,7.182,3.678,4.613,32.662,50.885,44.278,488.354,0.758,1.394,2.061,33,436.359,32.41,23.166,20.494,208.015,12.165,12.165,0.151,7.002,140.079,488.775,25,196,58.793,22.752,110.663,110.663,17.005,2.028,23.117,14.752,1.687,0.102,8,2,4200,2.765668555
135,2.674,-2.308,2.241,-2.996,-0.36,35.453,0,414.533,21.09,18.641,20.214,13.492,10.581,11.736,7.436,8.66,4.674,5.829,2.796,3.526,9.589,29.575,0,11.762,12.657,14.211,455.247,0.966,1.655,2.241,0.905,-0.34,29,413.753,870080.485,30.85,20.914,18.17,187.318,1,0,-0.285,-1,-0.112,114.458,456.089,3,0,0,0,0,20,0,0,174,37.146,0,19.765,38.36,32.311,25.174,22.248,0,41.94,23.514,0,65.214,12.828,23.8,65.214,22.963,3.551,6.553,6.746,0.203,0,0,2,2,0,0,0,1,0,1,3,2.798,2.243,7.988,24.625,22.092,22.908,15.992,13.288,14.443,9.35,10.575,6.027,7.182,3.678,4.613,32.662,50.885,44.278,488.354,0.758,1.394,2.061,33,436.359,32.41,23.166,20.494,208.015,12.165,12.165,0.151,7.002,140.079,488.775,25,196,58.793,22.752,110.663,110.663,17.005,2.028,23.117,14.752,1.687,0.102,8,1,4200,3.997735777
136,2.674,-2.308,2.241,-2.996,-0.36,35.453,0,414.533,21.09,18.641,20.214,13.492,10.581,11.736,7.436,8.66,4.674,5.829,2.796,3.526,9.589,29.575,0,11.762,12.657,14.211,455.247,0.966,1.655,2.241,0.905,-0.34,29,413.753,870080.485,30.85,20.914,18.17,187.318,1,0,-0.285,-1,-0.112,114.458,456.089,3,0,0,0,0,20,0,0,174,37.146,0,19.765,38.36,32.311,25.174,22.248,0,41.94,23.514,0,65.214,12.828,23.8,65.214,22.963,3.551,6.553,6.746,0.203,0,0,2,2,0,0,0,1,0,1,3,2.798,2.243,7.988,24.625,22.092,22.908,15.992,13.288,14.443,9.35,10.575,6.027,7.182,3.678,4.613,32.662,50.885,44.278,488.354,0.758,1.394,2.061,33,436.359,32.41,23.166,20.494,208.015,12.165,12.165,0.151,7.002,140.079,488.775,25,196,58.793,22.752,110.663,110.663,17.005,2.028,23.117,14.752,1.687,0.102,8,0.5,4200,4.501702692
137,2.775,-2.308,2.242,-2.996,-0.4,35.453,0,538.939,24.244,20.828,22.4,15.297,11.503,12.657,8.265,9.414,5.239,6.454,3.052,3.961,14.384,48.193,7.11,6.924,10.471,14.211,513.253,0.97,1.636,2.212,0.87,-0.87,33,469.773,5204339.136,34.298,21.649,18.169,209.323,1,0,-0.359,-1,-0.571,125.395,514.125,3,0,0,0,0,21,0,0,196,41.883,0,19.765,38.36,26.558,31.491,22.501,0,51.472,29.484,0,71.256,13.485,33.331,65.214,34.388,3.426,6.18,5.428,0.16,0,0,3,3,0,0,0,1,0,1,3,2.798,2.243,7.988,24.625,22.092,22.908,15.992,13.288,14.443,9.35,10.575,6.027,7.182,3.678,4.613,32.662,50.885,44.278,488.354,0.758,1.394,2.061,33,436.359,32.41,23.166,20.494,208.015,12.165,12.165,0.151,7.002,140.079,488.775,25,196,58.793,22.752,110.663,110.663,17.005,2.028,23.117,14.752,1.687,0.102,8,4,4200,4.25166255
138,2.775,-2.308,2.242,-2.996,-0.4,35.453,0,538.939,24.244,20.828,22.4,15.297,11.503,12.657,8.265,9.414,5.239,6.454,3.052,3.961,14.384,48.193,7.11,6.924,10.471,14.211,513.253,0.97,1.636,2.212,0.87,-0.87,33,469.773,5204339.136,34.298,21.649,18.169,209.323,1,0,-0.359,-1,-0.571,125.395,514.125,3,0,0,0,0,21,0,0,196,41.883,0,19.765,38.36,26.558,31.491,22.501,0,51.472,29.484,0,71.256,13.485,33.331,65.214,34.388,3.426,6.18,5.428,0.16,0,0,3,3,0,0,0,1,0,1,3,2.798,2.243,7.988,24.625,22.092,22.908,15.992,13.288,14.443,9.35,10.575,6.027,7.182,3.678,4.613,32.662,50.885,44.278,488.354,0.758,1.394,2.061,33,436.359,32.41,23.166,20.494,208.015,12.165,12.165,0.151,7.002,140.079,488.775,25,196,58.793,22.752,110.663,110.663,17.005,2.028,23.117,14.752,1.687,0.102,8,2,4200,4.744871657
139,2.775,-2.308,2.242,-2.996,-0.4,35.453,0,538.939,24.244,20.828,22.4,15.297,11.503,12.657,8.265,9.414,5.239,6.454,3.052,3.961,14.384,48.193,7.11,6.924,10.471,14.211,513.253,0.97,1.636,2.212,0.87,-0.87,33,469.773,5204339.136,34.298,21.649,18.169,209.323,1,0,-0.359,-1,-0.571,125.395,514.125,3,0,0,0,0,21,0,0,196,41.883,0,19.765,38.36,26.558,31.491,22.501,0,51.472,29.484,0,71.256,13.485,33.331,65.214,34.388,3.426,6.18,5.428,0.16,0,0,3,3,0,0,0,1,0,1,3,2.798,2.243,7.988,24.625,22.092,22.908,15.992,13.288,14.443,9.35,10.575,6.027,7.182,3.678,4.613,32.662,50.885,44.278,488.354,0.758,1.394,2.061,33,436.359,32.41,23.166,20.494,208.015,12.165,12.165,0.151,7.002,140.079,488.775,25,196,58.793,22.752,110.663,110.663,17.005,2.028,23.117,14.752,1.687,0.102,8,1,4200,4.536065795
140,2.775,-2.308,2.242,-2.996,-0.4,35.453,0,538.939,24.244,20.828,22.4,15.297,11.503,12.657,8.265,9.414,5.239,6.454,3.052,3.961,14.384,48.193,7.11,6.924,10.471,14.211,513.253,0.97,1.636,2.212,0.87,-0.87,33,469.773,5204339.136,34.298,21.649,18.169,209.323,1,0,-0.359,-1,-0.571,125.395,514.125,3,0,0,0,0,21,0,0,196,41.883,0,19.765,38.36,26.558,31.491,22.501,0,51.472,29.484,0,71.256,13.485,33.331,65.214,34.388,3.426,6.18,5.428,0.16,0,0,3,3,0,0,0,1,0,1,3,2.798,2.243,7.988,24.625,22.092,22.908,15.992,13.288,14.443,9.35,10.575,6.027,7.182,3.678,4.613,32.662,50.885,44.278,488.354,0.758,1.394,2.061,33,436.359,32.41,23.166,20.494,208.015,12.165,12.165,0.151,7.002,140.079,488.775,25,196,58.793,22.752,110.663,110.663,17.005,2.028,23.117,14.752,1.687,0.102,8,0.5,4200,4.971331524
141,2.991,-2.308,2.243,-2.371,-0.151,32.166,3.964,687.795,32.023,28.483,29.299,20.818,17.105,18.26,11.938,13.163,7.707,8.861,4.746,5.621,14.384,23.075,38.773,11.762,30.988,14.211,630.464,0.744,1.395,2.023,0.912,-1.16,43,564.449,1101079577,41.84,29.545,25.828,268.04,0.465,0.164,-0.338,-0.465,6.831,179.82,630.977,1,0,0,1,0,32,0,0,254,29.222,5.907,46.454,89.43,39.524,18.629,28.748,0,28.594,29.422,10.217,124.007,12.791,28.594,124.007,37.989,-0.338,13.801,14.262,0.064,0,0,3,3,0,1,1,0,0,0,5,2.821,2.243,7.988,25.332,22.799,23.615,16.492,13.788,14.943,9.703,10.928,6.277,7.432,3.855,4.789,32.662,50.885,50.699,502.369,0.735,1.353,2,34,448.37,33.41,24.12,20.755,214.379,12.179,12.179,0.151,7.393,144.696,502.802,26,202,65.214,23.701,117.084,117.084,17.029,2.033,23.138,16.189,1.688,0.091,9,4,4200,5.296241656
142,2.991,-2.308,2.243,-2.371,-0.151,32.166,3.964,687.795,32.023,28.483,29.299,20.818,17.105,18.26,11.938,13.163,7.707,8.861,4.746,5.621,14.384,23.075,38.773,11.762,30.988,14.211,630.464,0.744,1.395,2.023,0.912,-1.16,43,564.449,1101079577,41.84,29.545,25.828,268.04,0.465,0.164,-0.338,-0.465,6.831,179.82,630.977,1,0,0,1,0,32,0,0,254,29.222,5.907,46.454,89.43,39.524,18.629,28.748,0,28.594,29.422,10.217,124.007,12.791,28.594,124.007,37.989,-0.338,13.801,14.262,0.064,0,0,3,3,0,1,1,0,0,0,5,2.821,2.243,7.988,25.332,22.799,23.615,16.492,13.788,14.943,9.703,10.928,6.277,7.432,3.855,4.789,32.662,50.885,50.699,502.369,0.735,1.353,2,34,448.37,33.41,24.12,20.755,214.379,12.179,12.179,0.151,7.393,144.696,502.802,26,202,65.214,23.701,117.084,117.084,17.029,2.033,23.138,16.189,1.688,0.091,9,2,4200,4.17814207
143,2.991,-2.308,2.243,-2.371,-0.151,32.166,3.964,687.795,32.023,28.483,29.299,20.818,17.105,18.26,11.938,13.163,7.707,8.861,4.746,5.621,14.384,23.075,38.773,11.762,30.988,14.211,630.464,0.744,1.395,2.023,0.912,-1.16,43,564.449,1101079577,41.84,29.545,25.828,268.04,0.465,0.164,-0.338,-0.465,6.831,179.82,630.977,1,0,0,1,0,32,0,0,254,29.222,5.907,46.454,89.43,39.524,18.629,28.748,0,28.594,29.422,10.217,124.007,12.791,28.594,124.007,37.989,-0.338,13.801,14.262,0.064,0,0,3,3,0,1,1,0,0,0,5,2.821,2.243,7.988,25.332,22.799,23.615,16.492,13.788,14.943,9.703,10.928,6.277,7.432,3.855,4.789,32.662,50.885,50.699,502.369,0.735,1.353,2,34,448.37,33.41,24.12,20.755,214.379,12.179,12.179,0.151,7.393,144.696,502.802,26,202,65.214,23.701,117.084,117.084,17.029,2.033,23.138,16.189,1.688,0.091,9,1,4200,4.217404974
144,2.991,-2.308,2.243,-2.371,-0.151,32.166,3.964,687.795,32.023,28.483,29.299,20.818,17.105,18.26,11.938,13.163,7.707,8.861,4.746,5.621,14.384,23.075,38.773,11.762,30.988,14.211,630.464,0.744,1.395,2.023,0.912,-1.16,43,564.449,1101079577,41.84,29.545,25.828,268.04,0.465,0.164,-0.338,-0.465,6.831,179.82,630.977,1,0,0,1,0,32,0,0,254,29.222,5.907,46.454,89.43,39.524,18.629,28.748,0,28.594,29.422,10.217,124.007,12.791,28.594,124.007,37.989,-0.338,13.801,14.262,0.064,0,0,3,3,0,1,1,0,0,0,5,2.821,2.243,7.988,25.332,22.799,23.615,16.492,13.788,14.943,9.703,10.928,6.277,7.432,3.855,4.789,32.662,50.885,50.699,502.369,0.735,1.353,2,34,448.37,33.41,24.12,20.755,214.379,12.179,12.179,0.151,7.393,144.696,502.802,26,202,65.214,23.701,117.084,117.084,17.029,2.033,23.138,16.189,1.688,0.091,9,0.5,4200,4.129657673
145,2.925,-2.34,2.243,-2.488,-0.151,32.166,2.127,674.022,28.772,24.756,25.572,18.853,14.76,15.914,10.632,11.856,7.206,8.36,4.54,5.414,14.384,29.682,0,16.662,11.824,19.317,574.365,0.872,1.564,2.205,0.897,-1.2,39,520.393,219846266.2,35.826,22.484,17.269,240.214,0.465,0.171,-0.344,-0.465,3.559,156.043,574.825,1,1,1,1,1,24,1,1,228,29.012,5.907,19.765,50.534,65.703,25.236,20.655,1,33.701,29.422,9.8,78.056,15.744,28.594,78.056,39.745,-0.344,7.784,9.634,0.137,1,1,3,3,1,0,1,0,1,0,3,2.821,2.243,7.988,25.332,22.799,23.615,16.492,13.788,14.943,9.703,10.928,6.277,7.432,3.855,4.789,32.662,50.885,50.699,502.369,0.735,1.353,2,34,448.37,33.41,24.12,20.755,214.379,12.179,12.179,0.151,7.393,144.696,502.802,26,202,65.214,23.701,117.084,117.084,17.029,2.033,23.138,16.189,1.688,0.091,9,4,4200,2.113943352
146,2.925,-2.34,2.243,-2.488,-0.151,32.166,2.127,674.022,28.772,24.756,25.572,18.853,14.76,15.914,10.632,11.856,7.206,8.36,4.54,5.414,14.384,29.682,0,16.662,11.824,19.317,574.365,0.872,1.564,2.205,0.897,-1.2,39,520.393,219846266.2,35.826,22.484,17.269,240.214,0.465,0.171,-0.344,-0.465,3.559,156.043,574.825,1,1,1,1,1,24,1,1,228,29.012,5.907,19.765,50.534,65.703,25.236,20.655,1,33.701,29.422,9.8,78.056,15.744,28.594,78.056,39.745,-0.344,7.784,9.634,0.137,1,1,3,3,1,0,1,0,1,0,3,2.821,2.243,7.988,25.332,22.799,23.615,16.492,13.788,14.943,9.703,10.928,6.277,7.432,3.855,4.789,32.662,50.885,50.699,502.369,0.735,1.353,2,34,448.37,33.41,24.12,20.755,214.379,12.179,12.179,0.151,7.393,144.696,502.802,26,202,65.214,23.701,117.084,117.084,17.029,2.033,23.138,16.189,1.688,0.091,9,2,4200,2.436162647
147,2.925,-2.34,2.243,-2.488,-0.151,32.166,2.127,674.022,28.772,24.756,25.572,18.853,14.76,15.914,10.632,11.856,7.206,8.36,4.54,5.414,14.384,29.682,0,16.662,11.824,19.317,574.365,0.872,1.564,2.205,0.897,-1.2,39,520.393,219846266.2,35.826,22.484,17.269,240.214,0.465,0.171,-0.344,-0.465,3.559,156.043,574.825,1,1,1,1,1,24,1,1,228,29.012,5.907,19.765,50.534,65.703,25.236,20.655,1,33.701,29.422,9.8,78.056,15.744,28.594,78.056,39.745,-0.344,7.784,9.634,0.137,1,1,3,3,1,0,1,0,1,0,3,2.821,2.243,7.988,25.332,22.799,23.615,16.492,13.788,14.943,9.703,10.928,6.277,7.432,3.855,4.789,32.662,50.885,50.699,502.369,0.735,1.353,2,34,448.37,33.41,24.12,20.755,214.379,12.179,12.179,0.151,7.393,144.696,502.802,26,202,65.214,23.701,117.084,117.084,17.029,2.033,23.138,16.189,1.688,0.091,9,1,4200,2.846955325
148,2.925,-2.34,2.243,-2.488,-0.151,32.166,2.127,674.022,28.772,24.756,25.572,18.853,14.76,15.914,10.632,11.856,7.206,8.36,4.54,5.414,14.384,29.682,0,16.662,11.824,19.317,574.365,0.872,1.564,2.205,0.897,-1.2,39,520.393,219846266.2,35.826,22.484,17.269,240.214,0.465,0.171,-0.344,-0.465,3.559,156.043,574.825,1,1,1,1,1,24,1,1,228,29.012,5.907,19.765,50.534,65.703,25.236,20.655,1,33.701,29.422,9.8,78.056,15.744,28.594,78.056,39.745,-0.344,7.784,9.634,0.137,1,1,3,3,1,0,1,0,1,0,3,2.821,2.243,7.988,25.332,22.799,23.615,16.492,13.788,14.943,9.703,10.928,6.277,7.432,3.855,4.789,32.662,50.885,50.699,502.369,0.735,1.353,2,34,448.37,33.41,24.12,20.755,214.379,12.179,12.179,0.151,7.393,144.696,502.802,26,202,65.214,23.701,117.084,117.084,17.029,2.033,23.138,16.189,1.688,0.091,9,0.5,4200,3.568319085
149,2.927,-2.308,2.242,-2.458,-0.151,32.166,2.071,662.934,28.608,24.861,25.678,18.904,14.898,16.053,10.627,11.852,7.038,8.192,4.405,5.28,14.384,23.075,0,11.762,22.457,14.211,573.381,0.923,1.641,2.333,0.897,-1.2,39,518.401,235200918.6,35.826,23.499,19.505,240.76,0.465,0.147,-0.336,-0.465,3.444,158.256,573.841,2,1,1,1,1,25,1,1,228,29.639,5.907,19.765,50.534,72.248,18.629,21.587,1,28.594,29.422,15.533,78.056,15.564,28.594,78.056,37.603,-0.336,7.819,11.445,0.125,0,0,3,3,0,2,1,0,1,0,3,2.821,2.243,7.988,25.332,22.799,23.615,16.492,13.788,14.943,9.703,10.928,6.277,7.432,3.855,4.789,32.662,50.885,50.699,502.369,0.735,1.353,2,34,448.37,33.41,24.12,20.755,214.379,12.179,12.179,0.151,7.393,144.696,502.802,26,202,65.214,23.701,117.084,117.084,17.029,2.033,23.138,16.189,1.688,0.091,9,4,4200,2.973127854
150,2.927,-2.308,2.242,-2.458,-0.151,32.166,2.071,662.934,28.608,24.861,25.678,18.904,14.898,16.053,10.627,11.852,7.038,8.192,4.405,5.28,14.384,23.075,0,11.762,22.457,14.211,573.381,0.923,1.641,2.333,0.897,-1.2,39,518.401,235200918.6,35.826,23.499,19.505,240.76,0.465,0.147,-0.336,-0.465,3.444,158.256,573.841,2,1,1,1,1,25,1,1,228,29.639,5.907,19.765,50.534,72.248,18.629,21.587,1,28.594,29.422,15.533,78.056,15.564,28.594,78.056,37.603,-0.336,7.819,11.445,0.125,0,0,3,3,0,2,1,0,1,0,3,2.821,2.243,7.988,25.332,22.799,23.615,16.492,13.788,14.943,9.703,10.928,6.277,7.432,3.855,4.789,32.662,50.885,50.699,502.369,0.735,1.353,2,34,448.37,33.41,24.12,20.755,214.379,12.179,12.179,0.151,7.393,144.696,502.802,26,202,65.214,23.701,117.084,117.084,17.029,2.033,23.138,16.189,1.688,0.091,9,2,4200,3.138618434
151,2.927,-2.308,2.242,-2.458,-0.151,32.166,2.071,662.934,28.608,24.861,25.678,18.904,14.898,16.053,10.627,11.852,7.038,8.192,4.405,5.28,14.384,23.075,0,11.762,22.457,14.211,573.381,0.923,1.641,2.333,0.897,-1.2,39,518.401,235200918.6,35.826,23.499,19.505,240.76,0.465,0.147,-0.336,-0.465,3.444,158.256,573.841,2,1,1,1,1,25,1,1,228,29.639,5.907,19.765,50.534,72.248,18.629,21.587,1,28.594,29.422,15.533,78.056,15.564,28.594,78.056,37.603,-0.336,7.819,11.445,0.125,0,0,3,3,0,2,1,0,1,0,3,2.821,2.243,7.988,25.332,22.799,23.615,16.492,13.788,14.943,9.703,10.928,6.277,7.432,3.855,4.789,32.662,50.885,50.699,502.369,0.735,1.353,2,34,448.37,33.41,24.12,20.755,214.379,12.179,12.179,0.151,7.393,144.696,502.802,26,202,65.214,23.701,117.084,117.084,17.029,2.033,23.138,16.189,1.688,0.091,9,1,4200,5.07479085
152,2.927,-2.308,2.242,-2.458,-0.151,32.166,2.071,662.934,28.608,24.861,25.678,18.904,14.898,16.053,10.627,11.852,7.038,8.192,4.405,5.28,14.384,23.075,0,11.762,22.457,14.211,573.381,0.923,1.641,2.333,0.897,-1.2,39,518.401,235200918.6,35.826,23.499,19.505,240.76,0.465,0.147,-0.336,-0.465,3.444,158.256,573.841,2,1,1,1,1,25,1,1,228,29.639,5.907,19.765,50.534,72.248,18.629,21.587,1,28.594,29.422,15.533,78.056,15.564,28.594,78.056,37.603,-0.336,7.819,11.445,0.125,0,0,3,3,0,2,1,0,1,0,3,2.821,2.243,7.988,25.332,22.799,23.615,16.492,13.788,14.943,9.703,10.928,6.277,7.432,3.855,4.789,32.662,50.885,50.699,502.369,0.735,1.353,2,34,448.37,33.41,24.12,20.755,214.379,12.179,12.179,0.151,7.393,144.696,502.802,26,202,65.214,23.701,117.084,117.084,17.029,2.033,23.138,16.189,1.688,0.091,9,0.5,4200,5.395009951
153,2.674,-2.308,2.241,-2.996,-0.36,35.453,0,414.533,21.09,18.641,20.214,13.492,10.581,11.736,7.436,8.66,4.674,5.829,2.796,3.526,9.589,29.575,0,11.762,12.657,14.211,455.247,0.966,1.655,2.241,0.905,-0.34,29,413.753,870080.485,30.85,20.914,18.17,187.318,1,0,-0.285,-1,-0.112,114.458,456.089,3,0,0,0,0,20,0,0,174,37.146,0,19.765,38.36,32.311,25.174,22.248,0,41.94,23.514,0,65.214,12.828,23.8,65.214,22.963,3.551,6.553,6.746,0.203,0,0,2,2,0,0,0,1,0,1,3,2.821,2.243,7.988,25.332,22.799,23.615,16.492,13.788,14.943,9.703,10.928,6.277,7.432,3.855,4.789,32.662,50.885,50.699,502.369,0.735,1.353,2,34,448.37,33.41,24.12,20.755,214.379,12.179,12.179,0.151,7.393,144.696,502.802,26,202,65.214,23.701,117.084,117.084,17.029,2.033,23.138,16.189,1.688,0.091,9,4,4200,1.602059991
154,2.674,-2.308,2.241,-2.996,-0.36,35.453,0,414.533,21.09,18.641,20.214,13.492,10.581,11.736,7.436,8.66,4.674,5.829,2.796,3.526,9.589,29.575,0,11.762,12.657,14.211,455.247,0.966,1.655,2.241,0.905,-0.34,29,413.753,870080.485,30.85,20.914,18.17,187.318,1,0,-0.285,-1,-0.112,114.458,456.089,3,0,0,0,0,20,0,0,174,37.146,0,19.765,38.36,32.311,25.174,22.248,0,41.94,23.514,0,65.214,12.828,23.8,65.214,22.963,3.551,6.553,6.746,0.203,0,0,2,2,0,0,0,1,0,1,3,2.821,2.243,7.988,25.332,22.799,23.615,16.492,13.788,14.943,9.703,10.928,6.277,7.432,3.855,4.789,32.662,50.885,50.699,502.369,0.735,1.353,2,34,448.37,33.41,24.12,20.755,214.379,12.179,12.179,0.151,7.393,144.696,502.802,26,202,65.214,23.701,117.084,117.084,17.029,2.033,23.138,16.189,1.688,0.091,9,2,4200,3.890309217
155,2.674,-2.308,2.241,-2.996,-0.36,35.453,0,414.533,21.09,18.641,20.214,13.492,10.581,11.736,7.436,8.66,4.674,5.829,2.796,3.526,9.589,29.575,0,11.762,12.657,14.211,455.247,0.966,1.655,2.241,0.905,-0.34,29,413.753,870080.485,30.85,20.914,18.17,187.318,1,0,-0.285,-1,-0.112,114.458,456.089,3,0,0,0,0,20,0,0,174,37.146,0,19.765,38.36,32.311,25.174,22.248,0,41.94,23.514,0,65.214,12.828,23.8,65.214,22.963,3.551,6.553,6.746,0.203,0,0,2,2,0,0,0,1,0,1,3,2.821,2.243,7.988,25.332,22.799,23.615,16.492,13.788,14.943,9.703,10.928,6.277,7.432,3.855,4.789,32.662,50.885,50.699,502.369,0.735,1.353,2,34,448.37,33.41,24.12,20.755,214.379,12.179,12.179,0.151,7.393,144.696,502.802,26,202,65.214,23.701,117.084,117.084,17.029,2.033,23.138,16.189,1.688,0.091,9,1,4200,3.857754522
156,2.674,-2.308,2.241,-2.996,-0.36,35.453,0,414.533,21.09,18.641,20.214,13.492,10.581,11.736,7.436,8.66,4.674,5.829,2.796,3.526,9.589,29.575,0,11.762,12.657,14.211,455.247,0.966,1.655,2.241,0.905,-0.34,29,413.753,870080.485,30.85,20.914,18.17,187.318,1,0,-0.285,-1,-0.112,114.458,456.089,3,0,0,0,0,20,0,0,174,37.146,0,19.765,38.36,32.311,25.174,22.248,0,41.94,23.514,0,65.214,12.828,23.8,65.214,22.963,3.551,6.553,6.746,0.203,0,0,2,2,0,0,0,1,0,1,3,2.821,2.243,7.988,25.332,22.799,23.615,16.492,13.788,14.943,9.703,10.928,6.277,7.432,3.855,4.789,32.662,50.885,50.699,502.369,0.735,1.353,2,34,448.37,33.41,24.12,20.755,214.379,12.179,12.179,0.151,7.393,144.696,502.802,26,202,65.214,23.701,117.084,117.084,17.029,2.033,23.138,16.189,1.688,0.091,9,0.5,4200,4.000217093
157,2.775,-2.308,2.242,-2.996,-0.4,35.453,0,538.939,24.244,20.828,22.4,15.297,11.503,12.657,8.265,9.414,5.239,6.454,3.052,3.961,14.384,48.193,7.11,6.924,10.471,14.211,513.253,0.97,1.636,2.212,0.87,-0.87,33,469.773,5204339.136,34.298,21.649,18.169,209.323,1,0,-0.359,-1,-0.571,125.395,514.125,3,0,0,0,0,21,0,0,196,41.883,0,19.765,38.36,26.558,31.491,22.501,0,51.472,29.484,0,71.256,13.485,33.331,65.214,34.388,3.426,6.18,5.428,0.16,0,0,3,3,0,0,0,1,0,1,3,2.821,2.243,7.988,25.332,22.799,23.615,16.492,13.788,14.943,9.703,10.928,6.277,7.432,3.855,4.789,32.662,50.885,50.699,502.369,0.735,1.353,2,34,448.37,33.41,24.12,20.755,214.379,12.179,12.179,0.151,7.393,144.696,502.802,26,202,65.214,23.701,117.084,117.084,17.029,2.033,23.138,16.189,1.688,0.091,9,4,4200,6.136242898
158,2.775,-2.308,2.242,-2.996,-0.4,35.453,0,538.939,24.244,20.828,22.4,15.297,11.503,12.657,8.265,9.414,5.239,6.454,3.052,3.961,14.384,48.193,7.11,6.924,10.471,14.211,513.253,0.97,1.636,2.212,0.87,-0.87,33,469.773,5204339.136,34.298,21.649,18.169,209.323,1,0,-0.359,-1,-0.571,125.395,514.125,3,0,0,0,0,21,0,0,196,41.883,0,19.765,38.36,26.558,31.491,22.501,0,51.472,29.484,0,71.256,13.485,33.331,65.214,34.388,3.426,6.18,5.428,0.16,0,0,3,3,0,0,0,1,0,1,3,2.821,2.243,7.988,25.332,22.799,23.615,16.492,13.788,14.943,9.703,10.928,6.277,7.432,3.855,4.789,32.662,50.885,50.699,502.369,0.735,1.353,2,34,448.37,33.41,24.12,20.755,214.379,12.179,12.179,0.151,7.393,144.696,502.802,26,202,65.214,23.701,117.084,117.084,17.029,2.033,23.138,16.189,1.688,0.091,9,2,4200,6.122966477
159,2.775,-2.308,2.242,-2.996,-0.4,35.453,0,538.939,24.244,20.828,22.4,15.297,11.503,12.657,8.265,9.414,5.239,6.454,3.052,3.961,14.384,48.193,7.11,6.924,10.471,14.211,513.253,0.97,1.636,2.212,0.87,-0.87,33,469.773,5204339.136,34.298,21.649,18.169,209.323,1,0,-0.359,-1,-0.571,125.395,514.125,3,0,0,0,0,21,0,0,196,41.883,0,19.765,38.36,26.558,31.491,22.501,0,51.472,29.484,0,71.256,13.485,33.331,65.214,34.388,3.426,6.18,5.428,0.16,0,0,3,3,0,0,0,1,0,1,3,2.821,2.243,7.988,25.332,22.799,23.615,16.492,13.788,14.943,9.703,10.928,6.277,7.432,3.855,4.789,32.662,50.885,50.699,502.369,0.735,1.353,2,34,448.37,33.41,24.12,20.755,214.379,12.179,12.179,0.151,7.393,144.696,502.802,26,202,65.214,23.701,117.084,117.084,17.029,2.033,23.138,16.189,1.688,0.091,9,1,4200,5.822772662
160,2.775,-2.308,2.242,-2.996,-0.4,35.453,0,538.939,24.244,20.828,22.4,15.297,11.503,12.657,8.265,9.414,5.239,6.454,3.052,3.961,14.384,48.193,7.11,6.924,10.471,14.211,513.253,0.97,1.636,2.212,0.87,-0.87,33,469.773,5204339.136,34.298,21.649,18.169,209.323,1,0,-0.359,-1,-0.571,125.395,514.125,3,0,0,0,0,21,0,0,196,41.883,0,19.765,38.36,26.558,31.491,22.501,0,51.472,29.484,0,71.256,13.485,33.331,65.214,34.388,3.426,6.18,5.428,0.16,0,0,3,3,0,0,0,1,0,1,3,2.821,2.243,7.988,25.332,22.799,23.615,16.492,13.788,14.943,9.703,10.928,6.277,7.432,3.855,4.789,32.662,50.885,50.699,502.369,0.735,1.353,2,34,448.37,33.41,24.12,20.755,214.379,12.179,12.179,0.151,7.393,144.696,502.802,26,202,65.214,23.701,117.084,117.084,17.029,2.033,23.138,16.189,1.688,0.091,9,0.5,4200,4.308628433
161,2.991,-2.308,2.243,-2.371,-0.151,32.166,3.964,687.795,32.023,28.483,29.299,20.818,17.105,18.26,11.938,13.163,7.707,8.861,4.746,5.621,14.384,23.075,38.773,11.762,30.988,14.211,630.464,0.744,1.395,2.023,0.912,-1.16,43,564.449,1101079577,41.84,29.545,25.828,268.04,0.465,0.164,-0.338,-0.465,6.831,179.82,630.977,1,0,0,1,0,32,0,0,254,29.222,5.907,46.454,89.43,39.524,18.629,28.748,0,28.594,29.422,10.217,124.007,12.791,28.594,124.007,37.989,-0.338,13.801,14.262,0.064,0,0,3,3,0,1,1,0,0,0,5,2.842,2.243,7.988,26.039,23.506,24.322,16.992,14.288,15.443,10.057,11.282,6.527,7.682,4.032,4.966,32.662,50.885,57.119,516.385,0.714,1.314,1.943,35,460.381,34.41,25.076,22.342,220.744,12.192,12.192,0.15,7.783,149.313,516.829,27,208,71.635,24.653,123.504,123.504,17.049,2.036,23.158,17.634,1.69,0.082,10,4,4200,4.506748494
162,2.991,-2.308,2.243,-2.371,-0.151,32.166,3.964,687.795,32.023,28.483,29.299,20.818,17.105,18.26,11.938,13.163,7.707,8.861,4.746,5.621,14.384,23.075,38.773,11.762,30.988,14.211,630.464,0.744,1.395,2.023,0.912,-1.16,43,564.449,1101079577,41.84,29.545,25.828,268.04,0.465,0.164,-0.338,-0.465,6.831,179.82,630.977,1,0,0,1,0,32,0,0,254,29.222,5.907,46.454,89.43,39.524,18.629,28.748,0,28.594,29.422,10.217,124.007,12.791,28.594,124.007,37.989,-0.338,13.801,14.262,0.064,0,0,3,3,0,1,1,0,0,0,5,2.842,2.243,7.988,26.039,23.506,24.322,16.992,14.288,15.443,10.057,11.282,6.527,7.682,4.032,4.966,32.662,50.885,57.119,516.385,0.714,1.314,1.943,35,460.381,34.41,25.076,22.342,220.744,12.192,12.192,0.15,7.783,149.313,516.829,27,208,71.635,24.653,123.504,123.504,17.049,2.036,23.158,17.634,1.69,0.082,10,2,4200,5.716319762
163,2.991,-2.308,2.243,-2.371,-0.151,32.166,3.964,687.795,32.023,28.483,29.299,20.818,17.105,18.26,11.938,13.163,7.707,8.861,4.746,5.621,14.384,23.075,38.773,11.762,30.988,14.211,630.464,0.744,1.395,2.023,0.912,-1.16,43,564.449,1101079577,41.84,29.545,25.828,268.04,0.465,0.164,-0.338,-0.465,6.831,179.82,630.977,1,0,0,1,0,32,0,0,254,29.222,5.907,46.454,89.43,39.524,18.629,28.748,0,28.594,29.422,10.217,124.007,12.791,28.594,124.007,37.989,-0.338,13.801,14.262,0.064,0,0,3,3,0,1,1,0,0,0,5,2.842,2.243,7.988,26.039,23.506,24.322,16.992,14.288,15.443,10.057,11.282,6.527,7.682,4.032,4.966,32.662,50.885,57.119,516.385,0.714,1.314,1.943,35,460.381,34.41,25.076,22.342,220.744,12.192,12.192,0.15,7.783,149.313,516.829,27,208,71.635,24.653,123.504,123.504,17.049,2.036,23.158,17.634,1.69,0.082,10,1,4200,5.32124414
164,2.991,-2.308,2.243,-2.371,-0.151,32.166,3.964,687.795,32.023,28.483,29.299,20.818,17.105,18.26,11.938,13.163,7.707,8.861,4.746,5.621,14.384,23.075,38.773,11.762,30.988,14.211,630.464,0.744,1.395,2.023,0.912,-1.16,43,564.449,1101079577,41.84,29.545,25.828,268.04,0.465,0.164,-0.338,-0.465,6.831,179.82,630.977,1,0,0,1,0,32,0,0,254,29.222,5.907,46.454,89.43,39.524,18.629,28.748,0,28.594,29.422,10.217,124.007,12.791,28.594,124.007,37.989,-0.338,13.801,14.262,0.064,0,0,3,3,0,1,1,0,0,0,5,2.842,2.243,7.988,26.039,23.506,24.322,16.992,14.288,15.443,10.057,11.282,6.527,7.682,4.032,4.966,32.662,50.885,57.119,516.385,0.714,1.314,1.943,35,460.381,34.41,25.076,22.342,220.744,12.192,12.192,0.15,7.783,149.313,516.829,27,208,71.635,24.653,123.504,123.504,17.049,2.036,23.158,17.634,1.69,0.082,10,0.5,4200,3.709948017
165,2.925,-2.34,2.243,-2.488,-0.151,32.166,2.127,674.022,28.772,24.756,25.572,18.853,14.76,15.914,10.632,11.856,7.206,8.36,4.54,5.414,14.384,29.682,0,16.662,11.824,19.317,574.365,0.872,1.564,2.205,0.897,-1.2,39,520.393,219846266.2,35.826,22.484,17.269,240.214,0.465,0.171,-0.344,-0.465,3.559,156.043,574.825,1,1,1,1,1,24,1,1,228,29.012,5.907,19.765,50.534,65.703,25.236,20.655,1,33.701,29.422,9.8,78.056,15.744,28.594,78.056,39.745,-0.344,7.784,9.634,0.137,1,1,3,3,1,0,1,0,1,0,3,2.842,2.243,7.988,26.039,23.506,24.322,16.992,14.288,15.443,10.057,11.282,6.527,7.682,4.032,4.966,32.662,50.885,57.119,516.385,0.714,1.314,1.943,35,460.381,34.41,25.076,22.342,220.744,12.192,12.192,0.15,7.783,149.313,516.829,27,208,71.635,24.653,123.504,123.504,17.049,2.036,23.158,17.634,1.69,0.082,10,4,4200,1.826074803
166,2.925,-2.34,2.243,-2.488,-0.151,32.166,2.127,674.022,28.772,24.756,25.572,18.853,14.76,15.914,10.632,11.856,7.206,8.36,4.54,5.414,14.384,29.682,0,16.662,11.824,19.317,574.365,0.872,1.564,2.205,0.897,-1.2,39,520.393,219846266.2,35.826,22.484,17.269,240.214,0.465,0.171,-0.344,-0.465,3.559,156.043,574.825,1,1,1,1,1,24,1,1,228,29.012,5.907,19.765,50.534,65.703,25.236,20.655,1,33.701,29.422,9.8,78.056,15.744,28.594,78.056,39.745,-0.344,7.784,9.634,0.137,1,1,3,3,1,0,1,0,1,0,3,2.842,2.243,7.988,26.039,23.506,24.322,16.992,14.288,15.443,10.057,11.282,6.527,7.682,4.032,4.966,32.662,50.885,57.119,516.385,0.714,1.314,1.943,35,460.381,34.41,25.076,22.342,220.744,12.192,12.192,0.15,7.783,149.313,516.829,27,208,71.635,24.653,123.504,123.504,17.049,2.036,23.158,17.634,1.69,0.082,10,2,4200,1.826074803
167,2.925,-2.34,2.243,-2.488,-0.151,32.166,2.127,674.022,28.772,24.756,25.572,18.853,14.76,15.914,10.632,11.856,7.206,8.36,4.54,5.414,14.384,29.682,0,16.662,11.824,19.317,574.365,0.872,1.564,2.205,0.897,-1.2,39,520.393,219846266.2,35.826,22.484,17.269,240.214,0.465,0.171,-0.344,-0.465,3.559,156.043,574.825,1,1,1,1,1,24,1,1,228,29.012,5.907,19.765,50.534,65.703,25.236,20.655,1,33.701,29.422,9.8,78.056,15.744,28.594,78.056,39.745,-0.344,7.784,9.634,0.137,1,1,3,3,1,0,1,0,1,0,3,2.842,2.243,7.988,26.039,23.506,24.322,16.992,14.288,15.443,10.057,11.282,6.527,7.682,4.032,4.966,32.662,50.885,57.119,516.385,0.714,1.314,1.943,35,460.381,34.41,25.076,22.342,220.744,12.192,12.192,0.15,7.783,149.313,516.829,27,208,71.635,24.653,123.504,123.504,17.049,2.036,23.158,17.634,1.69,0.082,10,1,4200,1.903089987
168,2.925,-2.34,2.243,-2.488,-0.151,32.166,2.127,674.022,28.772,24.756,25.572,18.853,14.76,15.914,10.632,11.856,7.206,8.36,4.54,5.414,14.384,29.682,0,16.662,11.824,19.317,574.365,0.872,1.564,2.205,0.897,-1.2,39,520.393,219846266.2,35.826,22.484,17.269,240.214,0.465,0.171,-0.344,-0.465,3.559,156.043,574.825,1,1,1,1,1,24,1,1,228,29.012,5.907,19.765,50.534,65.703,25.236,20.655,1,33.701,29.422,9.8,78.056,15.744,28.594,78.056,39.745,-0.344,7.784,9.634,0.137,1,1,3,3,1,0,1,0,1,0,3,2.842,2.243,7.988,26.039,23.506,24.322,16.992,14.288,15.443,10.057,11.282,6.527,7.682,4.032,4.966,32.662,50.885,57.119,516.385,0.714,1.314,1.943,35,460.381,34.41,25.076,22.342,220.744,12.192,12.192,0.15,7.783,149.313,516.829,27,208,71.635,24.653,123.504,123.504,17.049,2.036,23.158,17.634,1.69,0.082,10,0.5,4200,1.968482949
169,2.927,-2.308,2.242,-2.458,-0.151,32.166,2.071,662.934,28.608,24.861,25.678,18.904,14.898,16.053,10.627,11.852,7.038,8.192,4.405,5.28,14.384,23.075,0,11.762,22.457,14.211,573.381,0.923,1.641,2.333,0.897,-1.2,39,518.401,235200918.6,35.826,23.499,19.505,240.76,0.465,0.147,-0.336,-0.465,3.444,158.256,573.841,2,1,1,1,1,25,1,1,228,29.639,5.907,19.765,50.534,72.248,18.629,21.587,1,28.594,29.422,15.533,78.056,15.564,28.594,78.056,37.603,-0.336,7.819,11.445,0.125,0,0,3,3,0,2,1,0,1,0,3,2.842,2.243,7.988,26.039,23.506,24.322,16.992,14.288,15.443,10.057,11.282,6.527,7.682,4.032,4.966,32.662,50.885,57.119,516.385,0.714,1.314,1.943,35,460.381,34.41,25.076,22.342,220.744,12.192,12.192,0.15,7.783,149.313,516.829,27,208,71.635,24.653,123.504,123.504,17.049,2.036,23.158,17.634,1.69,0.082,10,4,4200,2.716003344
170,2.927,-2.308,2.242,-2.458,-0.151,32.166,2.071,662.934,28.608,24.861,25.678,18.904,14.898,16.053,10.627,11.852,7.038,8.192,4.405,5.28,14.384,23.075,0,11.762,22.457,14.211,573.381,0.923,1.641,2.333,0.897,-1.2,39,518.401,235200918.6,35.826,23.499,19.505,240.76,0.465,0.147,-0.336,-0.465,3.444,158.256,573.841,2,1,1,1,1,25,1,1,228,29.639,5.907,19.765,50.534,72.248,18.629,21.587,1,28.594,29.422,15.533,78.056,15.564,28.594,78.056,37.603,-0.336,7.819,11.445,0.125,0,0,3,3,0,2,1,0,1,0,3,2.842,2.243,7.988,26.039,23.506,24.322,16.992,14.288,15.443,10.057,11.282,6.527,7.682,4.032,4.966,32.662,50.885,57.119,516.385,0.714,1.314,1.943,35,460.381,34.41,25.076,22.342,220.744,12.192,12.192,0.15,7.783,149.313,516.829,27,208,71.635,24.653,123.504,123.504,17.049,2.036,23.158,17.634,1.69,0.082,10,2,4200,3.96501345
171,2.927,-2.308,2.242,-2.458,-0.151,32.166,2.071,662.934,28.608,24.861,25.678,18.904,14.898,16.053,10.627,11.852,7.038,8.192,4.405,5.28,14.384,23.075,0,11.762,22.457,14.211,573.381,0.923,1.641,2.333,0.897,-1.2,39,518.401,235200918.6,35.826,23.499,19.505,240.76,0.465,0.147,-0.336,-0.465,3.444,158.256,573.841,2,1,1,1,1,25,1,1,228,29.639,5.907,19.765,50.534,72.248,18.629,21.587,1,28.594,29.422,15.533,78.056,15.564,28.594,78.056,37.603,-0.336,7.819,11.445,0.125,0,0,3,3,0,2,1,0,1,0,3,2.842,2.243,7.988,26.039,23.506,24.322,16.992,14.288,15.443,10.057,11.282,6.527,7.682,4.032,4.966,32.662,50.885,57.119,516.385,0.714,1.314,1.943,35,460.381,34.41,25.076,22.342,220.744,12.192,12.192,0.15,7.783,149.313,516.829,27,208,71.635,24.653,123.504,123.504,17.049,2.036,23.158,17.634,1.69,0.082,10,1,4200,5.127347806
172,2.927,-2.308,2.242,-2.458,-0.151,32.166,2.071,662.934,28.608,24.861,25.678,18.904,14.898,16.053,10.627,11.852,7.038,8.192,4.405,5.28,14.384,23.075,0,11.762,22.457,14.211,573.381,0.923,1.641,2.333,0.897,-1.2,39,518.401,235200918.6,35.826,23.499,19.505,240.76,0.465,0.147,-0.336,-0.465,3.444,158.256,573.841,2,1,1,1,1,25,1,1,228,29.639,5.907,19.765,50.534,72.248,18.629,21.587,1,28.594,29.422,15.533,78.056,15.564,28.594,78.056,37.603,-0.336,7.819,11.445,0.125,0,0,3,3,0,2,1,0,1,0,3,2.842,2.243,7.988,26.039,23.506,24.322,16.992,14.288,15.443,10.057,11.282,6.527,7.682,4.032,4.966,32.662,50.885,57.119,516.385,0.714,1.314,1.943,35,460.381,34.41,25.076,22.342,220.744,12.192,12.192,0.15,7.783,149.313,516.829,27,208,71.635,24.653,123.504,123.504,17.049,2.036,23.158,17.634,1.69,0.082,10,0.5,4200,5.339540875
173,2.674,-2.308,2.241,-2.996,-0.36,35.453,0,414.533,21.09,18.641,20.214,13.492,10.581,11.736,7.436,8.66,4.674,5.829,2.796,3.526,9.589,29.575,0,11.762,12.657,14.211,455.247,0.966,1.655,2.241,0.905,-0.34,29,413.753,870080.485,30.85,20.914,18.17,187.318,1,0,-0.285,-1,-0.112,114.458,456.089,3,0,0,0,0,20,0,0,174,37.146,0,19.765,38.36,32.311,25.174,22.248,0,41.94,23.514,0,65.214,12.828,23.8,65.214,22.963,3.551,6.553,6.746,0.203,0,0,2,2,0,0,0,1,0,1,3,2.842,2.243,7.988,26.039,23.506,24.322,16.992,14.288,15.443,10.057,11.282,6.527,7.682,4.032,4.966,32.662,50.885,57.119,516.385,0.714,1.314,1.943,35,460.381,34.41,25.076,22.342,220.744,12.192,12.192,0.15,7.783,149.313,516.829,27,208,71.635,24.653,123.504,123.504,17.049,2.036,23.158,17.634,1.69,0.082,10,4,4200,3.463892989
174,2.674,-2.308,2.241,-2.996,-0.36,35.453,0,414.533,21.09,18.641,20.214,13.492,10.581,11.736,7.436,8.66,4.674,5.829,2.796,3.526,9.589,29.575,0,11.762,12.657,14.211,455.247,0.966,1.655,2.241,0.905,-0.34,29,413.753,870080.485,30.85,20.914,18.17,187.318,1,0,-0.285,-1,-0.112,114.458,456.089,3,0,0,0,0,20,0,0,174,37.146,0,19.765,38.36,32.311,25.174,22.248,0,41.94,23.514,0,65.214,12.828,23.8,65.214,22.963,3.551,6.553,6.746,0.203,0,0,2,2,0,0,0,1,0,1,3,2.842,2.243,7.988,26.039,23.506,24.322,16.992,14.288,15.443,10.057,11.282,6.527,7.682,4.032,4.966,32.662,50.885,57.119,516.385,0.714,1.314,1.943,35,460.381,34.41,25.076,22.342,220.744,12.192,12.192,0.15,7.783,149.313,516.829,27,208,71.635,24.653,123.504,123.504,17.049,2.036,23.158,17.634,1.69,0.082,10,2,4200,3.386855529
175,2.674,-2.308,2.241,-2.996,-0.36,35.453,0,414.533,21.09,18.641,20.214,13.492,10.581,11.736,7.436,8.66,4.674,5.829,2.796,3.526,9.589,29.575,0,11.762,12.657,14.211,455.247,0.966,1.655,2.241,0.905,-0.34,29,413.753,870080.485,30.85,20.914,18.17,187.318,1,0,-0.285,-1,-0.112,114.458,456.089,3,0,0,0,0,20,0,0,174,37.146,0,19.765,38.36,32.311,25.174,22.248,0,41.94,23.514,0,65.214,12.828,23.8,65.214,22.963,3.551,6.553,6.746,0.203,0,0,2,2,0,0,0,1,0,1,3,2.842,2.243,7.988,26.039,23.506,24.322,16.992,14.288,15.443,10.057,11.282,6.527,7.682,4.032,4.966,32.662,50.885,57.119,516.385,0.714,1.314,1.943,35,460.381,34.41,25.076,22.342,220.744,12.192,12.192,0.15,7.783,149.313,516.829,27,208,71.635,24.653,123.504,123.504,17.049,2.036,23.158,17.634,1.69,0.082,10,1,4200,4.517736779
176,2.674,-2.308,2.241,-2.996,-0.36,35.453,0,414.533,21.09,18.641,20.214,13.492,10.581,11.736,7.436,8.66,4.674,5.829,2.796,3.526,9.589,29.575,0,11.762,12.657,14.211,455.247,0.966,1.655,2.241,0.905,-0.34,29,413.753,870080.485,30.85,20.914,18.17,187.318,1,0,-0.285,-1,-0.112,114.458,456.089,3,0,0,0,0,20,0,0,174,37.146,0,19.765,38.36,32.311,25.174,22.248,0,41.94,23.514,0,65.214,12.828,23.8,65.214,22.963,3.551,6.553,6.746,0.203,0,0,2,2,0,0,0,1,0,1,3,2.842,2.243,7.988,26.039,23.506,24.322,16.992,14.288,15.443,10.057,11.282,6.527,7.682,4.032,4.966,32.662,50.885,57.119,516.385,0.714,1.314,1.943,35,460.381,34.41,25.076,22.342,220.744,12.192,12.192,0.15,7.783,149.313,516.829,27,208,71.635,24.653,123.504,123.504,17.049,2.036,23.158,17.634,1.69,0.082,10,0.5,4200,4.021147936
177,2.775,-2.308,2.242,-2.996,-0.4,35.453,0,538.939,24.244,20.828,22.4,15.297,11.503,12.657,8.265,9.414,5.239,6.454,3.052,3.961,14.384,48.193,7.11,6.924,10.471,14.211,513.253,0.97,1.636,2.212,0.87,-0.87,33,469.773,5204339.136,34.298,21.649,18.169,209.323,1,0,-0.359,-1,-0.571,125.395,514.125,3,0,0,0,0,21,0,0,196,41.883,0,19.765,38.36,26.558,31.491,22.501,0,51.472,29.484,0,71.256,13.485,33.331,65.214,34.388,3.426,6.18,5.428,0.16,0,0,3,3,0,0,0,1,0,1,3,2.842,2.243,7.988,26.039,23.506,24.322,16.992,14.288,15.443,10.057,11.282,6.527,7.682,4.032,4.966,32.662,50.885,57.119,516.385,0.714,1.314,1.943,35,460.381,34.41,25.076,22.342,220.744,12.192,12.192,0.15,7.783,149.313,516.829,27,208,71.635,24.653,123.504,123.504,17.049,2.036,23.158,17.634,1.69,0.082,10,4,4200,6.551430723
178,2.775,-2.308,2.242,-2.996,-0.4,35.453,0,538.939,24.244,20.828,22.4,15.297,11.503,12.657,8.265,9.414,5.239,6.454,3.052,3.961,14.384,48.193,7.11,6.924,10.471,14.211,513.253,0.97,1.636,2.212,0.87,-0.87,33,469.773,5204339.136,34.298,21.649,18.169,209.323,1,0,-0.359,-1,-0.571,125.395,514.125,3,0,0,0,0,21,0,0,196,41.883,0,19.765,38.36,26.558,31.491,22.501,0,51.472,29.484,0,71.256,13.485,33.331,65.214,34.388,3.426,6.18,5.428,0.16,0,0,3,3,0,0,0,1,0,1,3,2.842,2.243,7.988,26.039,23.506,24.322,16.992,14.288,15.443,10.057,11.282,6.527,7.682,4.032,4.966,32.662,50.885,57.119,516.385,0.714,1.314,1.943,35,460.381,34.41,25.076,22.342,220.744,12.192,12.192,0.15,7.783,149.313,516.829,27,208,71.635,24.653,123.504,123.504,17.049,2.036,23.158,17.634,1.69,0.082,10,2,4200,6.227044282
179,2.775,-2.308,2.242,-2.996,-0.4,35.453,0,538.939,24.244,20.828,22.4,15.297,11.503,12.657,8.265,9.414,5.239,6.454,3.052,3.961,14.384,48.193,7.11,6.924,10.471,14.211,513.253,0.97,1.636,2.212,0.87,-0.87,33,469.773,5204339.136,34.298,21.649,18.169,209.323,1,0,-0.359,-1,-0.571,125.395,514.125,3,0,0,0,0,21,0,0,196,41.883,0,19.765,38.36,26.558,31.491,22.501,0,51.472,29.484,0,71.256,13.485,33.331,65.214,34.388,3.426,6.18,5.428,0.16,0,0,3,3,0,0,0,1,0,1,3,2.842,2.243,7.988,26.039,23.506,24.322,16.992,14.288,15.443,10.057,11.282,6.527,7.682,4.032,4.966,32.662,50.885,57.119,516.385,0.714,1.314,1.943,35,460.381,34.41,25.076,22.342,220.744,12.192,12.192,0.15,7.783,149.313,516.829,27,208,71.635,24.653,123.504,123.504,17.049,2.036,23.158,17.634,1.69,0.082,10,1,4200,5.743528579
180,2.775,-2.308,2.242,-2.996,-0.4,35.453,0,538.939,24.244,20.828,22.4,15.297,11.503,12.657,8.265,9.414,5.239,6.454,3.052,3.961,14.384,48.193,7.11,6.924,10.471,14.211,513.253,0.97,1.636,2.212,0.87,-0.87,33,469.773,5204339.136,34.298,21.649,18.169,209.323,1,0,-0.359,-1,-0.571,125.395,514.125,3,0,0,0,0,21,0,0,196,41.883,0,19.765,38.36,26.558,31.491,22.501,0,51.472,29.484,0,71.256,13.485,33.331,65.214,34.388,3.426,6.18,5.428,0.16,0,0,3,3,0,0,0,1,0,1,3,2.842,2.243,7.988,26.039,23.506,24.322,16.992,14.288,15.443,10.057,11.282,6.527,7.682,4.032,4.966,32.662,50.885,57.119,516.385,0.714,1.314,1.943,35,460.381,34.41,25.076,22.342,220.744,12.192,12.192,0.15,7.783,149.313,516.829,27,208,71.635,24.653,123.504,123.504,17.049,2.036,23.158,17.634,1.69,0.082,10,0.5,4200,4.545232872
181,2.991,-2.308,2.243,-2.371,-0.151,32.166,3.964,687.795,32.023,28.483,29.299,20.818,17.105,18.26,11.938,13.163,7.707,8.861,4.746,5.621,14.384,23.075,38.773,11.762,30.988,14.211,630.464,0.744,1.395,2.023,0.912,-1.16,43,564.449,1101079577,41.84,29.545,25.828,268.04,0.465,0.164,-0.338,-0.465,6.831,179.82,630.977,1,0,0,1,0,32,0,0,254,29.222,5.907,46.454,89.43,39.524,18.629,28.748,0,28.594,29.422,10.217,124.007,12.791,28.594,124.007,37.989,-0.338,13.801,14.262,0.064,0,0,3,3,0,1,1,0,0,0,5,2.863,2.243,7.988,26.747,24.213,25.029,17.492,14.788,15.943,10.41,11.635,6.777,7.932,4.209,5.143,32.662,50.885,63.54,530.4,0.694,1.278,1.889,36,472.392,35.41,26.034,22.595,227.109,12.203,12.203,0.15,8.173,153.93,530.856,28,214,78.056,25.608,129.925,129.925,17.068,2.039,23.176,19.085,1.691,0.075,11,4,4200,3.658774321
182,2.991,-2.308,2.243,-2.371,-0.151,32.166,3.964,687.795,32.023,28.483,29.299,20.818,17.105,18.26,11.938,13.163,7.707,8.861,4.746,5.621,14.384,23.075,38.773,11.762,30.988,14.211,630.464,0.744,1.395,2.023,0.912,-1.16,43,564.449,1101079577,41.84,29.545,25.828,268.04,0.465,0.164,-0.338,-0.465,6.831,179.82,630.977,1,0,0,1,0,32,0,0,254,29.222,5.907,46.454,89.43,39.524,18.629,28.748,0,28.594,29.422,10.217,124.007,12.791,28.594,124.007,37.989,-0.338,13.801,14.262,0.064,0,0,3,3,0,1,1,0,0,0,5,2.863,2.243,7.988,26.747,24.213,25.029,17.492,14.788,15.943,10.41,11.635,6.777,7.932,4.209,5.143,32.662,50.885,63.54,530.4,0.694,1.278,1.889,36,472.392,35.41,26.034,22.595,227.109,12.203,12.203,0.15,8.173,153.93,530.856,28,214,78.056,25.608,129.925,129.925,17.068,2.039,23.176,19.085,1.691,0.075,11,2,4200,4.1305589
183,2.991,-2.308,2.243,-2.371,-0.151,32.166,3.964,687.795,32.023,28.483,29.299,20.818,17.105,18.26,11.938,13.163,7.707,8.861,4.746,5.621,14.384,23.075,38.773,11.762,30.988,14.211,630.464,0.744,1.395,2.023,0.912,-1.16,43,564.449,1101079577,41.84,29.545,25.828,268.04,0.465,0.164,-0.338,-0.465,6.831,179.82,630.977,1,0,0,1,0,32,0,0,254,29.222,5.907,46.454,89.43,39.524,18.629,28.748,0,28.594,29.422,10.217,124.007,12.791,28.594,124.007,37.989,-0.338,13.801,14.262,0.064,0,0,3,3,0,1,1,0,0,0,5,2.863,2.243,7.988,26.747,24.213,25.029,17.492,14.788,15.943,10.41,11.635,6.777,7.932,4.209,5.143,32.662,50.885,63.54,530.4,0.694,1.278,1.889,36,472.392,35.41,26.034,22.595,227.109,12.203,12.203,0.15,8.173,153.93,530.856,28,214,78.056,25.608,129.925,129.925,17.068,2.039,23.176,19.085,1.691,0.075,11,1,4200,4.536078433
184,2.991,-2.308,2.243,-2.371,-0.151,32.166,3.964,687.795,32.023,28.483,29.299,20.818,17.105,18.26,11.938,13.163,7.707,8.861,4.746,5.621,14.384,23.075,38.773,11.762,30.988,14.211,630.464,0.744,1.395,2.023,0.912,-1.16,43,564.449,1101079577,41.84,29.545,25.828,268.04,0.465,0.164,-0.338,-0.465,6.831,179.82,630.977,1,0,0,1,0,32,0,0,254,29.222,5.907,46.454,89.43,39.524,18.629,28.748,0,28.594,29.422,10.217,124.007,12.791,28.594,124.007,37.989,-0.338,13.801,14.262,0.064,0,0,3,3,0,1,1,0,0,0,5,2.863,2.243,7.988,26.747,24.213,25.029,17.492,14.788,15.943,10.41,11.635,6.777,7.932,4.209,5.143,32.662,50.885,63.54,530.4,0.694,1.278,1.889,36,472.392,35.41,26.034,22.595,227.109,12.203,12.203,0.15,8.173,153.93,530.856,28,214,78.056,25.608,129.925,129.925,17.068,2.039,23.176,19.085,1.691,0.075,11,0.5,4200,4.410085184
185,2.925,-2.34,2.243,-2.488,-0.151,32.166,2.127,674.022,28.772,24.756,25.572,18.853,14.76,15.914,10.632,11.856,7.206,8.36,4.54,5.414,14.384,29.682,0,16.662,11.824,19.317,574.365,0.872,1.564,2.205,0.897,-1.2,39,520.393,219846266.2,35.826,22.484,17.269,240.214,0.465,0.171,-0.344,-0.465,3.559,156.043,574.825,1,1,1,1,1,24,1,1,228,29.012,5.907,19.765,50.534,65.703,25.236,20.655,1,33.701,29.422,9.8,78.056,15.744,28.594,78.056,39.745,-0.344,7.784,9.634,0.137,1,1,3,3,1,0,1,0,1,0,3,2.863,2.243,7.988,26.747,24.213,25.029,17.492,14.788,15.943,10.41,11.635,6.777,7.932,4.209,5.143,32.662,50.885,63.54,530.4,0.694,1.278,1.889,36,472.392,35.41,26.034,22.595,227.109,12.203,12.203,0.15,8.173,153.93,530.856,28,214,78.056,25.608,129.925,129.925,17.068,2.039,23.176,19.085,1.691,0.075,11,4,4200,2.414973348
186,2.925,-2.34,2.243,-2.488,-0.151,32.166,2.127,674.022,28.772,24.756,25.572,18.853,14.76,15.914,10.632,11.856,7.206,8.36,4.54,5.414,14.384,29.682,0,16.662,11.824,19.317,574.365,0.872,1.564,2.205,0.897,-1.2,39,520.393,219846266.2,35.826,22.484,17.269,240.214,0.465,0.171,-0.344,-0.465,3.559,156.043,574.825,1,1,1,1,1,24,1,1,228,29.012,5.907,19.765,50.534,65.703,25.236,20.655,1,33.701,29.422,9.8,78.056,15.744,28.594,78.056,39.745,-0.344,7.784,9.634,0.137,1,1,3,3,1,0,1,0,1,0,3,2.863,2.243,7.988,26.747,24.213,25.029,17.492,14.788,15.943,10.41,11.635,6.777,7.932,4.209,5.143,32.662,50.885,63.54,530.4,0.694,1.278,1.889,36,472.392,35.41,26.034,22.595,227.109,12.203,12.203,0.15,8.173,153.93,530.856,28,214,78.056,25.608,129.925,129.925,17.068,2.039,23.176,19.085,1.691,0.075,11,2,4200,2.672097858
187,2.925,-2.34,2.243,-2.488,-0.151,32.166,2.127,674.022,28.772,24.756,25.572,18.853,14.76,15.914,10.632,11.856,7.206,8.36,4.54,5.414,14.384,29.682,0,16.662,11.824,19.317,574.365,0.872,1.564,2.205,0.897,-1.2,39,520.393,219846266.2,35.826,22.484,17.269,240.214,0.465,0.171,-0.344,-0.465,3.559,156.043,574.825,1,1,1,1,1,24,1,1,228,29.012,5.907,19.765,50.534,65.703,25.236,20.655,1,33.701,29.422,9.8,78.056,15.744,28.594,78.056,39.745,-0.344,7.784,9.634,0.137,1,1,3,3,1,0,1,0,1,0,3,2.863,2.243,7.988,26.747,24.213,25.029,17.492,14.788,15.943,10.41,11.635,6.777,7.932,4.209,5.143,32.662,50.885,63.54,530.4,0.694,1.278,1.889,36,472.392,35.41,26.034,22.595,227.109,12.203,12.203,0.15,8.173,153.93,530.856,28,214,78.056,25.608,129.925,129.925,17.068,2.039,23.176,19.085,1.691,0.075,11,1,4200,3.071882007
188,2.925,-2.34,2.243,-2.488,-0.151,32.166,2.127,674.022,28.772,24.756,25.572,18.853,14.76,15.914,10.632,11.856,7.206,8.36,4.54,5.414,14.384,29.682,0,16.662,11.824,19.317,574.365,0.872,1.564,2.205,0.897,-1.2,39,520.393,219846266.2,35.826,22.484,17.269,240.214,0.465,0.171,-0.344,-0.465,3.559,156.043,574.825,1,1,1,1,1,24,1,1,228,29.012,5.907,19.765,50.534,65.703,25.236,20.655,1,33.701,29.422,9.8,78.056,15.744,28.594,78.056,39.745,-0.344,7.784,9.634,0.137,1,1,3,3,1,0,1,0,1,0,3,2.863,2.243,7.988,26.747,24.213,25.029,17.492,14.788,15.943,10.41,11.635,6.777,7.932,4.209,5.143,32.662,50.885,63.54,530.4,0.694,1.278,1.889,36,472.392,35.41,26.034,22.595,227.109,12.203,12.203,0.15,8.173,153.93,530.856,28,214,78.056,25.608,129.925,129.925,17.068,2.039,23.176,19.085,1.691,0.075,11,0.5,4200,2.029383778
189,2.927,-2.308,2.242,-2.458,-0.151,32.166,2.071,662.934,28.608,24.861,25.678,18.904,14.898,16.053,10.627,11.852,7.038,8.192,4.405,5.28,14.384,23.075,0,11.762,22.457,14.211,573.381,0.923,1.641,2.333,0.897,-1.2,39,518.401,235200918.6,35.826,23.499,19.505,240.76,0.465,0.147,-0.336,-0.465,3.444,158.256,573.841,2,1,1,1,1,25,1,1,228,29.639,5.907,19.765,50.534,72.248,18.629,21.587,1,28.594,29.422,15.533,78.056,15.564,28.594,78.056,37.603,-0.336,7.819,11.445,0.125,0,0,3,3,0,2,1,0,1,0,3,2.863,2.243,7.988,26.747,24.213,25.029,17.492,14.788,15.943,10.41,11.635,6.777,7.932,4.209,5.143,32.662,50.885,63.54,530.4,0.694,1.278,1.889,36,472.392,35.41,26.034,22.595,227.109,12.203,12.203,0.15,8.173,153.93,530.856,28,214,78.056,25.608,129.925,129.925,17.068,2.039,23.176,19.085,1.691,0.075,11,4,4200,2.704150517
190,2.927,-2.308,2.242,-2.458,-0.151,32.166,2.071,662.934,28.608,24.861,25.678,18.904,14.898,16.053,10.627,11.852,7.038,8.192,4.405,5.28,14.384,23.075,0,11.762,22.457,14.211,573.381,0.923,1.641,2.333,0.897,-1.2,39,518.401,235200918.6,35.826,23.499,19.505,240.76,0.465,0.147,-0.336,-0.465,3.444,158.256,573.841,2,1,1,1,1,25,1,1,228,29.639,5.907,19.765,50.534,72.248,18.629,21.587,1,28.594,29.422,15.533,78.056,15.564,28.594,78.056,37.603,-0.336,7.819,11.445,0.125,0,0,3,3,0,2,1,0,1,0,3,2.863,2.243,7.988,26.747,24.213,25.029,17.492,14.788,15.943,10.41,11.635,6.777,7.932,4.209,5.143,32.662,50.885,63.54,530.4,0.694,1.278,1.889,36,472.392,35.41,26.034,22.595,227.109,12.203,12.203,0.15,8.173,153.93,530.856,28,214,78.056,25.608,129.925,129.925,17.068,2.039,23.176,19.085,1.691,0.075,11,2,4200,2.936010796
191,2.927,-2.308,2.242,-2.458,-0.151,32.166,2.071,662.934,28.608,24.861,25.678,18.904,14.898,16.053,10.627,11.852,7.038,8.192,4.405,5.28,14.384,23.075,0,11.762,22.457,14.211,573.381,0.923,1.641,2.333,0.897,-1.2,39,518.401,235200918.6,35.826,23.499,19.505,240.76,0.465,0.147,-0.336,-0.465,3.444,158.256,573.841,2,1,1,1,1,25,1,1,228,29.639,5.907,19.765,50.534,72.248,18.629,21.587,1,28.594,29.422,15.533,78.056,15.564,28.594,78.056,37.603,-0.336,7.819,11.445,0.125,0,0,3,3,0,2,1,0,1,0,3,2.863,2.243,7.988,26.747,24.213,25.029,17.492,14.788,15.943,10.41,11.635,6.777,7.932,4.209,5.143,32.662,50.885,63.54,530.4,0.694,1.278,1.889,36,472.392,35.41,26.034,22.595,227.109,12.203,12.203,0.15,8.173,153.93,530.856,28,214,78.056,25.608,129.925,129.925,17.068,2.039,23.176,19.085,1.691,0.075,11,1,4200,4.316515494
192,2.927,-2.308,2.242,-2.458,-0.151,32.166,2.071,662.934,28.608,24.861,25.678,18.904,14.898,16.053,10.627,11.852,7.038,8.192,4.405,5.28,14.384,23.075,0,11.762,22.457,14.211,573.381,0.923,1.641,2.333,0.897,-1.2,39,518.401,235200918.6,35.826,23.499,19.505,240.76,0.465,0.147,-0.336,-0.465,3.444,158.256,573.841,2,1,1,1,1,25,1,1,228,29.639,5.907,19.765,50.534,72.248,18.629,21.587,1,28.594,29.422,15.533,78.056,15.564,28.594,78.056,37.603,-0.336,7.819,11.445,0.125,0,0,3,3,0,2,1,0,1,0,3,2.863,2.243,7.988,26.747,24.213,25.029,17.492,14.788,15.943,10.41,11.635,6.777,7.932,4.209,5.143,32.662,50.885,63.54,530.4,0.694,1.278,1.889,36,472.392,35.41,26.034,22.595,227.109,12.203,12.203,0.15,8.173,153.93,530.856,28,214,78.056,25.608,129.925,129.925,17.068,2.039,23.176,19.085,1.691,0.075,11,0.5,4200,5.379261995
193,2.674,-2.308,2.241,-2.996,-0.36,35.453,0,414.533,21.09,18.641,20.214,13.492,10.581,11.736,7.436,8.66,4.674,5.829,2.796,3.526,9.589,29.575,0,11.762,12.657,14.211,455.247,0.966,1.655,2.241,0.905,-0.34,29,413.753,870080.485,30.85,20.914,18.17,187.318,1,0,-0.285,-1,-0.112,114.458,456.089,3,0,0,0,0,20,0,0,174,37.146,0,19.765,38.36,32.311,25.174,22.248,0,41.94,23.514,0,65.214,12.828,23.8,65.214,22.963,3.551,6.553,6.746,0.203,0,0,2,2,0,0,0,1,0,1,3,2.863,2.243,7.988,26.747,24.213,25.029,17.492,14.788,15.943,10.41,11.635,6.777,7.932,4.209,5.143,32.662,50.885,63.54,530.4,0.694,1.278,1.889,36,472.392,35.41,26.034,22.595,227.109,12.203,12.203,0.15,8.173,153.93,530.856,28,214,78.056,25.608,129.925,129.925,17.068,2.039,23.176,19.085,1.691,0.075,11,4,4200,3.484869033
194,2.674,-2.308,2.241,-2.996,-0.36,35.453,0,414.533,21.09,18.641,20.214,13.492,10.581,11.736,7.436,8.66,4.674,5.829,2.796,3.526,9.589,29.575,0,11.762,12.657,14.211,455.247,0.966,1.655,2.241,0.905,-0.34,29,413.753,870080.485,30.85,20.914,18.17,187.318,1,0,-0.285,-1,-0.112,114.458,456.089,3,0,0,0,0,20,0,0,174,37.146,0,19.765,38.36,32.311,25.174,22.248,0,41.94,23.514,0,65.214,12.828,23.8,65.214,22.963,3.551,6.553,6.746,0.203,0,0,2,2,0,0,0,1,0,1,3,2.863,2.243,7.988,26.747,24.213,25.029,17.492,14.788,15.943,10.41,11.635,6.777,7.932,4.209,5.143,32.662,50.885,63.54,530.4,0.694,1.278,1.889,36,472.392,35.41,26.034,22.595,227.109,12.203,12.203,0.15,8.173,153.93,530.856,28,214,78.056,25.608,129.925,129.925,17.068,2.039,23.176,19.085,1.691,0.075,11,2,4200,4.042457375
195,2.674,-2.308,2.241,-2.996,-0.36,35.453,0,414.533,21.09,18.641,20.214,13.492,10.581,11.736,7.436,8.66,4.674,5.829,2.796,3.526,9.589,29.575,0,11.762,12.657,14.211,455.247,0.966,1.655,2.241,0.905,-0.34,29,413.753,870080.485,30.85,20.914,18.17,187.318,1,0,-0.285,-1,-0.112,114.458,456.089,3,0,0,0,0,20,0,0,174,37.146,0,19.765,38.36,32.311,25.174,22.248,0,41.94,23.514,0,65.214,12.828,23.8,65.214,22.963,3.551,6.553,6.746,0.203,0,0,2,2,0,0,0,1,0,1,3,2.863,2.243,7.988,26.747,24.213,25.029,17.492,14.788,15.943,10.41,11.635,6.777,7.932,4.209,5.143,32.662,50.885,63.54,530.4,0.694,1.278,1.889,36,472.392,35.41,26.034,22.595,227.109,12.203,12.203,0.15,8.173,153.93,530.856,28,214,78.056,25.608,129.925,129.925,17.068,2.039,23.176,19.085,1.691,0.075,11,1,4200,3.805364907
196,2.674,-2.308,2.241,-2.996,-0.36,35.453,0,414.533,21.09,18.641,20.214,13.492,10.581,11.736,7.436,8.66,4.674,5.829,2.796,3.526,9.589,29.575,0,11.762,12.657,14.211,455.247,0.966,1.655,2.241,0.905,-0.34,29,413.753,870080.485,30.85,20.914,18.17,187.318,1,0,-0.285,-1,-0.112,114.458,456.089,3,0,0,0,0,20,0,0,174,37.146,0,19.765,38.36,32.311,25.174,22.248,0,41.94,23.514,0,65.214,12.828,23.8,65.214,22.963,3.551,6.553,6.746,0.203,0,0,2,2,0,0,0,1,0,1,3,2.863,2.243,7.988,26.747,24.213,25.029,17.492,14.788,15.943,10.41,11.635,6.777,7.932,4.209,5.143,32.662,50.885,63.54,530.4,0.694,1.278,1.889,36,472.392,35.41,26.034,22.595,227.109,12.203,12.203,0.15,8.173,153.93,530.856,28,214,78.056,25.608,129.925,129.925,17.068,2.039,23.176,19.085,1.691,0.075,11,0.5,4200,4.356484781
197,2.775,-2.308,2.242,-2.996,-0.4,35.453,0,538.939,24.244,20.828,22.4,15.297,11.503,12.657,8.265,9.414,5.239,6.454,3.052,3.961,14.384,48.193,7.11,6.924,10.471,14.211,513.253,0.97,1.636,2.212,0.87,-0.87,33,469.773,5204339.136,34.298,21.649,18.169,209.323,1,0,-0.359,-1,-0.571,125.395,514.125,3,0,0,0,0,21,0,0,196,41.883,0,19.765,38.36,26.558,31.491,22.501,0,51.472,29.484,0,71.256,13.485,33.331,65.214,34.388,3.426,6.18,5.428,0.16,0,0,3,3,0,0,0,1,0,1,3,2.863,2.243,7.988,26.747,24.213,25.029,17.492,14.788,15.943,10.41,11.635,6.777,7.932,4.209,5.143,32.662,50.885,63.54,530.4,0.694,1.278,1.889,36,472.392,35.41,26.034,22.595,227.109,12.203,12.203,0.15,8.173,153.93,530.856,28,214,78.056,25.608,129.925,129.925,17.068,2.039,23.176,19.085,1.691,0.075,11,4,4200,6.392142742
198,2.775,-2.308,2.242,-2.996,-0.4,35.453,0,538.939,24.244,20.828,22.4,15.297,11.503,12.657,8.265,9.414,5.239,6.454,3.052,3.961,14.384,48.193,7.11,6.924,10.471,14.211,513.253,0.97,1.636,2.212,0.87,-0.87,33,469.773,5204339.136,34.298,21.649,18.169,209.323,1,0,-0.359,-1,-0.571,125.395,514.125,3,0,0,0,0,21,0,0,196,41.883,0,19.765,38.36,26.558,31.491,22.501,0,51.472,29.484,0,71.256,13.485,33.331,65.214,34.388,3.426,6.18,5.428,0.16,0,0,3,3,0,0,0,1,0,1,3,2.863,2.243,7.988,26.747,24.213,25.029,17.492,14.788,15.943,10.41,11.635,6.777,7.932,4.209,5.143,32.662,50.885,63.54,530.4,0.694,1.278,1.889,36,472.392,35.41,26.034,22.595,227.109,12.203,12.203,0.15,8.173,153.93,530.856,28,214,78.056,25.608,129.925,129.925,17.068,2.039,23.176,19.085,1.691,0.075,11,2,4200,6.215969964
199,2.775,-2.308,2.242,-2.996,-0.4,35.453,0,538.939,24.244,20.828,22.4,15.297,11.503,12.657,8.265,9.414,5.239,6.454,3.052,3.961,14.384,48.193,7.11,6.924,10.471,14.211,513.253,0.97,1.636,2.212,0.87,-0.87,33,469.773,5204339.136,34.298,21.649,18.169,209.323,1,0,-0.359,-1,-0.571,125.395,514.125,3,0,0,0,0,21,0,0,196,41.883,0,19.765,38.36,26.558,31.491,22.501,0,51.472,29.484,0,71.256,13.485,33.331,65.214,34.388,3.426,6.18,5.428,0.16,0,0,3,3,0,0,0,1,0,1,3,2.863,2.243,7.988,26.747,24.213,25.029,17.492,14.788,15.943,10.41,11.635,6.777,7.932,4.209,5.143,32.662,50.885,63.54,530.4,0.694,1.278,1.889,36,472.392,35.41,26.034,22.595,227.109,12.203,12.203,0.15,8.173,153.93,530.856,28,214,78.056,25.608,129.925,129.925,17.068,2.039,23.176,19.085,1.691,0.075,11,1,4200,5.958456849
200,2.775,-2.308,2.242,-2.996,-0.4,35.453,0,538.939,24.244,20.828,22.4,15.297,11.503,12.657,8.265,9.414,5.239,6.454,3.052,3.961,14.384,48.193,7.11,6.924,10.471,14.211,513.253,0.97,1.636,2.212,0.87,-0.87,33,469.773,5204339.136,34.298,21.649,18.169,209.323,1,0,-0.359,-1,-0.571,125.395,514.125,3,0,0,0,0,21,0,0,196,41.883,0,19.765,38.36,26.558,31.491,22.501,0,51.472,29.484,0,71.256,13.485,33.331,65.214,34.388,3.426,6.18,5.428,0.16,0,0,3,3,0,0,0,1,0,1,3,2.863,2.243,7.988,26.747,24.213,25.029,17.492,14.788,15.943,10.41,11.635,6.777,7.932,4.209,5.143,32.662,50.885,63.54,530.4,0.694,1.278,1.889,36,472.392,35.41,26.034,22.595,227.109,12.203,12.203,0.15,8.173,153.93,530.856,28,214,78.056,25.608,129.925,129.925,17.068,2.039,23.176,19.085,1.691,0.075,11,0.5,4200,5.368801781
201,2.991,-2.308,2.243,-2.371,-0.151,32.166,3.964,687.795,32.023,28.483,29.299,20.818,17.105,18.26,11.938,13.163,7.707,8.861,4.746,5.621,14.384,23.075,38.773,11.762,30.988,14.211,630.464,0.744,1.395,2.023,0.912,-1.16,43,564.449,1101079577,41.84,29.545,25.828,268.04,0.465,0.164,-0.338,-0.465,6.831,179.82,630.977,1,0,0,1,0,32,0,0,254,29.222,5.907,46.454,89.43,39.524,18.629,28.748,0,28.594,29.422,10.217,124.007,12.791,28.594,124.007,37.989,-0.338,13.801,14.262,0.064,0,0,3,3,0,1,1,0,0,0,5,2.884,2.243,7.988,27.454,24.92,25.737,17.992,15.288,16.443,10.764,11.989,7.027,8.182,4.385,5.32,32.662,50.885,69.961,544.416,0.676,1.243,1.838,37,484.403,36.41,26.995,24.205,233.474,12.214,12.214,0.149,8.563,158.547,544.883,29,220,84.477,26.564,136.346,136.346,17.084,2.042,23.193,20.54,1.692,0.069,12,4,4200,3.095866453
202,2.991,-2.308,2.243,-2.371,-0.151,32.166,3.964,687.795,32.023,28.483,29.299,20.818,17.105,18.26,11.938,13.163,7.707,8.861,4.746,5.621,14.384,23.075,38.773,11.762,30.988,14.211,630.464,0.744,1.395,2.023,0.912,-1.16,43,564.449,1101079577,41.84,29.545,25.828,268.04,0.465,0.164,-0.338,-0.465,6.831,179.82,630.977,1,0,0,1,0,32,0,0,254,29.222,5.907,46.454,89.43,39.524,18.629,28.748,0,28.594,29.422,10.217,124.007,12.791,28.594,124.007,37.989,-0.338,13.801,14.262,0.064,0,0,3,3,0,1,1,0,0,0,5,2.884,2.243,7.988,27.454,24.92,25.737,17.992,15.288,16.443,10.764,11.989,7.027,8.182,4.385,5.32,32.662,50.885,69.961,544.416,0.676,1.243,1.838,37,484.403,36.41,26.995,24.205,233.474,12.214,12.214,0.149,8.563,158.547,544.883,29,220,84.477,26.564,136.346,136.346,17.084,2.042,23.193,20.54,1.692,0.069,12,2,4200,3.501059262
203,2.991,-2.308,2.243,-2.371,-0.151,32.166,3.964,687.795,32.023,28.483,29.299,20.818,17.105,18.26,11.938,13.163,7.707,8.861,4.746,5.621,14.384,23.075,38.773,11.762,30.988,14.211,630.464,0.744,1.395,2.023,0.912,-1.16,43,564.449,1101079577,41.84,29.545,25.828,268.04,0.465,0.164,-0.338,-0.465,6.831,179.82,630.977,1,0,0,1,0,32,0,0,254,29.222,5.907,46.454,89.43,39.524,18.629,28.748,0,28.594,29.422,10.217,124.007,12.791,28.594,124.007,37.989,-0.338,13.801,14.262,0.064,0,0,3,3,0,1,1,0,0,0,5,2.884,2.243,7.988,27.454,24.92,25.737,17.992,15.288,16.443,10.764,11.989,7.027,8.182,4.385,5.32,32.662,50.885,69.961,544.416,0.676,1.243,1.838,37,484.403,36.41,26.995,24.205,233.474,12.214,12.214,0.149,8.563,158.547,544.883,29,220,84.477,26.564,136.346,136.346,17.084,2.042,23.193,20.54,1.692,0.069,12,1,4200,4.152655199
204,2.991,-2.308,2.243,-2.371,-0.151,32.166,3.964,687.795,32.023,28.483,29.299,20.818,17.105,18.26,11.938,13.163,7.707,8.861,4.746,5.621,14.384,23.075,38.773,11.762,30.988,14.211,630.464,0.744,1.395,2.023,0.912,-1.16,43,564.449,1101079577,41.84,29.545,25.828,268.04,0.465,0.164,-0.338,-0.465,6.831,179.82,630.977,1,0,0,1,0,32,0,0,254,29.222,5.907,46.454,89.43,39.524,18.629,28.748,0,28.594,29.422,10.217,124.007,12.791,28.594,124.007,37.989,-0.338,13.801,14.262,0.064,0,0,3,3,0,1,1,0,0,0,5,2.884,2.243,7.988,27.454,24.92,25.737,17.992,15.288,16.443,10.764,11.989,7.027,8.182,4.385,5.32,32.662,50.885,69.961,544.416,0.676,1.243,1.838,37,484.403,36.41,26.995,24.205,233.474,12.214,12.214,0.149,8.563,158.547,544.883,29,220,84.477,26.564,136.346,136.346,17.084,2.042,23.193,20.54,1.692,0.069,12,0.5,4200,4.985543228
205,2.925,-2.34,2.243,-2.488,-0.151,32.166,2.127,674.022,28.772,24.756,25.572,18.853,14.76,15.914,10.632,11.856,7.206,8.36,4.54,5.414,14.384,29.682,0,16.662,11.824,19.317,574.365,0.872,1.564,2.205,0.897,-1.2,39,520.393,219846266.2,35.826,22.484,17.269,240.214,0.465,0.171,-0.344,-0.465,3.559,156.043,574.825,1,1,1,1,1,24,1,1,228,29.012,5.907,19.765,50.534,65.703,25.236,20.655,1,33.701,29.422,9.8,78.056,15.744,28.594,78.056,39.745,-0.344,7.784,9.634,0.137,1,1,3,3,1,0,1,0,1,0,3,2.884,2.243,7.988,27.454,24.92,25.737,17.992,15.288,16.443,10.764,11.989,7.027,8.182,4.385,5.32,32.662,50.885,69.961,544.416,0.676,1.243,1.838,37,484.403,36.41,26.995,24.205,233.474,12.214,12.214,0.149,8.563,158.547,544.883,29,220,84.477,26.564,136.346,136.346,17.084,2.042,23.193,20.54,1.692,0.069,12,4,4200,2.456366033
206,2.925,-2.34,2.243,-2.488,-0.151,32.166,2.127,674.022,28.772,24.756,25.572,18.853,14.76,15.914,10.632,11.856,7.206,8.36,4.54,5.414,14.384,29.682,0,16.662,11.824,19.317,574.365,0.872,1.564,2.205,0.897,-1.2,39,520.393,219846266.2,35.826,22.484,17.269,240.214,0.465,0.171,-0.344,-0.465,3.559,156.043,574.825,1,1,1,1,1,24,1,1,228,29.012,5.907,19.765,50.534,65.703,25.236,20.655,1,33.701,29.422,9.8,78.056,15.744,28.594,78.056,39.745,-0.344,7.784,9.634,0.137,1,1,3,3,1,0,1,0,1,0,3,2.884,2.243,7.988,27.454,24.92,25.737,17.992,15.288,16.443,10.764,11.989,7.027,8.182,4.385,5.32,32.662,50.885,69.961,544.416,0.676,1.243,1.838,37,484.403,36.41,26.995,24.205,233.474,12.214,12.214,0.149,8.563,158.547,544.883,29,220,84.477,26.564,136.346,136.346,17.084,2.042,23.193,20.54,1.692,0.069,12,2,4200,1.819543936
207,2.925,-2.34,2.243,-2.488,-0.151,32.166,2.127,674.022,28.772,24.756,25.572,18.853,14.76,15.914,10.632,11.856,7.206,8.36,4.54,5.414,14.384,29.682,0,16.662,11.824,19.317,574.365,0.872,1.564,2.205,0.897,-1.2,39,520.393,219846266.2,35.826,22.484,17.269,240.214,0.465,0.171,-0.344,-0.465,3.559,156.043,574.825,1,1,1,1,1,24,1,1,228,29.012,5.907,19.765,50.534,65.703,25.236,20.655,1,33.701,29.422,9.8,78.056,15.744,28.594,78.056,39.745,-0.344,7.784,9.634,0.137,1,1,3,3,1,0,1,0,1,0,3,2.884,2.243,7.988,27.454,24.92,25.737,17.992,15.288,16.443,10.764,11.989,7.027,8.182,4.385,5.32,32.662,50.885,69.961,544.416,0.676,1.243,1.838,37,484.403,36.41,26.995,24.205,233.474,12.214,12.214,0.149,8.563,158.547,544.883,29,220,84.477,26.564,136.346,136.346,17.084,2.042,23.193,20.54,1.692,0.069,12,1,4200,1.968482949
208,2.925,-2.34,2.243,-2.488,-0.151,32.166,2.127,674.022,28.772,24.756,25.572,18.853,14.76,15.914,10.632,11.856,7.206,8.36,4.54,5.414,14.384,29.682,0,16.662,11.824,19.317,574.365,0.872,1.564,2.205,0.897,-1.2,39,520.393,219846266.2,35.826,22.484,17.269,240.214,0.465,0.171,-0.344,-0.465,3.559,156.043,574.825,1,1,1,1,1,24,1,1,228,29.012,5.907,19.765,50.534,65.703,25.236,20.655,1,33.701,29.422,9.8,78.056,15.744,28.594,78.056,39.745,-0.344,7.784,9.634,0.137,1,1,3,3,1,0,1,0,1,0,3,2.884,2.243,7.988,27.454,24.92,25.737,17.992,15.288,16.443,10.764,11.989,7.027,8.182,4.385,5.32,32.662,50.885,69.961,544.416,0.676,1.243,1.838,37,484.403,36.41,26.995,24.205,233.474,12.214,12.214,0.149,8.563,158.547,544.883,29,220,84.477,26.564,136.346,136.346,17.084,2.042,23.193,20.54,1.692,0.069,12,0.5,4200,2.037426498
209,2.927,-2.308,2.242,-2.458,-0.151,32.166,2.071,662.934,28.608,24.861,25.678,18.904,14.898,16.053,10.627,11.852,7.038,8.192,4.405,5.28,14.384,23.075,0,11.762,22.457,14.211,573.381,0.923,1.641,2.333,0.897,-1.2,39,518.401,235200918.6,35.826,23.499,19.505,240.76,0.465,0.147,-0.336,-0.465,3.444,158.256,573.841,2,1,1,1,1,25,1,1,228,29.639,5.907,19.765,50.534,72.248,18.629,21.587,1,28.594,29.422,15.533,78.056,15.564,28.594,78.056,37.603,-0.336,7.819,11.445,0.125,0,0,3,3,0,2,1,0,1,0,3,2.884,2.243,7.988,27.454,24.92,25.737,17.992,15.288,16.443,10.764,11.989,7.027,8.182,4.385,5.32,32.662,50.885,69.961,544.416,0.676,1.243,1.838,37,484.403,36.41,26.995,24.205,233.474,12.214,12.214,0.149,8.563,158.547,544.883,29,220,84.477,26.564,136.346,136.346,17.084,2.042,23.193,20.54,1.692,0.069,12,4,4200,2.615950052
210,2.927,-2.308,2.242,-2.458,-0.151,32.166,2.071,662.934,28.608,24.861,25.678,18.904,14.898,16.053,10.627,11.852,7.038,8.192,4.405,5.28,14.384,23.075,0,11.762,22.457,14.211,573.381,0.923,1.641,2.333,0.897,-1.2,39,518.401,235200918.6,35.826,23.499,19.505,240.76,0.465,0.147,-0.336,-0.465,3.444,158.256,573.841,2,1,1,1,1,25,1,1,228,29.639,5.907,19.765,50.534,72.248,18.629,21.587,1,28.594,29.422,15.533,78.056,15.564,28.594,78.056,37.603,-0.336,7.819,11.445,0.125,0,0,3,3,0,2,1,0,1,0,3,2.884,2.243,7.988,27.454,24.92,25.737,17.992,15.288,16.443,10.764,11.989,7.027,8.182,4.385,5.32,32.662,50.885,69.961,544.416,0.676,1.243,1.838,37,484.403,36.41,26.995,24.205,233.474,12.214,12.214,0.149,8.563,158.547,544.883,29,220,84.477,26.564,136.346,136.346,17.084,2.042,23.193,20.54,1.692,0.069,12,2,4200,3.494571984
211,2.927,-2.308,2.242,-2.458,-0.151,32.166,2.071,662.934,28.608,24.861,25.678,18.904,14.898,16.053,10.627,11.852,7.038,8.192,4.405,5.28,14.384,23.075,0,11.762,22.457,14.211,573.381,0.923,1.641,2.333,0.897,-1.2,39,518.401,235200918.6,35.826,23.499,19.505,240.76,0.465,0.147,-0.336,-0.465,3.444,158.256,573.841,2,1,1,1,1,25,1,1,228,29.639,5.907,19.765,50.534,72.248,18.629,21.587,1,28.594,29.422,15.533,78.056,15.564,28.594,78.056,37.603,-0.336,7.819,11.445,0.125,0,0,3,3,0,2,1,0,1,0,3,2.884,2.243,7.988,27.454,24.92,25.737,17.992,15.288,16.443,10.764,11.989,7.027,8.182,4.385,5.32,32.662,50.885,69.961,544.416,0.676,1.243,1.838,37,484.403,36.41,26.995,24.205,233.474,12.214,12.214,0.149,8.563,158.547,544.883,29,220,84.477,26.564,136.346,136.346,17.084,2.042,23.193,20.54,1.692,0.069,12,1,4200,3.720820582
212,2.927,-2.308,2.242,-2.458,-0.151,32.166,2.071,662.934,28.608,24.861,25.678,18.904,14.898,16.053,10.627,11.852,7.038,8.192,4.405,5.28,14.384,23.075,0,11.762,22.457,14.211,573.381,0.923,1.641,2.333,0.897,-1.2,39,518.401,235200918.6,35.826,23.499,19.505,240.76,0.465,0.147,-0.336,-0.465,3.444,158.256,573.841,2,1,1,1,1,25,1,1,228,29.639,5.907,19.765,50.534,72.248,18.629,21.587,1,28.594,29.422,15.533,78.056,15.564,28.594,78.056,37.603,-0.336,7.819,11.445,0.125,0,0,3,3,0,2,1,0,1,0,3,2.884,2.243,7.988,27.454,24.92,25.737,17.992,15.288,16.443,10.764,11.989,7.027,8.182,4.385,5.32,32.662,50.885,69.961,544.416,0.676,1.243,1.838,37,484.403,36.41,26.995,24.205,233.474,12.214,12.214,0.149,8.563,158.547,544.883,29,220,84.477,26.564,136.346,136.346,17.084,2.042,23.193,20.54,1.692,0.069,12,0.5,4200,4.785664327
213,2.674,-2.308,2.241,-2.996,-0.36,35.453,0,414.533,21.09,18.641,20.214,13.492,10.581,11.736,7.436,8.66,4.674,5.829,2.796,3.526,9.589,29.575,0,11.762,12.657,14.211,455.247,0.966,1.655,2.241,0.905,-0.34,29,413.753,870080.485,30.85,20.914,18.17,187.318,1,0,-0.285,-1,-0.112,114.458,456.089,3,0,0,0,0,20,0,0,174,37.146,0,19.765,38.36,32.311,25.174,22.248,0,41.94,23.514,0,65.214,12.828,23.8,65.214,22.963,3.551,6.553,6.746,0.203,0,0,2,2,0,0,0,1,0,1,3,2.884,2.243,7.988,27.454,24.92,25.737,17.992,15.288,16.443,10.764,11.989,7.027,8.182,4.385,5.32,32.662,50.885,69.961,544.416,0.676,1.243,1.838,37,484.403,36.41,26.995,24.205,233.474,12.214,12.214,0.149,8.563,158.547,544.883,29,220,84.477,26.564,136.346,136.346,17.084,2.042,23.193,20.54,1.692,0.069,12,4,4200,3.061829307
214,2.674,-2.308,2.241,-2.996,-0.36,35.453,0,414.533,21.09,18.641,20.214,13.492,10.581,11.736,7.436,8.66,4.674,5.829,2.796,3.526,9.589,29.575,0,11.762,12.657,14.211,455.247,0.966,1.655,2.241,0.905,-0.34,29,413.753,870080.485,30.85,20.914,18.17,187.318,1,0,-0.285,-1,-0.112,114.458,456.089,3,0,0,0,0,20,0,0,174,37.146,0,19.765,38.36,32.311,25.174,22.248,0,41.94,23.514,0,65.214,12.828,23.8,65.214,22.963,3.551,6.553,6.746,0.203,0,0,2,2,0,0,0,1,0,1,3,2.884,2.243,7.988,27.454,24.92,25.737,17.992,15.288,16.443,10.764,11.989,7.027,8.182,4.385,5.32,32.662,50.885,69.961,544.416,0.676,1.243,1.838,37,484.403,36.41,26.995,24.205,233.474,12.214,12.214,0.149,8.563,158.547,544.883,29,220,84.477,26.564,136.346,136.346,17.084,2.042,23.193,20.54,1.692,0.069,12,2,4200,2.792391689
215,2.674,-2.308,2.241,-2.996,-0.36,35.453,0,414.533,21.09,18.641,20.214,13.492,10.581,11.736,7.436,8.66,4.674,5.829,2.796,3.526,9.589,29.575,0,11.762,12.657,14.211,455.247,0.966,1.655,2.241,0.905,-0.34,29,413.753,870080.485,30.85,20.914,18.17,187.318,1,0,-0.285,-1,-0.112,114.458,456.089,3,0,0,0,0,20,0,0,174,37.146,0,19.765,38.36,32.311,25.174,22.248,0,41.94,23.514,0,65.214,12.828,23.8,65.214,22.963,3.551,6.553,6.746,0.203,0,0,2,2,0,0,0,1,0,1,3,2.884,2.243,7.988,27.454,24.92,25.737,17.992,15.288,16.443,10.764,11.989,7.027,8.182,4.385,5.32,32.662,50.885,69.961,544.416,0.676,1.243,1.838,37,484.403,36.41,26.995,24.205,233.474,12.214,12.214,0.149,8.563,158.547,544.883,29,220,84.477,26.564,136.346,136.346,17.084,2.042,23.193,20.54,1.692,0.069,12,1,4200,3.122870923
216,2.674,-2.308,2.241,-2.996,-0.36,35.453,0,414.533,21.09,18.641,20.214,13.492,10.581,11.736,7.436,8.66,4.674,5.829,2.796,3.526,9.589,29.575,0,11.762,12.657,14.211,455.247,0.966,1.655,2.241,0.905,-0.34,29,413.753,870080.485,30.85,20.914,18.17,187.318,1,0,-0.285,-1,-0.112,114.458,456.089,3,0,0,0,0,20,0,0,174,37.146,0,19.765,38.36,32.311,25.174,22.248,0,41.94,23.514,0,65.214,12.828,23.8,65.214,22.963,3.551,6.553,6.746,0.203,0,0,2,2,0,0,0,1,0,1,3,2.884,2.243,7.988,27.454,24.92,25.737,17.992,15.288,16.443,10.764,11.989,7.027,8.182,4.385,5.32,32.662,50.885,69.961,544.416,0.676,1.243,1.838,37,484.403,36.41,26.995,24.205,233.474,12.214,12.214,0.149,8.563,158.547,544.883,29,220,84.477,26.564,136.346,136.346,17.084,2.042,23.193,20.54,1.692,0.069,12,0.5,4200,3.640580806
217,2.775,-2.308,2.242,-2.996,-0.4,35.453,0,538.939,24.244,20.828,22.4,15.297,11.503,12.657,8.265,9.414,5.239,6.454,3.052,3.961,14.384,48.193,7.11,6.924,10.471,14.211,513.253,0.97,1.636,2.212,0.87,-0.87,33,469.773,5204339.136,34.298,21.649,18.169,209.323,1,0,-0.359,-1,-0.571,125.395,514.125,3,0,0,0,0,21,0,0,196,41.883,0,19.765,38.36,26.558,31.491,22.501,0,51.472,29.484,0,71.256,13.485,33.331,65.214,34.388,3.426,6.18,5.428,0.16,0,0,3,3,0,0,0,1,0,1,3,2.884,2.243,7.988,27.454,24.92,25.737,17.992,15.288,16.443,10.764,11.989,7.027,8.182,4.385,5.32,32.662,50.885,69.961,544.416,0.676,1.243,1.838,37,484.403,36.41,26.995,24.205,233.474,12.214,12.214,0.149,8.563,158.547,544.883,29,220,84.477,26.564,136.346,136.346,17.084,2.042,23.193,20.54,1.692,0.069,12,4,4200,6.054017119
218,2.775,-2.308,2.242,-2.996,-0.4,35.453,0,538.939,24.244,20.828,22.4,15.297,11.503,12.657,8.265,9.414,5.239,6.454,3.052,3.961,14.384,48.193,7.11,6.924,10.471,14.211,513.253,0.97,1.636,2.212,0.87,-0.87,33,469.773,5204339.136,34.298,21.649,18.169,209.323,1,0,-0.359,-1,-0.571,125.395,514.125,3,0,0,0,0,21,0,0,196,41.883,0,19.765,38.36,26.558,31.491,22.501,0,51.472,29.484,0,71.256,13.485,33.331,65.214,34.388,3.426,6.18,5.428,0.16,0,0,3,3,0,0,0,1,0,1,3,2.884,2.243,7.988,27.454,24.92,25.737,17.992,15.288,16.443,10.764,11.989,7.027,8.182,4.385,5.32,32.662,50.885,69.961,544.416,0.676,1.243,1.838,37,484.403,36.41,26.995,24.205,233.474,12.214,12.214,0.149,8.563,158.547,544.883,29,220,84.477,26.564,136.346,136.346,17.084,2.042,23.193,20.54,1.692,0.069,12,2,4200,6.072088064
219,2.775,-2.308,2.242,-2.996,-0.4,35.453,0,538.939,24.244,20.828,22.4,15.297,11.503,12.657,8.265,9.414,5.239,6.454,3.052,3.961,14.384,48.193,7.11,6.924,10.471,14.211,513.253,0.97,1.636,2.212,0.87,-0.87,33,469.773,5204339.136,34.298,21.649,18.169,209.323,1,0,-0.359,-1,-0.571,125.395,514.125,3,0,0,0,0,21,0,0,196,41.883,0,19.765,38.36,26.558,31.491,22.501,0,51.472,29.484,0,71.256,13.485,33.331,65.214,34.388,3.426,6.18,5.428,0.16,0,0,3,3,0,0,0,1,0,1,3,2.884,2.243,7.988,27.454,24.92,25.737,17.992,15.288,16.443,10.764,11.989,7.027,8.182,4.385,5.32,32.662,50.885,69.961,544.416,0.676,1.243,1.838,37,484.403,36.41,26.995,24.205,233.474,12.214,12.214,0.149,8.563,158.547,544.883,29,220,84.477,26.564,136.346,136.346,17.084,2.042,23.193,20.54,1.692,0.069,12,1,4200,5.684602125
220,2.775,-2.308,2.242,-2.996,-0.4,35.453,0,538.939,24.244,20.828,22.4,15.297,11.503,12.657,8.265,9.414,5.239,6.454,3.052,3.961,14.384,48.193,7.11,6.924,10.471,14.211,513.253,0.97,1.636,2.212,0.87,-0.87,33,469.773,5204339.136,34.298,21.649,18.169,209.323,1,0,-0.359,-1,-0.571,125.395,514.125,3,0,0,0,0,21,0,0,196,41.883,0,19.765,38.36,26.558,31.491,22.501,0,51.472,29.484,0,71.256,13.485,33.331,65.214,34.388,3.426,6.18,5.428,0.16,0,0,3,3,0,0,0,1,0,1,3,2.884,2.243,7.988,27.454,24.92,25.737,17.992,15.288,16.443,10.764,11.989,7.027,8.182,4.385,5.32,32.662,50.885,69.961,544.416,0.676,1.243,1.838,37,484.403,36.41,26.995,24.205,233.474,12.214,12.214,0.149,8.563,158.547,544.883,29,220,84.477,26.564,136.346,136.346,17.084,2.042,23.193,20.54,1.692,0.069,12,0.5,4200,4.788168371
221,2.991,-2.308,2.243,-2.371,-0.151,32.166,3.964,687.795,32.023,28.483,29.299,20.818,17.105,18.26,11.938,13.163,7.707,8.861,4.746,5.621,14.384,23.075,38.773,11.762,30.988,14.211,630.464,0.744,1.395,2.023,0.912,-1.16,43,564.449,1101079577,41.84,29.545,25.828,268.04,0.465,0.164,-0.338,-0.465,6.831,179.82,630.977,1,0,0,1,0,32,0,0,254,29.222,5.907,46.454,89.43,39.524,18.629,28.748,0,28.594,29.422,10.217,124.007,12.791,28.594,124.007,37.989,-0.338,13.801,14.262,0.064,0,0,3,3,0,1,1,0,0,0,5,2.923,2.244,7.988,28.868,26.334,27.151,18.992,16.288,17.443,11.471,12.696,7.527,8.682,4.739,5.673,32.662,50.885,82.803,572.447,0.641,1.179,1.744,39,508.425,38.41,28.921,26.08,246.204,12.232,12.232,0.148,9.343,167.781,572.937,31,232,97.318,28.484,149.188,149.188,17.112,2.046,23.222,23.465,1.694,0.061,14,4,4200,4.556242178
222,2.991,-2.308,2.243,-2.371,-0.151,32.166,3.964,687.795,32.023,28.483,29.299,20.818,17.105,18.26,11.938,13.163,7.707,8.861,4.746,5.621,14.384,23.075,38.773,11.762,30.988,14.211,630.464,0.744,1.395,2.023,0.912,-1.16,43,564.449,1101079577,41.84,29.545,25.828,268.04,0.465,0.164,-0.338,-0.465,6.831,179.82,630.977,1,0,0,1,0,32,0,0,254,29.222,5.907,46.454,89.43,39.524,18.629,28.748,0,28.594,29.422,10.217,124.007,12.791,28.594,124.007,37.989,-0.338,13.801,14.262,0.064,0,0,3,3,0,1,1,0,0,0,5,2.923,2.244,7.988,28.868,26.334,27.151,18.992,16.288,17.443,11.471,12.696,7.527,8.682,4.739,5.673,32.662,50.885,82.803,572.447,0.641,1.179,1.744,39,508.425,38.41,28.921,26.08,246.204,12.232,12.232,0.148,9.343,167.781,572.937,31,232,97.318,28.484,149.188,149.188,17.112,2.046,23.222,23.465,1.694,0.061,14,2,4200,5.717734561
223,2.991,-2.308,2.243,-2.371,-0.151,32.166,3.964,687.795,32.023,28.483,29.299,20.818,17.105,18.26,11.938,13.163,7.707,8.861,4.746,5.621,14.384,23.075,38.773,11.762,30.988,14.211,630.464,0.744,1.395,2.023,0.912,-1.16,43,564.449,1101079577,41.84,29.545,25.828,268.04,0.465,0.164,-0.338,-0.465,6.831,179.82,630.977,1,0,0,1,0,32,0,0,254,29.222,5.907,46.454,89.43,39.524,18.629,28.748,0,28.594,29.422,10.217,124.007,12.791,28.594,124.007,37.989,-0.338,13.801,14.262,0.064,0,0,3,3,0,1,1,0,0,0,5,2.923,2.244,7.988,28.868,26.334,27.151,18.992,16.288,17.443,11.471,12.696,7.527,8.682,4.739,5.673,32.662,50.885,82.803,572.447,0.641,1.179,1.744,39,508.425,38.41,28.921,26.08,246.204,12.232,12.232,0.148,9.343,167.781,572.937,31,232,97.318,28.484,149.188,149.188,17.112,2.046,23.222,23.465,1.694,0.061,14,1,4200,3.519959181
224,2.991,-2.308,2.243,-2.371,-0.151,32.166,3.964,687.795,32.023,28.483,29.299,20.818,17.105,18.26,11.938,13.163,7.707,8.861,4.746,5.621,14.384,23.075,38.773,11.762,30.988,14.211,630.464,0.744,1.395,2.023,0.912,-1.16,43,564.449,1101079577,41.84,29.545,25.828,268.04,0.465,0.164,-0.338,-0.465,6.831,179.82,630.977,1,0,0,1,0,32,0,0,254,29.222,5.907,46.454,89.43,39.524,18.629,28.748,0,28.594,29.422,10.217,124.007,12.791,28.594,124.007,37.989,-0.338,13.801,14.262,0.064,0,0,3,3,0,1,1,0,0,0,5,2.923,2.244,7.988,28.868,26.334,27.151,18.992,16.288,17.443,11.471,12.696,7.527,8.682,4.739,5.673,32.662,50.885,82.803,572.447,0.641,1.179,1.744,39,508.425,38.41,28.921,26.08,246.204,12.232,12.232,0.148,9.343,167.781,572.937,31,232,97.318,28.484,149.188,149.188,17.112,2.046,23.222,23.465,1.694,0.061,14,0.5,4200,3.667919685
225,2.925,-2.34,2.243,-2.488,-0.151,32.166,2.127,674.022,28.772,24.756,25.572,18.853,14.76,15.914,10.632,11.856,7.206,8.36,4.54,5.414,14.384,29.682,0,16.662,11.824,19.317,574.365,0.872,1.564,2.205,0.897,-1.2,39,520.393,219846266.2,35.826,22.484,17.269,240.214,0.465,0.171,-0.344,-0.465,3.559,156.043,574.825,1,1,1,1,1,24,1,1,228,29.012,5.907,19.765,50.534,65.703,25.236,20.655,1,33.701,29.422,9.8,78.056,15.744,28.594,78.056,39.745,-0.344,7.784,9.634,0.137,1,1,3,3,1,0,1,0,1,0,3,2.923,2.244,7.988,28.868,26.334,27.151,18.992,16.288,17.443,11.471,12.696,7.527,8.682,4.739,5.673,32.662,50.885,82.803,572.447,0.641,1.179,1.744,39,508.425,38.41,28.921,26.08,246.204,12.232,12.232,0.148,9.343,167.781,572.937,31,232,97.318,28.484,149.188,149.188,17.112,2.046,23.222,23.465,1.694,0.061,14,4,4200,2.499687083
226,2.925,-2.34,2.243,-2.488,-0.151,32.166,2.127,674.022,28.772,24.756,25.572,18.853,14.76,15.914,10.632,11.856,7.206,8.36,4.54,5.414,14.384,29.682,0,16.662,11.824,19.317,574.365,0.872,1.564,2.205,0.897,-1.2,39,520.393,219846266.2,35.826,22.484,17.269,240.214,0.465,0.171,-0.344,-0.465,3.559,156.043,574.825,1,1,1,1,1,24,1,1,228,29.012,5.907,19.765,50.534,65.703,25.236,20.655,1,33.701,29.422,9.8,78.056,15.744,28.594,78.056,39.745,-0.344,7.784,9.634,0.137,1,1,3,3,1,0,1,0,1,0,3,2.923,2.244,7.988,28.868,26.334,27.151,18.992,16.288,17.443,11.471,12.696,7.527,8.682,4.739,5.673,32.662,50.885,82.803,572.447,0.641,1.179,1.744,39,508.425,38.41,28.921,26.08,246.204,12.232,12.232,0.148,9.343,167.781,572.937,31,232,97.318,28.484,149.188,149.188,17.112,2.046,23.222,23.465,1.694,0.061,14,2,4200,1.819543936
227,2.925,-2.34,2.243,-2.488,-0.151,32.166,2.127,674.022,28.772,24.756,25.572,18.853,14.76,15.914,10.632,11.856,7.206,8.36,4.54,5.414,14.384,29.682,0,16.662,11.824,19.317,574.365,0.872,1.564,2.205,0.897,-1.2,39,520.393,219846266.2,35.826,22.484,17.269,240.214,0.465,0.171,-0.344,-0.465,3.559,156.043,574.825,1,1,1,1,1,24,1,1,228,29.012,5.907,19.765,50.534,65.703,25.236,20.655,1,33.701,29.422,9.8,78.056,15.744,28.594,78.056,39.745,-0.344,7.784,9.634,0.137,1,1,3,3,1,0,1,0,1,0,3,2.923,2.244,7.988,28.868,26.334,27.151,18.992,16.288,17.443,11.471,12.696,7.527,8.682,4.739,5.673,32.662,50.885,82.803,572.447,0.641,1.179,1.744,39,508.425,38.41,28.921,26.08,246.204,12.232,12.232,0.148,9.343,167.781,572.937,31,232,97.318,28.484,149.188,149.188,17.112,2.046,23.222,23.465,1.694,0.061,14,1,4200,1.72427587
228,2.925,-2.34,2.243,-2.488,-0.151,32.166,2.127,674.022,28.772,24.756,25.572,18.853,14.76,15.914,10.632,11.856,7.206,8.36,4.54,5.414,14.384,29.682,0,16.662,11.824,19.317,574.365,0.872,1.564,2.205,0.897,-1.2,39,520.393,219846266.2,35.826,22.484,17.269,240.214,0.465,0.171,-0.344,-0.465,3.559,156.043,574.825,1,1,1,1,1,24,1,1,228,29.012,5.907,19.765,50.534,65.703,25.236,20.655,1,33.701,29.422,9.8,78.056,15.744,28.594,78.056,39.745,-0.344,7.784,9.634,0.137,1,1,3,3,1,0,1,0,1,0,3,2.923,2.244,7.988,28.868,26.334,27.151,18.992,16.288,17.443,11.471,12.696,7.527,8.682,4.739,5.673,32.662,50.885,82.803,572.447,0.641,1.179,1.744,39,508.425,38.41,28.921,26.08,246.204,12.232,12.232,0.148,9.343,167.781,572.937,31,232,97.318,28.484,149.188,149.188,17.112,2.046,23.222,23.465,1.694,0.061,14,0.5,4200,2.064457989
229,2.927,-2.308,2.242,-2.458,-0.151,32.166,2.071,662.934,28.608,24.861,25.678,18.904,14.898,16.053,10.627,11.852,7.038,8.192,4.405,5.28,14.384,23.075,0,11.762,22.457,14.211,573.381,0.923,1.641,2.333,0.897,-1.2,39,518.401,235200918.6,35.826,23.499,19.505,240.76,0.465,0.147,-0.336,-0.465,3.444,158.256,573.841,2,1,1,1,1,25,1,1,228,29.639,5.907,19.765,50.534,72.248,18.629,21.587,1,28.594,29.422,15.533,78.056,15.564,28.594,78.056,37.603,-0.336,7.819,11.445,0.125,0,0,3,3,0,2,1,0,1,0,3,2.923,2.244,7.988,28.868,26.334,27.151,18.992,16.288,17.443,11.471,12.696,7.527,8.682,4.739,5.673,32.662,50.885,82.803,572.447,0.641,1.179,1.744,39,508.425,38.41,28.921,26.08,246.204,12.232,12.232,0.148,9.343,167.781,572.937,31,232,97.318,28.484,149.188,149.188,17.112,2.046,23.222,23.465,1.694,0.061,14,4,4200,1.662757832
230,2.927,-2.308,2.242,-2.458,-0.151,32.166,2.071,662.934,28.608,24.861,25.678,18.904,14.898,16.053,10.627,11.852,7.038,8.192,4.405,5.28,14.384,23.075,0,11.762,22.457,14.211,573.381,0.923,1.641,2.333,0.897,-1.2,39,518.401,235200918.6,35.826,23.499,19.505,240.76,0.465,0.147,-0.336,-0.465,3.444,158.256,573.841,2,1,1,1,1,25,1,1,228,29.639,5.907,19.765,50.534,72.248,18.629,21.587,1,28.594,29.422,15.533,78.056,15.564,28.594,78.056,37.603,-0.336,7.819,11.445,0.125,0,0,3,3,0,2,1,0,1,0,3,2.923,2.244,7.988,28.868,26.334,27.151,18.992,16.288,17.443,11.471,12.696,7.527,8.682,4.739,5.673,32.662,50.885,82.803,572.447,0.641,1.179,1.744,39,508.425,38.41,28.921,26.08,246.204,12.232,12.232,0.148,9.343,167.781,572.937,31,232,97.318,28.484,149.188,149.188,17.112,2.046,23.222,23.465,1.694,0.061,14,2,4200,2.526339277
231,2.927,-2.308,2.242,-2.458,-0.151,32.166,2.071,662.934,28.608,24.861,25.678,18.904,14.898,16.053,10.627,11.852,7.038,8.192,4.405,5.28,14.384,23.075,0,11.762,22.457,14.211,573.381,0.923,1.641,2.333,0.897,-1.2,39,518.401,235200918.6,35.826,23.499,19.505,240.76,0.465,0.147,-0.336,-0.465,3.444,158.256,573.841,2,1,1,1,1,25,1,1,228,29.639,5.907,19.765,50.534,72.248,18.629,21.587,1,28.594,29.422,15.533,78.056,15.564,28.594,78.056,37.603,-0.336,7.819,11.445,0.125,0,0,3,3,0,2,1,0,1,0,3,2.923,2.244,7.988,28.868,26.334,27.151,18.992,16.288,17.443,11.471,12.696,7.527,8.682,4.739,5.673,32.662,50.885,82.803,572.447,0.641,1.179,1.744,39,508.425,38.41,28.921,26.08,246.204,12.232,12.232,0.148,9.343,167.781,572.937,31,232,97.318,28.484,149.188,149.188,17.112,2.046,23.222,23.465,1.694,0.061,14,1,4200,0.954242509
232,2.927,-2.308,2.242,-2.458,-0.151,32.166,2.071,662.934,28.608,24.861,25.678,18.904,14.898,16.053,10.627,11.852,7.038,8.192,4.405,5.28,14.384,23.075,0,11.762,22.457,14.211,573.381,0.923,1.641,2.333,0.897,-1.2,39,518.401,235200918.6,35.826,23.499,19.505,240.76,0.465,0.147,-0.336,-0.465,3.444,158.256,573.841,2,1,1,1,1,25,1,1,228,29.639,5.907,19.765,50.534,72.248,18.629,21.587,1,28.594,29.422,15.533,78.056,15.564,28.594,78.056,37.603,-0.336,7.819,11.445,0.125,0,0,3,3,0,2,1,0,1,0,3,2.923,2.244,7.988,28.868,26.334,27.151,18.992,16.288,17.443,11.471,12.696,7.527,8.682,4.739,5.673,32.662,50.885,82.803,572.447,0.641,1.179,1.744,39,508.425,38.41,28.921,26.08,246.204,12.232,12.232,0.148,9.343,167.781,572.937,31,232,97.318,28.484,149.188,149.188,17.112,2.046,23.222,23.465,1.694,0.061,14,0.5,4200,2.292256071
233,2.674,-2.308,2.241,-2.996,-0.36,35.453,0,414.533,21.09,18.641,20.214,13.492,10.581,11.736,7.436,8.66,4.674,5.829,2.796,3.526,9.589,29.575,0,11.762,12.657,14.211,455.247,0.966,1.655,2.241,0.905,-0.34,29,413.753,870080.485,30.85,20.914,18.17,187.318,1,0,-0.285,-1,-0.112,114.458,456.089,3,0,0,0,0,20,0,0,174,37.146,0,19.765,38.36,32.311,25.174,22.248,0,41.94,23.514,0,65.214,12.828,23.8,65.214,22.963,3.551,6.553,6.746,0.203,0,0,2,2,0,0,0,1,0,1,3,2.923,2.244,7.988,28.868,26.334,27.151,18.992,16.288,17.443,11.471,12.696,7.527,8.682,4.739,5.673,32.662,50.885,82.803,572.447,0.641,1.179,1.744,39,508.425,38.41,28.921,26.08,246.204,12.232,12.232,0.148,9.343,167.781,572.937,31,232,97.318,28.484,149.188,149.188,17.112,2.046,23.222,23.465,1.694,0.061,14,4,4200,2.089905111
234,2.674,-2.308,2.241,-2.996,-0.36,35.453,0,414.533,21.09,18.641,20.214,13.492,10.581,11.736,7.436,8.66,4.674,5.829,2.796,3.526,9.589,29.575,0,11.762,12.657,14.211,455.247,0.966,1.655,2.241,0.905,-0.34,29,413.753,870080.485,30.85,20.914,18.17,187.318,1,0,-0.285,-1,-0.112,114.458,456.089,3,0,0,0,0,20,0,0,174,37.146,0,19.765,38.36,32.311,25.174,22.248,0,41.94,23.514,0,65.214,12.828,23.8,65.214,22.963,3.551,6.553,6.746,0.203,0,0,2,2,0,0,0,1,0,1,3,2.923,2.244,7.988,28.868,26.334,27.151,18.992,16.288,17.443,11.471,12.696,7.527,8.682,4.739,5.673,32.662,50.885,82.803,572.447,0.641,1.179,1.744,39,508.425,38.41,28.921,26.08,246.204,12.232,12.232,0.148,9.343,167.781,572.937,31,232,97.318,28.484,149.188,149.188,17.112,2.046,23.222,23.465,1.694,0.061,14,2,4200,3.032215703
235,2.674,-2.308,2.241,-2.996,-0.36,35.453,0,414.533,21.09,18.641,20.214,13.492,10.581,11.736,7.436,8.66,4.674,5.829,2.796,3.526,9.589,29.575,0,11.762,12.657,14.211,455.247,0.966,1.655,2.241,0.905,-0.34,29,413.753,870080.485,30.85,20.914,18.17,187.318,1,0,-0.285,-1,-0.112,114.458,456.089,3,0,0,0,0,20,0,0,174,37.146,0,19.765,38.36,32.311,25.174,22.248,0,41.94,23.514,0,65.214,12.828,23.8,65.214,22.963,3.551,6.553,6.746,0.203,0,0,2,2,0,0,0,1,0,1,3,2.923,2.244,7.988,28.868,26.334,27.151,18.992,16.288,17.443,11.471,12.696,7.527,8.682,4.739,5.673,32.662,50.885,82.803,572.447,0.641,1.179,1.744,39,508.425,38.41,28.921,26.08,246.204,12.232,12.232,0.148,9.343,167.781,572.937,31,232,97.318,28.484,149.188,149.188,17.112,2.046,23.222,23.465,1.694,0.061,14,1,4200,3.504742636
236,2.674,-2.308,2.241,-2.996,-0.36,35.453,0,414.533,21.09,18.641,20.214,13.492,10.581,11.736,7.436,8.66,4.674,5.829,2.796,3.526,9.589,29.575,0,11.762,12.657,14.211,455.247,0.966,1.655,2.241,0.905,-0.34,29,413.753,870080.485,30.85,20.914,18.17,187.318,1,0,-0.285,-1,-0.112,114.458,456.089,3,0,0,0,0,20,0,0,174,37.146,0,19.765,38.36,32.311,25.174,22.248,0,41.94,23.514,0,65.214,12.828,23.8,65.214,22.963,3.551,6.553,6.746,0.203,0,0,2,2,0,0,0,1,0,1,3,2.923,2.244,7.988,28.868,26.334,27.151,18.992,16.288,17.443,11.471,12.696,7.527,8.682,4.739,5.673,32.662,50.885,82.803,572.447,0.641,1.179,1.744,39,508.425,38.41,28.921,26.08,246.204,12.232,12.232,0.148,9.343,167.781,572.937,31,232,97.318,28.484,149.188,149.188,17.112,2.046,23.222,23.465,1.694,0.061,14,0.5,4200,4.037147504
237,2.775,-2.308,2.242,-2.996,-0.4,35.453,0,538.939,24.244,20.828,22.4,15.297,11.503,12.657,8.265,9.414,5.239,6.454,3.052,3.961,14.384,48.193,7.11,6.924,10.471,14.211,513.253,0.97,1.636,2.212,0.87,-0.87,33,469.773,5204339.136,34.298,21.649,18.169,209.323,1,0,-0.359,-1,-0.571,125.395,514.125,3,0,0,0,0,21,0,0,196,41.883,0,19.765,38.36,26.558,31.491,22.501,0,51.472,29.484,0,71.256,13.485,33.331,65.214,34.388,3.426,6.18,5.428,0.16,0,0,3,3,0,0,0,1,0,1,3,2.923,2.244,7.988,28.868,26.334,27.151,18.992,16.288,17.443,11.471,12.696,7.527,8.682,4.739,5.673,32.662,50.885,82.803,572.447,0.641,1.179,1.744,39,508.425,38.41,28.921,26.08,246.204,12.232,12.232,0.148,9.343,167.781,572.937,31,232,97.318,28.484,149.188,149.188,17.112,2.046,23.222,23.465,1.694,0.061,14,4,4200,6.135917172
238,2.775,-2.308,2.242,-2.996,-0.4,35.453,0,538.939,24.244,20.828,22.4,15.297,11.503,12.657,8.265,9.414,5.239,6.454,3.052,3.961,14.384,48.193,7.11,6.924,10.471,14.211,513.253,0.97,1.636,2.212,0.87,-0.87,33,469.773,5204339.136,34.298,21.649,18.169,209.323,1,0,-0.359,-1,-0.571,125.395,514.125,3,0,0,0,0,21,0,0,196,41.883,0,19.765,38.36,26.558,31.491,22.501,0,51.472,29.484,0,71.256,13.485,33.331,65.214,34.388,3.426,6.18,5.428,0.16,0,0,3,3,0,0,0,1,0,1,3,2.923,2.244,7.988,28.868,26.334,27.151,18.992,16.288,17.443,11.471,12.696,7.527,8.682,4.739,5.673,32.662,50.885,82.803,572.447,0.641,1.179,1.744,39,508.425,38.41,28.921,26.08,246.204,12.232,12.232,0.148,9.343,167.781,572.937,31,232,97.318,28.484,149.188,149.188,17.112,2.046,23.222,23.465,1.694,0.061,14,2,4200,5.810848564
239,2.775,-2.308,2.242,-2.996,-0.4,35.453,0,538.939,24.244,20.828,22.4,15.297,11.503,12.657,8.265,9.414,5.239,6.454,3.052,3.961,14.384,48.193,7.11,6.924,10.471,14.211,513.253,0.97,1.636,2.212,0.87,-0.87,33,469.773,5204339.136,34.298,21.649,18.169,209.323,1,0,-0.359,-1,-0.571,125.395,514.125,3,0,0,0,0,21,0,0,196,41.883,0,19.765,38.36,26.558,31.491,22.501,0,51.472,29.484,0,71.256,13.485,33.331,65.214,34.388,3.426,6.18,5.428,0.16,0,0,3,3,0,0,0,1,0,1,3,2.923,2.244,7.988,28.868,26.334,27.151,18.992,16.288,17.443,11.471,12.696,7.527,8.682,4.739,5.673,32.662,50.885,82.803,572.447,0.641,1.179,1.744,39,508.425,38.41,28.921,26.08,246.204,12.232,12.232,0.148,9.343,167.781,572.937,31,232,97.318,28.484,149.188,149.188,17.112,2.046,23.222,23.465,1.694,0.061,14,1,4200,5.881264795
240,2.775,-2.308,2.242,-2.996,-0.4,35.453,0,538.939,24.244,20.828,22.4,15.297,11.503,12.657,8.265,9.414,5.239,6.454,3.052,3.961,14.384,48.193,7.11,6.924,10.471,14.211,513.253,0.97,1.636,2.212,0.87,-0.87,33,469.773,5204339.136,34.298,21.649,18.169,209.323,1,0,-0.359,-1,-0.571,125.395,514.125,3,0,0,0,0,21,0,0,196,41.883,0,19.765,38.36,26.558,31.491,22.501,0,51.472,29.484,0,71.256,13.485,33.331,65.214,34.388,3.426,6.18,5.428,0.16,0,0,3,3,0,0,0,1,0,1,3,2.923,2.244,7.988,28.868,26.334,27.151,18.992,16.288,17.443,11.471,12.696,7.527,8.682,4.739,5.673,32.662,50.885,82.803,572.447,0.641,1.179,1.744,39,508.425,38.41,28.921,26.08,246.204,12.232,12.232,0.148,9.343,167.781,572.937,31,232,97.318,28.484,149.188,149.188,17.112,2.046,23.222,23.465,1.694,0.061,14,0.5,4200,4.973811099
241,2.991,-2.308,2.243,-2.371,-0.151,32.166,3.964,687.795,32.023,28.483,29.299,20.818,17.105,18.26,11.938,13.163,7.707,8.861,4.746,5.621,14.384,23.075,38.773,11.762,30.988,14.211,630.464,0.744,1.395,2.023,0.912,-1.16,43,564.449,1101079577,41.84,29.545,25.828,268.04,0.465,0.164,-0.338,-0.465,6.831,179.82,630.977,1,0,0,1,0,32,0,0,254,29.222,5.907,46.454,89.43,39.524,18.629,28.748,0,28.594,29.422,10.217,124.007,12.791,28.594,124.007,37.989,-0.338,13.801,14.262,0.064,0,0,3,3,0,1,1,0,0,0,5,2.961,2.244,7.988,30.282,27.748,28.565,19.992,17.288,18.443,12.178,13.403,8.027,9.182,5.092,6.027,32.662,50.885,95.644,600.479,0.61,1.122,1.659,41,532.447,40.41,30.854,27.965,258.934,12.248,12.248,0.148,10.123,177.015,600.991,33,244,110.16,30.41,162.029,162.029,17.136,2.049,23.248,26.401,1.696,0.055,16,4,4200,6.324293776
242,2.991,-2.308,2.243,-2.371,-0.151,32.166,3.964,687.795,32.023,28.483,29.299,20.818,17.105,18.26,11.938,13.163,7.707,8.861,4.746,5.621,14.384,23.075,38.773,11.762,30.988,14.211,630.464,0.744,1.395,2.023,0.912,-1.16,43,564.449,1101079577,41.84,29.545,25.828,268.04,0.465,0.164,-0.338,-0.465,6.831,179.82,630.977,1,0,0,1,0,32,0,0,254,29.222,5.907,46.454,89.43,39.524,18.629,28.748,0,28.594,29.422,10.217,124.007,12.791,28.594,124.007,37.989,-0.338,13.801,14.262,0.064,0,0,3,3,0,1,1,0,0,0,5,2.961,2.244,7.988,30.282,27.748,28.565,19.992,17.288,18.443,12.178,13.403,8.027,9.182,5.092,6.027,32.662,50.885,95.644,600.479,0.61,1.122,1.659,41,532.447,40.41,30.854,27.965,258.934,12.248,12.248,0.148,10.123,177.015,600.991,33,244,110.16,30.41,162.029,162.029,17.136,2.049,23.248,26.401,1.696,0.055,16,2,4200,6.393419882
243,2.991,-2.308,2.243,-2.371,-0.151,32.166,3.964,687.795,32.023,28.483,29.299,20.818,17.105,18.26,11.938,13.163,7.707,8.861,4.746,5.621,14.384,23.075,38.773,11.762,30.988,14.211,630.464,0.744,1.395,2.023,0.912,-1.16,43,564.449,1101079577,41.84,29.545,25.828,268.04,0.465,0.164,-0.338,-0.465,6.831,179.82,630.977,1,0,0,1,0,32,0,0,254,29.222,5.907,46.454,89.43,39.524,18.629,28.748,0,28.594,29.422,10.217,124.007,12.791,28.594,124.007,37.989,-0.338,13.801,14.262,0.064,0,0,3,3,0,1,1,0,0,0,5,2.961,2.244,7.988,30.282,27.748,28.565,19.992,17.288,18.443,12.178,13.403,8.027,9.182,5.092,6.027,32.662,50.885,95.644,600.479,0.61,1.122,1.659,41,532.447,40.41,30.854,27.965,258.934,12.248,12.248,0.148,10.123,177.015,600.991,33,244,110.16,30.41,162.029,162.029,17.136,2.049,23.248,26.401,1.696,0.055,16,1,4200,5.91589137
244,2.991,-2.308,2.243,-2.371,-0.151,32.166,3.964,687.795,32.023,28.483,29.299,20.818,17.105,18.26,11.938,13.163,7.707,8.861,4.746,5.621,14.384,23.075,38.773,11.762,30.988,14.211,630.464,0.744,1.395,2.023,0.912,-1.16,43,564.449,1101079577,41.84,29.545,25.828,268.04,0.465,0.164,-0.338,-0.465,6.831,179.82,630.977,1,0,0,1,0,32,0,0,254,29.222,5.907,46.454,89.43,39.524,18.629,28.748,0,28.594,29.422,10.217,124.007,12.791,28.594,124.007,37.989,-0.338,13.801,14.262,0.064,0,0,3,3,0,1,1,0,0,0,5,2.961,2.244,7.988,30.282,27.748,28.565,19.992,17.288,18.443,12.178,13.403,8.027,9.182,5.092,6.027,32.662,50.885,95.644,600.479,0.61,1.122,1.659,41,532.447,40.41,30.854,27.965,258.934,12.248,12.248,0.148,10.123,177.015,600.991,33,244,110.16,30.41,162.029,162.029,17.136,2.049,23.248,26.401,1.696,0.055,16,0.5,4200,5.497159183
245,2.925,-2.34,2.243,-2.488,-0.151,32.166,2.127,674.022,28.772,24.756,25.572,18.853,14.76,15.914,10.632,11.856,7.206,8.36,4.54,5.414,14.384,29.682,0,16.662,11.824,19.317,574.365,0.872,1.564,2.205,0.897,-1.2,39,520.393,219846266.2,35.826,22.484,17.269,240.214,0.465,0.171,-0.344,-0.465,3.559,156.043,574.825,1,1,1,1,1,24,1,1,228,29.012,5.907,19.765,50.534,65.703,25.236,20.655,1,33.701,29.422,9.8,78.056,15.744,28.594,78.056,39.745,-0.344,7.784,9.634,0.137,1,1,3,3,1,0,1,0,1,0,3,2.961,2.244,7.988,30.282,27.748,28.565,19.992,17.288,18.443,12.178,13.403,8.027,9.182,5.092,6.027,32.662,50.885,95.644,600.479,0.61,1.122,1.659,41,532.447,40.41,30.854,27.965,258.934,12.248,12.248,0.148,10.123,177.015,600.991,33,244,110.16,30.41,162.029,162.029,17.136,2.049,23.248,26.401,1.696,0.055,16,4,4200,1.748188027
246,2.925,-2.34,2.243,-2.488,-0.151,32.166,2.127,674.022,28.772,24.756,25.572,18.853,14.76,15.914,10.632,11.856,7.206,8.36,4.54,5.414,14.384,29.682,0,16.662,11.824,19.317,574.365,0.872,1.564,2.205,0.897,-1.2,39,520.393,219846266.2,35.826,22.484,17.269,240.214,0.465,0.171,-0.344,-0.465,3.559,156.043,574.825,1,1,1,1,1,24,1,1,228,29.012,5.907,19.765,50.534,65.703,25.236,20.655,1,33.701,29.422,9.8,78.056,15.744,28.594,78.056,39.745,-0.344,7.784,9.634,0.137,1,1,3,3,1,0,1,0,1,0,3,2.961,2.244,7.988,30.282,27.748,28.565,19.992,17.288,18.443,12.178,13.403,8.027,9.182,5.092,6.027,32.662,50.885,95.644,600.479,0.61,1.122,1.659,41,532.447,40.41,30.854,27.965,258.934,12.248,12.248,0.148,10.123,177.015,600.991,33,244,110.16,30.41,162.029,162.029,17.136,2.049,23.248,26.401,1.696,0.055,16,2,4200,3.28780173
247,2.925,-2.34,2.243,-2.488,-0.151,32.166,2.127,674.022,28.772,24.756,25.572,18.853,14.76,15.914,10.632,11.856,7.206,8.36,4.54,5.414,14.384,29.682,0,16.662,11.824,19.317,574.365,0.872,1.564,2.205,0.897,-1.2,39,520.393,219846266.2,35.826,22.484,17.269,240.214,0.465,0.171,-0.344,-0.465,3.559,156.043,574.825,1,1,1,1,1,24,1,1,228,29.012,5.907,19.765,50.534,65.703,25.236,20.655,1,33.701,29.422,9.8,78.056,15.744,28.594,78.056,39.745,-0.344,7.784,9.634,0.137,1,1,3,3,1,0,1,0,1,0,3,2.961,2.244,7.988,30.282,27.748,28.565,19.992,17.288,18.443,12.178,13.403,8.027,9.182,5.092,6.027,32.662,50.885,95.644,600.479,0.61,1.122,1.659,41,532.447,40.41,30.854,27.965,258.934,12.248,12.248,0.148,10.123,177.015,600.991,33,244,110.16,30.41,162.029,162.029,17.136,2.049,23.248,26.401,1.696,0.055,16,1,4200,3.199480915
248,2.925,-2.34,2.243,-2.488,-0.151,32.166,2.127,674.022,28.772,24.756,25.572,18.853,14.76,15.914,10.632,11.856,7.206,8.36,4.54,5.414,14.384,29.682,0,16.662,11.824,19.317,574.365,0.872,1.564,2.205,0.897,-1.2,39,520.393,219846266.2,35.826,22.484,17.269,240.214,0.465,0.171,-0.344,-0.465,3.559,156.043,574.825,1,1,1,1,1,24,1,1,228,29.012,5.907,19.765,50.534,65.703,25.236,20.655,1,33.701,29.422,9.8,78.056,15.744,28.594,78.056,39.745,-0.344,7.784,9.634,0.137,1,1,3,3,1,0,1,0,1,0,3,2.961,2.244,7.988,30.282,27.748,28.565,19.992,17.288,18.443,12.178,13.403,8.027,9.182,5.092,6.027,32.662,50.885,95.644,600.479,0.61,1.122,1.659,41,532.447,40.41,30.854,27.965,258.934,12.248,12.248,0.148,10.123,177.015,600.991,33,244,110.16,30.41,162.029,162.029,17.136,2.049,23.248,26.401,1.696,0.055,16,0.5,4200,2.424881637
249,2.927,-2.308,2.242,-2.458,-0.151,32.166,2.071,662.934,28.608,24.861,25.678,18.904,14.898,16.053,10.627,11.852,7.038,8.192,4.405,5.28,14.384,23.075,0,11.762,22.457,14.211,573.381,0.923,1.641,2.333,0.897,-1.2,39,518.401,235200918.6,35.826,23.499,19.505,240.76,0.465,0.147,-0.336,-0.465,3.444,158.256,573.841,2,1,1,1,1,25,1,1,228,29.639,5.907,19.765,50.534,72.248,18.629,21.587,1,28.594,29.422,15.533,78.056,15.564,28.594,78.056,37.603,-0.336,7.819,11.445,0.125,0,0,3,3,0,2,1,0,1,0,3,2.961,2.244,7.988,30.282,27.748,28.565,19.992,17.288,18.443,12.178,13.403,8.027,9.182,5.092,6.027,32.662,50.885,95.644,600.479,0.61,1.122,1.659,41,532.447,40.41,30.854,27.965,258.934,12.248,12.248,0.148,10.123,177.015,600.991,33,244,110.16,30.41,162.029,162.029,17.136,2.049,23.248,26.401,1.696,0.055,16,4,4200,1.361727836
250,2.927,-2.308,2.242,-2.458,-0.151,32.166,2.071,662.934,28.608,24.861,25.678,18.904,14.898,16.053,10.627,11.852,7.038,8.192,4.405,5.28,14.384,23.075,0,11.762,22.457,14.211,573.381,0.923,1.641,2.333,0.897,-1.2,39,518.401,235200918.6,35.826,23.499,19.505,240.76,0.465,0.147,-0.336,-0.465,3.444,158.256,573.841,2,1,1,1,1,25,1,1,228,29.639,5.907,19.765,50.534,72.248,18.629,21.587,1,28.594,29.422,15.533,78.056,15.564,28.594,78.056,37.603,-0.336,7.819,11.445,0.125,0,0,3,3,0,2,1,0,1,0,3,2.961,2.244,7.988,30.282,27.748,28.565,19.992,17.288,18.443,12.178,13.403,8.027,9.182,5.092,6.027,32.662,50.885,95.644,600.479,0.61,1.122,1.659,41,532.447,40.41,30.854,27.965,258.934,12.248,12.248,0.148,10.123,177.015,600.991,33,244,110.16,30.41,162.029,162.029,17.136,2.049,23.248,26.401,1.696,0.055,16,2,4200,1.897627091
251,2.927,-2.308,2.242,-2.458,-0.151,32.166,2.071,662.934,28.608,24.861,25.678,18.904,14.898,16.053,10.627,11.852,7.038,8.192,4.405,5.28,14.384,23.075,0,11.762,22.457,14.211,573.381,0.923,1.641,2.333,0.897,-1.2,39,518.401,235200918.6,35.826,23.499,19.505,240.76,0.465,0.147,-0.336,-0.465,3.444,158.256,573.841,2,1,1,1,1,25,1,1,228,29.639,5.907,19.765,50.534,72.248,18.629,21.587,1,28.594,29.422,15.533,78.056,15.564,28.594,78.056,37.603,-0.336,7.819,11.445,0.125,0,0,3,3,0,2,1,0,1,0,3,2.961,2.244,7.988,30.282,27.748,28.565,19.992,17.288,18.443,12.178,13.403,8.027,9.182,5.092,6.027,32.662,50.885,95.644,600.479,0.61,1.122,1.659,41,532.447,40.41,30.854,27.965,258.934,12.248,12.248,0.148,10.123,177.015,600.991,33,244,110.16,30.41,162.029,162.029,17.136,2.049,23.248,26.401,1.696,0.055,16,1,4200,2.053078443
252,2.927,-2.308,2.242,-2.458,-0.151,32.166,2.071,662.934,28.608,24.861,25.678,18.904,14.898,16.053,10.627,11.852,7.038,8.192,4.405,5.28,14.384,23.075,0,11.762,22.457,14.211,573.381,0.923,1.641,2.333,0.897,-1.2,39,518.401,235200918.6,35.826,23.499,19.505,240.76,0.465,0.147,-0.336,-0.465,3.444,158.256,573.841,2,1,1,1,1,25,1,1,228,29.639,5.907,19.765,50.534,72.248,18.629,21.587,1,28.594,29.422,15.533,78.056,15.564,28.594,78.056,37.603,-0.336,7.819,11.445,0.125,0,0,3,3,0,2,1,0,1,0,3,2.961,2.244,7.988,30.282,27.748,28.565,19.992,17.288,18.443,12.178,13.403,8.027,9.182,5.092,6.027,32.662,50.885,95.644,600.479,0.61,1.122,1.659,41,532.447,40.41,30.854,27.965,258.934,12.248,12.248,0.148,10.123,177.015,600.991,33,244,110.16,30.41,162.029,162.029,17.136,2.049,23.248,26.401,1.696,0.055,16,0.5,4200,2.848804701
253,2.674,-2.308,2.241,-2.996,-0.36,35.453,0,414.533,21.09,18.641,20.214,13.492,10.581,11.736,7.436,8.66,4.674,5.829,2.796,3.526,9.589,29.575,0,11.762,12.657,14.211,455.247,0.966,1.655,2.241,0.905,-0.34,29,413.753,870080.485,30.85,20.914,18.17,187.318,1,0,-0.285,-1,-0.112,114.458,456.089,3,0,0,0,0,20,0,0,174,37.146,0,19.765,38.36,32.311,25.174,22.248,0,41.94,23.514,0,65.214,12.828,23.8,65.214,22.963,3.551,6.553,6.746,0.203,0,0,2,2,0,0,0,1,0,1,3,2.961,2.244,7.988,30.282,27.748,28.565,19.992,17.288,18.443,12.178,13.403,8.027,9.182,5.092,6.027,32.662,50.885,95.644,600.479,0.61,1.122,1.659,41,532.447,40.41,30.854,27.965,258.934,12.248,12.248,0.148,10.123,177.015,600.991,33,244,110.16,30.41,162.029,162.029,17.136,2.049,23.248,26.401,1.696,0.055,16,4,4200,2.509202522
254,2.674,-2.308,2.241,-2.996,-0.36,35.453,0,414.533,21.09,18.641,20.214,13.492,10.581,11.736,7.436,8.66,4.674,5.829,2.796,3.526,9.589,29.575,0,11.762,12.657,14.211,455.247,0.966,1.655,2.241,0.905,-0.34,29,413.753,870080.485,30.85,20.914,18.17,187.318,1,0,-0.285,-1,-0.112,114.458,456.089,3,0,0,0,0,20,0,0,174,37.146,0,19.765,38.36,32.311,25.174,22.248,0,41.94,23.514,0,65.214,12.828,23.8,65.214,22.963,3.551,6.553,6.746,0.203,0,0,2,2,0,0,0,1,0,1,3,2.961,2.244,7.988,30.282,27.748,28.565,19.992,17.288,18.443,12.178,13.403,8.027,9.182,5.092,6.027,32.662,50.885,95.644,600.479,0.61,1.122,1.659,41,532.447,40.41,30.854,27.965,258.934,12.248,12.248,0.148,10.123,177.015,600.991,33,244,110.16,30.41,162.029,162.029,17.136,2.049,23.248,26.401,1.696,0.055,16,2,4200,3.356025857
255,2.674,-2.308,2.241,-2.996,-0.36,35.453,0,414.533,21.09,18.641,20.214,13.492,10.581,11.736,7.436,8.66,4.674,5.829,2.796,3.526,9.589,29.575,0,11.762,12.657,14.211,455.247,0.966,1.655,2.241,0.905,-0.34,29,413.753,870080.485,30.85,20.914,18.17,187.318,1,0,-0.285,-1,-0.112,114.458,456.089,3,0,0,0,0,20,0,0,174,37.146,0,19.765,38.36,32.311,25.174,22.248,0,41.94,23.514,0,65.214,12.828,23.8,65.214,22.963,3.551,6.553,6.746,0.203,0,0,2,2,0,0,0,1,0,1,3,2.961,2.244,7.988,30.282,27.748,28.565,19.992,17.288,18.443,12.178,13.403,8.027,9.182,5.092,6.027,32.662,50.885,95.644,600.479,0.61,1.122,1.659,41,532.447,40.41,30.854,27.965,258.934,12.248,12.248,0.148,10.123,177.015,600.991,33,244,110.16,30.41,162.029,162.029,17.136,2.049,23.248,26.401,1.696,0.055,16,1,4200,3.112939976
256,2.674,-2.308,2.241,-2.996,-0.36,35.453,0,414.533,21.09,18.641,20.214,13.492,10.581,11.736,7.436,8.66,4.674,5.829,2.796,3.526,9.589,29.575,0,11.762,12.657,14.211,455.247,0.966,1.655,2.241,0.905,-0.34,29,413.753,870080.485,30.85,20.914,18.17,187.318,1,0,-0.285,-1,-0.112,114.458,456.089,3,0,0,0,0,20,0,0,174,37.146,0,19.765,38.36,32.311,25.174,22.248,0,41.94,23.514,0,65.214,12.828,23.8,65.214,22.963,3.551,6.553,6.746,0.203,0,0,2,2,0,0,0,1,0,1,3,2.961,2.244,7.988,30.282,27.748,28.565,19.992,17.288,18.443,12.178,13.403,8.027,9.182,5.092,6.027,32.662,50.885,95.644,600.479,0.61,1.122,1.659,41,532.447,40.41,30.854,27.965,258.934,12.248,12.248,0.148,10.123,177.015,600.991,33,244,110.16,30.41,162.029,162.029,17.136,2.049,23.248,26.401,1.696,0.055,16,0.5,4200,3.226084116
257,2.775,-2.308,2.242,-2.996,-0.4,35.453,0,538.939,24.244,20.828,22.4,15.297,11.503,12.657,8.265,9.414,5.239,6.454,3.052,3.961,14.384,48.193,7.11,6.924,10.471,14.211,513.253,0.97,1.636,2.212,0.87,-0.87,33,469.773,5204339.136,34.298,21.649,18.169,209.323,1,0,-0.359,-1,-0.571,125.395,514.125,3,0,0,0,0,21,0,0,196,41.883,0,19.765,38.36,26.558,31.491,22.501,0,51.472,29.484,0,71.256,13.485,33.331,65.214,34.388,3.426,6.18,5.428,0.16,0,0,3,3,0,0,0,1,0,1,3,2.961,2.244,7.988,30.282,27.748,28.565,19.992,17.288,18.443,12.178,13.403,8.027,9.182,5.092,6.027,32.662,50.885,95.644,600.479,0.61,1.122,1.659,41,532.447,40.41,30.854,27.965,258.934,12.248,12.248,0.148,10.123,177.015,600.991,33,244,110.16,30.41,162.029,162.029,17.136,2.049,23.248,26.401,1.696,0.055,16,4,4200,4.254765532
258,2.775,-2.308,2.242,-2.996,-0.4,35.453,0,538.939,24.244,20.828,22.4,15.297,11.503,12.657,8.265,9.414,5.239,6.454,3.052,3.961,14.384,48.193,7.11,6.924,10.471,14.211,513.253,0.97,1.636,2.212,0.87,-0.87,33,469.773,5204339.136,34.298,21.649,18.169,209.323,1,0,-0.359,-1,-0.571,125.395,514.125,3,0,0,0,0,21,0,0,196,41.883,0,19.765,38.36,26.558,31.491,22.501,0,51.472,29.484,0,71.256,13.485,33.331,65.214,34.388,3.426,6.18,5.428,0.16,0,0,3,3,0,0,0,1,0,1,3,2.961,2.244,7.988,30.282,27.748,28.565,19.992,17.288,18.443,12.178,13.403,8.027,9.182,5.092,6.027,32.662,50.885,95.644,600.479,0.61,1.122,1.659,41,532.447,40.41,30.854,27.965,258.934,12.248,12.248,0.148,10.123,177.015,600.991,33,244,110.16,30.41,162.029,162.029,17.136,2.049,23.248,26.401,1.696,0.055,16,2,4200,3.128076013
259,2.775,-2.308,2.242,-2.996,-0.4,35.453,0,538.939,24.244,20.828,22.4,15.297,11.503,12.657,8.265,9.414,5.239,6.454,3.052,3.961,14.384,48.193,7.11,6.924,10.471,14.211,513.253,0.97,1.636,2.212,0.87,-0.87,33,469.773,5204339.136,34.298,21.649,18.169,209.323,1,0,-0.359,-1,-0.571,125.395,514.125,3,0,0,0,0,21,0,0,196,41.883,0,19.765,38.36,26.558,31.491,22.501,0,51.472,29.484,0,71.256,13.485,33.331,65.214,34.388,3.426,6.18,5.428,0.16,0,0,3,3,0,0,0,1,0,1,3,2.961,2.244,7.988,30.282,27.748,28.565,19.992,17.288,18.443,12.178,13.403,8.027,9.182,5.092,6.027,32.662,50.885,95.644,600.479,0.61,1.122,1.659,41,532.447,40.41,30.854,27.965,258.934,12.248,12.248,0.148,10.123,177.015,600.991,33,244,110.16,30.41,162.029,162.029,17.136,2.049,23.248,26.401,1.696,0.055,16,1,4200,2.460897843
260,2.775,-2.308,2.242,-2.996,-0.4,35.453,0,538.939,24.244,20.828,22.4,15.297,11.503,12.657,8.265,9.414,5.239,6.454,3.052,3.961,14.384,48.193,7.11,6.924,10.471,14.211,513.253,0.97,1.636,2.212,0.87,-0.87,33,469.773,5204339.136,34.298,21.649,18.169,209.323,1,0,-0.359,-1,-0.571,125.395,514.125,3,0,0,0,0,21,0,0,196,41.883,0,19.765,38.36,26.558,31.491,22.501,0,51.472,29.484,0,71.256,13.485,33.331,65.214,34.388,3.426,6.18,5.428,0.16,0,0,3,3,0,0,0,1,0,1,3,2.961,2.244,7.988,30.282,27.748,28.565,19.992,17.288,18.443,12.178,13.403,8.027,9.182,5.092,6.027,32.662,50.885,95.644,600.479,0.61,1.122,1.659,41,532.447,40.41,30.854,27.965,258.934,12.248,12.248,0.148,10.123,177.015,600.991,33,244,110.16,30.41,162.029,162.029,17.136,2.049,23.248,26.401,1.696,0.055,16,0.5,4200,2.475671188
261,2.991,-2.308,2.243,-2.371,-0.151,32.166,3.964,687.795,32.023,28.483,29.299,20.818,17.105,18.26,11.938,13.163,7.707,8.861,4.746,5.621,14.384,23.075,38.773,11.762,30.988,14.211,630.464,0.744,1.395,2.023,0.912,-1.16,43,564.449,1101079577,41.84,29.545,25.828,268.04,0.465,0.164,-0.338,-0.465,6.831,179.82,630.977,1,0,0,1,0,32,0,0,254,29.222,5.907,46.454,89.43,39.524,18.629,28.748,0,28.594,29.422,10.217,124.007,12.791,28.594,124.007,37.989,-0.338,13.801,14.262,0.064,0,0,3,3,0,1,1,0,0,0,5,2.996,2.244,7.988,31.696,29.163,29.979,20.992,18.288,19.443,12.885,14.11,8.527,9.682,5.446,6.38,32.662,50.885,108.486,628.51,0.581,1.07,1.581,43,556.469,42.41,32.793,29.86,271.664,12.261,12.261,0.147,10.903,186.249,629.045,35,256,123.001,32.343,174.871,174.871,17.156,2.051,23.271,29.348,1.697,0.051,18,4,4200,3.380211242
262,2.991,-2.308,2.243,-2.371,-0.151,32.166,3.964,687.795,32.023,28.483,29.299,20.818,17.105,18.26,11.938,13.163,7.707,8.861,4.746,5.621,14.384,23.075,38.773,11.762,30.988,14.211,630.464,0.744,1.395,2.023,0.912,-1.16,43,564.449,1101079577,41.84,29.545,25.828,268.04,0.465,0.164,-0.338,-0.465,6.831,179.82,630.977,1,0,0,1,0,32,0,0,254,29.222,5.907,46.454,89.43,39.524,18.629,28.748,0,28.594,29.422,10.217,124.007,12.791,28.594,124.007,37.989,-0.338,13.801,14.262,0.064,0,0,3,3,0,1,1,0,0,0,5,2.996,2.244,7.988,31.696,29.163,29.979,20.992,18.288,19.443,12.885,14.11,8.527,9.682,5.446,6.38,32.662,50.885,108.486,628.51,0.581,1.07,1.581,43,556.469,42.41,32.793,29.86,271.664,12.261,12.261,0.147,10.903,186.249,629.045,35,256,123.001,32.343,174.871,174.871,17.156,2.051,23.271,29.348,1.697,0.051,18,2,4200,3.681693392
263,2.991,-2.308,2.243,-2.371,-0.151,32.166,3.964,687.795,32.023,28.483,29.299,20.818,17.105,18.26,11.938,13.163,7.707,8.861,4.746,5.621,14.384,23.075,38.773,11.762,30.988,14.211,630.464,0.744,1.395,2.023,0.912,-1.16,43,564.449,1101079577,41.84,29.545,25.828,268.04,0.465,0.164,-0.338,-0.465,6.831,179.82,630.977,1,0,0,1,0,32,0,0,254,29.222,5.907,46.454,89.43,39.524,18.629,28.748,0,28.594,29.422,10.217,124.007,12.791,28.594,124.007,37.989,-0.338,13.801,14.262,0.064,0,0,3,3,0,1,1,0,0,0,5,2.996,2.244,7.988,31.696,29.163,29.979,20.992,18.288,19.443,12.885,14.11,8.527,9.682,5.446,6.38,32.662,50.885,108.486,628.51,0.581,1.07,1.581,43,556.469,42.41,32.793,29.86,271.664,12.261,12.261,0.147,10.903,186.249,629.045,35,256,123.001,32.343,174.871,174.871,17.156,2.051,23.271,29.348,1.697,0.051,18,1,4200,2.527629901
264,2.991,-2.308,2.243,-2.371,-0.151,32.166,3.964,687.795,32.023,28.483,29.299,20.818,17.105,18.26,11.938,13.163,7.707,8.861,4.746,5.621,14.384,23.075,38.773,11.762,30.988,14.211,630.464,0.744,1.395,2.023,0.912,-1.16,43,564.449,1101079577,41.84,29.545,25.828,268.04,0.465,0.164,-0.338,-0.465,6.831,179.82,630.977,1,0,0,1,0,32,0,0,254,29.222,5.907,46.454,89.43,39.524,18.629,28.748,0,28.594,29.422,10.217,124.007,12.791,28.594,124.007,37.989,-0.338,13.801,14.262,0.064,0,0,3,3,0,1,1,0,0,0,5,2.996,2.244,7.988,31.696,29.163,29.979,20.992,18.288,19.443,12.885,14.11,8.527,9.682,5.446,6.38,32.662,50.885,108.486,628.51,0.581,1.07,1.581,43,556.469,42.41,32.793,29.86,271.664,12.261,12.261,0.147,10.903,186.249,629.045,35,256,123.001,32.343,174.871,174.871,17.156,2.051,23.271,29.348,1.697,0.051,18,0.5,4200,3.772541733
265,2.925,-2.34,2.243,-2.488,-0.151,32.166,2.127,674.022,28.772,24.756,25.572,18.853,14.76,15.914,10.632,11.856,7.206,8.36,4.54,5.414,14.384,29.682,0,16.662,11.824,19.317,574.365,0.872,1.564,2.205,0.897,-1.2,39,520.393,219846266.2,35.826,22.484,17.269,240.214,0.465,0.171,-0.344,-0.465,3.559,156.043,574.825,1,1,1,1,1,24,1,1,228,29.012,5.907,19.765,50.534,65.703,25.236,20.655,1,33.701,29.422,9.8,78.056,15.744,28.594,78.056,39.745,-0.344,7.784,9.634,0.137,1,1,3,3,1,0,1,0,1,0,3,2.996,2.244,7.988,31.696,29.163,29.979,20.992,18.288,19.443,12.885,14.11,8.527,9.682,5.446,6.38,32.662,50.885,108.486,628.51,0.581,1.07,1.581,43,556.469,42.41,32.793,29.86,271.664,12.261,12.261,0.147,10.903,186.249,629.045,35,256,123.001,32.343,174.871,174.871,17.156,2.051,23.271,29.348,1.697,0.051,18,4,4200,2.947433722
266,2.925,-2.34,2.243,-2.488,-0.151,32.166,2.127,674.022,28.772,24.756,25.572,18.853,14.76,15.914,10.632,11.856,7.206,8.36,4.54,5.414,14.384,29.682,0,16.662,11.824,19.317,574.365,0.872,1.564,2.205,0.897,-1.2,39,520.393,219846266.2,35.826,22.484,17.269,240.214,0.465,0.171,-0.344,-0.465,3.559,156.043,574.825,1,1,1,1,1,24,1,1,228,29.012,5.907,19.765,50.534,65.703,25.236,20.655,1,33.701,29.422,9.8,78.056,15.744,28.594,78.056,39.745,-0.344,7.784,9.634,0.137,1,1,3,3,1,0,1,0,1,0,3,2.996,2.244,7.988,31.696,29.163,29.979,20.992,18.288,19.443,12.885,14.11,8.527,9.682,5.446,6.38,32.662,50.885,108.486,628.51,0.581,1.07,1.581,43,556.469,42.41,32.793,29.86,271.664,12.261,12.261,0.147,10.903,186.249,629.045,35,256,123.001,32.343,174.871,174.871,17.156,2.051,23.271,29.348,1.697,0.051,18,2,4200,2.626340367
267,2.925,-2.34,2.243,-2.488,-0.151,32.166,2.127,674.022,28.772,24.756,25.572,18.853,14.76,15.914,10.632,11.856,7.206,8.36,4.54,5.414,14.384,29.682,0,16.662,11.824,19.317,574.365,0.872,1.564,2.205,0.897,-1.2,39,520.393,219846266.2,35.826,22.484,17.269,240.214,0.465,0.171,-0.344,-0.465,3.559,156.043,574.825,1,1,1,1,1,24,1,1,228,29.012,5.907,19.765,50.534,65.703,25.236,20.655,1,33.701,29.422,9.8,78.056,15.744,28.594,78.056,39.745,-0.344,7.784,9.634,0.137,1,1,3,3,1,0,1,0,1,0,3,2.996,2.244,7.988,31.696,29.163,29.979,20.992,18.288,19.443,12.885,14.11,8.527,9.682,5.446,6.38,32.662,50.885,108.486,628.51,0.581,1.07,1.581,43,556.469,42.41,32.793,29.86,271.664,12.261,12.261,0.147,10.903,186.249,629.045,35,256,123.001,32.343,174.871,174.871,17.156,2.051,23.271,29.348,1.697,0.051,18,1,4200,3.181557774
268,2.925,-2.34,2.243,-2.488,-0.151,32.166,2.127,674.022,28.772,24.756,25.572,18.853,14.76,15.914,10.632,11.856,7.206,8.36,4.54,5.414,14.384,29.682,0,16.662,11.824,19.317,574.365,0.872,1.564,2.205,0.897,-1.2,39,520.393,219846266.2,35.826,22.484,17.269,240.214,0.465,0.171,-0.344,-0.465,3.559,156.043,574.825,1,1,1,1,1,24,1,1,228,29.012,5.907,19.765,50.534,65.703,25.236,20.655,1,33.701,29.422,9.8,78.056,15.744,28.594,78.056,39.745,-0.344,7.784,9.634,0.137,1,1,3,3,1,0,1,0,1,0,3,2.996,2.244,7.988,31.696,29.163,29.979,20.992,18.288,19.443,12.885,14.11,8.527,9.682,5.446,6.38,32.662,50.885,108.486,628.51,0.581,1.07,1.581,43,556.469,42.41,32.793,29.86,271.664,12.261,12.261,0.147,10.903,186.249,629.045,35,256,123.001,32.343,174.871,174.871,17.156,2.051,23.271,29.348,1.697,0.051,18,0.5,4200,3.504334912
269,2.927,-2.308,2.242,-2.458,-0.151,32.166,2.071,662.934,28.608,24.861,25.678,18.904,14.898,16.053,10.627,11.852,7.038,8.192,4.405,5.28,14.384,23.075,0,11.762,22.457,14.211,573.381,0.923,1.641,2.333,0.897,-1.2,39,518.401,235200918.6,35.826,23.499,19.505,240.76,0.465,0.147,-0.336,-0.465,3.444,158.256,573.841,2,1,1,1,1,25,1,1,228,29.639,5.907,19.765,50.534,72.248,18.629,21.587,1,28.594,29.422,15.533,78.056,15.564,28.594,78.056,37.603,-0.336,7.819,11.445,0.125,0,0,3,3,0,2,1,0,1,0,3,2.996,2.244,7.988,31.696,29.163,29.979,20.992,18.288,19.443,12.885,14.11,8.527,9.682,5.446,6.38,32.662,50.885,108.486,628.51,0.581,1.07,1.581,43,556.469,42.41,32.793,29.86,271.664,12.261,12.261,0.147,10.903,186.249,629.045,35,256,123.001,32.343,174.871,174.871,17.156,2.051,23.271,29.348,1.697,0.051,18,4,4200,1
270,2.927,-2.308,2.242,-2.458,-0.151,32.166,2.071,662.934,28.608,24.861,25.678,18.904,14.898,16.053,10.627,11.852,7.038,8.192,4.405,5.28,14.384,23.075,0,11.762,22.457,14.211,573.381,0.923,1.641,2.333,0.897,-1.2,39,518.401,235200918.6,35.826,23.499,19.505,240.76,0.465,0.147,-0.336,-0.465,3.444,158.256,573.841,2,1,1,1,1,25,1,1,228,29.639,5.907,19.765,50.534,72.248,18.629,21.587,1,28.594,29.422,15.533,78.056,15.564,28.594,78.056,37.603,-0.336,7.819,11.445,0.125,0,0,3,3,0,2,1,0,1,0,3,2.996,2.244,7.988,31.696,29.163,29.979,20.992,18.288,19.443,12.885,14.11,8.527,9.682,5.446,6.38,32.662,50.885,108.486,628.51,0.581,1.07,1.581,43,556.469,42.41,32.793,29.86,271.664,12.261,12.261,0.147,10.903,186.249,629.045,35,256,123.001,32.343,174.871,174.871,17.156,2.051,23.271,29.348,1.697,0.051,18,2,4200,1.86332286
271,2.927,-2.308,2.242,-2.458,-0.151,32.166,2.071,662.934,28.608,24.861,25.678,18.904,14.898,16.053,10.627,11.852,7.038,8.192,4.405,5.28,14.384,23.075,0,11.762,22.457,14.211,573.381,0.923,1.641,2.333,0.897,-1.2,39,518.401,235200918.6,35.826,23.499,19.505,240.76,0.465,0.147,-0.336,-0.465,3.444,158.256,573.841,2,1,1,1,1,25,1,1,228,29.639,5.907,19.765,50.534,72.248,18.629,21.587,1,28.594,29.422,15.533,78.056,15.564,28.594,78.056,37.603,-0.336,7.819,11.445,0.125,0,0,3,3,0,2,1,0,1,0,3,2.996,2.244,7.988,31.696,29.163,29.979,20.992,18.288,19.443,12.885,14.11,8.527,9.682,5.446,6.38,32.662,50.885,108.486,628.51,0.581,1.07,1.581,43,556.469,42.41,32.793,29.86,271.664,12.261,12.261,0.147,10.903,186.249,629.045,35,256,123.001,32.343,174.871,174.871,17.156,2.051,23.271,29.348,1.697,0.051,18,1,4200,1.934498451
272,2.927,-2.308,2.242,-2.458,-0.151,32.166,2.071,662.934,28.608,24.861,25.678,18.904,14.898,16.053,10.627,11.852,7.038,8.192,4.405,5.28,14.384,23.075,0,11.762,22.457,14.211,573.381,0.923,1.641,2.333,0.897,-1.2,39,518.401,235200918.6,35.826,23.499,19.505,240.76,0.465,0.147,-0.336,-0.465,3.444,158.256,573.841,2,1,1,1,1,25,1,1,228,29.639,5.907,19.765,50.534,72.248,18.629,21.587,1,28.594,29.422,15.533,78.056,15.564,28.594,78.056,37.603,-0.336,7.819,11.445,0.125,0,0,3,3,0,2,1,0,1,0,3,2.996,2.244,7.988,31.696,29.163,29.979,20.992,18.288,19.443,12.885,14.11,8.527,9.682,5.446,6.38,32.662,50.885,108.486,628.51,0.581,1.07,1.581,43,556.469,42.41,32.793,29.86,271.664,12.261,12.261,0.147,10.903,186.249,629.045,35,256,123.001,32.343,174.871,174.871,17.156,2.051,23.271,29.348,1.697,0.051,18,0.5,4200,2.597695186
273,2.674,-2.308,2.241,-2.996,-0.36,35.453,0,414.533,21.09,18.641,20.214,13.492,10.581,11.736,7.436,8.66,4.674,5.829,2.796,3.526,9.589,29.575,0,11.762,12.657,14.211,455.247,0.966,1.655,2.241,0.905,-0.34,29,413.753,870080.485,30.85,20.914,18.17,187.318,1,0,-0.285,-1,-0.112,114.458,456.089,3,0,0,0,0,20,0,0,174,37.146,0,19.765,38.36,32.311,25.174,22.248,0,41.94,23.514,0,65.214,12.828,23.8,65.214,22.963,3.551,6.553,6.746,0.203,0,0,2,2,0,0,0,1,0,1,3,2.996,2.244,7.988,31.696,29.163,29.979,20.992,18.288,19.443,12.885,14.11,8.527,9.682,5.446,6.38,32.662,50.885,108.486,628.51,0.581,1.07,1.581,43,556.469,42.41,32.793,29.86,271.664,12.261,12.261,0.147,10.903,186.249,629.045,35,256,123.001,32.343,174.871,174.871,17.156,2.051,23.271,29.348,1.697,0.051,18,4,4200,3.799340549
274,2.674,-2.308,2.241,-2.996,-0.36,35.453,0,414.533,21.09,18.641,20.214,13.492,10.581,11.736,7.436,8.66,4.674,5.829,2.796,3.526,9.589,29.575,0,11.762,12.657,14.211,455.247,0.966,1.655,2.241,0.905,-0.34,29,413.753,870080.485,30.85,20.914,18.17,187.318,1,0,-0.285,-1,-0.112,114.458,456.089,3,0,0,0,0,20,0,0,174,37.146,0,19.765,38.36,32.311,25.174,22.248,0,41.94,23.514,0,65.214,12.828,23.8,65.214,22.963,3.551,6.553,6.746,0.203,0,0,2,2,0,0,0,1,0,1,3,2.996,2.244,7.988,31.696,29.163,29.979,20.992,18.288,19.443,12.885,14.11,8.527,9.682,5.446,6.38,32.662,50.885,108.486,628.51,0.581,1.07,1.581,43,556.469,42.41,32.793,29.86,271.664,12.261,12.261,0.147,10.903,186.249,629.045,35,256,123.001,32.343,174.871,174.871,17.156,2.051,23.271,29.348,1.697,0.051,18,2,4200,3.867467488
275,2.674,-2.308,2.241,-2.996,-0.36,35.453,0,414.533,21.09,18.641,20.214,13.492,10.581,11.736,7.436,8.66,4.674,5.829,2.796,3.526,9.589,29.575,0,11.762,12.657,14.211,455.247,0.966,1.655,2.241,0.905,-0.34,29,413.753,870080.485,30.85,20.914,18.17,187.318,1,0,-0.285,-1,-0.112,114.458,456.089,3,0,0,0,0,20,0,0,174,37.146,0,19.765,38.36,32.311,25.174,22.248,0,41.94,23.514,0,65.214,12.828,23.8,65.214,22.963,3.551,6.553,6.746,0.203,0,0,2,2,0,0,0,1,0,1,3,2.996,2.244,7.988,31.696,29.163,29.979,20.992,18.288,19.443,12.885,14.11,8.527,9.682,5.446,6.38,32.662,50.885,108.486,628.51,0.581,1.07,1.581,43,556.469,42.41,32.793,29.86,271.664,12.261,12.261,0.147,10.903,186.249,629.045,35,256,123.001,32.343,174.871,174.871,17.156,2.051,23.271,29.348,1.697,0.051,18,1,4200,3.282622113
276,2.674,-2.308,2.241,-2.996,-0.36,35.453,0,414.533,21.09,18.641,20.214,13.492,10.581,11.736,7.436,8.66,4.674,5.829,2.796,3.526,9.589,29.575,0,11.762,12.657,14.211,455.247,0.966,1.655,2.241,0.905,-0.34,29,413.753,870080.485,30.85,20.914,18.17,187.318,1,0,-0.285,-1,-0.112,114.458,456.089,3,0,0,0,0,20,0,0,174,37.146,0,19.765,38.36,32.311,25.174,22.248,0,41.94,23.514,0,65.214,12.828,23.8,65.214,22.963,3.551,6.553,6.746,0.203,0,0,2,2,0,0,0,1,0,1,3,2.996,2.244,7.988,31.696,29.163,29.979,20.992,18.288,19.443,12.885,14.11,8.527,9.682,5.446,6.38,32.662,50.885,108.486,628.51,0.581,1.07,1.581,43,556.469,42.41,32.793,29.86,271.664,12.261,12.261,0.147,10.903,186.249,629.045,35,256,123.001,32.343,174.871,174.871,17.156,2.051,23.271,29.348,1.697,0.051,18,0.5,4200,3.108226656
277,2.775,-2.308,2.242,-2.996,-0.4,35.453,0,538.939,24.244,20.828,22.4,15.297,11.503,12.657,8.265,9.414,5.239,6.454,3.052,3.961,14.384,48.193,7.11,6.924,10.471,14.211,513.253,0.97,1.636,2.212,0.87,-0.87,33,469.773,5204339.136,34.298,21.649,18.169,209.323,1,0,-0.359,-1,-0.571,125.395,514.125,3,0,0,0,0,21,0,0,196,41.883,0,19.765,38.36,26.558,31.491,22.501,0,51.472,29.484,0,71.256,13.485,33.331,65.214,34.388,3.426,6.18,5.428,0.16,0,0,3,3,0,0,0,1,0,1,3,2.996,2.244,7.988,31.696,29.163,29.979,20.992,18.288,19.443,12.885,14.11,8.527,9.682,5.446,6.38,32.662,50.885,108.486,628.51,0.581,1.07,1.581,43,556.469,42.41,32.793,29.86,271.664,12.261,12.261,0.147,10.903,186.249,629.045,35,256,123.001,32.343,174.871,174.871,17.156,2.051,23.271,29.348,1.697,0.051,18,4,4200,3.922154325
278,2.775,-2.308,2.242,-2.996,-0.4,35.453,0,538.939,24.244,20.828,22.4,15.297,11.503,12.657,8.265,9.414,5.239,6.454,3.052,3.961,14.384,48.193,7.11,6.924,10.471,14.211,513.253,0.97,1.636,2.212,0.87,-0.87,33,469.773,5204339.136,34.298,21.649,18.169,209.323,1,0,-0.359,-1,-0.571,125.395,514.125,3,0,0,0,0,21,0,0,196,41.883,0,19.765,38.36,26.558,31.491,22.501,0,51.472,29.484,0,71.256,13.485,33.331,65.214,34.388,3.426,6.18,5.428,0.16,0,0,3,3,0,0,0,1,0,1,3,2.996,2.244,7.988,31.696,29.163,29.979,20.992,18.288,19.443,12.885,14.11,8.527,9.682,5.446,6.38,32.662,50.885,108.486,628.51,0.581,1.07,1.581,43,556.469,42.41,32.793,29.86,271.664,12.261,12.261,0.147,10.903,186.249,629.045,35,256,123.001,32.343,174.871,174.871,17.156,2.051,23.271,29.348,1.697,0.051,18,2,4200,4.266184642
279,2.775,-2.308,2.242,-2.996,-0.4,35.453,0,538.939,24.244,20.828,22.4,15.297,11.503,12.657,8.265,9.414,5.239,6.454,3.052,3.961,14.384,48.193,7.11,6.924,10.471,14.211,513.253,0.97,1.636,2.212,0.87,-0.87,33,469.773,5204339.136,34.298,21.649,18.169,209.323,1,0,-0.359,-1,-0.571,125.395,514.125,3,0,0,0,0,21,0,0,196,41.883,0,19.765,38.36,26.558,31.491,22.501,0,51.472,29.484,0,71.256,13.485,33.331,65.214,34.388,3.426,6.18,5.428,0.16,0,0,3,3,0,0,0,1,0,1,3,2.996,2.244,7.988,31.696,29.163,29.979,20.992,18.288,19.443,12.885,14.11,8.527,9.682,5.446,6.38,32.662,50.885,108.486,628.51,0.581,1.07,1.581,43,556.469,42.41,32.793,29.86,271.664,12.261,12.261,0.147,10.903,186.249,629.045,35,256,123.001,32.343,174.871,174.871,17.156,2.051,23.271,29.348,1.697,0.051,18,1,4200,3.486713776
280,2.775,-2.308,2.242,-2.996,-0.4,35.453,0,538.939,24.244,20.828,22.4,15.297,11.503,12.657,8.265,9.414,5.239,6.454,3.052,3.961,14.384,48.193,7.11,6.924,10.471,14.211,513.253,0.97,1.636,2.212,0.87,-0.87,33,469.773,5204339.136,34.298,21.649,18.169,209.323,1,0,-0.359,-1,-0.571,125.395,514.125,3,0,0,0,0,21,0,0,196,41.883,0,19.765,38.36,26.558,31.491,22.501,0,51.472,29.484,0,71.256,13.485,33.331,65.214,34.388,3.426,6.18,5.428,0.16,0,0,3,3,0,0,0,1,0,1,3,2.996,2.244,7.988,31.696,29.163,29.979,20.992,18.288,19.443,12.885,14.11,8.527,9.682,5.446,6.38,32.662,50.885,108.486,628.51,0.581,1.07,1.581,43,556.469,42.41,32.793,29.86,271.664,12.261,12.261,0.147,10.903,186.249,629.045,35,256,123.001,32.343,174.871,174.871,17.156,2.051,23.271,29.348,1.697,0.051,18,0.5,4200,2.481442629
281,2.991,-2.308,2.243,-2.371,-0.151,32.166,3.964,687.795,32.023,28.483,29.299,20.818,17.105,18.26,11.938,13.163,7.707,8.861,4.746,5.621,14.384,23.075,38.773,11.762,30.988,14.211,630.464,0.744,1.395,2.023,0.912,-1.16,43,564.449,1101079577,41.84,29.545,25.828,268.04,0.465,0.164,-0.338,-0.465,6.831,179.82,630.977,1,0,0,1,0,32,0,0,254,29.222,5.907,46.454,89.43,39.524,18.629,28.748,0,28.594,29.422,10.217,124.007,12.791,28.594,124.007,37.989,-0.338,13.801,14.262,0.064,0,0,3,3,0,1,1,0,0,0,5,2.671,2.242,7.988,21.96,19.426,20.243,13.848,11.144,12.299,8.438,9.588,4.836,6.316,2.911,3.871,32.662,56.803,5.753,432.291,0.966,1.655,2.241,29,388.315,28.41,18.201,16.848,182.555,12.093,12.093,0.157,5.298,121.541,432.667,20,172,33.613,17.83,79.062,79.062,16.869,1.972,23.008,6.595,1.676,0.192,3,4,4200,4.32417953
282,2.991,-2.308,2.243,-2.371,-0.151,32.166,3.964,687.795,32.023,28.483,29.299,20.818,17.105,18.26,11.938,13.163,7.707,8.861,4.746,5.621,14.384,23.075,38.773,11.762,30.988,14.211,630.464,0.744,1.395,2.023,0.912,-1.16,43,564.449,1101079577,41.84,29.545,25.828,268.04,0.465,0.164,-0.338,-0.465,6.831,179.82,630.977,1,0,0,1,0,32,0,0,254,29.222,5.907,46.454,89.43,39.524,18.629,28.748,0,28.594,29.422,10.217,124.007,12.791,28.594,124.007,37.989,-0.338,13.801,14.262,0.064,0,0,3,3,0,1,1,0,0,0,5,2.671,2.242,7.988,21.96,19.426,20.243,13.848,11.144,12.299,8.438,9.588,4.836,6.316,2.911,3.871,32.662,56.803,5.753,432.291,0.966,1.655,2.241,29,388.315,28.41,18.201,16.848,182.555,12.093,12.093,0.157,5.298,121.541,432.667,20,172,33.613,17.83,79.062,79.062,16.869,1.972,23.008,6.595,1.676,0.192,3,2,4200,3.847572659
283,2.991,-2.308,2.243,-2.371,-0.151,32.166,3.964,687.795,32.023,28.483,29.299,20.818,17.105,18.26,11.938,13.163,7.707,8.861,4.746,5.621,14.384,23.075,38.773,11.762,30.988,14.211,630.464,0.744,1.395,2.023,0.912,-1.16,43,564.449,1101079577,41.84,29.545,25.828,268.04,0.465,0.164,-0.338,-0.465,6.831,179.82,630.977,1,0,0,1,0,32,0,0,254,29.222,5.907,46.454,89.43,39.524,18.629,28.748,0,28.594,29.422,10.217,124.007,12.791,28.594,124.007,37.989,-0.338,13.801,14.262,0.064,0,0,3,3,0,1,1,0,0,0,5,2.671,2.242,7.988,21.96,19.426,20.243,13.848,11.144,12.299,8.438,9.588,4.836,6.316,2.911,3.871,32.662,56.803,5.753,432.291,0.966,1.655,2.241,29,388.315,28.41,18.201,16.848,182.555,12.093,12.093,0.157,5.298,121.541,432.667,20,172,33.613,17.83,79.062,79.062,16.869,1.972,23.008,6.595,1.676,0.192,3,1,4200,4.231393123
284,2.991,-2.308,2.243,-2.371,-0.151,32.166,3.964,687.795,32.023,28.483,29.299,20.818,17.105,18.26,11.938,13.163,7.707,8.861,4.746,5.621,14.384,23.075,38.773,11.762,30.988,14.211,630.464,0.744,1.395,2.023,0.912,-1.16,43,564.449,1101079577,41.84,29.545,25.828,268.04,0.465,0.164,-0.338,-0.465,6.831,179.82,630.977,1,0,0,1,0,32,0,0,254,29.222,5.907,46.454,89.43,39.524,18.629,28.748,0,28.594,29.422,10.217,124.007,12.791,28.594,124.007,37.989,-0.338,13.801,14.262,0.064,0,0,3,3,0,1,1,0,0,0,5,2.671,2.242,7.988,21.96,19.426,20.243,13.848,11.144,12.299,8.438,9.588,4.836,6.316,2.911,3.871,32.662,56.803,5.753,432.291,0.966,1.655,2.241,29,388.315,28.41,18.201,16.848,182.555,12.093,12.093,0.157,5.298,121.541,432.667,20,172,33.613,17.83,79.062,79.062,16.869,1.972,23.008,6.595,1.676,0.192,3,0.5,4200,4.73755043
285,2.925,-2.34,2.243,-2.488,-0.151,32.166,2.127,674.022,28.772,24.756,25.572,18.853,14.76,15.914,10.632,11.856,7.206,8.36,4.54,5.414,14.384,29.682,0,16.662,11.824,19.317,574.365,0.872,1.564,2.205,0.897,-1.2,39,520.393,219846266.2,35.826,22.484,17.269,240.214,0.465,0.171,-0.344,-0.465,3.559,156.043,574.825,1,1,1,1,1,24,1,1,228,29.012,5.907,19.765,50.534,65.703,25.236,20.655,1,33.701,29.422,9.8,78.056,15.744,28.594,78.056,39.745,-0.344,7.784,9.634,0.137,1,1,3,3,1,0,1,0,1,0,3,2.671,2.242,7.988,21.96,19.426,20.243,13.848,11.144,12.299,8.438,9.588,4.836,6.316,2.911,3.871,32.662,56.803,5.753,432.291,0.966,1.655,2.241,29,388.315,28.41,18.201,16.848,182.555,12.093,12.093,0.157,5.298,121.541,432.667,20,172,33.613,17.83,79.062,79.062,16.869,1.972,23.008,6.595,1.676,0.192,3,4,4200,2.164352856
286,2.925,-2.34,2.243,-2.488,-0.151,32.166,2.127,674.022,28.772,24.756,25.572,18.853,14.76,15.914,10.632,11.856,7.206,8.36,4.54,5.414,14.384,29.682,0,16.662,11.824,19.317,574.365,0.872,1.564,2.205,0.897,-1.2,39,520.393,219846266.2,35.826,22.484,17.269,240.214,0.465,0.171,-0.344,-0.465,3.559,156.043,574.825,1,1,1,1,1,24,1,1,228,29.012,5.907,19.765,50.534,65.703,25.236,20.655,1,33.701,29.422,9.8,78.056,15.744,28.594,78.056,39.745,-0.344,7.784,9.634,0.137,1,1,3,3,1,0,1,0,1,0,3,2.671,2.242,7.988,21.96,19.426,20.243,13.848,11.144,12.299,8.438,9.588,4.836,6.316,2.911,3.871,32.662,56.803,5.753,432.291,0.966,1.655,2.241,29,388.315,28.41,18.201,16.848,182.555,12.093,12.093,0.157,5.298,121.541,432.667,20,172,33.613,17.83,79.062,79.062,16.869,1.972,23.008,6.595,1.676,0.192,3,2,4200,2.100370545
287,2.925,-2.34,2.243,-2.488,-0.151,32.166,2.127,674.022,28.772,24.756,25.572,18.853,14.76,15.914,10.632,11.856,7.206,8.36,4.54,5.414,14.384,29.682,0,16.662,11.824,19.317,574.365,0.872,1.564,2.205,0.897,-1.2,39,520.393,219846266.2,35.826,22.484,17.269,240.214,0.465,0.171,-0.344,-0.465,3.559,156.043,574.825,1,1,1,1,1,24,1,1,228,29.012,5.907,19.765,50.534,65.703,25.236,20.655,1,33.701,29.422,9.8,78.056,15.744,28.594,78.056,39.745,-0.344,7.784,9.634,0.137,1,1,3,3,1,0,1,0,1,0,3,2.671,2.242,7.988,21.96,19.426,20.243,13.848,11.144,12.299,8.438,9.588,4.836,6.316,2.911,3.871,32.662,56.803,5.753,432.291,0.966,1.655,2.241,29,388.315,28.41,18.201,16.848,182.555,12.093,12.093,0.157,5.298,121.541,432.667,20,172,33.613,17.83,79.062,79.062,16.869,1.972,23.008,6.595,1.676,0.192,3,1,4200,2.155336037
288,2.925,-2.34,2.243,-2.488,-0.151,32.166,2.127,674.022,28.772,24.756,25.572,18.853,14.76,15.914,10.632,11.856,7.206,8.36,4.54,5.414,14.384,29.682,0,16.662,11.824,19.317,574.365,0.872,1.564,2.205,0.897,-1.2,39,520.393,219846266.2,35.826,22.484,17.269,240.214,0.465,0.171,-0.344,-0.465,3.559,156.043,574.825,1,1,1,1,1,24,1,1,228,29.012,5.907,19.765,50.534,65.703,25.236,20.655,1,33.701,29.422,9.8,78.056,15.744,28.594,78.056,39.745,-0.344,7.784,9.634,0.137,1,1,3,3,1,0,1,0,1,0,3,2.671,2.242,7.988,21.96,19.426,20.243,13.848,11.144,12.299,8.438,9.588,4.836,6.316,2.911,3.871,32.662,56.803,5.753,432.291,0.966,1.655,2.241,29,388.315,28.41,18.201,16.848,182.555,12.093,12.093,0.157,5.298,121.541,432.667,20,172,33.613,17.83,79.062,79.062,16.869,1.972,23.008,6.595,1.676,0.192,3,0.5,4200,2.053078443
289,2.927,-2.308,2.242,-2.458,-0.151,32.166,2.071,662.934,28.608,24.861,25.678,18.904,14.898,16.053,10.627,11.852,7.038,8.192,4.405,5.28,14.384,23.075,0,11.762,22.457,14.211,573.381,0.923,1.641,2.333,0.897,-1.2,39,518.401,235200918.6,35.826,23.499,19.505,240.76,0.465,0.147,-0.336,-0.465,3.444,158.256,573.841,2,1,1,1,1,25,1,1,228,29.639,5.907,19.765,50.534,72.248,18.629,21.587,1,28.594,29.422,15.533,78.056,15.564,28.594,78.056,37.603,-0.336,7.819,11.445,0.125,0,0,3,3,0,2,1,0,1,0,3,2.671,2.242,7.988,21.96,19.426,20.243,13.848,11.144,12.299,8.438,9.588,4.836,6.316,2.911,3.871,32.662,56.803,5.753,432.291,0.966,1.655,2.241,29,388.315,28.41,18.201,16.848,182.555,12.093,12.093,0.157,5.298,121.541,432.667,20,172,33.613,17.83,79.062,79.062,16.869,1.972,23.008,6.595,1.676,0.192,3,4,4200,1.633468456
290,2.927,-2.308,2.242,-2.458,-0.151,32.166,2.071,662.934,28.608,24.861,25.678,18.904,14.898,16.053,10.627,11.852,7.038,8.192,4.405,5.28,14.384,23.075,0,11.762,22.457,14.211,573.381,0.923,1.641,2.333,0.897,-1.2,39,518.401,235200918.6,35.826,23.499,19.505,240.76,0.465,0.147,-0.336,-0.465,3.444,158.256,573.841,2,1,1,1,1,25,1,1,228,29.639,5.907,19.765,50.534,72.248,18.629,21.587,1,28.594,29.422,15.533,78.056,15.564,28.594,78.056,37.603,-0.336,7.819,11.445,0.125,0,0,3,3,0,2,1,0,1,0,3,2.671,2.242,7.988,21.96,19.426,20.243,13.848,11.144,12.299,8.438,9.588,4.836,6.316,2.911,3.871,32.662,56.803,5.753,432.291,0.966,1.655,2.241,29,388.315,28.41,18.201,16.848,182.555,12.093,12.093,0.157,5.298,121.541,432.667,20,172,33.613,17.83,79.062,79.062,16.869,1.972,23.008,6.595,1.676,0.192,3,2,4200,-1
291,2.927,-2.308,2.242,-2.458,-0.151,32.166,2.071,662.934,28.608,24.861,25.678,18.904,14.898,16.053,10.627,11.852,7.038,8.192,4.405,5.28,14.384,23.075,0,11.762,22.457,14.211,573.381,0.923,1.641,2.333,0.897,-1.2,39,518.401,235200918.6,35.826,23.499,19.505,240.76,0.465,0.147,-0.336,-0.465,3.444,158.256,573.841,2,1,1,1,1,25,1,1,228,29.639,5.907,19.765,50.534,72.248,18.629,21.587,1,28.594,29.422,15.533,78.056,15.564,28.594,78.056,37.603,-0.336,7.819,11.445,0.125,0,0,3,3,0,2,1,0,1,0,3,2.671,2.242,7.988,21.96,19.426,20.243,13.848,11.144,12.299,8.438,9.588,4.836,6.316,2.911,3.871,32.662,56.803,5.753,432.291,0.966,1.655,2.241,29,388.315,28.41,18.201,16.848,182.555,12.093,12.093,0.157,5.298,121.541,432.667,20,172,33.613,17.83,79.062,79.062,16.869,1.972,23.008,6.595,1.676,0.192,3,1,4200,2.59439255
292,2.927,-2.308,2.242,-2.458,-0.151,32.166,2.071,662.934,28.608,24.861,25.678,18.904,14.898,16.053,10.627,11.852,7.038,8.192,4.405,5.28,14.384,23.075,0,11.762,22.457,14.211,573.381,0.923,1.641,2.333,0.897,-1.2,39,518.401,235200918.6,35.826,23.499,19.505,240.76,0.465,0.147,-0.336,-0.465,3.444,158.256,573.841,2,1,1,1,1,25,1,1,228,29.639,5.907,19.765,50.534,72.248,18.629,21.587,1,28.594,29.422,15.533,78.056,15.564,28.594,78.056,37.603,-0.336,7.819,11.445,0.125,0,0,3,3,0,2,1,0,1,0,3,2.671,2.242,7.988,21.96,19.426,20.243,13.848,11.144,12.299,8.438,9.588,4.836,6.316,2.911,3.871,32.662,56.803,5.753,432.291,0.966,1.655,2.241,29,388.315,28.41,18.201,16.848,182.555,12.093,12.093,0.157,5.298,121.541,432.667,20,172,33.613,17.83,79.062,79.062,16.869,1.972,23.008,6.595,1.676,0.192,3,0.5,4200,3.93358851
293,2.674,-2.308,2.241,-2.996,-0.36,35.453,0,414.533,21.09,18.641,20.214,13.492,10.581,11.736,7.436,8.66,4.674,5.829,2.796,3.526,9.589,29.575,0,11.762,12.657,14.211,455.247,0.966,1.655,2.241,0.905,-0.34,29,413.753,870080.485,30.85,20.914,18.17,187.318,1,0,-0.285,-1,-0.112,114.458,456.089,3,0,0,0,0,20,0,0,174,37.146,0,19.765,38.36,32.311,25.174,22.248,0,41.94,23.514,0,65.214,12.828,23.8,65.214,22.963,3.551,6.553,6.746,0.203,0,0,2,2,0,0,0,1,0,1,3,2.671,2.242,7.988,21.96,19.426,20.243,13.848,11.144,12.299,8.438,9.588,4.836,6.316,2.911,3.871,32.662,56.803,5.753,432.291,0.966,1.655,2.241,29,388.315,28.41,18.201,16.848,182.555,12.093,12.093,0.157,5.298,121.541,432.667,20,172,33.613,17.83,79.062,79.062,16.869,1.972,23.008,6.595,1.676,0.192,3,4,4200,-1
294,2.674,-2.308,2.241,-2.996,-0.36,35.453,0,414.533,21.09,18.641,20.214,13.492,10.581,11.736,7.436,8.66,4.674,5.829,2.796,3.526,9.589,29.575,0,11.762,12.657,14.211,455.247,0.966,1.655,2.241,0.905,-0.34,29,413.753,870080.485,30.85,20.914,18.17,187.318,1,0,-0.285,-1,-0.112,114.458,456.089,3,0,0,0,0,20,0,0,174,37.146,0,19.765,38.36,32.311,25.174,22.248,0,41.94,23.514,0,65.214,12.828,23.8,65.214,22.963,3.551,6.553,6.746,0.203,0,0,2,2,0,0,0,1,0,1,3,2.671,2.242,7.988,21.96,19.426,20.243,13.848,11.144,12.299,8.438,9.588,4.836,6.316,2.911,3.871,32.662,56.803,5.753,432.291,0.966,1.655,2.241,29,388.315,28.41,18.201,16.848,182.555,12.093,12.093,0.157,5.298,121.541,432.667,20,172,33.613,17.83,79.062,79.062,16.869,1.972,23.008,6.595,1.676,0.192,3,2,4200,1.301029996
295,2.674,-2.308,2.241,-2.996,-0.36,35.453,0,414.533,21.09,18.641,20.214,13.492,10.581,11.736,7.436,8.66,4.674,5.829,2.796,3.526,9.589,29.575,0,11.762,12.657,14.211,455.247,0.966,1.655,2.241,0.905,-0.34,29,413.753,870080.485,30.85,20.914,18.17,187.318,1,0,-0.285,-1,-0.112,114.458,456.089,3,0,0,0,0,20,0,0,174,37.146,0,19.765,38.36,32.311,25.174,22.248,0,41.94,23.514,0,65.214,12.828,23.8,65.214,22.963,3.551,6.553,6.746,0.203,0,0,2,2,0,0,0,1,0,1,3,2.671,2.242,7.988,21.96,19.426,20.243,13.848,11.144,12.299,8.438,9.588,4.836,6.316,2.911,3.871,32.662,56.803,5.753,432.291,0.966,1.655,2.241,29,388.315,28.41,18.201,16.848,182.555,12.093,12.093,0.157,5.298,121.541,432.667,20,172,33.613,17.83,79.062,79.062,16.869,1.972,23.008,6.595,1.676,0.192,3,1,4200,1.51851394
296,2.674,-2.308,2.241,-2.996,-0.36,35.453,0,414.533,21.09,18.641,20.214,13.492,10.581,11.736,7.436,8.66,4.674,5.829,2.796,3.526,9.589,29.575,0,11.762,12.657,14.211,455.247,0.966,1.655,2.241,0.905,-0.34,29,413.753,870080.485,30.85,20.914,18.17,187.318,1,0,-0.285,-1,-0.112,114.458,456.089,3,0,0,0,0,20,0,0,174,37.146,0,19.765,38.36,32.311,25.174,22.248,0,41.94,23.514,0,65.214,12.828,23.8,65.214,22.963,3.551,6.553,6.746,0.203,0,0,2,2,0,0,0,1,0,1,3,2.671,2.242,7.988,21.96,19.426,20.243,13.848,11.144,12.299,8.438,9.588,4.836,6.316,2.911,3.871,32.662,56.803,5.753,432.291,0.966,1.655,2.241,29,388.315,28.41,18.201,16.848,182.555,12.093,12.093,0.157,5.298,121.541,432.667,20,172,33.613,17.83,79.062,79.062,16.869,1.972,23.008,6.595,1.676,0.192,3,0.5,4200,2
297,2.775,-2.308,2.242,-2.996,-0.4,35.453,0,538.939,24.244,20.828,22.4,15.297,11.503,12.657,8.265,9.414,5.239,6.454,3.052,3.961,14.384,48.193,7.11,6.924,10.471,14.211,513.253,0.97,1.636,2.212,0.87,-0.87,33,469.773,5204339.136,34.298,21.649,18.169,209.323,1,0,-0.359,-1,-0.571,125.395,514.125,3,0,0,0,0,21,0,0,196,41.883,0,19.765,38.36,26.558,31.491,22.501,0,51.472,29.484,0,71.256,13.485,33.331,65.214,34.388,3.426,6.18,5.428,0.16,0,0,3,3,0,0,0,1,0,1,3,2.671,2.242,7.988,21.96,19.426,20.243,13.848,11.144,12.299,8.438,9.588,4.836,6.316,2.911,3.871,32.662,56.803,5.753,432.291,0.966,1.655,2.241,29,388.315,28.41,18.201,16.848,182.555,12.093,12.093,0.157,5.298,121.541,432.667,20,172,33.613,17.83,79.062,79.062,16.869,1.972,23.008,6.595,1.676,0.192,3,4,4200,2.285557309
298,2.775,-2.308,2.242,-2.996,-0.4,35.453,0,538.939,24.244,20.828,22.4,15.297,11.503,12.657,8.265,9.414,5.239,6.454,3.052,3.961,14.384,48.193,7.11,6.924,10.471,14.211,513.253,0.97,1.636,2.212,0.87,-0.87,33,469.773,5204339.136,34.298,21.649,18.169,209.323,1,0,-0.359,-1,-0.571,125.395,514.125,3,0,0,0,0,21,0,0,196,41.883,0,19.765,38.36,26.558,31.491,22.501,0,51.472,29.484,0,71.256,13.485,33.331,65.214,34.388,3.426,6.18,5.428,0.16,0,0,3,3,0,0,0,1,0,1,3,2.671,2.242,7.988,21.96,19.426,20.243,13.848,11.144,12.299,8.438,9.588,4.836,6.316,2.911,3.871,32.662,56.803,5.753,432.291,0.966,1.655,2.241,29,388.315,28.41,18.201,16.848,182.555,12.093,12.093,0.157,5.298,121.541,432.667,20,172,33.613,17.83,79.062,79.062,16.869,1.972,23.008,6.595,1.676,0.192,3,2,4200,2.292256071
299,2.775,-2.308,2.242,-2.996,-0.4,35.453,0,538.939,24.244,20.828,22.4,15.297,11.503,12.657,8.265,9.414,5.239,6.454,3.052,3.961,14.384,48.193,7.11,6.924,10.471,14.211,513.253,0.97,1.636,2.212,0.87,-0.87,33,469.773,5204339.136,34.298,21.649,18.169,209.323,1,0,-0.359,-1,-0.571,125.395,514.125,3,0,0,0,0,21,0,0,196,41.883,0,19.765,38.36,26.558,31.491,22.501,0,51.472,29.484,0,71.256,13.485,33.331,65.214,34.388,3.426,6.18,5.428,0.16,0,0,3,3,0,0,0,1,0,1,3,2.671,2.242,7.988,21.96,19.426,20.243,13.848,11.144,12.299,8.438,9.588,4.836,6.316,2.911,3.871,32.662,56.803,5.753,432.291,0.966,1.655,2.241,29,388.315,28.41,18.201,16.848,182.555,12.093,12.093,0.157,5.298,121.541,432.667,20,172,33.613,17.83,79.062,79.062,16.869,1.972,23.008,6.595,1.676,0.192,3,1,4200,2.298853076
300,2.775,-2.308,2.242,-2.996,-0.4,35.453,0,538.939,24.244,20.828,22.4,15.297,11.503,12.657,8.265,9.414,5.239,6.454,3.052,3.961,14.384,48.193,7.11,6.924,10.471,14.211,513.253,0.97,1.636,2.212,0.87,-0.87,33,469.773,5204339.136,34.298,21.649,18.169,209.323,1,0,-0.359,-1,-0.571,125.395,514.125,3,0,0,0,0,21,0,0,196,41.883,0,19.765,38.36,26.558,31.491,22.501,0,51.472,29.484,0,71.256,13.485,33.331,65.214,34.388,3.426,6.18,5.428,0.16,0,0,3,3,0,0,0,1,0,1,3,2.671,2.242,7.988,21.96,19.426,20.243,13.848,11.144,12.299,8.438,9.588,4.836,6.316,2.911,3.871,32.662,56.803,5.753,432.291,0.966,1.655,2.241,29,388.315,28.41,18.201,16.848,182.555,12.093,12.093,0.157,5.298,121.541,432.667,20,172,33.613,17.83,79.062,79.062,16.869,1.972,23.008,6.595,1.676,0.192,3,0.5,4200,2.1430148
301,2.991,-2.308,2.243,-2.371,-0.151,32.166,3.964,687.795,32.023,28.483,29.299,20.818,17.105,18.26,11.938,13.163,7.707,8.861,4.746,5.621,14.384,23.075,38.773,11.762,30.988,14.211,630.464,0.744,1.395,2.023,0.912,-1.16,43,564.449,1101079577,41.84,29.545,25.828,268.04,0.465,0.164,-0.338,-0.465,6.831,179.82,630.977,1,0,0,1,0,32,0,0,254,29.222,5.907,46.454,89.43,39.524,18.629,28.748,0,28.594,29.422,10.217,124.007,12.791,28.594,124.007,37.989,-0.338,13.801,14.262,0.064,0,0,3,3,0,1,1,0,0,0,5,2.698,2.242,7.988,22.667,20.133,20.95,14.348,11.644,12.799,8.765,9.989,5.225,6.326,3.013,4.177,32.662,56.803,12.174,446.307,0.933,1.633,2.233,30,400.326,29.41,19.122,17.127,188.92,12.115,12.115,0.156,5.688,126.158,446.694,21,178,33.613,18.746,85.482,85.482,16.911,1.993,23.04,7.869,1.679,0.167,3,4,4200,4.048053173
302,2.991,-2.308,2.243,-2.371,-0.151,32.166,3.964,687.795,32.023,28.483,29.299,20.818,17.105,18.26,11.938,13.163,7.707,8.861,4.746,5.621,14.384,23.075,38.773,11.762,30.988,14.211,630.464,0.744,1.395,2.023,0.912,-1.16,43,564.449,1101079577,41.84,29.545,25.828,268.04,0.465,0.164,-0.338,-0.465,6.831,179.82,630.977,1,0,0,1,0,32,0,0,254,29.222,5.907,46.454,89.43,39.524,18.629,28.748,0,28.594,29.422,10.217,124.007,12.791,28.594,124.007,37.989,-0.338,13.801,14.262,0.064,0,0,3,3,0,1,1,0,0,0,5,2.698,2.242,7.988,22.667,20.133,20.95,14.348,11.644,12.799,8.765,9.989,5.225,6.326,3.013,4.177,32.662,56.803,12.174,446.307,0.933,1.633,2.233,30,400.326,29.41,19.122,17.127,188.92,12.115,12.115,0.156,5.688,126.158,446.694,21,178,33.613,18.746,85.482,85.482,16.911,1.993,23.04,7.869,1.679,0.167,3,2,4200,4.675301639
303,2.991,-2.308,2.243,-2.371,-0.151,32.166,3.964,687.795,32.023,28.483,29.299,20.818,17.105,18.26,11.938,13.163,7.707,8.861,4.746,5.621,14.384,23.075,38.773,11.762,30.988,14.211,630.464,0.744,1.395,2.023,0.912,-1.16,43,564.449,1101079577,41.84,29.545,25.828,268.04,0.465,0.164,-0.338,-0.465,6.831,179.82,630.977,1,0,0,1,0,32,0,0,254,29.222,5.907,46.454,89.43,39.524,18.629,28.748,0,28.594,29.422,10.217,124.007,12.791,28.594,124.007,37.989,-0.338,13.801,14.262,0.064,0,0,3,3,0,1,1,0,0,0,5,2.698,2.242,7.988,22.667,20.133,20.95,14.348,11.644,12.799,8.765,9.989,5.225,6.326,3.013,4.177,32.662,56.803,12.174,446.307,0.933,1.633,2.233,30,400.326,29.41,19.122,17.127,188.92,12.115,12.115,0.156,5.688,126.158,446.694,21,178,33.613,18.746,85.482,85.482,16.911,1.993,23.04,7.869,1.679,0.167,3,1,4200,5.173448515
304,2.991,-2.308,2.243,-2.371,-0.151,32.166,3.964,687.795,32.023,28.483,29.299,20.818,17.105,18.26,11.938,13.163,7.707,8.861,4.746,5.621,14.384,23.075,38.773,11.762,30.988,14.211,630.464,0.744,1.395,2.023,0.912,-1.16,43,564.449,1101079577,41.84,29.545,25.828,268.04,0.465,0.164,-0.338,-0.465,6.831,179.82,630.977,1,0,0,1,0,32,0,0,254,29.222,5.907,46.454,89.43,39.524,18.629,28.748,0,28.594,29.422,10.217,124.007,12.791,28.594,124.007,37.989,-0.338,13.801,14.262,0.064,0,0,3,3,0,1,1,0,0,0,5,2.698,2.242,7.988,22.667,20.133,20.95,14.348,11.644,12.799,8.765,9.989,5.225,6.326,3.013,4.177,32.662,56.803,12.174,446.307,0.933,1.633,2.233,30,400.326,29.41,19.122,17.127,188.92,12.115,12.115,0.156,5.688,126.158,446.694,21,178,33.613,18.746,85.482,85.482,16.911,1.993,23.04,7.869,1.679,0.167,3,0.5,4200,5.458560802
305,2.925,-2.34,2.243,-2.488,-0.151,32.166,2.127,674.022,28.772,24.756,25.572,18.853,14.76,15.914,10.632,11.856,7.206,8.36,4.54,5.414,14.384,29.682,0,16.662,11.824,19.317,574.365,0.872,1.564,2.205,0.897,-1.2,39,520.393,219846266.2,35.826,22.484,17.269,240.214,0.465,0.171,-0.344,-0.465,3.559,156.043,574.825,1,1,1,1,1,24,1,1,228,29.012,5.907,19.765,50.534,65.703,25.236,20.655,1,33.701,29.422,9.8,78.056,15.744,28.594,78.056,39.745,-0.344,7.784,9.634,0.137,1,1,3,3,1,0,1,0,1,0,3,2.698,2.242,7.988,22.667,20.133,20.95,14.348,11.644,12.799,8.765,9.989,5.225,6.326,3.013,4.177,32.662,56.803,12.174,446.307,0.933,1.633,2.233,30,400.326,29.41,19.122,17.127,188.92,12.115,12.115,0.156,5.688,126.158,446.694,21,178,33.613,18.746,85.482,85.482,16.911,1.993,23.04,7.869,1.679,0.167,3,4,4200,3.544564097
306,2.925,-2.34,2.243,-2.488,-0.151,32.166,2.127,674.022,28.772,24.756,25.572,18.853,14.76,15.914,10.632,11.856,7.206,8.36,4.54,5.414,14.384,29.682,0,16.662,11.824,19.317,574.365,0.872,1.564,2.205,0.897,-1.2,39,520.393,219846266.2,35.826,22.484,17.269,240.214,0.465,0.171,-0.344,-0.465,3.559,156.043,574.825,1,1,1,1,1,24,1,1,228,29.012,5.907,19.765,50.534,65.703,25.236,20.655,1,33.701,29.422,9.8,78.056,15.744,28.594,78.056,39.745,-0.344,7.784,9.634,0.137,1,1,3,3,1,0,1,0,1,0,3,2.698,2.242,7.988,22.667,20.133,20.95,14.348,11.644,12.799,8.765,9.989,5.225,6.326,3.013,4.177,32.662,56.803,12.174,446.307,0.933,1.633,2.233,30,400.326,29.41,19.122,17.127,188.92,12.115,12.115,0.156,5.688,126.158,446.694,21,178,33.613,18.746,85.482,85.482,16.911,1.993,23.04,7.869,1.679,0.167,3,2,4200,3.015359755
307,2.925,-2.34,2.243,-2.488,-0.151,32.166,2.127,674.022,28.772,24.756,25.572,18.853,14.76,15.914,10.632,11.856,7.206,8.36,4.54,5.414,14.384,29.682,0,16.662,11.824,19.317,574.365,0.872,1.564,2.205,0.897,-1.2,39,520.393,219846266.2,35.826,22.484,17.269,240.214,0.465,0.171,-0.344,-0.465,3.559,156.043,574.825,1,1,1,1,1,24,1,1,228,29.012,5.907,19.765,50.534,65.703,25.236,20.655,1,33.701,29.422,9.8,78.056,15.744,28.594,78.056,39.745,-0.344,7.784,9.634,0.137,1,1,3,3,1,0,1,0,1,0,3,2.698,2.242,7.988,22.667,20.133,20.95,14.348,11.644,12.799,8.765,9.989,5.225,6.326,3.013,4.177,32.662,56.803,12.174,446.307,0.933,1.633,2.233,30,400.326,29.41,19.122,17.127,188.92,12.115,12.115,0.156,5.688,126.158,446.694,21,178,33.613,18.746,85.482,85.482,16.911,1.993,23.04,7.869,1.679,0.167,3,1,4200,2.204119983
308,2.925,-2.34,2.243,-2.488,-0.151,32.166,2.127,674.022,28.772,24.756,25.572,18.853,14.76,15.914,10.632,11.856,7.206,8.36,4.54,5.414,14.384,29.682,0,16.662,11.824,19.317,574.365,0.872,1.564,2.205,0.897,-1.2,39,520.393,219846266.2,35.826,22.484,17.269,240.214,0.465,0.171,-0.344,-0.465,3.559,156.043,574.825,1,1,1,1,1,24,1,1,228,29.012,5.907,19.765,50.534,65.703,25.236,20.655,1,33.701,29.422,9.8,78.056,15.744,28.594,78.056,39.745,-0.344,7.784,9.634,0.137,1,1,3,3,1,0,1,0,1,0,3,2.698,2.242,7.988,22.667,20.133,20.95,14.348,11.644,12.799,8.765,9.989,5.225,6.326,3.013,4.177,32.662,56.803,12.174,446.307,0.933,1.633,2.233,30,400.326,29.41,19.122,17.127,188.92,12.115,12.115,0.156,5.688,126.158,446.694,21,178,33.613,18.746,85.482,85.482,16.911,1.993,23.04,7.869,1.679,0.167,3,0.5,4200,2.672097858
309,2.927,-2.308,2.242,-2.458,-0.151,32.166,2.071,662.934,28.608,24.861,25.678,18.904,14.898,16.053,10.627,11.852,7.038,8.192,4.405,5.28,14.384,23.075,0,11.762,22.457,14.211,573.381,0.923,1.641,2.333,0.897,-1.2,39,518.401,235200918.6,35.826,23.499,19.505,240.76,0.465,0.147,-0.336,-0.465,3.444,158.256,573.841,2,1,1,1,1,25,1,1,228,29.639,5.907,19.765,50.534,72.248,18.629,21.587,1,28.594,29.422,15.533,78.056,15.564,28.594,78.056,37.603,-0.336,7.819,11.445,0.125,0,0,3,3,0,2,1,0,1,0,3,2.698,2.242,7.988,22.667,20.133,20.95,14.348,11.644,12.799,8.765,9.989,5.225,6.326,3.013,4.177,32.662,56.803,12.174,446.307,0.933,1.633,2.233,30,400.326,29.41,19.122,17.127,188.92,12.115,12.115,0.156,5.688,126.158,446.694,21,178,33.613,18.746,85.482,85.482,16.911,1.993,23.04,7.869,1.679,0.167,3,4,4200,1.602059991
310,2.927,-2.308,2.242,-2.458,-0.151,32.166,2.071,662.934,28.608,24.861,25.678,18.904,14.898,16.053,10.627,11.852,7.038,8.192,4.405,5.28,14.384,23.075,0,11.762,22.457,14.211,573.381,0.923,1.641,2.333,0.897,-1.2,39,518.401,235200918.6,35.826,23.499,19.505,240.76,0.465,0.147,-0.336,-0.465,3.444,158.256,573.841,2,1,1,1,1,25,1,1,228,29.639,5.907,19.765,50.534,72.248,18.629,21.587,1,28.594,29.422,15.533,78.056,15.564,28.594,78.056,37.603,-0.336,7.819,11.445,0.125,0,0,3,3,0,2,1,0,1,0,3,2.698,2.242,7.988,22.667,20.133,20.95,14.348,11.644,12.799,8.765,9.989,5.225,6.326,3.013,4.177,32.662,56.803,12.174,446.307,0.933,1.633,2.233,30,400.326,29.41,19.122,17.127,188.92,12.115,12.115,0.156,5.688,126.158,446.694,21,178,33.613,18.746,85.482,85.482,16.911,1.993,23.04,7.869,1.679,0.167,3,2,4200,1.633468456
311,2.927,-2.308,2.242,-2.458,-0.151,32.166,2.071,662.934,28.608,24.861,25.678,18.904,14.898,16.053,10.627,11.852,7.038,8.192,4.405,5.28,14.384,23.075,0,11.762,22.457,14.211,573.381,0.923,1.641,2.333,0.897,-1.2,39,518.401,235200918.6,35.826,23.499,19.505,240.76,0.465,0.147,-0.336,-0.465,3.444,158.256,573.841,2,1,1,1,1,25,1,1,228,29.639,5.907,19.765,50.534,72.248,18.629,21.587,1,28.594,29.422,15.533,78.056,15.564,28.594,78.056,37.603,-0.336,7.819,11.445,0.125,0,0,3,3,0,2,1,0,1,0,3,2.698,2.242,7.988,22.667,20.133,20.95,14.348,11.644,12.799,8.765,9.989,5.225,6.326,3.013,4.177,32.662,56.803,12.174,446.307,0.933,1.633,2.233,30,400.326,29.41,19.122,17.127,188.92,12.115,12.115,0.156,5.688,126.158,446.694,21,178,33.613,18.746,85.482,85.482,16.911,1.993,23.04,7.869,1.679,0.167,3,1,4200,3.348888723
312,2.927,-2.308,2.242,-2.458,-0.151,32.166,2.071,662.934,28.608,24.861,25.678,18.904,14.898,16.053,10.627,11.852,7.038,8.192,4.405,5.28,14.384,23.075,0,11.762,22.457,14.211,573.381,0.923,1.641,2.333,0.897,-1.2,39,518.401,235200918.6,35.826,23.499,19.505,240.76,0.465,0.147,-0.336,-0.465,3.444,158.256,573.841,2,1,1,1,1,25,1,1,228,29.639,5.907,19.765,50.534,72.248,18.629,21.587,1,28.594,29.422,15.533,78.056,15.564,28.594,78.056,37.603,-0.336,7.819,11.445,0.125,0,0,3,3,0,2,1,0,1,0,3,2.698,2.242,7.988,22.667,20.133,20.95,14.348,11.644,12.799,8.765,9.989,5.225,6.326,3.013,4.177,32.662,56.803,12.174,446.307,0.933,1.633,2.233,30,400.326,29.41,19.122,17.127,188.92,12.115,12.115,0.156,5.688,126.158,446.694,21,178,33.613,18.746,85.482,85.482,16.911,1.993,23.04,7.869,1.679,0.167,3,0.5,4200,2.602059991
313,2.674,-2.308,2.241,-2.996,-0.36,35.453,0,414.533,21.09,18.641,20.214,13.492,10.581,11.736,7.436,8.66,4.674,5.829,2.796,3.526,9.589,29.575,0,11.762,12.657,14.211,455.247,0.966,1.655,2.241,0.905,-0.34,29,413.753,870080.485,30.85,20.914,18.17,187.318,1,0,-0.285,-1,-0.112,114.458,456.089,3,0,0,0,0,20,0,0,174,37.146,0,19.765,38.36,32.311,25.174,22.248,0,41.94,23.514,0,65.214,12.828,23.8,65.214,22.963,3.551,6.553,6.746,0.203,0,0,2,2,0,0,0,1,0,1,3,2.698,2.242,7.988,22.667,20.133,20.95,14.348,11.644,12.799,8.765,9.989,5.225,6.326,3.013,4.177,32.662,56.803,12.174,446.307,0.933,1.633,2.233,30,400.326,29.41,19.122,17.127,188.92,12.115,12.115,0.156,5.688,126.158,446.694,21,178,33.613,18.746,85.482,85.482,16.911,1.993,23.04,7.869,1.679,0.167,3,4,4200,1.361727836
314,2.674,-2.308,2.241,-2.996,-0.36,35.453,0,414.533,21.09,18.641,20.214,13.492,10.581,11.736,7.436,8.66,4.674,5.829,2.796,3.526,9.589,29.575,0,11.762,12.657,14.211,455.247,0.966,1.655,2.241,0.905,-0.34,29,413.753,870080.485,30.85,20.914,18.17,187.318,1,0,-0.285,-1,-0.112,114.458,456.089,3,0,0,0,0,20,0,0,174,37.146,0,19.765,38.36,32.311,25.174,22.248,0,41.94,23.514,0,65.214,12.828,23.8,65.214,22.963,3.551,6.553,6.746,0.203,0,0,2,2,0,0,0,1,0,1,3,2.698,2.242,7.988,22.667,20.133,20.95,14.348,11.644,12.799,8.765,9.989,5.225,6.326,3.013,4.177,32.662,56.803,12.174,446.307,0.933,1.633,2.233,30,400.326,29.41,19.122,17.127,188.92,12.115,12.115,0.156,5.688,126.158,446.694,21,178,33.613,18.746,85.482,85.482,16.911,1.993,23.04,7.869,1.679,0.167,3,2,4200,1.113943352
315,2.674,-2.308,2.241,-2.996,-0.36,35.453,0,414.533,21.09,18.641,20.214,13.492,10.581,11.736,7.436,8.66,4.674,5.829,2.796,3.526,9.589,29.575,0,11.762,12.657,14.211,455.247,0.966,1.655,2.241,0.905,-0.34,29,413.753,870080.485,30.85,20.914,18.17,187.318,1,0,-0.285,-1,-0.112,114.458,456.089,3,0,0,0,0,20,0,0,174,37.146,0,19.765,38.36,32.311,25.174,22.248,0,41.94,23.514,0,65.214,12.828,23.8,65.214,22.963,3.551,6.553,6.746,0.203,0,0,2,2,0,0,0,1,0,1,3,2.698,2.242,7.988,22.667,20.133,20.95,14.348,11.644,12.799,8.765,9.989,5.225,6.326,3.013,4.177,32.662,56.803,12.174,446.307,0.933,1.633,2.233,30,400.326,29.41,19.122,17.127,188.92,12.115,12.115,0.156,5.688,126.158,446.694,21,178,33.613,18.746,85.482,85.482,16.911,1.993,23.04,7.869,1.679,0.167,3,1,4200,1.414973348
316,2.674,-2.308,2.241,-2.996,-0.36,35.453,0,414.533,21.09,18.641,20.214,13.492,10.581,11.736,7.436,8.66,4.674,5.829,2.796,3.526,9.589,29.575,0,11.762,12.657,14.211,455.247,0.966,1.655,2.241,0.905,-0.34,29,413.753,870080.485,30.85,20.914,18.17,187.318,1,0,-0.285,-1,-0.112,114.458,456.089,3,0,0,0,0,20,0,0,174,37.146,0,19.765,38.36,32.311,25.174,22.248,0,41.94,23.514,0,65.214,12.828,23.8,65.214,22.963,3.551,6.553,6.746,0.203,0,0,2,2,0,0,0,1,0,1,3,2.698,2.242,7.988,22.667,20.133,20.95,14.348,11.644,12.799,8.765,9.989,5.225,6.326,3.013,4.177,32.662,56.803,12.174,446.307,0.933,1.633,2.233,30,400.326,29.41,19.122,17.127,188.92,12.115,12.115,0.156,5.688,126.158,446.694,21,178,33.613,18.746,85.482,85.482,16.911,1.993,23.04,7.869,1.679,0.167,3,0.5,4200,3.861175836
317,2.775,-2.308,2.242,-2.996,-0.4,35.453,0,538.939,24.244,20.828,22.4,15.297,11.503,12.657,8.265,9.414,5.239,6.454,3.052,3.961,14.384,48.193,7.11,6.924,10.471,14.211,513.253,0.97,1.636,2.212,0.87,-0.87,33,469.773,5204339.136,34.298,21.649,18.169,209.323,1,0,-0.359,-1,-0.571,125.395,514.125,3,0,0,0,0,21,0,0,196,41.883,0,19.765,38.36,26.558,31.491,22.501,0,51.472,29.484,0,71.256,13.485,33.331,65.214,34.388,3.426,6.18,5.428,0.16,0,0,3,3,0,0,0,1,0,1,3,2.698,2.242,7.988,22.667,20.133,20.95,14.348,11.644,12.799,8.765,9.989,5.225,6.326,3.013,4.177,32.662,56.803,12.174,446.307,0.933,1.633,2.233,30,400.326,29.41,19.122,17.127,188.92,12.115,12.115,0.156,5.688,126.158,446.694,21,178,33.613,18.746,85.482,85.482,16.911,1.993,23.04,7.869,1.679,0.167,3,4,4200,1.414973348
318,2.775,-2.308,2.242,-2.996,-0.4,35.453,0,538.939,24.244,20.828,22.4,15.297,11.503,12.657,8.265,9.414,5.239,6.454,3.052,3.961,14.384,48.193,7.11,6.924,10.471,14.211,513.253,0.97,1.636,2.212,0.87,-0.87,33,469.773,5204339.136,34.298,21.649,18.169,209.323,1,0,-0.359,-1,-0.571,125.395,514.125,3,0,0,0,0,21,0,0,196,41.883,0,19.765,38.36,26.558,31.491,22.501,0,51.472,29.484,0,71.256,13.485,33.331,65.214,34.388,3.426,6.18,5.428,0.16,0,0,3,3,0,0,0,1,0,1,3,2.698,2.242,7.988,22.667,20.133,20.95,14.348,11.644,12.799,8.765,9.989,5.225,6.326,3.013,4.177,32.662,56.803,12.174,446.307,0.933,1.633,2.233,30,400.326,29.41,19.122,17.127,188.92,12.115,12.115,0.156,5.688,126.158,446.694,21,178,33.613,18.746,85.482,85.482,16.911,1.993,23.04,7.869,1.679,0.167,3,2,4200,2.113943352
319,2.775,-2.308,2.242,-2.996,-0.4,35.453,0,538.939,24.244,20.828,22.4,15.297,11.503,12.657,8.265,9.414,5.239,6.454,3.052,3.961,14.384,48.193,7.11,6.924,10.471,14.211,513.253,0.97,1.636,2.212,0.87,-0.87,33,469.773,5204339.136,34.298,21.649,18.169,209.323,1,0,-0.359,-1,-0.571,125.395,514.125,3,0,0,0,0,21,0,0,196,41.883,0,19.765,38.36,26.558,31.491,22.501,0,51.472,29.484,0,71.256,13.485,33.331,65.214,34.388,3.426,6.18,5.428,0.16,0,0,3,3,0,0,0,1,0,1,3,2.698,2.242,7.988,22.667,20.133,20.95,14.348,11.644,12.799,8.765,9.989,5.225,6.326,3.013,4.177,32.662,56.803,12.174,446.307,0.933,1.633,2.233,30,400.326,29.41,19.122,17.127,188.92,12.115,12.115,0.156,5.688,126.158,446.694,21,178,33.613,18.746,85.482,85.482,16.911,1.993,23.04,7.869,1.679,0.167,3,1,4200,2.064457989
320,2.775,-2.308,2.242,-2.996,-0.4,35.453,0,538.939,24.244,20.828,22.4,15.297,11.503,12.657,8.265,9.414,5.239,6.454,3.052,3.961,14.384,48.193,7.11,6.924,10.471,14.211,513.253,0.97,1.636,2.212,0.87,-0.87,33,469.773,5204339.136,34.298,21.649,18.169,209.323,1,0,-0.359,-1,-0.571,125.395,514.125,3,0,0,0,0,21,0,0,196,41.883,0,19.765,38.36,26.558,31.491,22.501,0,51.472,29.484,0,71.256,13.485,33.331,65.214,34.388,3.426,6.18,5.428,0.16,0,0,3,3,0,0,0,1,0,1,3,2.698,2.242,7.988,22.667,20.133,20.95,14.348,11.644,12.799,8.765,9.989,5.225,6.326,3.013,4.177,32.662,56.803,12.174,446.307,0.933,1.633,2.233,30,400.326,29.41,19.122,17.127,188.92,12.115,12.115,0.156,5.688,126.158,446.694,21,178,33.613,18.746,85.482,85.482,16.911,1.993,23.04,7.869,1.679,0.167,3,0.5,4200,1.799340549
321,2.991,-2.308,2.243,-2.371,-0.151,32.166,3.964,687.795,32.023,28.483,29.299,20.818,17.105,18.26,11.938,13.163,7.707,8.861,4.746,5.621,14.384,23.075,38.773,11.762,30.988,14.211,630.464,0.744,1.395,2.023,0.912,-1.16,43,564.449,1101079577,41.84,29.545,25.828,268.04,0.465,0.164,-0.338,-0.465,6.831,179.82,630.977,1,0,0,1,0,32,0,0,254,29.222,5.907,46.454,89.43,39.524,18.629,28.748,0,28.594,29.422,10.217,124.007,12.791,28.594,124.007,37.989,-0.338,13.801,14.262,0.064,0,0,3,3,0,1,1,0,0,0,5,2.803,2.246,7.988,24.788,22.255,23.071,15.924,13.22,14.375,9.461,10.611,6.282,7.566,3.74,4.964,32.662,56.803,31.436,488.354,0.909,1.636,2.242,33,436.359,32.41,21.911,18.415,208.015,12.184,12.184,0.152,6.858,140.009,488.775,24,196,52.875,21.519,104.745,104.745,17.05,2.047,23.142,11.866,1.687,0.109,4,4,4200,6.804609607
322,2.991,-2.308,2.243,-2.371,-0.151,32.166,3.964,687.795,32.023,28.483,29.299,20.818,17.105,18.26,11.938,13.163,7.707,8.861,4.746,5.621,14.384,23.075,38.773,11.762,30.988,14.211,630.464,0.744,1.395,2.023,0.912,-1.16,43,564.449,1101079577,41.84,29.545,25.828,268.04,0.465,0.164,-0.338,-0.465,6.831,179.82,630.977,1,0,0,1,0,32,0,0,254,29.222,5.907,46.454,89.43,39.524,18.629,28.748,0,28.594,29.422,10.217,124.007,12.791,28.594,124.007,37.989,-0.338,13.801,14.262,0.064,0,0,3,3,0,1,1,0,0,0,5,2.803,2.246,7.988,24.788,22.255,23.071,15.924,13.22,14.375,9.461,10.611,6.282,7.566,3.74,4.964,32.662,56.803,31.436,488.354,0.909,1.636,2.242,33,436.359,32.41,21.911,18.415,208.015,12.184,12.184,0.152,6.858,140.009,488.775,24,196,52.875,21.519,104.745,104.745,17.05,2.047,23.142,11.866,1.687,0.109,4,2,4200,6.3281981
323,2.991,-2.308,2.243,-2.371,-0.151,32.166,3.964,687.795,32.023,28.483,29.299,20.818,17.105,18.26,11.938,13.163,7.707,8.861,4.746,5.621,14.384,23.075,38.773,11.762,30.988,14.211,630.464,0.744,1.395,2.023,0.912,-1.16,43,564.449,1101079577,41.84,29.545,25.828,268.04,0.465,0.164,-0.338,-0.465,6.831,179.82,630.977,1,0,0,1,0,32,0,0,254,29.222,5.907,46.454,89.43,39.524,18.629,28.748,0,28.594,29.422,10.217,124.007,12.791,28.594,124.007,37.989,-0.338,13.801,14.262,0.064,0,0,3,3,0,1,1,0,0,0,5,2.803,2.246,7.988,24.788,22.255,23.071,15.924,13.22,14.375,9.461,10.611,6.282,7.566,3.74,4.964,32.662,56.803,31.436,488.354,0.909,1.636,2.242,33,436.359,32.41,21.911,18.415,208.015,12.184,12.184,0.152,6.858,140.009,488.775,24,196,52.875,21.519,104.745,104.745,17.05,2.047,23.142,11.866,1.687,0.109,4,1,4200,6.303932006
324,2.991,-2.308,2.243,-2.371,-0.151,32.166,3.964,687.795,32.023,28.483,29.299,20.818,17.105,18.26,11.938,13.163,7.707,8.861,4.746,5.621,14.384,23.075,38.773,11.762,30.988,14.211,630.464,0.744,1.395,2.023,0.912,-1.16,43,564.449,1101079577,41.84,29.545,25.828,268.04,0.465,0.164,-0.338,-0.465,6.831,179.82,630.977,1,0,0,1,0,32,0,0,254,29.222,5.907,46.454,89.43,39.524,18.629,28.748,0,28.594,29.422,10.217,124.007,12.791,28.594,124.007,37.989,-0.338,13.801,14.262,0.064,0,0,3,3,0,1,1,0,0,0,5,2.803,2.246,7.988,24.788,22.255,23.071,15.924,13.22,14.375,9.461,10.611,6.282,7.566,3.74,4.964,32.662,56.803,31.436,488.354,0.909,1.636,2.242,33,436.359,32.41,21.911,18.415,208.015,12.184,12.184,0.152,6.858,140.009,488.775,24,196,52.875,21.519,104.745,104.745,17.05,2.047,23.142,11.866,1.687,0.109,4,0.5,4200,5.950720616
325,2.925,-2.34,2.243,-2.488,-0.151,32.166,2.127,674.022,28.772,24.756,25.572,18.853,14.76,15.914,10.632,11.856,7.206,8.36,4.54,5.414,14.384,29.682,0,16.662,11.824,19.317,574.365,0.872,1.564,2.205,0.897,-1.2,39,520.393,219846266.2,35.826,22.484,17.269,240.214,0.465,0.171,-0.344,-0.465,3.559,156.043,574.825,1,1,1,1,1,24,1,1,228,29.012,5.907,19.765,50.534,65.703,25.236,20.655,1,33.701,29.422,9.8,78.056,15.744,28.594,78.056,39.745,-0.344,7.784,9.634,0.137,1,1,3,3,1,0,1,0,1,0,3,2.803,2.246,7.988,24.788,22.255,23.071,15.924,13.22,14.375,9.461,10.611,6.282,7.566,3.74,4.964,32.662,56.803,31.436,488.354,0.909,1.636,2.242,33,436.359,32.41,21.911,18.415,208.015,12.184,12.184,0.152,6.858,140.009,488.775,24,196,52.875,21.519,104.745,104.745,17.05,2.047,23.142,11.866,1.687,0.109,4,4,4200,2.397940009
326,2.925,-2.34,2.243,-2.488,-0.151,32.166,2.127,674.022,28.772,24.756,25.572,18.853,14.76,15.914,10.632,11.856,7.206,8.36,4.54,5.414,14.384,29.682,0,16.662,11.824,19.317,574.365,0.872,1.564,2.205,0.897,-1.2,39,520.393,219846266.2,35.826,22.484,17.269,240.214,0.465,0.171,-0.344,-0.465,3.559,156.043,574.825,1,1,1,1,1,24,1,1,228,29.012,5.907,19.765,50.534,65.703,25.236,20.655,1,33.701,29.422,9.8,78.056,15.744,28.594,78.056,39.745,-0.344,7.784,9.634,0.137,1,1,3,3,1,0,1,0,1,0,3,2.803,2.246,7.988,24.788,22.255,23.071,15.924,13.22,14.375,9.461,10.611,6.282,7.566,3.74,4.964,32.662,56.803,31.436,488.354,0.909,1.636,2.242,33,436.359,32.41,21.911,18.415,208.015,12.184,12.184,0.152,6.858,140.009,488.775,24,196,52.875,21.519,104.745,104.745,17.05,2.047,23.142,11.866,1.687,0.109,4,2,4200,2.539076099
327,2.925,-2.34,2.243,-2.488,-0.151,32.166,2.127,674.022,28.772,24.756,25.572,18.853,14.76,15.914,10.632,11.856,7.206,8.36,4.54,5.414,14.384,29.682,0,16.662,11.824,19.317,574.365,0.872,1.564,2.205,0.897,-1.2,39,520.393,219846266.2,35.826,22.484,17.269,240.214,0.465,0.171,-0.344,-0.465,3.559,156.043,574.825,1,1,1,1,1,24,1,1,228,29.012,5.907,19.765,50.534,65.703,25.236,20.655,1,33.701,29.422,9.8,78.056,15.744,28.594,78.056,39.745,-0.344,7.784,9.634,0.137,1,1,3,3,1,0,1,0,1,0,3,2.803,2.246,7.988,24.788,22.255,23.071,15.924,13.22,14.375,9.461,10.611,6.282,7.566,3.74,4.964,32.662,56.803,31.436,488.354,0.909,1.636,2.242,33,436.359,32.41,21.911,18.415,208.015,12.184,12.184,0.152,6.858,140.009,488.775,24,196,52.875,21.519,104.745,104.745,17.05,2.047,23.142,11.866,1.687,0.109,4,1,4200,2.608526034
328,2.925,-2.34,2.243,-2.488,-0.151,32.166,2.127,674.022,28.772,24.756,25.572,18.853,14.76,15.914,10.632,11.856,7.206,8.36,4.54,5.414,14.384,29.682,0,16.662,11.824,19.317,574.365,0.872,1.564,2.205,0.897,-1.2,39,520.393,219846266.2,35.826,22.484,17.269,240.214,0.465,0.171,-0.344,-0.465,3.559,156.043,574.825,1,1,1,1,1,24,1,1,228,29.012,5.907,19.765,50.534,65.703,25.236,20.655,1,33.701,29.422,9.8,78.056,15.744,28.594,78.056,39.745,-0.344,7.784,9.634,0.137,1,1,3,3,1,0,1,0,1,0,3,2.803,2.246,7.988,24.788,22.255,23.071,15.924,13.22,14.375,9.461,10.611,6.282,7.566,3.74,4.964,32.662,56.803,31.436,488.354,0.909,1.636,2.242,33,436.359,32.41,21.911,18.415,208.015,12.184,12.184,0.152,6.858,140.009,488.775,24,196,52.875,21.519,104.745,104.745,17.05,2.047,23.142,11.866,1.687,0.109,4,0.5,4200,3.903903527
329,2.927,-2.308,2.242,-2.458,-0.151,32.166,2.071,662.934,28.608,24.861,25.678,18.904,14.898,16.053,10.627,11.852,7.038,8.192,4.405,5.28,14.384,23.075,0,11.762,22.457,14.211,573.381,0.923,1.641,2.333,0.897,-1.2,39,518.401,235200918.6,35.826,23.499,19.505,240.76,0.465,0.147,-0.336,-0.465,3.444,158.256,573.841,2,1,1,1,1,25,1,1,228,29.639,5.907,19.765,50.534,72.248,18.629,21.587,1,28.594,29.422,15.533,78.056,15.564,28.594,78.056,37.603,-0.336,7.819,11.445,0.125,0,0,3,3,0,2,1,0,1,0,3,2.803,2.246,7.988,24.788,22.255,23.071,15.924,13.22,14.375,9.461,10.611,6.282,7.566,3.74,4.964,32.662,56.803,31.436,488.354,0.909,1.636,2.242,33,436.359,32.41,21.911,18.415,208.015,12.184,12.184,0.152,6.858,140.009,488.775,24,196,52.875,21.519,104.745,104.745,17.05,2.047,23.142,11.866,1.687,0.109,4,4,4200,2.974511693
330,2.927,-2.308,2.242,-2.458,-0.151,32.166,2.071,662.934,28.608,24.861,25.678,18.904,14.898,16.053,10.627,11.852,7.038,8.192,4.405,5.28,14.384,23.075,0,11.762,22.457,14.211,573.381,0.923,1.641,2.333,0.897,-1.2,39,518.401,235200918.6,35.826,23.499,19.505,240.76,0.465,0.147,-0.336,-0.465,3.444,158.256,573.841,2,1,1,1,1,25,1,1,228,29.639,5.907,19.765,50.534,72.248,18.629,21.587,1,28.594,29.422,15.533,78.056,15.564,28.594,78.056,37.603,-0.336,7.819,11.445,0.125,0,0,3,3,0,2,1,0,1,0,3,2.803,2.246,7.988,24.788,22.255,23.071,15.924,13.22,14.375,9.461,10.611,6.282,7.566,3.74,4.964,32.662,56.803,31.436,488.354,0.909,1.636,2.242,33,436.359,32.41,21.911,18.415,208.015,12.184,12.184,0.152,6.858,140.009,488.775,24,196,52.875,21.519,104.745,104.745,17.05,2.047,23.142,11.866,1.687,0.109,4,2,4200,3.828466547
331,2.927,-2.308,2.242,-2.458,-0.151,32.166,2.071,662.934,28.608,24.861,25.678,18.904,14.898,16.053,10.627,11.852,7.038,8.192,4.405,5.28,14.384,23.075,0,11.762,22.457,14.211,573.381,0.923,1.641,2.333,0.897,-1.2,39,518.401,235200918.6,35.826,23.499,19.505,240.76,0.465,0.147,-0.336,-0.465,3.444,158.256,573.841,2,1,1,1,1,25,1,1,228,29.639,5.907,19.765,50.534,72.248,18.629,21.587,1,28.594,29.422,15.533,78.056,15.564,28.594,78.056,37.603,-0.336,7.819,11.445,0.125,0,0,3,3,0,2,1,0,1,0,3,2.803,2.246,7.988,24.788,22.255,23.071,15.924,13.22,14.375,9.461,10.611,6.282,7.566,3.74,4.964,32.662,56.803,31.436,488.354,0.909,1.636,2.242,33,436.359,32.41,21.911,18.415,208.015,12.184,12.184,0.152,6.858,140.009,488.775,24,196,52.875,21.519,104.745,104.745,17.05,2.047,23.142,11.866,1.687,0.109,4,1,4200,5.413676883
332,2.927,-2.308,2.242,-2.458,-0.151,32.166,2.071,662.934,28.608,24.861,25.678,18.904,14.898,16.053,10.627,11.852,7.038,8.192,4.405,5.28,14.384,23.075,0,11.762,22.457,14.211,573.381,0.923,1.641,2.333,0.897,-1.2,39,518.401,235200918.6,35.826,23.499,19.505,240.76,0.465,0.147,-0.336,-0.465,3.444,158.256,573.841,2,1,1,1,1,25,1,1,228,29.639,5.907,19.765,50.534,72.248,18.629,21.587,1,28.594,29.422,15.533,78.056,15.564,28.594,78.056,37.603,-0.336,7.819,11.445,0.125,0,0,3,3,0,2,1,0,1,0,3,2.803,2.246,7.988,24.788,22.255,23.071,15.924,13.22,14.375,9.461,10.611,6.282,7.566,3.74,4.964,32.662,56.803,31.436,488.354,0.909,1.636,2.242,33,436.359,32.41,21.911,18.415,208.015,12.184,12.184,0.152,6.858,140.009,488.775,24,196,52.875,21.519,104.745,104.745,17.05,2.047,23.142,11.866,1.687,0.109,4,0.5,4200,3.673481697
333,2.674,-2.308,2.241,-2.996,-0.36,35.453,0,414.533,21.09,18.641,20.214,13.492,10.581,11.736,7.436,8.66,4.674,5.829,2.796,3.526,9.589,29.575,0,11.762,12.657,14.211,455.247,0.966,1.655,2.241,0.905,-0.34,29,413.753,870080.485,30.85,20.914,18.17,187.318,1,0,-0.285,-1,-0.112,114.458,456.089,3,0,0,0,0,20,0,0,174,37.146,0,19.765,38.36,32.311,25.174,22.248,0,41.94,23.514,0,65.214,12.828,23.8,65.214,22.963,3.551,6.553,6.746,0.203,0,0,2,2,0,0,0,1,0,1,3,2.803,2.246,7.988,24.788,22.255,23.071,15.924,13.22,14.375,9.461,10.611,6.282,7.566,3.74,4.964,32.662,56.803,31.436,488.354,0.909,1.636,2.242,33,436.359,32.41,21.911,18.415,208.015,12.184,12.184,0.152,6.858,140.009,488.775,24,196,52.875,21.519,104.745,104.745,17.05,2.047,23.142,11.866,1.687,0.109,4,4,4200,1.556302501
334,2.674,-2.308,2.241,-2.996,-0.36,35.453,0,414.533,21.09,18.641,20.214,13.492,10.581,11.736,7.436,8.66,4.674,5.829,2.796,3.526,9.589,29.575,0,11.762,12.657,14.211,455.247,0.966,1.655,2.241,0.905,-0.34,29,413.753,870080.485,30.85,20.914,18.17,187.318,1,0,-0.285,-1,-0.112,114.458,456.089,3,0,0,0,0,20,0,0,174,37.146,0,19.765,38.36,32.311,25.174,22.248,0,41.94,23.514,0,65.214,12.828,23.8,65.214,22.963,3.551,6.553,6.746,0.203,0,0,2,2,0,0,0,1,0,1,3,2.803,2.246,7.988,24.788,22.255,23.071,15.924,13.22,14.375,9.461,10.611,6.282,7.566,3.74,4.964,32.662,56.803,31.436,488.354,0.909,1.636,2.242,33,436.359,32.41,21.911,18.415,208.015,12.184,12.184,0.152,6.858,140.009,488.775,24,196,52.875,21.519,104.745,104.745,17.05,2.047,23.142,11.866,1.687,0.109,4,2,4200,3.685293781
335,2.674,-2.308,2.241,-2.996,-0.36,35.453,0,414.533,21.09,18.641,20.214,13.492,10.581,11.736,7.436,8.66,4.674,5.829,2.796,3.526,9.589,29.575,0,11.762,12.657,14.211,455.247,0.966,1.655,2.241,0.905,-0.34,29,413.753,870080.485,30.85,20.914,18.17,187.318,1,0,-0.285,-1,-0.112,114.458,456.089,3,0,0,0,0,20,0,0,174,37.146,0,19.765,38.36,32.311,25.174,22.248,0,41.94,23.514,0,65.214,12.828,23.8,65.214,22.963,3.551,6.553,6.746,0.203,0,0,2,2,0,0,0,1,0,1,3,2.803,2.246,7.988,24.788,22.255,23.071,15.924,13.22,14.375,9.461,10.611,6.282,7.566,3.74,4.964,32.662,56.803,31.436,488.354,0.909,1.636,2.242,33,436.359,32.41,21.911,18.415,208.015,12.184,12.184,0.152,6.858,140.009,488.775,24,196,52.875,21.519,104.745,104.745,17.05,2.047,23.142,11.866,1.687,0.109,4,1,4200,4.333286022
336,2.674,-2.308,2.241,-2.996,-0.36,35.453,0,414.533,21.09,18.641,20.214,13.492,10.581,11.736,7.436,8.66,4.674,5.829,2.796,3.526,9.589,29.575,0,11.762,12.657,14.211,455.247,0.966,1.655,2.241,0.905,-0.34,29,413.753,870080.485,30.85,20.914,18.17,187.318,1,0,-0.285,-1,-0.112,114.458,456.089,3,0,0,0,0,20,0,0,174,37.146,0,19.765,38.36,32.311,25.174,22.248,0,41.94,23.514,0,65.214,12.828,23.8,65.214,22.963,3.551,6.553,6.746,0.203,0,0,2,2,0,0,0,1,0,1,3,2.803,2.246,7.988,24.788,22.255,23.071,15.924,13.22,14.375,9.461,10.611,6.282,7.566,3.74,4.964,32.662,56.803,31.436,488.354,0.909,1.636,2.242,33,436.359,32.41,21.911,18.415,208.015,12.184,12.184,0.152,6.858,140.009,488.775,24,196,52.875,21.519,104.745,104.745,17.05,2.047,23.142,11.866,1.687,0.109,4,0.5,4200,4.598560718
337,2.775,-2.308,2.242,-2.996,-0.4,35.453,0,538.939,24.244,20.828,22.4,15.297,11.503,12.657,8.265,9.414,5.239,6.454,3.052,3.961,14.384,48.193,7.11,6.924,10.471,14.211,513.253,0.97,1.636,2.212,0.87,-0.87,33,469.773,5204339.136,34.298,21.649,18.169,209.323,1,0,-0.359,-1,-0.571,125.395,514.125,3,0,0,0,0,21,0,0,196,41.883,0,19.765,38.36,26.558,31.491,22.501,0,51.472,29.484,0,71.256,13.485,33.331,65.214,34.388,3.426,6.18,5.428,0.16,0,0,3,3,0,0,0,1,0,1,3,2.803,2.246,7.988,24.788,22.255,23.071,15.924,13.22,14.375,9.461,10.611,6.282,7.566,3.74,4.964,32.662,56.803,31.436,488.354,0.909,1.636,2.242,33,436.359,32.41,21.911,18.415,208.015,12.184,12.184,0.152,6.858,140.009,488.775,24,196,52.875,21.519,104.745,104.745,17.05,2.047,23.142,11.866,1.687,0.109,4,4,4200,2.255272505
338,2.775,-2.308,2.242,-2.996,-0.4,35.453,0,538.939,24.244,20.828,22.4,15.297,11.503,12.657,8.265,9.414,5.239,6.454,3.052,3.961,14.384,48.193,7.11,6.924,10.471,14.211,513.253,0.97,1.636,2.212,0.87,-0.87,33,469.773,5204339.136,34.298,21.649,18.169,209.323,1,0,-0.359,-1,-0.571,125.395,514.125,3,0,0,0,0,21,0,0,196,41.883,0,19.765,38.36,26.558,31.491,22.501,0,51.472,29.484,0,71.256,13.485,33.331,65.214,34.388,3.426,6.18,5.428,0.16,0,0,3,3,0,0,0,1,0,1,3,2.803,2.246,7.988,24.788,22.255,23.071,15.924,13.22,14.375,9.461,10.611,6.282,7.566,3.74,4.964,32.662,56.803,31.436,488.354,0.909,1.636,2.242,33,436.359,32.41,21.911,18.415,208.015,12.184,12.184,0.152,6.858,140.009,488.775,24,196,52.875,21.519,104.745,104.745,17.05,2.047,23.142,11.866,1.687,0.109,4,2,4200,2.973127854
339,2.775,-2.308,2.242,-2.996,-0.4,35.453,0,538.939,24.244,20.828,22.4,15.297,11.503,12.657,8.265,9.414,5.239,6.454,3.052,3.961,14.384,48.193,7.11,6.924,10.471,14.211,513.253,0.97,1.636,2.212,0.87,-0.87,33,469.773,5204339.136,34.298,21.649,18.169,209.323,1,0,-0.359,-1,-0.571,125.395,514.125,3,0,0,0,0,21,0,0,196,41.883,0,19.765,38.36,26.558,31.491,22.501,0,51.472,29.484,0,71.256,13.485,33.331,65.214,34.388,3.426,6.18,5.428,0.16,0,0,3,3,0,0,0,1,0,1,3,2.803,2.246,7.988,24.788,22.255,23.071,15.924,13.22,14.375,9.461,10.611,6.282,7.566,3.74,4.964,32.662,56.803,31.436,488.354,0.909,1.636,2.242,33,436.359,32.41,21.911,18.415,208.015,12.184,12.184,0.152,6.858,140.009,488.775,24,196,52.875,21.519,104.745,104.745,17.05,2.047,23.142,11.866,1.687,0.109,4,1,4200,2.5132176
340,2.775,-2.308,2.242,-2.996,-0.4,35.453,0,538.939,24.244,20.828,22.4,15.297,11.503,12.657,8.265,9.414,5.239,6.454,3.052,3.961,14.384,48.193,7.11,6.924,10.471,14.211,513.253,0.97,1.636,2.212,0.87,-0.87,33,469.773,5204339.136,34.298,21.649,18.169,209.323,1,0,-0.359,-1,-0.571,125.395,514.125,3,0,0,0,0,21,0,0,196,41.883,0,19.765,38.36,26.558,31.491,22.501,0,51.472,29.484,0,71.256,13.485,33.331,65.214,34.388,3.426,6.18,5.428,0.16,0,0,3,3,0,0,0,1,0,1,3,2.803,2.246,7.988,24.788,22.255,23.071,15.924,13.22,14.375,9.461,10.611,6.282,7.566,3.74,4.964,32.662,56.803,31.436,488.354,0.909,1.636,2.242,33,436.359,32.41,21.911,18.415,208.015,12.184,12.184,0.152,6.858,140.009,488.775,24,196,52.875,21.519,104.745,104.745,17.05,2.047,23.142,11.866,1.687,0.109,4,0.5,4200,2.100370545
341,2.991,-2.308,2.243,-2.371,-0.151,32.166,3.964,687.795,32.023,28.483,29.299,20.818,17.105,18.26,11.938,13.163,7.707,8.861,4.746,5.621,14.384,23.075,38.773,11.762,30.988,14.211,630.464,0.744,1.395,2.023,0.912,-1.16,43,564.449,1101079577,41.84,29.545,25.828,268.04,0.465,0.164,-0.338,-0.465,6.831,179.82,630.977,1,0,0,1,0,32,0,0,254,29.222,5.907,46.454,89.43,39.524,18.629,28.748,0,28.594,29.422,10.217,124.007,12.791,28.594,124.007,37.989,-0.338,13.801,14.262,0.064,0,0,3,3,0,1,1,0,0,0,5,2.815,2.242,7.988,24.203,20.943,21.759,16.01,12.345,13.5,8.818,10.042,5.763,6.833,3.528,4.435,39.269,56.451,5.563,480.291,0.909,1.636,2.303,33,436.359,29.662,18.991,15.209,204.882,12.169,12.169,0.162,5.885,136.849,480.711,21,188,50.097,17.07,71.635,70.777,16.988,1.959,23.122,7.628,1.677,0.162,3,4,4200,4.131971345
342,2.991,-2.308,2.243,-2.371,-0.151,32.166,3.964,687.795,32.023,28.483,29.299,20.818,17.105,18.26,11.938,13.163,7.707,8.861,4.746,5.621,14.384,23.075,38.773,11.762,30.988,14.211,630.464,0.744,1.395,2.023,0.912,-1.16,43,564.449,1101079577,41.84,29.545,25.828,268.04,0.465,0.164,-0.338,-0.465,6.831,179.82,630.977,1,0,0,1,0,32,0,0,254,29.222,5.907,46.454,89.43,39.524,18.629,28.748,0,28.594,29.422,10.217,124.007,12.791,28.594,124.007,37.989,-0.338,13.801,14.262,0.064,0,0,3,3,0,1,1,0,0,0,5,2.815,2.242,7.988,24.203,20.943,21.759,16.01,12.345,13.5,8.818,10.042,5.763,6.833,3.528,4.435,39.269,56.451,5.563,480.291,0.909,1.636,2.303,33,436.359,29.662,18.991,15.209,204.882,12.169,12.169,0.162,5.885,136.849,480.711,21,188,50.097,17.07,71.635,70.777,16.988,1.959,23.122,7.628,1.677,0.162,3,2,4200,5.173460166
343,2.991,-2.308,2.243,-2.371,-0.151,32.166,3.964,687.795,32.023,28.483,29.299,20.818,17.105,18.26,11.938,13.163,7.707,8.861,4.746,5.621,14.384,23.075,38.773,11.762,30.988,14.211,630.464,0.744,1.395,2.023,0.912,-1.16,43,564.449,1101079577,41.84,29.545,25.828,268.04,0.465,0.164,-0.338,-0.465,6.831,179.82,630.977,1,0,0,1,0,32,0,0,254,29.222,5.907,46.454,89.43,39.524,18.629,28.748,0,28.594,29.422,10.217,124.007,12.791,28.594,124.007,37.989,-0.338,13.801,14.262,0.064,0,0,3,3,0,1,1,0,0,0,5,2.815,2.242,7.988,24.203,20.943,21.759,16.01,12.345,13.5,8.818,10.042,5.763,6.833,3.528,4.435,39.269,56.451,5.563,480.291,0.909,1.636,2.303,33,436.359,29.662,18.991,15.209,204.882,12.169,12.169,0.162,5.885,136.849,480.711,21,188,50.097,17.07,71.635,70.777,16.988,1.959,23.122,7.628,1.677,0.162,3,1,4200,5.521975778
344,2.991,-2.308,2.243,-2.371,-0.151,32.166,3.964,687.795,32.023,28.483,29.299,20.818,17.105,18.26,11.938,13.163,7.707,8.861,4.746,5.621,14.384,23.075,38.773,11.762,30.988,14.211,630.464,0.744,1.395,2.023,0.912,-1.16,43,564.449,1101079577,41.84,29.545,25.828,268.04,0.465,0.164,-0.338,-0.465,6.831,179.82,630.977,1,0,0,1,0,32,0,0,254,29.222,5.907,46.454,89.43,39.524,18.629,28.748,0,28.594,29.422,10.217,124.007,12.791,28.594,124.007,37.989,-0.338,13.801,14.262,0.064,0,0,3,3,0,1,1,0,0,0,5,2.815,2.242,7.988,24.203,20.943,21.759,16.01,12.345,13.5,8.818,10.042,5.763,6.833,3.528,4.435,39.269,56.451,5.563,480.291,0.909,1.636,2.303,33,436.359,29.662,18.991,15.209,204.882,12.169,12.169,0.162,5.885,136.849,480.711,21,188,50.097,17.07,71.635,70.777,16.988,1.959,23.122,7.628,1.677,0.162,3,0.5,4200,5.314541329
345,2.925,-2.34,2.243,-2.488,-0.151,32.166,2.127,674.022,28.772,24.756,25.572,18.853,14.76,15.914,10.632,11.856,7.206,8.36,4.54,5.414,14.384,29.682,0,16.662,11.824,19.317,574.365,0.872,1.564,2.205,0.897,-1.2,39,520.393,219846266.2,35.826,22.484,17.269,240.214,0.465,0.171,-0.344,-0.465,3.559,156.043,574.825,1,1,1,1,1,24,1,1,228,29.012,5.907,19.765,50.534,65.703,25.236,20.655,1,33.701,29.422,9.8,78.056,15.744,28.594,78.056,39.745,-0.344,7.784,9.634,0.137,1,1,3,3,1,0,1,0,1,0,3,2.815,2.242,7.988,24.203,20.943,21.759,16.01,12.345,13.5,8.818,10.042,5.763,6.833,3.528,4.435,39.269,56.451,5.563,480.291,0.909,1.636,2.303,33,436.359,29.662,18.991,15.209,204.882,12.169,12.169,0.162,5.885,136.849,480.711,21,188,50.097,17.07,71.635,70.777,16.988,1.959,23.122,7.628,1.677,0.162,3,4,4200,3.103803721
346,2.925,-2.34,2.243,-2.488,-0.151,32.166,2.127,674.022,28.772,24.756,25.572,18.853,14.76,15.914,10.632,11.856,7.206,8.36,4.54,5.414,14.384,29.682,0,16.662,11.824,19.317,574.365,0.872,1.564,2.205,0.897,-1.2,39,520.393,219846266.2,35.826,22.484,17.269,240.214,0.465,0.171,-0.344,-0.465,3.559,156.043,574.825,1,1,1,1,1,24,1,1,228,29.012,5.907,19.765,50.534,65.703,25.236,20.655,1,33.701,29.422,9.8,78.056,15.744,28.594,78.056,39.745,-0.344,7.784,9.634,0.137,1,1,3,3,1,0,1,0,1,0,3,2.815,2.242,7.988,24.203,20.943,21.759,16.01,12.345,13.5,8.818,10.042,5.763,6.833,3.528,4.435,39.269,56.451,5.563,480.291,0.909,1.636,2.303,33,436.359,29.662,18.991,15.209,204.882,12.169,12.169,0.162,5.885,136.849,480.711,21,188,50.097,17.07,71.635,70.777,16.988,1.959,23.122,7.628,1.677,0.162,3,2,4200,3.195899652
347,2.925,-2.34,2.243,-2.488,-0.151,32.166,2.127,674.022,28.772,24.756,25.572,18.853,14.76,15.914,10.632,11.856,7.206,8.36,4.54,5.414,14.384,29.682,0,16.662,11.824,19.317,574.365,0.872,1.564,2.205,0.897,-1.2,39,520.393,219846266.2,35.826,22.484,17.269,240.214,0.465,0.171,-0.344,-0.465,3.559,156.043,574.825,1,1,1,1,1,24,1,1,228,29.012,5.907,19.765,50.534,65.703,25.236,20.655,1,33.701,29.422,9.8,78.056,15.744,28.594,78.056,39.745,-0.344,7.784,9.634,0.137,1,1,3,3,1,0,1,0,1,0,3,2.815,2.242,7.988,24.203,20.943,21.759,16.01,12.345,13.5,8.818,10.042,5.763,6.833,3.528,4.435,39.269,56.451,5.563,480.291,0.909,1.636,2.303,33,436.359,29.662,18.991,15.209,204.882,12.169,12.169,0.162,5.885,136.849,480.711,21,188,50.097,17.07,71.635,70.777,16.988,1.959,23.122,7.628,1.677,0.162,3,1,4200,2.462397998
348,2.925,-2.34,2.243,-2.488,-0.151,32.166,2.127,674.022,28.772,24.756,25.572,18.853,14.76,15.914,10.632,11.856,7.206,8.36,4.54,5.414,14.384,29.682,0,16.662,11.824,19.317,574.365,0.872,1.564,2.205,0.897,-1.2,39,520.393,219846266.2,35.826,22.484,17.269,240.214,0.465,0.171,-0.344,-0.465,3.559,156.043,574.825,1,1,1,1,1,24,1,1,228,29.012,5.907,19.765,50.534,65.703,25.236,20.655,1,33.701,29.422,9.8,78.056,15.744,28.594,78.056,39.745,-0.344,7.784,9.634,0.137,1,1,3,3,1,0,1,0,1,0,3,2.815,2.242,7.988,24.203,20.943,21.759,16.01,12.345,13.5,8.818,10.042,5.763,6.833,3.528,4.435,39.269,56.451,5.563,480.291,0.909,1.636,2.303,33,436.359,29.662,18.991,15.209,204.882,12.169,12.169,0.162,5.885,136.849,480.711,21,188,50.097,17.07,71.635,70.777,16.988,1.959,23.122,7.628,1.677,0.162,3,0.5,4200,3.160168293
349,2.927,-2.308,2.242,-2.458,-0.151,32.166,2.071,662.934,28.608,24.861,25.678,18.904,14.898,16.053,10.627,11.852,7.038,8.192,4.405,5.28,14.384,23.075,0,11.762,22.457,14.211,573.381,0.923,1.641,2.333,0.897,-1.2,39,518.401,235200918.6,35.826,23.499,19.505,240.76,0.465,0.147,-0.336,-0.465,3.444,158.256,573.841,2,1,1,1,1,25,1,1,228,29.639,5.907,19.765,50.534,72.248,18.629,21.587,1,28.594,29.422,15.533,78.056,15.564,28.594,78.056,37.603,-0.336,7.819,11.445,0.125,0,0,3,3,0,2,1,0,1,0,3,2.815,2.242,7.988,24.203,20.943,21.759,16.01,12.345,13.5,8.818,10.042,5.763,6.833,3.528,4.435,39.269,56.451,5.563,480.291,0.909,1.636,2.303,33,436.359,29.662,18.991,15.209,204.882,12.169,12.169,0.162,5.885,136.849,480.711,21,188,50.097,17.07,71.635,70.777,16.988,1.959,23.122,7.628,1.677,0.162,3,4,4200,1.414973348
350,2.927,-2.308,2.242,-2.458,-0.151,32.166,2.071,662.934,28.608,24.861,25.678,18.904,14.898,16.053,10.627,11.852,7.038,8.192,4.405,5.28,14.384,23.075,0,11.762,22.457,14.211,573.381,0.923,1.641,2.333,0.897,-1.2,39,518.401,235200918.6,35.826,23.499,19.505,240.76,0.465,0.147,-0.336,-0.465,3.444,158.256,573.841,2,1,1,1,1,25,1,1,228,29.639,5.907,19.765,50.534,72.248,18.629,21.587,1,28.594,29.422,15.533,78.056,15.564,28.594,78.056,37.603,-0.336,7.819,11.445,0.125,0,0,3,3,0,2,1,0,1,0,3,2.815,2.242,7.988,24.203,20.943,21.759,16.01,12.345,13.5,8.818,10.042,5.763,6.833,3.528,4.435,39.269,56.451,5.563,480.291,0.909,1.636,2.303,33,436.359,29.662,18.991,15.209,204.882,12.169,12.169,0.162,5.885,136.849,480.711,21,188,50.097,17.07,71.635,70.777,16.988,1.959,23.122,7.628,1.677,0.162,3,2,4200,2.876794976
351,2.927,-2.308,2.242,-2.458,-0.151,32.166,2.071,662.934,28.608,24.861,25.678,18.904,14.898,16.053,10.627,11.852,7.038,8.192,4.405,5.28,14.384,23.075,0,11.762,22.457,14.211,573.381,0.923,1.641,2.333,0.897,-1.2,39,518.401,235200918.6,35.826,23.499,19.505,240.76,0.465,0.147,-0.336,-0.465,3.444,158.256,573.841,2,1,1,1,1,25,1,1,228,29.639,5.907,19.765,50.534,72.248,18.629,21.587,1,28.594,29.422,15.533,78.056,15.564,28.594,78.056,37.603,-0.336,7.819,11.445,0.125,0,0,3,3,0,2,1,0,1,0,3,2.815,2.242,7.988,24.203,20.943,21.759,16.01,12.345,13.5,8.818,10.042,5.763,6.833,3.528,4.435,39.269,56.451,5.563,480.291,0.909,1.636,2.303,33,436.359,29.662,18.991,15.209,204.882,12.169,12.169,0.162,5.885,136.849,480.711,21,188,50.097,17.07,71.635,70.777,16.988,1.959,23.122,7.628,1.677,0.162,3,1,4200,2.770852012
352,2.927,-2.308,2.242,-2.458,-0.151,32.166,2.071,662.934,28.608,24.861,25.678,18.904,14.898,16.053,10.627,11.852,7.038,8.192,4.405,5.28,14.384,23.075,0,11.762,22.457,14.211,573.381,0.923,1.641,2.333,0.897,-1.2,39,518.401,235200918.6,35.826,23.499,19.505,240.76,0.465,0.147,-0.336,-0.465,3.444,158.256,573.841,2,1,1,1,1,25,1,1,228,29.639,5.907,19.765,50.534,72.248,18.629,21.587,1,28.594,29.422,15.533,78.056,15.564,28.594,78.056,37.603,-0.336,7.819,11.445,0.125,0,0,3,3,0,2,1,0,1,0,3,2.815,2.242,7.988,24.203,20.943,21.759,16.01,12.345,13.5,8.818,10.042,5.763,6.833,3.528,4.435,39.269,56.451,5.563,480.291,0.909,1.636,2.303,33,436.359,29.662,18.991,15.209,204.882,12.169,12.169,0.162,5.885,136.849,480.711,21,188,50.097,17.07,71.635,70.777,16.988,1.959,23.122,7.628,1.677,0.162,3,0.5,4200,1.204119983
353,2.674,-2.308,2.241,-2.996,-0.36,35.453,0,414.533,21.09,18.641,20.214,13.492,10.581,11.736,7.436,8.66,4.674,5.829,2.796,3.526,9.589,29.575,0,11.762,12.657,14.211,455.247,0.966,1.655,2.241,0.905,-0.34,29,413.753,870080.485,30.85,20.914,18.17,187.318,1,0,-0.285,-1,-0.112,114.458,456.089,3,0,0,0,0,20,0,0,174,37.146,0,19.765,38.36,32.311,25.174,22.248,0,41.94,23.514,0,65.214,12.828,23.8,65.214,22.963,3.551,6.553,6.746,0.203,0,0,2,2,0,0,0,1,0,1,3,2.815,2.242,7.988,24.203,20.943,21.759,16.01,12.345,13.5,8.818,10.042,5.763,6.833,3.528,4.435,39.269,56.451,5.563,480.291,0.909,1.636,2.303,33,436.359,29.662,18.991,15.209,204.882,12.169,12.169,0.162,5.885,136.849,480.711,21,188,50.097,17.07,71.635,70.777,16.988,1.959,23.122,7.628,1.677,0.162,3,4,4200,1.799340549
354,2.674,-2.308,2.241,-2.996,-0.36,35.453,0,414.533,21.09,18.641,20.214,13.492,10.581,11.736,7.436,8.66,4.674,5.829,2.796,3.526,9.589,29.575,0,11.762,12.657,14.211,455.247,0.966,1.655,2.241,0.905,-0.34,29,413.753,870080.485,30.85,20.914,18.17,187.318,1,0,-0.285,-1,-0.112,114.458,456.089,3,0,0,0,0,20,0,0,174,37.146,0,19.765,38.36,32.311,25.174,22.248,0,41.94,23.514,0,65.214,12.828,23.8,65.214,22.963,3.551,6.553,6.746,0.203,0,0,2,2,0,0,0,1,0,1,3,2.815,2.242,7.988,24.203,20.943,21.759,16.01,12.345,13.5,8.818,10.042,5.763,6.833,3.528,4.435,39.269,56.451,5.563,480.291,0.909,1.636,2.303,33,436.359,29.662,18.991,15.209,204.882,12.169,12.169,0.162,5.885,136.849,480.711,21,188,50.097,17.07,71.635,70.777,16.988,1.959,23.122,7.628,1.677,0.162,3,2,4200,1.462397998
355,2.674,-2.308,2.241,-2.996,-0.36,35.453,0,414.533,21.09,18.641,20.214,13.492,10.581,11.736,7.436,8.66,4.674,5.829,2.796,3.526,9.589,29.575,0,11.762,12.657,14.211,455.247,0.966,1.655,2.241,0.905,-0.34,29,413.753,870080.485,30.85,20.914,18.17,187.318,1,0,-0.285,-1,-0.112,114.458,456.089,3,0,0,0,0,20,0,0,174,37.146,0,19.765,38.36,32.311,25.174,22.248,0,41.94,23.514,0,65.214,12.828,23.8,65.214,22.963,3.551,6.553,6.746,0.203,0,0,2,2,0,0,0,1,0,1,3,2.815,2.242,7.988,24.203,20.943,21.759,16.01,12.345,13.5,8.818,10.042,5.763,6.833,3.528,4.435,39.269,56.451,5.563,480.291,0.909,1.636,2.303,33,436.359,29.662,18.991,15.209,204.882,12.169,12.169,0.162,5.885,136.849,480.711,21,188,50.097,17.07,71.635,70.777,16.988,1.959,23.122,7.628,1.677,0.162,3,1,4200,2.567026366
356,2.674,-2.308,2.241,-2.996,-0.36,35.453,0,414.533,21.09,18.641,20.214,13.492,10.581,11.736,7.436,8.66,4.674,5.829,2.796,3.526,9.589,29.575,0,11.762,12.657,14.211,455.247,0.966,1.655,2.241,0.905,-0.34,29,413.753,870080.485,30.85,20.914,18.17,187.318,1,0,-0.285,-1,-0.112,114.458,456.089,3,0,0,0,0,20,0,0,174,37.146,0,19.765,38.36,32.311,25.174,22.248,0,41.94,23.514,0,65.214,12.828,23.8,65.214,22.963,3.551,6.553,6.746,0.203,0,0,2,2,0,0,0,1,0,1,3,2.815,2.242,7.988,24.203,20.943,21.759,16.01,12.345,13.5,8.818,10.042,5.763,6.833,3.528,4.435,39.269,56.451,5.563,480.291,0.909,1.636,2.303,33,436.359,29.662,18.991,15.209,204.882,12.169,12.169,0.162,5.885,136.849,480.711,21,188,50.097,17.07,71.635,70.777,16.988,1.959,23.122,7.628,1.677,0.162,3,0.5,4200,2.859138297
357,2.775,-2.308,2.242,-2.996,-0.4,35.453,0,538.939,24.244,20.828,22.4,15.297,11.503,12.657,8.265,9.414,5.239,6.454,3.052,3.961,14.384,48.193,7.11,6.924,10.471,14.211,513.253,0.97,1.636,2.212,0.87,-0.87,33,469.773,5204339.136,34.298,21.649,18.169,209.323,1,0,-0.359,-1,-0.571,125.395,514.125,3,0,0,0,0,21,0,0,196,41.883,0,19.765,38.36,26.558,31.491,22.501,0,51.472,29.484,0,71.256,13.485,33.331,65.214,34.388,3.426,6.18,5.428,0.16,0,0,3,3,0,0,0,1,0,1,3,2.815,2.242,7.988,24.203,20.943,21.759,16.01,12.345,13.5,8.818,10.042,5.763,6.833,3.528,4.435,39.269,56.451,5.563,480.291,0.909,1.636,2.303,33,436.359,29.662,18.991,15.209,204.882,12.169,12.169,0.162,5.885,136.849,480.711,21,188,50.097,17.07,71.635,70.777,16.988,1.959,23.122,7.628,1.677,0.162,3,4,4200,1.301029996
358,2.775,-2.308,2.242,-2.996,-0.4,35.453,0,538.939,24.244,20.828,22.4,15.297,11.503,12.657,8.265,9.414,5.239,6.454,3.052,3.961,14.384,48.193,7.11,6.924,10.471,14.211,513.253,0.97,1.636,2.212,0.87,-0.87,33,469.773,5204339.136,34.298,21.649,18.169,209.323,1,0,-0.359,-1,-0.571,125.395,514.125,3,0,0,0,0,21,0,0,196,41.883,0,19.765,38.36,26.558,31.491,22.501,0,51.472,29.484,0,71.256,13.485,33.331,65.214,34.388,3.426,6.18,5.428,0.16,0,0,3,3,0,0,0,1,0,1,3,2.815,2.242,7.988,24.203,20.943,21.759,16.01,12.345,13.5,8.818,10.042,5.763,6.833,3.528,4.435,39.269,56.451,5.563,480.291,0.909,1.636,2.303,33,436.359,29.662,18.991,15.209,204.882,12.169,12.169,0.162,5.885,136.849,480.711,21,188,50.097,17.07,71.635,70.777,16.988,1.959,23.122,7.628,1.677,0.162,3,2,4200,1.799340549
359,2.775,-2.308,2.242,-2.996,-0.4,35.453,0,538.939,24.244,20.828,22.4,15.297,11.503,12.657,8.265,9.414,5.239,6.454,3.052,3.961,14.384,48.193,7.11,6.924,10.471,14.211,513.253,0.97,1.636,2.212,0.87,-0.87,33,469.773,5204339.136,34.298,21.649,18.169,209.323,1,0,-0.359,-1,-0.571,125.395,514.125,3,0,0,0,0,21,0,0,196,41.883,0,19.765,38.36,26.558,31.491,22.501,0,51.472,29.484,0,71.256,13.485,33.331,65.214,34.388,3.426,6.18,5.428,0.16,0,0,3,3,0,0,0,1,0,1,3,2.815,2.242,7.988,24.203,20.943,21.759,16.01,12.345,13.5,8.818,10.042,5.763,6.833,3.528,4.435,39.269,56.451,5.563,480.291,0.909,1.636,2.303,33,436.359,29.662,18.991,15.209,204.882,12.169,12.169,0.162,5.885,136.849,480.711,21,188,50.097,17.07,71.635,70.777,16.988,1.959,23.122,7.628,1.677,0.162,3,1,4200,0.477121255
360,2.775,-2.308,2.242,-2.996,-0.4,35.453,0,538.939,24.244,20.828,22.4,15.297,11.503,12.657,8.265,9.414,5.239,6.454,3.052,3.961,14.384,48.193,7.11,6.924,10.471,14.211,513.253,0.97,1.636,2.212,0.87,-0.87,33,469.773,5204339.136,34.298,21.649,18.169,209.323,1,0,-0.359,-1,-0.571,125.395,514.125,3,0,0,0,0,21,0,0,196,41.883,0,19.765,38.36,26.558,31.491,22.501,0,51.472,29.484,0,71.256,13.485,33.331,65.214,34.388,3.426,6.18,5.428,0.16,0,0,3,3,0,0,0,1,0,1,3,2.815,2.242,7.988,24.203,20.943,21.759,16.01,12.345,13.5,8.818,10.042,5.763,6.833,3.528,4.435,39.269,56.451,5.563,480.291,0.909,1.636,2.303,33,436.359,29.662,18.991,15.209,204.882,12.169,12.169,0.162,5.885,136.849,480.711,21,188,50.097,17.07,71.635,70.777,16.988,1.959,23.122,7.628,1.677,0.162,3,0.5,4200,1
361,2.991,-2.308,2.243,-2.371,-0.151,32.166,3.964,687.795,32.023,28.483,29.299,20.818,17.105,18.26,11.938,13.163,7.707,8.861,4.746,5.621,14.384,23.075,38.773,11.762,30.988,14.211,630.464,0.744,1.395,2.023,0.912,-1.16,43,564.449,1101079577,41.84,29.545,25.828,268.04,0.465,0.164,-0.338,-0.465,6.831,179.82,630.977,1,0,0,1,0,32,0,0,254,29.222,5.907,46.454,89.43,39.524,18.629,28.748,0,28.594,29.422,10.217,124.007,12.791,28.594,124.007,37.989,-0.338,13.801,14.262,0.064,0,0,3,3,0,1,1,0,0,0,5,2.775,2.242,7.988,23.918,20.832,21.648,15.492,12.397,13.552,8.72,9.945,5.582,6.737,3.363,4.298,45.876,57.119,18.594,476.317,0.844,1.5,2.156,32,428.336,31.37,22.177,18.895,200.079,12.137,12.137,0.166,5.195,132.257,476.72,24,190,32.607,21.74,90.897,90.897,16.92,1.96,23.075,10.943,1.671,0.151,6,4,4200,4.897280617
362,2.991,-2.308,2.243,-2.371,-0.151,32.166,3.964,687.795,32.023,28.483,29.299,20.818,17.105,18.26,11.938,13.163,7.707,8.861,4.746,5.621,14.384,23.075,38.773,11.762,30.988,14.211,630.464,0.744,1.395,2.023,0.912,-1.16,43,564.449,1101079577,41.84,29.545,25.828,268.04,0.465,0.164,-0.338,-0.465,6.831,179.82,630.977,1,0,0,1,0,32,0,0,254,29.222,5.907,46.454,89.43,39.524,18.629,28.748,0,28.594,29.422,10.217,124.007,12.791,28.594,124.007,37.989,-0.338,13.801,14.262,0.064,0,0,3,3,0,1,1,0,0,0,5,2.775,2.242,7.988,23.918,20.832,21.648,15.492,12.397,13.552,8.72,9.945,5.582,6.737,3.363,4.298,45.876,57.119,18.594,476.317,0.844,1.5,2.156,32,428.336,31.37,22.177,18.895,200.079,12.137,12.137,0.166,5.195,132.257,476.72,24,190,32.607,21.74,90.897,90.897,16.92,1.96,23.075,10.943,1.671,0.151,6,2,4200,4.474361976
363,2.991,-2.308,2.243,-2.371,-0.151,32.166,3.964,687.795,32.023,28.483,29.299,20.818,17.105,18.26,11.938,13.163,7.707,8.861,4.746,5.621,14.384,23.075,38.773,11.762,30.988,14.211,630.464,0.744,1.395,2.023,0.912,-1.16,43,564.449,1101079577,41.84,29.545,25.828,268.04,0.465,0.164,-0.338,-0.465,6.831,179.82,630.977,1,0,0,1,0,32,0,0,254,29.222,5.907,46.454,89.43,39.524,18.629,28.748,0,28.594,29.422,10.217,124.007,12.791,28.594,124.007,37.989,-0.338,13.801,14.262,0.064,0,0,3,3,0,1,1,0,0,0,5,2.775,2.242,7.988,23.918,20.832,21.648,15.492,12.397,13.552,8.72,9.945,5.582,6.737,3.363,4.298,45.876,57.119,18.594,476.317,0.844,1.5,2.156,32,428.336,31.37,22.177,18.895,200.079,12.137,12.137,0.166,5.195,132.257,476.72,24,190,32.607,21.74,90.897,90.897,16.92,1.96,23.075,10.943,1.671,0.151,6,1,4200,4.050611731
364,2.991,-2.308,2.243,-2.371,-0.151,32.166,3.964,687.795,32.023,28.483,29.299,20.818,17.105,18.26,11.938,13.163,7.707,8.861,4.746,5.621,14.384,23.075,38.773,11.762,30.988,14.211,630.464,0.744,1.395,2.023,0.912,-1.16,43,564.449,1101079577,41.84,29.545,25.828,268.04,0.465,0.164,-0.338,-0.465,6.831,179.82,630.977,1,0,0,1,0,32,0,0,254,29.222,5.907,46.454,89.43,39.524,18.629,28.748,0,28.594,29.422,10.217,124.007,12.791,28.594,124.007,37.989,-0.338,13.801,14.262,0.064,0,0,3,3,0,1,1,0,0,0,5,2.775,2.242,7.988,23.918,20.832,21.648,15.492,12.397,13.552,8.72,9.945,5.582,6.737,3.363,4.298,45.876,57.119,18.594,476.317,0.844,1.5,2.156,32,428.336,31.37,22.177,18.895,200.079,12.137,12.137,0.166,5.195,132.257,476.72,24,190,32.607,21.74,90.897,90.897,16.92,1.96,23.075,10.943,1.671,0.151,6,0.5,4200,3.924744352
365,2.925,-2.34,2.243,-2.488,-0.151,32.166,2.127,674.022,28.772,24.756,25.572,18.853,14.76,15.914,10.632,11.856,7.206,8.36,4.54,5.414,14.384,29.682,0,16.662,11.824,19.317,574.365,0.872,1.564,2.205,0.897,-1.2,39,520.393,219846266.2,35.826,22.484,17.269,240.214,0.465,0.171,-0.344,-0.465,3.559,156.043,574.825,1,1,1,1,1,24,1,1,228,29.012,5.907,19.765,50.534,65.703,25.236,20.655,1,33.701,29.422,9.8,78.056,15.744,28.594,78.056,39.745,-0.344,7.784,9.634,0.137,1,1,3,3,1,0,1,0,1,0,3,2.775,2.242,7.988,23.918,20.832,21.648,15.492,12.397,13.552,8.72,9.945,5.582,6.737,3.363,4.298,45.876,57.119,18.594,476.317,0.844,1.5,2.156,32,428.336,31.37,22.177,18.895,200.079,12.137,12.137,0.166,5.195,132.257,476.72,24,190,32.607,21.74,90.897,90.897,16.92,1.96,23.075,10.943,1.671,0.151,6,4,4200,2.269512944
366,2.925,-2.34,2.243,-2.488,-0.151,32.166,2.127,674.022,28.772,24.756,25.572,18.853,14.76,15.914,10.632,11.856,7.206,8.36,4.54,5.414,14.384,29.682,0,16.662,11.824,19.317,574.365,0.872,1.564,2.205,0.897,-1.2,39,520.393,219846266.2,35.826,22.484,17.269,240.214,0.465,0.171,-0.344,-0.465,3.559,156.043,574.825,1,1,1,1,1,24,1,1,228,29.012,5.907,19.765,50.534,65.703,25.236,20.655,1,33.701,29.422,9.8,78.056,15.744,28.594,78.056,39.745,-0.344,7.784,9.634,0.137,1,1,3,3,1,0,1,0,1,0,3,2.775,2.242,7.988,23.918,20.832,21.648,15.492,12.397,13.552,8.72,9.945,5.582,6.737,3.363,4.298,45.876,57.119,18.594,476.317,0.844,1.5,2.156,32,428.336,31.37,22.177,18.895,200.079,12.137,12.137,0.166,5.195,132.257,476.72,24,190,32.607,21.74,90.897,90.897,16.92,1.96,23.075,10.943,1.671,0.151,6,2,4200,2.456366033
367,2.925,-2.34,2.243,-2.488,-0.151,32.166,2.127,674.022,28.772,24.756,25.572,18.853,14.76,15.914,10.632,11.856,7.206,8.36,4.54,5.414,14.384,29.682,0,16.662,11.824,19.317,574.365,0.872,1.564,2.205,0.897,-1.2,39,520.393,219846266.2,35.826,22.484,17.269,240.214,0.465,0.171,-0.344,-0.465,3.559,156.043,574.825,1,1,1,1,1,24,1,1,228,29.012,5.907,19.765,50.534,65.703,25.236,20.655,1,33.701,29.422,9.8,78.056,15.744,28.594,78.056,39.745,-0.344,7.784,9.634,0.137,1,1,3,3,1,0,1,0,1,0,3,2.775,2.242,7.988,23.918,20.832,21.648,15.492,12.397,13.552,8.72,9.945,5.582,6.737,3.363,4.298,45.876,57.119,18.594,476.317,0.844,1.5,2.156,32,428.336,31.37,22.177,18.895,200.079,12.137,12.137,0.166,5.195,132.257,476.72,24,190,32.607,21.74,90.897,90.897,16.92,1.96,23.075,10.943,1.671,0.151,6,1,4200,2.556302501
368,2.925,-2.34,2.243,-2.488,-0.151,32.166,2.127,674.022,28.772,24.756,25.572,18.853,14.76,15.914,10.632,11.856,7.206,8.36,4.54,5.414,14.384,29.682,0,16.662,11.824,19.317,574.365,0.872,1.564,2.205,0.897,-1.2,39,520.393,219846266.2,35.826,22.484,17.269,240.214,0.465,0.171,-0.344,-0.465,3.559,156.043,574.825,1,1,1,1,1,24,1,1,228,29.012,5.907,19.765,50.534,65.703,25.236,20.655,1,33.701,29.422,9.8,78.056,15.744,28.594,78.056,39.745,-0.344,7.784,9.634,0.137,1,1,3,3,1,0,1,0,1,0,3,2.775,2.242,7.988,23.918,20.832,21.648,15.492,12.397,13.552,8.72,9.945,5.582,6.737,3.363,4.298,45.876,57.119,18.594,476.317,0.844,1.5,2.156,32,428.336,31.37,22.177,18.895,200.079,12.137,12.137,0.166,5.195,132.257,476.72,24,190,32.607,21.74,90.897,90.897,16.92,1.96,23.075,10.943,1.671,0.151,6,0.5,4200,3.006893708
369,2.927,-2.308,2.242,-2.458,-0.151,32.166,2.071,662.934,28.608,24.861,25.678,18.904,14.898,16.053,10.627,11.852,7.038,8.192,4.405,5.28,14.384,23.075,0,11.762,22.457,14.211,573.381,0.923,1.641,2.333,0.897,-1.2,39,518.401,235200918.6,35.826,23.499,19.505,240.76,0.465,0.147,-0.336,-0.465,3.444,158.256,573.841,2,1,1,1,1,25,1,1,228,29.639,5.907,19.765,50.534,72.248,18.629,21.587,1,28.594,29.422,15.533,78.056,15.564,28.594,78.056,37.603,-0.336,7.819,11.445,0.125,0,0,3,3,0,2,1,0,1,0,3,2.775,2.242,7.988,23.918,20.832,21.648,15.492,12.397,13.552,8.72,9.945,5.582,6.737,3.363,4.298,45.876,57.119,18.594,476.317,0.844,1.5,2.156,32,428.336,31.37,22.177,18.895,200.079,12.137,12.137,0.166,5.195,132.257,476.72,24,190,32.607,21.74,90.897,90.897,16.92,1.96,23.075,10.943,1.671,0.151,6,4,4200,1.301029996
370,2.927,-2.308,2.242,-2.458,-0.151,32.166,2.071,662.934,28.608,24.861,25.678,18.904,14.898,16.053,10.627,11.852,7.038,8.192,4.405,5.28,14.384,23.075,0,11.762,22.457,14.211,573.381,0.923,1.641,2.333,0.897,-1.2,39,518.401,235200918.6,35.826,23.499,19.505,240.76,0.465,0.147,-0.336,-0.465,3.444,158.256,573.841,2,1,1,1,1,25,1,1,228,29.639,5.907,19.765,50.534,72.248,18.629,21.587,1,28.594,29.422,15.533,78.056,15.564,28.594,78.056,37.603,-0.336,7.819,11.445,0.125,0,0,3,3,0,2,1,0,1,0,3,2.775,2.242,7.988,23.918,20.832,21.648,15.492,12.397,13.552,8.72,9.945,5.582,6.737,3.363,4.298,45.876,57.119,18.594,476.317,0.844,1.5,2.156,32,428.336,31.37,22.177,18.895,200.079,12.137,12.137,0.166,5.195,132.257,476.72,24,190,32.607,21.74,90.897,90.897,16.92,1.96,23.075,10.943,1.671,0.151,6,2,4200,1
371,2.927,-2.308,2.242,-2.458,-0.151,32.166,2.071,662.934,28.608,24.861,25.678,18.904,14.898,16.053,10.627,11.852,7.038,8.192,4.405,5.28,14.384,23.075,0,11.762,22.457,14.211,573.381,0.923,1.641,2.333,0.897,-1.2,39,518.401,235200918.6,35.826,23.499,19.505,240.76,0.465,0.147,-0.336,-0.465,3.444,158.256,573.841,2,1,1,1,1,25,1,1,228,29.639,5.907,19.765,50.534,72.248,18.629,21.587,1,28.594,29.422,15.533,78.056,15.564,28.594,78.056,37.603,-0.336,7.819,11.445,0.125,0,0,3,3,0,2,1,0,1,0,3,2.775,2.242,7.988,23.918,20.832,21.648,15.492,12.397,13.552,8.72,9.945,5.582,6.737,3.363,4.298,45.876,57.119,18.594,476.317,0.844,1.5,2.156,32,428.336,31.37,22.177,18.895,200.079,12.137,12.137,0.166,5.195,132.257,476.72,24,190,32.607,21.74,90.897,90.897,16.92,1.96,23.075,10.943,1.671,0.151,6,1,4200,1.51851394
372,2.927,-2.308,2.242,-2.458,-0.151,32.166,2.071,662.934,28.608,24.861,25.678,18.904,14.898,16.053,10.627,11.852,7.038,8.192,4.405,5.28,14.384,23.075,0,11.762,22.457,14.211,573.381,0.923,1.641,2.333,0.897,-1.2,39,518.401,235200918.6,35.826,23.499,19.505,240.76,0.465,0.147,-0.336,-0.465,3.444,158.256,573.841,2,1,1,1,1,25,1,1,228,29.639,5.907,19.765,50.534,72.248,18.629,21.587,1,28.594,29.422,15.533,78.056,15.564,28.594,78.056,37.603,-0.336,7.819,11.445,0.125,0,0,3,3,0,2,1,0,1,0,3,2.775,2.242,7.988,23.918,20.832,21.648,15.492,12.397,13.552,8.72,9.945,5.582,6.737,3.363,4.298,45.876,57.119,18.594,476.317,0.844,1.5,2.156,32,428.336,31.37,22.177,18.895,200.079,12.137,12.137,0.166,5.195,132.257,476.72,24,190,32.607,21.74,90.897,90.897,16.92,1.96,23.075,10.943,1.671,0.151,6,0.5,4200,1.903089987
373,2.674,-2.308,2.241,-2.996,-0.36,35.453,0,414.533,21.09,18.641,20.214,13.492,10.581,11.736,7.436,8.66,4.674,5.829,2.796,3.526,9.589,29.575,0,11.762,12.657,14.211,455.247,0.966,1.655,2.241,0.905,-0.34,29,413.753,870080.485,30.85,20.914,18.17,187.318,1,0,-0.285,-1,-0.112,114.458,456.089,3,0,0,0,0,20,0,0,174,37.146,0,19.765,38.36,32.311,25.174,22.248,0,41.94,23.514,0,65.214,12.828,23.8,65.214,22.963,3.551,6.553,6.746,0.203,0,0,2,2,0,0,0,1,0,1,3,2.775,2.242,7.988,23.918,20.832,21.648,15.492,12.397,13.552,8.72,9.945,5.582,6.737,3.363,4.298,45.876,57.119,18.594,476.317,0.844,1.5,2.156,32,428.336,31.37,22.177,18.895,200.079,12.137,12.137,0.166,5.195,132.257,476.72,24,190,32.607,21.74,90.897,90.897,16.92,1.96,23.075,10.943,1.671,0.151,6,4,4200,1.361727836
374,2.674,-2.308,2.241,-2.996,-0.36,35.453,0,414.533,21.09,18.641,20.214,13.492,10.581,11.736,7.436,8.66,4.674,5.829,2.796,3.526,9.589,29.575,0,11.762,12.657,14.211,455.247,0.966,1.655,2.241,0.905,-0.34,29,413.753,870080.485,30.85,20.914,18.17,187.318,1,0,-0.285,-1,-0.112,114.458,456.089,3,0,0,0,0,20,0,0,174,37.146,0,19.765,38.36,32.311,25.174,22.248,0,41.94,23.514,0,65.214,12.828,23.8,65.214,22.963,3.551,6.553,6.746,0.203,0,0,2,2,0,0,0,1,0,1,3,2.775,2.242,7.988,23.918,20.832,21.648,15.492,12.397,13.552,8.72,9.945,5.582,6.737,3.363,4.298,45.876,57.119,18.594,476.317,0.844,1.5,2.156,32,428.336,31.37,22.177,18.895,200.079,12.137,12.137,0.166,5.195,132.257,476.72,24,190,32.607,21.74,90.897,90.897,16.92,1.96,23.075,10.943,1.671,0.151,6,2,4200,1
375,2.674,-2.308,2.241,-2.996,-0.36,35.453,0,414.533,21.09,18.641,20.214,13.492,10.581,11.736,7.436,8.66,4.674,5.829,2.796,3.526,9.589,29.575,0,11.762,12.657,14.211,455.247,0.966,1.655,2.241,0.905,-0.34,29,413.753,870080.485,30.85,20.914,18.17,187.318,1,0,-0.285,-1,-0.112,114.458,456.089,3,0,0,0,0,20,0,0,174,37.146,0,19.765,38.36,32.311,25.174,22.248,0,41.94,23.514,0,65.214,12.828,23.8,65.214,22.963,3.551,6.553,6.746,0.203,0,0,2,2,0,0,0,1,0,1,3,2.775,2.242,7.988,23.918,20.832,21.648,15.492,12.397,13.552,8.72,9.945,5.582,6.737,3.363,4.298,45.876,57.119,18.594,476.317,0.844,1.5,2.156,32,428.336,31.37,22.177,18.895,200.079,12.137,12.137,0.166,5.195,132.257,476.72,24,190,32.607,21.74,90.897,90.897,16.92,1.96,23.075,10.943,1.671,0.151,6,1,4200,1.278753601
376,2.674,-2.308,2.241,-2.996,-0.36,35.453,0,414.533,21.09,18.641,20.214,13.492,10.581,11.736,7.436,8.66,4.674,5.829,2.796,3.526,9.589,29.575,0,11.762,12.657,14.211,455.247,0.966,1.655,2.241,0.905,-0.34,29,413.753,870080.485,30.85,20.914,18.17,187.318,1,0,-0.285,-1,-0.112,114.458,456.089,3,0,0,0,0,20,0,0,174,37.146,0,19.765,38.36,32.311,25.174,22.248,0,41.94,23.514,0,65.214,12.828,23.8,65.214,22.963,3.551,6.553,6.746,0.203,0,0,2,2,0,0,0,1,0,1,3,2.775,2.242,7.988,23.918,20.832,21.648,15.492,12.397,13.552,8.72,9.945,5.582,6.737,3.363,4.298,45.876,57.119,18.594,476.317,0.844,1.5,2.156,32,428.336,31.37,22.177,18.895,200.079,12.137,12.137,0.166,5.195,132.257,476.72,24,190,32.607,21.74,90.897,90.897,16.92,1.96,23.075,10.943,1.671,0.151,6,0.5,4200,3.515078675
377,2.775,-2.308,2.242,-2.996,-0.4,35.453,0,538.939,24.244,20.828,22.4,15.297,11.503,12.657,8.265,9.414,5.239,6.454,3.052,3.961,14.384,48.193,7.11,6.924,10.471,14.211,513.253,0.97,1.636,2.212,0.87,-0.87,33,469.773,5204339.136,34.298,21.649,18.169,209.323,1,0,-0.359,-1,-0.571,125.395,514.125,3,0,0,0,0,21,0,0,196,41.883,0,19.765,38.36,26.558,31.491,22.501,0,51.472,29.484,0,71.256,13.485,33.331,65.214,34.388,3.426,6.18,5.428,0.16,0,0,3,3,0,0,0,1,0,1,3,2.775,2.242,7.988,23.918,20.832,21.648,15.492,12.397,13.552,8.72,9.945,5.582,6.737,3.363,4.298,45.876,57.119,18.594,476.317,0.844,1.5,2.156,32,428.336,31.37,22.177,18.895,200.079,12.137,12.137,0.166,5.195,132.257,476.72,24,190,32.607,21.74,90.897,90.897,16.92,1.96,23.075,10.943,1.671,0.151,6,4,4200,2.278753601
378,2.775,-2.308,2.242,-2.996,-0.4,35.453,0,538.939,24.244,20.828,22.4,15.297,11.503,12.657,8.265,9.414,5.239,6.454,3.052,3.961,14.384,48.193,7.11,6.924,10.471,14.211,513.253,0.97,1.636,2.212,0.87,-0.87,33,469.773,5204339.136,34.298,21.649,18.169,209.323,1,0,-0.359,-1,-0.571,125.395,514.125,3,0,0,0,0,21,0,0,196,41.883,0,19.765,38.36,26.558,31.491,22.501,0,51.472,29.484,0,71.256,13.485,33.331,65.214,34.388,3.426,6.18,5.428,0.16,0,0,3,3,0,0,0,1,0,1,3,2.775,2.242,7.988,23.918,20.832,21.648,15.492,12.397,13.552,8.72,9.945,5.582,6.737,3.363,4.298,45.876,57.119,18.594,476.317,0.844,1.5,2.156,32,428.336,31.37,22.177,18.895,200.079,12.137,12.137,0.166,5.195,132.257,476.72,24,190,32.607,21.74,90.897,90.897,16.92,1.96,23.075,10.943,1.671,0.151,6,2,4200,2.716003344
379,2.775,-2.308,2.242,-2.996,-0.4,35.453,0,538.939,24.244,20.828,22.4,15.297,11.503,12.657,8.265,9.414,5.239,6.454,3.052,3.961,14.384,48.193,7.11,6.924,10.471,14.211,513.253,0.97,1.636,2.212,0.87,-0.87,33,469.773,5204339.136,34.298,21.649,18.169,209.323,1,0,-0.359,-1,-0.571,125.395,514.125,3,0,0,0,0,21,0,0,196,41.883,0,19.765,38.36,26.558,31.491,22.501,0,51.472,29.484,0,71.256,13.485,33.331,65.214,34.388,3.426,6.18,5.428,0.16,0,0,3,3,0,0,0,1,0,1,3,2.775,2.242,7.988,23.918,20.832,21.648,15.492,12.397,13.552,8.72,9.945,5.582,6.737,3.363,4.298,45.876,57.119,18.594,476.317,0.844,1.5,2.156,32,428.336,31.37,22.177,18.895,200.079,12.137,12.137,0.166,5.195,132.257,476.72,24,190,32.607,21.74,90.897,90.897,16.92,1.96,23.075,10.943,1.671,0.151,6,1,4200,3.841797299
380,2.775,-2.308,2.242,-2.996,-0.4,35.453,0,538.939,24.244,20.828,22.4,15.297,11.503,12.657,8.265,9.414,5.239,6.454,3.052,3.961,14.384,48.193,7.11,6.924,10.471,14.211,513.253,0.97,1.636,2.212,0.87,-0.87,33,469.773,5204339.136,34.298,21.649,18.169,209.323,1,0,-0.359,-1,-0.571,125.395,514.125,3,0,0,0,0,21,0,0,196,41.883,0,19.765,38.36,26.558,31.491,22.501,0,51.472,29.484,0,71.256,13.485,33.331,65.214,34.388,3.426,6.18,5.428,0.16,0,0,3,3,0,0,0,1,0,1,3,2.775,2.242,7.988,23.918,20.832,21.648,15.492,12.397,13.552,8.72,9.945,5.582,6.737,3.363,4.298,45.876,57.119,18.594,476.317,0.844,1.5,2.156,32,428.336,31.37,22.177,18.895,200.079,12.137,12.137,0.166,5.195,132.257,476.72,24,190,32.607,21.74,90.897,90.897,16.92,1.96,23.075,10.943,1.671,0.151,6,0.5,4200,3.823865309
381,2.991,-2.308,2.243,-2.371,-0.151,32.166,3.964,687.795,32.023,28.483,29.299,20.818,17.105,18.26,11.938,13.163,7.707,8.861,4.746,5.621,14.384,23.075,38.773,11.762,30.988,14.211,630.464,0.744,1.395,2.023,0.912,-1.16,43,564.449,1101079577,41.84,29.545,25.828,268.04,0.465,0.164,-0.338,-0.465,6.831,179.82,630.977,1,0,0,1,0,32,0,0,254,29.222,5.907,46.454,89.43,39.524,18.629,28.748,0,28.594,29.422,10.217,124.007,12.791,28.594,124.007,37.989,-0.338,13.801,14.262,0.064,0,0,3,3,0,1,1,0,0,0,5,2.884,2.243,7.988,27.454,24.367,25.184,17.992,14.897,16.052,10.488,11.712,6.832,7.987,4.247,5.181,39.269,57.305,57.119,546.395,0.73,1.297,1.892,37,488.391,36.37,26.956,24.167,231.904,12.206,12.206,0.157,7.145,155.342,546.855,29,220,64.711,26.497,123.001,123.001,17.052,2.018,23.181,17.909,1.684,0.079,11,4,4200,4.856390504
382,2.991,-2.308,2.243,-2.371,-0.151,32.166,3.964,687.795,32.023,28.483,29.299,20.818,17.105,18.26,11.938,13.163,7.707,8.861,4.746,5.621,14.384,23.075,38.773,11.762,30.988,14.211,630.464,0.744,1.395,2.023,0.912,-1.16,43,564.449,1101079577,41.84,29.545,25.828,268.04,0.465,0.164,-0.338,-0.465,6.831,179.82,630.977,1,0,0,1,0,32,0,0,254,29.222,5.907,46.454,89.43,39.524,18.629,28.748,0,28.594,29.422,10.217,124.007,12.791,28.594,124.007,37.989,-0.338,13.801,14.262,0.064,0,0,3,3,0,1,1,0,0,0,5,2.884,2.243,7.988,27.454,24.367,25.184,17.992,14.897,16.052,10.488,11.712,6.832,7.987,4.247,5.181,39.269,57.305,57.119,546.395,0.73,1.297,1.892,37,488.391,36.37,26.956,24.167,231.904,12.206,12.206,0.157,7.145,155.342,546.855,29,220,64.711,26.497,123.001,123.001,17.052,2.018,23.181,17.909,1.684,0.079,11,2,4200,4.823350314
383,2.991,-2.308,2.243,-2.371,-0.151,32.166,3.964,687.795,32.023,28.483,29.299,20.818,17.105,18.26,11.938,13.163,7.707,8.861,4.746,5.621,14.384,23.075,38.773,11.762,30.988,14.211,630.464,0.744,1.395,2.023,0.912,-1.16,43,564.449,1101079577,41.84,29.545,25.828,268.04,0.465,0.164,-0.338,-0.465,6.831,179.82,630.977,1,0,0,1,0,32,0,0,254,29.222,5.907,46.454,89.43,39.524,18.629,28.748,0,28.594,29.422,10.217,124.007,12.791,28.594,124.007,37.989,-0.338,13.801,14.262,0.064,0,0,3,3,0,1,1,0,0,0,5,2.884,2.243,7.988,27.454,24.367,25.184,17.992,14.897,16.052,10.488,11.712,6.832,7.987,4.247,5.181,39.269,57.305,57.119,546.395,0.73,1.297,1.892,37,488.391,36.37,26.956,24.167,231.904,12.206,12.206,0.157,7.145,155.342,546.855,29,220,64.711,26.497,123.001,123.001,17.052,2.018,23.181,17.909,1.684,0.079,11,1,4200,4.053846427
384,2.991,-2.308,2.243,-2.371,-0.151,32.166,3.964,687.795,32.023,28.483,29.299,20.818,17.105,18.26,11.938,13.163,7.707,8.861,4.746,5.621,14.384,23.075,38.773,11.762,30.988,14.211,630.464,0.744,1.395,2.023,0.912,-1.16,43,564.449,1101079577,41.84,29.545,25.828,268.04,0.465,0.164,-0.338,-0.465,6.831,179.82,630.977,1,0,0,1,0,32,0,0,254,29.222,5.907,46.454,89.43,39.524,18.629,28.748,0,28.594,29.422,10.217,124.007,12.791,28.594,124.007,37.989,-0.338,13.801,14.262,0.064,0,0,3,3,0,1,1,0,0,0,5,2.884,2.243,7.988,27.454,24.367,25.184,17.992,14.897,16.052,10.488,11.712,6.832,7.987,4.247,5.181,39.269,57.305,57.119,546.395,0.73,1.297,1.892,37,488.391,36.37,26.956,24.167,231.904,12.206,12.206,0.157,7.145,155.342,546.855,29,220,64.711,26.497,123.001,123.001,17.052,2.018,23.181,17.909,1.684,0.079,11,0.5,4200,3.919339637
385,2.925,-2.34,2.243,-2.488,-0.151,32.166,2.127,674.022,28.772,24.756,25.572,18.853,14.76,15.914,10.632,11.856,7.206,8.36,4.54,5.414,14.384,29.682,0,16.662,11.824,19.317,574.365,0.872,1.564,2.205,0.897,-1.2,39,520.393,219846266.2,35.826,22.484,17.269,240.214,0.465,0.171,-0.344,-0.465,3.559,156.043,574.825,1,1,1,1,1,24,1,1,228,29.012,5.907,19.765,50.534,65.703,25.236,20.655,1,33.701,29.422,9.8,78.056,15.744,28.594,78.056,39.745,-0.344,7.784,9.634,0.137,1,1,3,3,1,0,1,0,1,0,3,2.884,2.243,7.988,27.454,24.367,25.184,17.992,14.897,16.052,10.488,11.712,6.832,7.987,4.247,5.181,39.269,57.305,57.119,546.395,0.73,1.297,1.892,37,488.391,36.37,26.956,24.167,231.904,12.206,12.206,0.157,7.145,155.342,546.855,29,220,64.711,26.497,123.001,123.001,17.052,2.018,23.181,17.909,1.684,0.079,11,4,4200,2.639486489
386,2.925,-2.34,2.243,-2.488,-0.151,32.166,2.127,674.022,28.772,24.756,25.572,18.853,14.76,15.914,10.632,11.856,7.206,8.36,4.54,5.414,14.384,29.682,0,16.662,11.824,19.317,574.365,0.872,1.564,2.205,0.897,-1.2,39,520.393,219846266.2,35.826,22.484,17.269,240.214,0.465,0.171,-0.344,-0.465,3.559,156.043,574.825,1,1,1,1,1,24,1,1,228,29.012,5.907,19.765,50.534,65.703,25.236,20.655,1,33.701,29.422,9.8,78.056,15.744,28.594,78.056,39.745,-0.344,7.784,9.634,0.137,1,1,3,3,1,0,1,0,1,0,3,2.884,2.243,7.988,27.454,24.367,25.184,17.992,14.897,16.052,10.488,11.712,6.832,7.987,4.247,5.181,39.269,57.305,57.119,546.395,0.73,1.297,1.892,37,488.391,36.37,26.956,24.167,231.904,12.206,12.206,0.157,7.145,155.342,546.855,29,220,64.711,26.497,123.001,123.001,17.052,2.018,23.181,17.909,1.684,0.079,11,2,4200,2.782472624
387,2.925,-2.34,2.243,-2.488,-0.151,32.166,2.127,674.022,28.772,24.756,25.572,18.853,14.76,15.914,10.632,11.856,7.206,8.36,4.54,5.414,14.384,29.682,0,16.662,11.824,19.317,574.365,0.872,1.564,2.205,0.897,-1.2,39,520.393,219846266.2,35.826,22.484,17.269,240.214,0.465,0.171,-0.344,-0.465,3.559,156.043,574.825,1,1,1,1,1,24,1,1,228,29.012,5.907,19.765,50.534,65.703,25.236,20.655,1,33.701,29.422,9.8,78.056,15.744,28.594,78.056,39.745,-0.344,7.784,9.634,0.137,1,1,3,3,1,0,1,0,1,0,3,2.884,2.243,7.988,27.454,24.367,25.184,17.992,14.897,16.052,10.488,11.712,6.832,7.987,4.247,5.181,39.269,57.305,57.119,546.395,0.73,1.297,1.892,37,488.391,36.37,26.956,24.167,231.904,12.206,12.206,0.157,7.145,155.342,546.855,29,220,64.711,26.497,123.001,123.001,17.052,2.018,23.181,17.909,1.684,0.079,11,1,4200,3.147985321
388,2.925,-2.34,2.243,-2.488,-0.151,32.166,2.127,674.022,28.772,24.756,25.572,18.853,14.76,15.914,10.632,11.856,7.206,8.36,4.54,5.414,14.384,29.682,0,16.662,11.824,19.317,574.365,0.872,1.564,2.205,0.897,-1.2,39,520.393,219846266.2,35.826,22.484,17.269,240.214,0.465,0.171,-0.344,-0.465,3.559,156.043,574.825,1,1,1,1,1,24,1,1,228,29.012,5.907,19.765,50.534,65.703,25.236,20.655,1,33.701,29.422,9.8,78.056,15.744,28.594,78.056,39.745,-0.344,7.784,9.634,0.137,1,1,3,3,1,0,1,0,1,0,3,2.884,2.243,7.988,27.454,24.367,25.184,17.992,14.897,16.052,10.488,11.712,6.832,7.987,4.247,5.181,39.269,57.305,57.119,546.395,0.73,1.297,1.892,37,488.391,36.37,26.956,24.167,231.904,12.206,12.206,0.157,7.145,155.342,546.855,29,220,64.711,26.497,123.001,123.001,17.052,2.018,23.181,17.909,1.684,0.079,11,0.5,4200,3.570192561
389,2.927,-2.308,2.242,-2.458,-0.151,32.166,2.071,662.934,28.608,24.861,25.678,18.904,14.898,16.053,10.627,11.852,7.038,8.192,4.405,5.28,14.384,23.075,0,11.762,22.457,14.211,573.381,0.923,1.641,2.333,0.897,-1.2,39,518.401,235200918.6,35.826,23.499,19.505,240.76,0.465,0.147,-0.336,-0.465,3.444,158.256,573.841,2,1,1,1,1,25,1,1,228,29.639,5.907,19.765,50.534,72.248,18.629,21.587,1,28.594,29.422,15.533,78.056,15.564,28.594,78.056,37.603,-0.336,7.819,11.445,0.125,0,0,3,3,0,2,1,0,1,0,3,2.884,2.243,7.988,27.454,24.367,25.184,17.992,14.897,16.052,10.488,11.712,6.832,7.987,4.247,5.181,39.269,57.305,57.119,546.395,0.73,1.297,1.892,37,488.391,36.37,26.956,24.167,231.904,12.206,12.206,0.157,7.145,155.342,546.855,29,220,64.711,26.497,123.001,123.001,17.052,2.018,23.181,17.909,1.684,0.079,11,4,4200,1.556302501
390,2.927,-2.308,2.242,-2.458,-0.151,32.166,2.071,662.934,28.608,24.861,25.678,18.904,14.898,16.053,10.627,11.852,7.038,8.192,4.405,5.28,14.384,23.075,0,11.762,22.457,14.211,573.381,0.923,1.641,2.333,0.897,-1.2,39,518.401,235200918.6,35.826,23.499,19.505,240.76,0.465,0.147,-0.336,-0.465,3.444,158.256,573.841,2,1,1,1,1,25,1,1,228,29.639,5.907,19.765,50.534,72.248,18.629,21.587,1,28.594,29.422,15.533,78.056,15.564,28.594,78.056,37.603,-0.336,7.819,11.445,0.125,0,0,3,3,0,2,1,0,1,0,3,2.884,2.243,7.988,27.454,24.367,25.184,17.992,14.897,16.052,10.488,11.712,6.832,7.987,4.247,5.181,39.269,57.305,57.119,546.395,0.73,1.297,1.892,37,488.391,36.37,26.956,24.167,231.904,12.206,12.206,0.157,7.145,155.342,546.855,29,220,64.711,26.497,123.001,123.001,17.052,2.018,23.181,17.909,1.684,0.079,11,2,4200,2.278753601
391,2.927,-2.308,2.242,-2.458,-0.151,32.166,2.071,662.934,28.608,24.861,25.678,18.904,14.898,16.053,10.627,11.852,7.038,8.192,4.405,5.28,14.384,23.075,0,11.762,22.457,14.211,573.381,0.923,1.641,2.333,0.897,-1.2,39,518.401,235200918.6,35.826,23.499,19.505,240.76,0.465,0.147,-0.336,-0.465,3.444,158.256,573.841,2,1,1,1,1,25,1,1,228,29.639,5.907,19.765,50.534,72.248,18.629,21.587,1,28.594,29.422,15.533,78.056,15.564,28.594,78.056,37.603,-0.336,7.819,11.445,0.125,0,0,3,3,0,2,1,0,1,0,3,2.884,2.243,7.988,27.454,24.367,25.184,17.992,14.897,16.052,10.488,11.712,6.832,7.987,4.247,5.181,39.269,57.305,57.119,546.395,0.73,1.297,1.892,37,488.391,36.37,26.956,24.167,231.904,12.206,12.206,0.157,7.145,155.342,546.855,29,220,64.711,26.497,123.001,123.001,17.052,2.018,23.181,17.909,1.684,0.079,11,1,4200,2.471291711
392,2.927,-2.308,2.242,-2.458,-0.151,32.166,2.071,662.934,28.608,24.861,25.678,18.904,14.898,16.053,10.627,11.852,7.038,8.192,4.405,5.28,14.384,23.075,0,11.762,22.457,14.211,573.381,0.923,1.641,2.333,0.897,-1.2,39,518.401,235200918.6,35.826,23.499,19.505,240.76,0.465,0.147,-0.336,-0.465,3.444,158.256,573.841,2,1,1,1,1,25,1,1,228,29.639,5.907,19.765,50.534,72.248,18.629,21.587,1,28.594,29.422,15.533,78.056,15.564,28.594,78.056,37.603,-0.336,7.819,11.445,0.125,0,0,3,3,0,2,1,0,1,0,3,2.884,2.243,7.988,27.454,24.367,25.184,17.992,14.897,16.052,10.488,11.712,6.832,7.987,4.247,5.181,39.269,57.305,57.119,546.395,0.73,1.297,1.892,37,488.391,36.37,26.956,24.167,231.904,12.206,12.206,0.157,7.145,155.342,546.855,29,220,64.711,26.497,123.001,123.001,17.052,2.018,23.181,17.909,1.684,0.079,11,0.5,4200,4.873895792
393,2.674,-2.308,2.241,-2.996,-0.36,35.453,0,414.533,21.09,18.641,20.214,13.492,10.581,11.736,7.436,8.66,4.674,5.829,2.796,3.526,9.589,29.575,0,11.762,12.657,14.211,455.247,0.966,1.655,2.241,0.905,-0.34,29,413.753,870080.485,30.85,20.914,18.17,187.318,1,0,-0.285,-1,-0.112,114.458,456.089,3,0,0,0,0,20,0,0,174,37.146,0,19.765,38.36,32.311,25.174,22.248,0,41.94,23.514,0,65.214,12.828,23.8,65.214,22.963,3.551,6.553,6.746,0.203,0,0,2,2,0,0,0,1,0,1,3,2.884,2.243,7.988,27.454,24.367,25.184,17.992,14.897,16.052,10.488,11.712,6.832,7.987,4.247,5.181,39.269,57.305,57.119,546.395,0.73,1.297,1.892,37,488.391,36.37,26.956,24.167,231.904,12.206,12.206,0.157,7.145,155.342,546.855,29,220,64.711,26.497,123.001,123.001,17.052,2.018,23.181,17.909,1.684,0.079,11,4,4200,1.602059991
394,2.674,-2.308,2.241,-2.996,-0.36,35.453,0,414.533,21.09,18.641,20.214,13.492,10.581,11.736,7.436,8.66,4.674,5.829,2.796,3.526,9.589,29.575,0,11.762,12.657,14.211,455.247,0.966,1.655,2.241,0.905,-0.34,29,413.753,870080.485,30.85,20.914,18.17,187.318,1,0,-0.285,-1,-0.112,114.458,456.089,3,0,0,0,0,20,0,0,174,37.146,0,19.765,38.36,32.311,25.174,22.248,0,41.94,23.514,0,65.214,12.828,23.8,65.214,22.963,3.551,6.553,6.746,0.203,0,0,2,2,0,0,0,1,0,1,3,2.884,2.243,7.988,27.454,24.367,25.184,17.992,14.897,16.052,10.488,11.712,6.832,7.987,4.247,5.181,39.269,57.305,57.119,546.395,0.73,1.297,1.892,37,488.391,36.37,26.956,24.167,231.904,12.206,12.206,0.157,7.145,155.342,546.855,29,220,64.711,26.497,123.001,123.001,17.052,2.018,23.181,17.909,1.684,0.079,11,2,4200,1.414973348
395,2.674,-2.308,2.241,-2.996,-0.36,35.453,0,414.533,21.09,18.641,20.214,13.492,10.581,11.736,7.436,8.66,4.674,5.829,2.796,3.526,9.589,29.575,0,11.762,12.657,14.211,455.247,0.966,1.655,2.241,0.905,-0.34,29,413.753,870080.485,30.85,20.914,18.17,187.318,1,0,-0.285,-1,-0.112,114.458,456.089,3,0,0,0,0,20,0,0,174,37.146,0,19.765,38.36,32.311,25.174,22.248,0,41.94,23.514,0,65.214,12.828,23.8,65.214,22.963,3.551,6.553,6.746,0.203,0,0,2,2,0,0,0,1,0,1,3,2.884,2.243,7.988,27.454,24.367,25.184,17.992,14.897,16.052,10.488,11.712,6.832,7.987,4.247,5.181,39.269,57.305,57.119,546.395,0.73,1.297,1.892,37,488.391,36.37,26.956,24.167,231.904,12.206,12.206,0.157,7.145,155.342,546.855,29,220,64.711,26.497,123.001,123.001,17.052,2.018,23.181,17.909,1.684,0.079,11,1,4200,2.155336037
396,2.674,-2.308,2.241,-2.996,-0.36,35.453,0,414.533,21.09,18.641,20.214,13.492,10.581,11.736,7.436,8.66,4.674,5.829,2.796,3.526,9.589,29.575,0,11.762,12.657,14.211,455.247,0.966,1.655,2.241,0.905,-0.34,29,413.753,870080.485,30.85,20.914,18.17,187.318,1,0,-0.285,-1,-0.112,114.458,456.089,3,0,0,0,0,20,0,0,174,37.146,0,19.765,38.36,32.311,25.174,22.248,0,41.94,23.514,0,65.214,12.828,23.8,65.214,22.963,3.551,6.553,6.746,0.203,0,0,2,2,0,0,0,1,0,1,3,2.884,2.243,7.988,27.454,24.367,25.184,17.992,14.897,16.052,10.488,11.712,6.832,7.987,4.247,5.181,39.269,57.305,57.119,546.395,0.73,1.297,1.892,37,488.391,36.37,26.956,24.167,231.904,12.206,12.206,0.157,7.145,155.342,546.855,29,220,64.711,26.497,123.001,123.001,17.052,2.018,23.181,17.909,1.684,0.079,11,0.5,4200,2.980457892
397,2.775,-2.308,2.242,-2.996,-0.4,35.453,0,538.939,24.244,20.828,22.4,15.297,11.503,12.657,8.265,9.414,5.239,6.454,3.052,3.961,14.384,48.193,7.11,6.924,10.471,14.211,513.253,0.97,1.636,2.212,0.87,-0.87,33,469.773,5204339.136,34.298,21.649,18.169,209.323,1,0,-0.359,-1,-0.571,125.395,514.125,3,0,0,0,0,21,0,0,196,41.883,0,19.765,38.36,26.558,31.491,22.501,0,51.472,29.484,0,71.256,13.485,33.331,65.214,34.388,3.426,6.18,5.428,0.16,0,0,3,3,0,0,0,1,0,1,3,2.884,2.243,7.988,27.454,24.367,25.184,17.992,14.897,16.052,10.488,11.712,6.832,7.987,4.247,5.181,39.269,57.305,57.119,546.395,0.73,1.297,1.892,37,488.391,36.37,26.956,24.167,231.904,12.206,12.206,0.157,7.145,155.342,546.855,29,220,64.711,26.497,123.001,123.001,17.052,2.018,23.181,17.909,1.684,0.079,11,4,4200,2.255272505
398,2.775,-2.308,2.242,-2.996,-0.4,35.453,0,538.939,24.244,20.828,22.4,15.297,11.503,12.657,8.265,9.414,5.239,6.454,3.052,3.961,14.384,48.193,7.11,6.924,10.471,14.211,513.253,0.97,1.636,2.212,0.87,-0.87,33,469.773,5204339.136,34.298,21.649,18.169,209.323,1,0,-0.359,-1,-0.571,125.395,514.125,3,0,0,0,0,21,0,0,196,41.883,0,19.765,38.36,26.558,31.491,22.501,0,51.472,29.484,0,71.256,13.485,33.331,65.214,34.388,3.426,6.18,5.428,0.16,0,0,3,3,0,0,0,1,0,1,3,2.884,2.243,7.988,27.454,24.367,25.184,17.992,14.897,16.052,10.488,11.712,6.832,7.987,4.247,5.181,39.269,57.305,57.119,546.395,0.73,1.297,1.892,37,488.391,36.37,26.956,24.167,231.904,12.206,12.206,0.157,7.145,155.342,546.855,29,220,64.711,26.497,123.001,123.001,17.052,2.018,23.181,17.909,1.684,0.079,11,2,4200,1.819543936
399,2.775,-2.308,2.242,-2.996,-0.4,35.453,0,538.939,24.244,20.828,22.4,15.297,11.503,12.657,8.265,9.414,5.239,6.454,3.052,3.961,14.384,48.193,7.11,6.924,10.471,14.211,513.253,0.97,1.636,2.212,0.87,-0.87,33,469.773,5204339.136,34.298,21.649,18.169,209.323,1,0,-0.359,-1,-0.571,125.395,514.125,3,0,0,0,0,21,0,0,196,41.883,0,19.765,38.36,26.558,31.491,22.501,0,51.472,29.484,0,71.256,13.485,33.331,65.214,34.388,3.426,6.18,5.428,0.16,0,0,3,3,0,0,0,1,0,1,3,2.884,2.243,7.988,27.454,24.367,25.184,17.992,14.897,16.052,10.488,11.712,6.832,7.987,4.247,5.181,39.269,57.305,57.119,546.395,0.73,1.297,1.892,37,488.391,36.37,26.956,24.167,231.904,12.206,12.206,0.157,7.145,155.342,546.855,29,220,64.711,26.497,123.001,123.001,17.052,2.018,23.181,17.909,1.684,0.079,11,1,4200,1.903089987
400,2.775,-2.308,2.242,-2.996,-0.4,35.453,0,538.939,24.244,20.828,22.4,15.297,11.503,12.657,8.265,9.414,5.239,6.454,3.052,3.961,14.384,48.193,7.11,6.924,10.471,14.211,513.253,0.97,1.636,2.212,0.87,-0.87,33,469.773,5204339.136,34.298,21.649,18.169,209.323,1,0,-0.359,-1,-0.571,125.395,514.125,3,0,0,0,0,21,0,0,196,41.883,0,19.765,38.36,26.558,31.491,22.501,0,51.472,29.484,0,71.256,13.485,33.331,65.214,34.388,3.426,6.18,5.428,0.16,0,0,3,3,0,0,0,1,0,1,3,2.884,2.243,7.988,27.454,24.367,25.184,17.992,14.897,16.052,10.488,11.712,6.832,7.987,4.247,5.181,39.269,57.305,57.119,546.395,0.73,1.297,1.892,37,488.391,36.37,26.956,24.167,231.904,12.206,12.206,0.157,7.145,155.342,546.855,29,220,64.711,26.497,123.001,123.001,17.052,2.018,23.181,17.909,1.684,0.079,11,0.5,4200,2.212187604
401,2.991,-2.308,2.243,-2.371,-0.151,32.166,3.964,687.795,32.023,28.483,29.299,20.818,17.105,18.26,11.938,13.163,7.707,8.861,4.746,5.621,14.384,23.075,38.773,11.762,30.988,14.211,630.464,0.744,1.395,2.023,0.912,-1.16,43,564.449,1101079577,41.84,29.545,25.828,268.04,0.465,0.164,-0.338,-0.465,6.831,179.82,630.977,1,0,0,1,0,32,0,0,254,29.222,5.907,46.454,89.43,39.524,18.629,28.748,0,28.594,29.422,10.217,124.007,12.791,28.594,124.007,37.989,-0.338,13.801,14.262,0.064,0,0,3,3,0,1,1,0,0,0,5,2.647,2.241,7.987,20.383,17.849,18.665,12.992,10.288,11.443,7.167,8.56,4.589,5.575,2.736,3.347,32.662,56.638,0,404.26,0.926,1.63,2.222,27,364.293,26.41,17.505,15.058,169.825,12.038,12.038,0.158,4.662,112.377,404.613,19,160,26.689,17.122,72.138,72.138,16.756,1.919,22.929,6.603,1.672,0.23,3,4,8300,1.982271233
402,2.991,-2.308,2.243,-2.371,-0.151,32.166,3.964,687.795,32.023,28.483,29.299,20.818,17.105,18.26,11.938,13.163,7.707,8.861,4.746,5.621,14.384,23.075,38.773,11.762,30.988,14.211,630.464,0.744,1.395,2.023,0.912,-1.16,43,564.449,1101079577,41.84,29.545,25.828,268.04,0.465,0.164,-0.338,-0.465,6.831,179.82,630.977,1,0,0,1,0,32,0,0,254,29.222,5.907,46.454,89.43,39.524,18.629,28.748,0,28.594,29.422,10.217,124.007,12.791,28.594,124.007,37.989,-0.338,13.801,14.262,0.064,0,0,3,3,0,1,1,0,0,0,5,2.647,2.241,7.987,20.383,17.849,18.665,12.992,10.288,11.443,7.167,8.56,4.589,5.575,2.736,3.347,32.662,56.638,0,404.26,0.926,1.63,2.222,27,364.293,26.41,17.505,15.058,169.825,12.038,12.038,0.158,4.662,112.377,404.613,19,160,26.689,17.122,72.138,72.138,16.756,1.919,22.929,6.603,1.672,0.23,3,2,8300,2.522444234
403,2.991,-2.308,2.243,-2.371,-0.151,32.166,3.964,687.795,32.023,28.483,29.299,20.818,17.105,18.26,11.938,13.163,7.707,8.861,4.746,5.621,14.384,23.075,38.773,11.762,30.988,14.211,630.464,0.744,1.395,2.023,0.912,-1.16,43,564.449,1101079577,41.84,29.545,25.828,268.04,0.465,0.164,-0.338,-0.465,6.831,179.82,630.977,1,0,0,1,0,32,0,0,254,29.222,5.907,46.454,89.43,39.524,18.629,28.748,0,28.594,29.422,10.217,124.007,12.791,28.594,124.007,37.989,-0.338,13.801,14.262,0.064,0,0,3,3,0,1,1,0,0,0,5,2.647,2.241,7.987,20.383,17.849,18.665,12.992,10.288,11.443,7.167,8.56,4.589,5.575,2.736,3.347,32.662,56.638,0,404.26,0.926,1.63,2.222,27,364.293,26.41,17.505,15.058,169.825,12.038,12.038,0.158,4.662,112.377,404.613,19,160,26.689,17.122,72.138,72.138,16.756,1.919,22.929,6.603,1.672,0.23,3,1,8300,2.328379603
404,2.991,-2.308,2.243,-2.371,-0.151,32.166,3.964,687.795,32.023,28.483,29.299,20.818,17.105,18.26,11.938,13.163,7.707,8.861,4.746,5.621,14.384,23.075,38.773,11.762,30.988,14.211,630.464,0.744,1.395,2.023,0.912,-1.16,43,564.449,1101079577,41.84,29.545,25.828,268.04,0.465,0.164,-0.338,-0.465,6.831,179.82,630.977,1,0,0,1,0,32,0,0,254,29.222,5.907,46.454,89.43,39.524,18.629,28.748,0,28.594,29.422,10.217,124.007,12.791,28.594,124.007,37.989,-0.338,13.801,14.262,0.064,0,0,3,3,0,1,1,0,0,0,5,2.647,2.241,7.987,20.383,17.849,18.665,12.992,10.288,11.443,7.167,8.56,4.589,5.575,2.736,3.347,32.662,56.638,0,404.26,0.926,1.63,2.222,27,364.293,26.41,17.505,15.058,169.825,12.038,12.038,0.158,4.662,112.377,404.613,19,160,26.689,17.122,72.138,72.138,16.756,1.919,22.929,6.603,1.672,0.23,3,0.5,8300,2.975891136
405,2.925,-2.34,2.243,-2.488,-0.151,32.166,2.127,674.022,28.772,24.756,25.572,18.853,14.76,15.914,10.632,11.856,7.206,8.36,4.54,5.414,14.384,29.682,0,16.662,11.824,19.317,574.365,0.872,1.564,2.205,0.897,-1.2,39,520.393,219846266.2,35.826,22.484,17.269,240.214,0.465,0.171,-0.344,-0.465,3.559,156.043,574.825,1,1,1,1,1,24,1,1,228,29.012,5.907,19.765,50.534,65.703,25.236,20.655,1,33.701,29.422,9.8,78.056,15.744,28.594,78.056,39.745,-0.344,7.784,9.634,0.137,1,1,3,3,1,0,1,0,1,0,3,2.647,2.241,7.987,20.383,17.849,18.665,12.992,10.288,11.443,7.167,8.56,4.589,5.575,2.736,3.347,32.662,56.638,0,404.26,0.926,1.63,2.222,27,364.293,26.41,17.505,15.058,169.825,12.038,12.038,0.158,4.662,112.377,404.613,19,160,26.689,17.122,72.138,72.138,16.756,1.919,22.929,6.603,1.672,0.23,3,4,8300,0.477121255
406,2.925,-2.34,2.243,-2.488,-0.151,32.166,2.127,674.022,28.772,24.756,25.572,18.853,14.76,15.914,10.632,11.856,7.206,8.36,4.54,5.414,14.384,29.682,0,16.662,11.824,19.317,574.365,0.872,1.564,2.205,0.897,-1.2,39,520.393,219846266.2,35.826,22.484,17.269,240.214,0.465,0.171,-0.344,-0.465,3.559,156.043,574.825,1,1,1,1,1,24,1,1,228,29.012,5.907,19.765,50.534,65.703,25.236,20.655,1,33.701,29.422,9.8,78.056,15.744,28.594,78.056,39.745,-0.344,7.784,9.634,0.137,1,1,3,3,1,0,1,0,1,0,3,2.647,2.241,7.987,20.383,17.849,18.665,12.992,10.288,11.443,7.167,8.56,4.589,5.575,2.736,3.347,32.662,56.638,0,404.26,0.926,1.63,2.222,27,364.293,26.41,17.505,15.058,169.825,12.038,12.038,0.158,4.662,112.377,404.613,19,160,26.689,17.122,72.138,72.138,16.756,1.919,22.929,6.603,1.672,0.23,3,2,8300,1
407,2.925,-2.34,2.243,-2.488,-0.151,32.166,2.127,674.022,28.772,24.756,25.572,18.853,14.76,15.914,10.632,11.856,7.206,8.36,4.54,5.414,14.384,29.682,0,16.662,11.824,19.317,574.365,0.872,1.564,2.205,0.897,-1.2,39,520.393,219846266.2,35.826,22.484,17.269,240.214,0.465,0.171,-0.344,-0.465,3.559,156.043,574.825,1,1,1,1,1,24,1,1,228,29.012,5.907,19.765,50.534,65.703,25.236,20.655,1,33.701,29.422,9.8,78.056,15.744,28.594,78.056,39.745,-0.344,7.784,9.634,0.137,1,1,3,3,1,0,1,0,1,0,3,2.647,2.241,7.987,20.383,17.849,18.665,12.992,10.288,11.443,7.167,8.56,4.589,5.575,2.736,3.347,32.662,56.638,0,404.26,0.926,1.63,2.222,27,364.293,26.41,17.505,15.058,169.825,12.038,12.038,0.158,4.662,112.377,404.613,19,160,26.689,17.122,72.138,72.138,16.756,1.919,22.929,6.603,1.672,0.23,3,1,8300,0.77815125
408,2.925,-2.34,2.243,-2.488,-0.151,32.166,2.127,674.022,28.772,24.756,25.572,18.853,14.76,15.914,10.632,11.856,7.206,8.36,4.54,5.414,14.384,29.682,0,16.662,11.824,19.317,574.365,0.872,1.564,2.205,0.897,-1.2,39,520.393,219846266.2,35.826,22.484,17.269,240.214,0.465,0.171,-0.344,-0.465,3.559,156.043,574.825,1,1,1,1,1,24,1,1,228,29.012,5.907,19.765,50.534,65.703,25.236,20.655,1,33.701,29.422,9.8,78.056,15.744,28.594,78.056,39.745,-0.344,7.784,9.634,0.137,1,1,3,3,1,0,1,0,1,0,3,2.647,2.241,7.987,20.383,17.849,18.665,12.992,10.288,11.443,7.167,8.56,4.589,5.575,2.736,3.347,32.662,56.638,0,404.26,0.926,1.63,2.222,27,364.293,26.41,17.505,15.058,169.825,12.038,12.038,0.158,4.662,112.377,404.613,19,160,26.689,17.122,72.138,72.138,16.756,1.919,22.929,6.603,1.672,0.23,3,0.5,8300,0.77815125
409,2.927,-2.308,2.242,-2.458,-0.151,32.166,2.071,662.934,28.608,24.861,25.678,18.904,14.898,16.053,10.627,11.852,7.038,8.192,4.405,5.28,14.384,23.075,0,11.762,22.457,14.211,573.381,0.923,1.641,2.333,0.897,-1.2,39,518.401,235200918.6,35.826,23.499,19.505,240.76,0.465,0.147,-0.336,-0.465,3.444,158.256,573.841,2,1,1,1,1,25,1,1,228,29.639,5.907,19.765,50.534,72.248,18.629,21.587,1,28.594,29.422,15.533,78.056,15.564,28.594,78.056,37.603,-0.336,7.819,11.445,0.125,0,0,3,3,0,2,1,0,1,0,3,2.647,2.241,7.987,20.383,17.849,18.665,12.992,10.288,11.443,7.167,8.56,4.589,5.575,2.736,3.347,32.662,56.638,0,404.26,0.926,1.63,2.222,27,364.293,26.41,17.505,15.058,169.825,12.038,12.038,0.158,4.662,112.377,404.613,19,160,26.689,17.122,72.138,72.138,16.756,1.919,22.929,6.603,1.672,0.23,3,4,8300,1.602059991
410,2.927,-2.308,2.242,-2.458,-0.151,32.166,2.071,662.934,28.608,24.861,25.678,18.904,14.898,16.053,10.627,11.852,7.038,8.192,4.405,5.28,14.384,23.075,0,11.762,22.457,14.211,573.381,0.923,1.641,2.333,0.897,-1.2,39,518.401,235200918.6,35.826,23.499,19.505,240.76,0.465,0.147,-0.336,-0.465,3.444,158.256,573.841,2,1,1,1,1,25,1,1,228,29.639,5.907,19.765,50.534,72.248,18.629,21.587,1,28.594,29.422,15.533,78.056,15.564,28.594,78.056,37.603,-0.336,7.819,11.445,0.125,0,0,3,3,0,2,1,0,1,0,3,2.647,2.241,7.987,20.383,17.849,18.665,12.992,10.288,11.443,7.167,8.56,4.589,5.575,2.736,3.347,32.662,56.638,0,404.26,0.926,1.63,2.222,27,364.293,26.41,17.505,15.058,169.825,12.038,12.038,0.158,4.662,112.377,404.613,19,160,26.689,17.122,72.138,72.138,16.756,1.919,22.929,6.603,1.672,0.23,3,2,8300,1.51851394
411,2.927,-2.308,2.242,-2.458,-0.151,32.166,2.071,662.934,28.608,24.861,25.678,18.904,14.898,16.053,10.627,11.852,7.038,8.192,4.405,5.28,14.384,23.075,0,11.762,22.457,14.211,573.381,0.923,1.641,2.333,0.897,-1.2,39,518.401,235200918.6,35.826,23.499,19.505,240.76,0.465,0.147,-0.336,-0.465,3.444,158.256,573.841,2,1,1,1,1,25,1,1,228,29.639,5.907,19.765,50.534,72.248,18.629,21.587,1,28.594,29.422,15.533,78.056,15.564,28.594,78.056,37.603,-0.336,7.819,11.445,0.125,0,0,3,3,0,2,1,0,1,0,3,2.647,2.241,7.987,20.383,17.849,18.665,12.992,10.288,11.443,7.167,8.56,4.589,5.575,2.736,3.347,32.662,56.638,0,404.26,0.926,1.63,2.222,27,364.293,26.41,17.505,15.058,169.825,12.038,12.038,0.158,4.662,112.377,404.613,19,160,26.689,17.122,72.138,72.138,16.756,1.919,22.929,6.603,1.672,0.23,3,1,8300,2.397940009
412,2.927,-2.308,2.242,-2.458,-0.151,32.166,2.071,662.934,28.608,24.861,25.678,18.904,14.898,16.053,10.627,11.852,7.038,8.192,4.405,5.28,14.384,23.075,0,11.762,22.457,14.211,573.381,0.923,1.641,2.333,0.897,-1.2,39,518.401,235200918.6,35.826,23.499,19.505,240.76,0.465,0.147,-0.336,-0.465,3.444,158.256,573.841,2,1,1,1,1,25,1,1,228,29.639,5.907,19.765,50.534,72.248,18.629,21.587,1,28.594,29.422,15.533,78.056,15.564,28.594,78.056,37.603,-0.336,7.819,11.445,0.125,0,0,3,3,0,2,1,0,1,0,3,2.647,2.241,7.987,20.383,17.849,18.665,12.992,10.288,11.443,7.167,8.56,4.589,5.575,2.736,3.347,32.662,56.638,0,404.26,0.926,1.63,2.222,27,364.293,26.41,17.505,15.058,169.825,12.038,12.038,0.158,4.662,112.377,404.613,19,160,26.689,17.122,72.138,72.138,16.756,1.919,22.929,6.603,1.672,0.23,3,0.5,8300,3.57599562
413,2.674,-2.308,2.241,-2.996,-0.36,35.453,0,414.533,21.09,18.641,20.214,13.492,10.581,11.736,7.436,8.66,4.674,5.829,2.796,3.526,9.589,29.575,0,11.762,12.657,14.211,455.247,0.966,1.655,2.241,0.905,-0.34,29,413.753,870080.485,30.85,20.914,18.17,187.318,1,0,-0.285,-1,-0.112,114.458,456.089,3,0,0,0,0,20,0,0,174,37.146,0,19.765,38.36,32.311,25.174,22.248,0,41.94,23.514,0,65.214,12.828,23.8,65.214,22.963,3.551,6.553,6.746,0.203,0,0,2,2,0,0,0,1,0,1,3,2.647,2.241,7.987,20.383,17.849,18.665,12.992,10.288,11.443,7.167,8.56,4.589,5.575,2.736,3.347,32.662,56.638,0,404.26,0.926,1.63,2.222,27,364.293,26.41,17.505,15.058,169.825,12.038,12.038,0.158,4.662,112.377,404.613,19,160,26.689,17.122,72.138,72.138,16.756,1.919,22.929,6.603,1.672,0.23,3,4,8300,1.602059991
414,2.674,-2.308,2.241,-2.996,-0.36,35.453,0,414.533,21.09,18.641,20.214,13.492,10.581,11.736,7.436,8.66,4.674,5.829,2.796,3.526,9.589,29.575,0,11.762,12.657,14.211,455.247,0.966,1.655,2.241,0.905,-0.34,29,413.753,870080.485,30.85,20.914,18.17,187.318,1,0,-0.285,-1,-0.112,114.458,456.089,3,0,0,0,0,20,0,0,174,37.146,0,19.765,38.36,32.311,25.174,22.248,0,41.94,23.514,0,65.214,12.828,23.8,65.214,22.963,3.551,6.553,6.746,0.203,0,0,2,2,0,0,0,1,0,1,3,2.647,2.241,7.987,20.383,17.849,18.665,12.992,10.288,11.443,7.167,8.56,4.589,5.575,2.736,3.347,32.662,56.638,0,404.26,0.926,1.63,2.222,27,364.293,26.41,17.505,15.058,169.825,12.038,12.038,0.158,4.662,112.377,404.613,19,160,26.689,17.122,72.138,72.138,16.756,1.919,22.929,6.603,1.672,0.23,3,2,8300,1.361727836
415,2.674,-2.308,2.241,-2.996,-0.36,35.453,0,414.533,21.09,18.641,20.214,13.492,10.581,11.736,7.436,8.66,4.674,5.829,2.796,3.526,9.589,29.575,0,11.762,12.657,14.211,455.247,0.966,1.655,2.241,0.905,-0.34,29,413.753,870080.485,30.85,20.914,18.17,187.318,1,0,-0.285,-1,-0.112,114.458,456.089,3,0,0,0,0,20,0,0,174,37.146,0,19.765,38.36,32.311,25.174,22.248,0,41.94,23.514,0,65.214,12.828,23.8,65.214,22.963,3.551,6.553,6.746,0.203,0,0,2,2,0,0,0,1,0,1,3,2.647,2.241,7.987,20.383,17.849,18.665,12.992,10.288,11.443,7.167,8.56,4.589,5.575,2.736,3.347,32.662,56.638,0,404.26,0.926,1.63,2.222,27,364.293,26.41,17.505,15.058,169.825,12.038,12.038,0.158,4.662,112.377,404.613,19,160,26.689,17.122,72.138,72.138,16.756,1.919,22.929,6.603,1.672,0.23,3,1,8300,1
416,2.674,-2.308,2.241,-2.996,-0.36,35.453,0,414.533,21.09,18.641,20.214,13.492,10.581,11.736,7.436,8.66,4.674,5.829,2.796,3.526,9.589,29.575,0,11.762,12.657,14.211,455.247,0.966,1.655,2.241,0.905,-0.34,29,413.753,870080.485,30.85,20.914,18.17,187.318,1,0,-0.285,-1,-0.112,114.458,456.089,3,0,0,0,0,20,0,0,174,37.146,0,19.765,38.36,32.311,25.174,22.248,0,41.94,23.514,0,65.214,12.828,23.8,65.214,22.963,3.551,6.553,6.746,0.203,0,0,2,2,0,0,0,1,0,1,3,2.647,2.241,7.987,20.383,17.849,18.665,12.992,10.288,11.443,7.167,8.56,4.589,5.575,2.736,3.347,32.662,56.638,0,404.26,0.926,1.63,2.222,27,364.293,26.41,17.505,15.058,169.825,12.038,12.038,0.158,4.662,112.377,404.613,19,160,26.689,17.122,72.138,72.138,16.756,1.919,22.929,6.603,1.672,0.23,3,0.5,8300,0.84509804
417,2.775,-2.308,2.242,-2.996,-0.4,35.453,0,538.939,24.244,20.828,22.4,15.297,11.503,12.657,8.265,9.414,5.239,6.454,3.052,3.961,14.384,48.193,7.11,6.924,10.471,14.211,513.253,0.97,1.636,2.212,0.87,-0.87,33,469.773,5204339.136,34.298,21.649,18.169,209.323,1,0,-0.359,-1,-0.571,125.395,514.125,3,0,0,0,0,21,0,0,196,41.883,0,19.765,38.36,26.558,31.491,22.501,0,51.472,29.484,0,71.256,13.485,33.331,65.214,34.388,3.426,6.18,5.428,0.16,0,0,3,3,0,0,0,1,0,1,3,2.647,2.241,7.987,20.383,17.849,18.665,12.992,10.288,11.443,7.167,8.56,4.589,5.575,2.736,3.347,32.662,56.638,0,404.26,0.926,1.63,2.222,27,364.293,26.41,17.505,15.058,169.825,12.038,12.038,0.158,4.662,112.377,404.613,19,160,26.689,17.122,72.138,72.138,16.756,1.919,22.929,6.603,1.672,0.23,3,4,8300,0.477121255
418,2.775,-2.308,2.242,-2.996,-0.4,35.453,0,538.939,24.244,20.828,22.4,15.297,11.503,12.657,8.265,9.414,5.239,6.454,3.052,3.961,14.384,48.193,7.11,6.924,10.471,14.211,513.253,0.97,1.636,2.212,0.87,-0.87,33,469.773,5204339.136,34.298,21.649,18.169,209.323,1,0,-0.359,-1,-0.571,125.395,514.125,3,0,0,0,0,21,0,0,196,41.883,0,19.765,38.36,26.558,31.491,22.501,0,51.472,29.484,0,71.256,13.485,33.331,65.214,34.388,3.426,6.18,5.428,0.16,0,0,3,3,0,0,0,1,0,1,3,2.647,2.241,7.987,20.383,17.849,18.665,12.992,10.288,11.443,7.167,8.56,4.589,5.575,2.736,3.347,32.662,56.638,0,404.26,0.926,1.63,2.222,27,364.293,26.41,17.505,15.058,169.825,12.038,12.038,0.158,4.662,112.377,404.613,19,160,26.689,17.122,72.138,72.138,16.756,1.919,22.929,6.603,1.672,0.23,3,2,8300,3.29136885
419,2.775,-2.308,2.242,-2.996,-0.4,35.453,0,538.939,24.244,20.828,22.4,15.297,11.503,12.657,8.265,9.414,5.239,6.454,3.052,3.961,14.384,48.193,7.11,6.924,10.471,14.211,513.253,0.97,1.636,2.212,0.87,-0.87,33,469.773,5204339.136,34.298,21.649,18.169,209.323,1,0,-0.359,-1,-0.571,125.395,514.125,3,0,0,0,0,21,0,0,196,41.883,0,19.765,38.36,26.558,31.491,22.501,0,51.472,29.484,0,71.256,13.485,33.331,65.214,34.388,3.426,6.18,5.428,0.16,0,0,3,3,0,0,0,1,0,1,3,2.647,2.241,7.987,20.383,17.849,18.665,12.992,10.288,11.443,7.167,8.56,4.589,5.575,2.736,3.347,32.662,56.638,0,404.26,0.926,1.63,2.222,27,364.293,26.41,17.505,15.058,169.825,12.038,12.038,0.158,4.662,112.377,404.613,19,160,26.689,17.122,72.138,72.138,16.756,1.919,22.929,6.603,1.672,0.23,3,1,8300,3.38147609
420,2.775,-2.308,2.242,-2.996,-0.4,35.453,0,538.939,24.244,20.828,22.4,15.297,11.503,12.657,8.265,9.414,5.239,6.454,3.052,3.961,14.384,48.193,7.11,6.924,10.471,14.211,513.253,0.97,1.636,2.212,0.87,-0.87,33,469.773,5204339.136,34.298,21.649,18.169,209.323,1,0,-0.359,-1,-0.571,125.395,514.125,3,0,0,0,0,21,0,0,196,41.883,0,19.765,38.36,26.558,31.491,22.501,0,51.472,29.484,0,71.256,13.485,33.331,65.214,34.388,3.426,6.18,5.428,0.16,0,0,3,3,0,0,0,1,0,1,3,2.647,2.241,7.987,20.383,17.849,18.665,12.992,10.288,11.443,7.167,8.56,4.589,5.575,2.736,3.347,32.662,56.638,0,404.26,0.926,1.63,2.222,27,364.293,26.41,17.505,15.058,169.825,12.038,12.038,0.158,4.662,112.377,404.613,19,160,26.689,17.122,72.138,72.138,16.756,1.919,22.929,6.603,1.672,0.23,3,0.5,8300,2.974511693
421,2.991,-2.308,2.243,-2.371,-0.151,32.166,3.964,687.795,32.023,28.483,29.299,20.818,17.105,18.26,11.938,13.163,7.707,8.861,4.746,5.621,14.384,23.075,38.773,11.762,30.988,14.211,630.464,0.744,1.395,2.023,0.912,-1.16,43,564.449,1101079577,41.84,29.545,25.828,268.04,0.465,0.164,-0.338,-0.465,6.831,179.82,630.977,1,0,0,1,0,32,0,0,254,29.222,5.907,46.454,89.43,39.524,18.629,28.748,0,28.594,29.422,10.217,124.007,12.791,28.594,124.007,37.989,-0.338,13.801,14.262,0.064,0,0,3,3,0,1,1,0,0,0,5,2.647,2.241,7.987,20.383,17.849,18.665,12.992,10.288,11.443,7.167,8.56,4.589,5.575,2.736,3.347,32.662,56.638,0,404.26,0.926,1.63,2.222,27,364.293,26.41,17.505,15.058,169.825,12.038,12.038,0.158,4.662,112.377,404.613,19,160,26.689,17.122,72.138,72.138,16.756,1.919,22.929,6.603,1.672,0.23,3,4,8300,3.507855872
422,2.991,-2.308,2.243,-2.371,-0.151,32.166,3.964,687.795,32.023,28.483,29.299,20.818,17.105,18.26,11.938,13.163,7.707,8.861,4.746,5.621,14.384,23.075,38.773,11.762,30.988,14.211,630.464,0.744,1.395,2.023,0.912,-1.16,43,564.449,1101079577,41.84,29.545,25.828,268.04,0.465,0.164,-0.338,-0.465,6.831,179.82,630.977,1,0,0,1,0,32,0,0,254,29.222,5.907,46.454,89.43,39.524,18.629,28.748,0,28.594,29.422,10.217,124.007,12.791,28.594,124.007,37.989,-0.338,13.801,14.262,0.064,0,0,3,3,0,1,1,0,0,0,5,2.647,2.241,7.987,20.383,17.849,18.665,12.992,10.288,11.443,7.167,8.56,4.589,5.575,2.736,3.347,32.662,56.638,0,404.26,0.926,1.63,2.222,27,364.293,26.41,17.505,15.058,169.825,12.038,12.038,0.158,4.662,112.377,404.613,19,160,26.689,17.122,72.138,72.138,16.756,1.919,22.929,6.603,1.672,0.23,3,2,8300,3.364738555
423,2.991,-2.308,2.243,-2.371,-0.151,32.166,3.964,687.795,32.023,28.483,29.299,20.818,17.105,18.26,11.938,13.163,7.707,8.861,4.746,5.621,14.384,23.075,38.773,11.762,30.988,14.211,630.464,0.744,1.395,2.023,0.912,-1.16,43,564.449,1101079577,41.84,29.545,25.828,268.04,0.465,0.164,-0.338,-0.465,6.831,179.82,630.977,1,0,0,1,0,32,0,0,254,29.222,5.907,46.454,89.43,39.524,18.629,28.748,0,28.594,29.422,10.217,124.007,12.791,28.594,124.007,37.989,-0.338,13.801,14.262,0.064,0,0,3,3,0,1,1,0,0,0,5,2.647,2.241,7.987,20.383,17.849,18.665,12.992,10.288,11.443,7.167,8.56,4.589,5.575,2.736,3.347,32.662,56.638,0,404.26,0.926,1.63,2.222,27,364.293,26.41,17.505,15.058,169.825,12.038,12.038,0.158,4.662,112.377,404.613,19,160,26.689,17.122,72.138,72.138,16.756,1.919,22.929,6.603,1.672,0.23,3,1,8300,3.583652109
424,2.991,-2.308,2.243,-2.371,-0.151,32.166,3.964,687.795,32.023,28.483,29.299,20.818,17.105,18.26,11.938,13.163,7.707,8.861,4.746,5.621,14.384,23.075,38.773,11.762,30.988,14.211,630.464,0.744,1.395,2.023,0.912,-1.16,43,564.449,1101079577,41.84,29.545,25.828,268.04,0.465,0.164,-0.338,-0.465,6.831,179.82,630.977,1,0,0,1,0,32,0,0,254,29.222,5.907,46.454,89.43,39.524,18.629,28.748,0,28.594,29.422,10.217,124.007,12.791,28.594,124.007,37.989,-0.338,13.801,14.262,0.064,0,0,3,3,0,1,1,0,0,0,5,2.647,2.241,7.987,20.383,17.849,18.665,12.992,10.288,11.443,7.167,8.56,4.589,5.575,2.736,3.347,32.662,56.638,0,404.26,0.926,1.63,2.222,27,364.293,26.41,17.505,15.058,169.825,12.038,12.038,0.158,4.662,112.377,404.613,19,160,26.689,17.122,72.138,72.138,16.756,1.919,22.929,6.603,1.672,0.23,3,0.5,8300,3.648847708
425,2.925,-2.34,2.243,-2.488,-0.151,32.166,2.127,674.022,28.772,24.756,25.572,18.853,14.76,15.914,10.632,11.856,7.206,8.36,4.54,5.414,14.384,29.682,0,16.662,11.824,19.317,574.365,0.872,1.564,2.205,0.897,-1.2,39,520.393,219846266.2,35.826,22.484,17.269,240.214,0.465,0.171,-0.344,-0.465,3.559,156.043,574.825,1,1,1,1,1,24,1,1,228,29.012,5.907,19.765,50.534,65.703,25.236,20.655,1,33.701,29.422,9.8,78.056,15.744,28.594,78.056,39.745,-0.344,7.784,9.634,0.137,1,1,3,3,1,0,1,0,1,0,3,2.647,2.241,7.987,20.383,17.849,18.665,12.992,10.288,11.443,7.167,8.56,4.589,5.575,2.736,3.347,32.662,56.638,0,404.26,0.926,1.63,2.222,27,364.293,26.41,17.505,15.058,169.825,12.038,12.038,0.158,4.662,112.377,404.613,19,160,26.689,17.122,72.138,72.138,16.756,1.919,22.929,6.603,1.672,0.23,3,4,8300,1.113943352
426,2.925,-2.34,2.243,-2.488,-0.151,32.166,2.127,674.022,28.772,24.756,25.572,18.853,14.76,15.914,10.632,11.856,7.206,8.36,4.54,5.414,14.384,29.682,0,16.662,11.824,19.317,574.365,0.872,1.564,2.205,0.897,-1.2,39,520.393,219846266.2,35.826,22.484,17.269,240.214,0.465,0.171,-0.344,-0.465,3.559,156.043,574.825,1,1,1,1,1,24,1,1,228,29.012,5.907,19.765,50.534,65.703,25.236,20.655,1,33.701,29.422,9.8,78.056,15.744,28.594,78.056,39.745,-0.344,7.784,9.634,0.137,1,1,3,3,1,0,1,0,1,0,3,2.647,2.241,7.987,20.383,17.849,18.665,12.992,10.288,11.443,7.167,8.56,4.589,5.575,2.736,3.347,32.662,56.638,0,404.26,0.926,1.63,2.222,27,364.293,26.41,17.505,15.058,169.825,12.038,12.038,0.158,4.662,112.377,404.613,19,160,26.689,17.122,72.138,72.138,16.756,1.919,22.929,6.603,1.672,0.23,3,2,8300,0.77815125
427,2.925,-2.34,2.243,-2.488,-0.151,32.166,2.127,674.022,28.772,24.756,25.572,18.853,14.76,15.914,10.632,11.856,7.206,8.36,4.54,5.414,14.384,29.682,0,16.662,11.824,19.317,574.365,0.872,1.564,2.205,0.897,-1.2,39,520.393,219846266.2,35.826,22.484,17.269,240.214,0.465,0.171,-0.344,-0.465,3.559,156.043,574.825,1,1,1,1,1,24,1,1,228,29.012,5.907,19.765,50.534,65.703,25.236,20.655,1,33.701,29.422,9.8,78.056,15.744,28.594,78.056,39.745,-0.344,7.784,9.634,0.137,1,1,3,3,1,0,1,0,1,0,3,2.647,2.241,7.987,20.383,17.849,18.665,12.992,10.288,11.443,7.167,8.56,4.589,5.575,2.736,3.347,32.662,56.638,0,404.26,0.926,1.63,2.222,27,364.293,26.41,17.505,15.058,169.825,12.038,12.038,0.158,4.662,112.377,404.613,19,160,26.689,17.122,72.138,72.138,16.756,1.919,22.929,6.603,1.672,0.23,3,1,8300,1.414973348
428,2.925,-2.34,2.243,-2.488,-0.151,32.166,2.127,674.022,28.772,24.756,25.572,18.853,14.76,15.914,10.632,11.856,7.206,8.36,4.54,5.414,14.384,29.682,0,16.662,11.824,19.317,574.365,0.872,1.564,2.205,0.897,-1.2,39,520.393,219846266.2,35.826,22.484,17.269,240.214,0.465,0.171,-0.344,-0.465,3.559,156.043,574.825,1,1,1,1,1,24,1,1,228,29.012,5.907,19.765,50.534,65.703,25.236,20.655,1,33.701,29.422,9.8,78.056,15.744,28.594,78.056,39.745,-0.344,7.784,9.634,0.137,1,1,3,3,1,0,1,0,1,0,3,2.647,2.241,7.987,20.383,17.849,18.665,12.992,10.288,11.443,7.167,8.56,4.589,5.575,2.736,3.347,32.662,56.638,0,404.26,0.926,1.63,2.222,27,364.293,26.41,17.505,15.058,169.825,12.038,12.038,0.158,4.662,112.377,404.613,19,160,26.689,17.122,72.138,72.138,16.756,1.919,22.929,6.603,1.672,0.23,3,0.5,8300,1
429,2.927,-2.308,2.242,-2.458,-0.151,32.166,2.071,662.934,28.608,24.861,25.678,18.904,14.898,16.053,10.627,11.852,7.038,8.192,4.405,5.28,14.384,23.075,0,11.762,22.457,14.211,573.381,0.923,1.641,2.333,0.897,-1.2,39,518.401,235200918.6,35.826,23.499,19.505,240.76,0.465,0.147,-0.336,-0.465,3.444,158.256,573.841,2,1,1,1,1,25,1,1,228,29.639,5.907,19.765,50.534,72.248,18.629,21.587,1,28.594,29.422,15.533,78.056,15.564,28.594,78.056,37.603,-0.336,7.819,11.445,0.125,0,0,3,3,0,2,1,0,1,0,3,2.647,2.241,7.987,20.383,17.849,18.665,12.992,10.288,11.443,7.167,8.56,4.589,5.575,2.736,3.347,32.662,56.638,0,404.26,0.926,1.63,2.222,27,364.293,26.41,17.505,15.058,169.825,12.038,12.038,0.158,4.662,112.377,404.613,19,160,26.689,17.122,72.138,72.138,16.756,1.919,22.929,6.603,1.672,0.23,3,4,8300,1.662757832
430,2.927,-2.308,2.242,-2.458,-0.151,32.166,2.071,662.934,28.608,24.861,25.678,18.904,14.898,16.053,10.627,11.852,7.038,8.192,4.405,5.28,14.384,23.075,0,11.762,22.457,14.211,573.381,0.923,1.641,2.333,0.897,-1.2,39,518.401,235200918.6,35.826,23.499,19.505,240.76,0.465,0.147,-0.336,-0.465,3.444,158.256,573.841,2,1,1,1,1,25,1,1,228,29.639,5.907,19.765,50.534,72.248,18.629,21.587,1,28.594,29.422,15.533,78.056,15.564,28.594,78.056,37.603,-0.336,7.819,11.445,0.125,0,0,3,3,0,2,1,0,1,0,3,2.647,2.241,7.987,20.383,17.849,18.665,12.992,10.288,11.443,7.167,8.56,4.589,5.575,2.736,3.347,32.662,56.638,0,404.26,0.926,1.63,2.222,27,364.293,26.41,17.505,15.058,169.825,12.038,12.038,0.158,4.662,112.377,404.613,19,160,26.689,17.122,72.138,72.138,16.756,1.919,22.929,6.603,1.672,0.23,3,2,8300,1.968482949
431,2.927,-2.308,2.242,-2.458,-0.151,32.166,2.071,662.934,28.608,24.861,25.678,18.904,14.898,16.053,10.627,11.852,7.038,8.192,4.405,5.28,14.384,23.075,0,11.762,22.457,14.211,573.381,0.923,1.641,2.333,0.897,-1.2,39,518.401,235200918.6,35.826,23.499,19.505,240.76,0.465,0.147,-0.336,-0.465,3.444,158.256,573.841,2,1,1,1,1,25,1,1,228,29.639,5.907,19.765,50.534,72.248,18.629,21.587,1,28.594,29.422,15.533,78.056,15.564,28.594,78.056,37.603,-0.336,7.819,11.445,0.125,0,0,3,3,0,2,1,0,1,0,3,2.647,2.241,7.987,20.383,17.849,18.665,12.992,10.288,11.443,7.167,8.56,4.589,5.575,2.736,3.347,32.662,56.638,0,404.26,0.926,1.63,2.222,27,364.293,26.41,17.505,15.058,169.825,12.038,12.038,0.158,4.662,112.377,404.613,19,160,26.689,17.122,72.138,72.138,16.756,1.919,22.929,6.603,1.672,0.23,3,1,8300,2.726727209
432,2.927,-2.308,2.242,-2.458,-0.151,32.166,2.071,662.934,28.608,24.861,25.678,18.904,14.898,16.053,10.627,11.852,7.038,8.192,4.405,5.28,14.384,23.075,0,11.762,22.457,14.211,573.381,0.923,1.641,2.333,0.897,-1.2,39,518.401,235200918.6,35.826,23.499,19.505,240.76,0.465,0.147,-0.336,-0.465,3.444,158.256,573.841,2,1,1,1,1,25,1,1,228,29.639,5.907,19.765,50.534,72.248,18.629,21.587,1,28.594,29.422,15.533,78.056,15.564,28.594,78.056,37.603,-0.336,7.819,11.445,0.125,0,0,3,3,0,2,1,0,1,0,3,2.647,2.241,7.987,20.383,17.849,18.665,12.992,10.288,11.443,7.167,8.56,4.589,5.575,2.736,3.347,32.662,56.638,0,404.26,0.926,1.63,2.222,27,364.293,26.41,17.505,15.058,169.825,12.038,12.038,0.158,4.662,112.377,404.613,19,160,26.689,17.122,72.138,72.138,16.756,1.919,22.929,6.603,1.672,0.23,3,0.5,8300,4.064120906
433,2.674,-2.308,2.241,-2.996,-0.36,35.453,0,414.533,21.09,18.641,20.214,13.492,10.581,11.736,7.436,8.66,4.674,5.829,2.796,3.526,9.589,29.575,0,11.762,12.657,14.211,455.247,0.966,1.655,2.241,0.905,-0.34,29,413.753,870080.485,30.85,20.914,18.17,187.318,1,0,-0.285,-1,-0.112,114.458,456.089,3,0,0,0,0,20,0,0,174,37.146,0,19.765,38.36,32.311,25.174,22.248,0,41.94,23.514,0,65.214,12.828,23.8,65.214,22.963,3.551,6.553,6.746,0.203,0,0,2,2,0,0,0,1,0,1,3,2.647,2.241,7.987,20.383,17.849,18.665,12.992,10.288,11.443,7.167,8.56,4.589,5.575,2.736,3.347,32.662,56.638,0,404.26,0.926,1.63,2.222,27,364.293,26.41,17.505,15.058,169.825,12.038,12.038,0.158,4.662,112.377,404.613,19,160,26.689,17.122,72.138,72.138,16.756,1.919,22.929,6.603,1.672,0.23,3,4,8300,1.919078092
434,2.674,-2.308,2.241,-2.996,-0.36,35.453,0,414.533,21.09,18.641,20.214,13.492,10.581,11.736,7.436,8.66,4.674,5.829,2.796,3.526,9.589,29.575,0,11.762,12.657,14.211,455.247,0.966,1.655,2.241,0.905,-0.34,29,413.753,870080.485,30.85,20.914,18.17,187.318,1,0,-0.285,-1,-0.112,114.458,456.089,3,0,0,0,0,20,0,0,174,37.146,0,19.765,38.36,32.311,25.174,22.248,0,41.94,23.514,0,65.214,12.828,23.8,65.214,22.963,3.551,6.553,6.746,0.203,0,0,2,2,0,0,0,1,0,1,3,2.647,2.241,7.987,20.383,17.849,18.665,12.992,10.288,11.443,7.167,8.56,4.589,5.575,2.736,3.347,32.662,56.638,0,404.26,0.926,1.63,2.222,27,364.293,26.41,17.505,15.058,169.825,12.038,12.038,0.158,4.662,112.377,404.613,19,160,26.689,17.122,72.138,72.138,16.756,1.919,22.929,6.603,1.672,0.23,3,2,8300,1.113943352
435,2.674,-2.308,2.241,-2.996,-0.36,35.453,0,414.533,21.09,18.641,20.214,13.492,10.581,11.736,7.436,8.66,4.674,5.829,2.796,3.526,9.589,29.575,0,11.762,12.657,14.211,455.247,0.966,1.655,2.241,0.905,-0.34,29,413.753,870080.485,30.85,20.914,18.17,187.318,1,0,-0.285,-1,-0.112,114.458,456.089,3,0,0,0,0,20,0,0,174,37.146,0,19.765,38.36,32.311,25.174,22.248,0,41.94,23.514,0,65.214,12.828,23.8,65.214,22.963,3.551,6.553,6.746,0.203,0,0,2,2,0,0,0,1,0,1,3,2.647,2.241,7.987,20.383,17.849,18.665,12.992,10.288,11.443,7.167,8.56,4.589,5.575,2.736,3.347,32.662,56.638,0,404.26,0.926,1.63,2.222,27,364.293,26.41,17.505,15.058,169.825,12.038,12.038,0.158,4.662,112.377,404.613,19,160,26.689,17.122,72.138,72.138,16.756,1.919,22.929,6.603,1.672,0.23,3,1,8300,0.477121255
436,2.674,-2.308,2.241,-2.996,-0.36,35.453,0,414.533,21.09,18.641,20.214,13.492,10.581,11.736,7.436,8.66,4.674,5.829,2.796,3.526,9.589,29.575,0,11.762,12.657,14.211,455.247,0.966,1.655,2.241,0.905,-0.34,29,413.753,870080.485,30.85,20.914,18.17,187.318,1,0,-0.285,-1,-0.112,114.458,456.089,3,0,0,0,0,20,0,0,174,37.146,0,19.765,38.36,32.311,25.174,22.248,0,41.94,23.514,0,65.214,12.828,23.8,65.214,22.963,3.551,6.553,6.746,0.203,0,0,2,2,0,0,0,1,0,1,3,2.647,2.241,7.987,20.383,17.849,18.665,12.992,10.288,11.443,7.167,8.56,4.589,5.575,2.736,3.347,32.662,56.638,0,404.26,0.926,1.63,2.222,27,364.293,26.41,17.505,15.058,169.825,12.038,12.038,0.158,4.662,112.377,404.613,19,160,26.689,17.122,72.138,72.138,16.756,1.919,22.929,6.603,1.672,0.23,3,0.5,8300,1.230448921
437,2.775,-2.308,2.242,-2.996,-0.4,35.453,0,538.939,24.244,20.828,22.4,15.297,11.503,12.657,8.265,9.414,5.239,6.454,3.052,3.961,14.384,48.193,7.11,6.924,10.471,14.211,513.253,0.97,1.636,2.212,0.87,-0.87,33,469.773,5204339.136,34.298,21.649,18.169,209.323,1,0,-0.359,-1,-0.571,125.395,514.125,3,0,0,0,0,21,0,0,196,41.883,0,19.765,38.36,26.558,31.491,22.501,0,51.472,29.484,0,71.256,13.485,33.331,65.214,34.388,3.426,6.18,5.428,0.16,0,0,3,3,0,0,0,1,0,1,3,2.647,2.241,7.987,20.383,17.849,18.665,12.992,10.288,11.443,7.167,8.56,4.589,5.575,2.736,3.347,32.662,56.638,0,404.26,0.926,1.63,2.222,27,364.293,26.41,17.505,15.058,169.825,12.038,12.038,0.158,4.662,112.377,404.613,19,160,26.689,17.122,72.138,72.138,16.756,1.919,22.929,6.603,1.672,0.23,3,4,8300,2.851258349
438,2.775,-2.308,2.242,-2.996,-0.4,35.453,0,538.939,24.244,20.828,22.4,15.297,11.503,12.657,8.265,9.414,5.239,6.454,3.052,3.961,14.384,48.193,7.11,6.924,10.471,14.211,513.253,0.97,1.636,2.212,0.87,-0.87,33,469.773,5204339.136,34.298,21.649,18.169,209.323,1,0,-0.359,-1,-0.571,125.395,514.125,3,0,0,0,0,21,0,0,196,41.883,0,19.765,38.36,26.558,31.491,22.501,0,51.472,29.484,0,71.256,13.485,33.331,65.214,34.388,3.426,6.18,5.428,0.16,0,0,3,3,0,0,0,1,0,1,3,2.647,2.241,7.987,20.383,17.849,18.665,12.992,10.288,11.443,7.167,8.56,4.589,5.575,2.736,3.347,32.662,56.638,0,404.26,0.926,1.63,2.222,27,364.293,26.41,17.505,15.058,169.825,12.038,12.038,0.158,4.662,112.377,404.613,19,160,26.689,17.122,72.138,72.138,16.756,1.919,22.929,6.603,1.672,0.23,3,2,8300,3.243038049
439,2.775,-2.308,2.242,-2.996,-0.4,35.453,0,538.939,24.244,20.828,22.4,15.297,11.503,12.657,8.265,9.414,5.239,6.454,3.052,3.961,14.384,48.193,7.11,6.924,10.471,14.211,513.253,0.97,1.636,2.212,0.87,-0.87,33,469.773,5204339.136,34.298,21.649,18.169,209.323,1,0,-0.359,-1,-0.571,125.395,514.125,3,0,0,0,0,21,0,0,196,41.883,0,19.765,38.36,26.558,31.491,22.501,0,51.472,29.484,0,71.256,13.485,33.331,65.214,34.388,3.426,6.18,5.428,0.16,0,0,3,3,0,0,0,1,0,1,3,2.647,2.241,7.987,20.383,17.849,18.665,12.992,10.288,11.443,7.167,8.56,4.589,5.575,2.736,3.347,32.662,56.638,0,404.26,0.926,1.63,2.222,27,364.293,26.41,17.505,15.058,169.825,12.038,12.038,0.158,4.662,112.377,404.613,19,160,26.689,17.122,72.138,72.138,16.756,1.919,22.929,6.603,1.672,0.23,3,1,8300,3.818621726
440,2.775,-2.308,2.242,-2.996,-0.4,35.453,0,538.939,24.244,20.828,22.4,15.297,11.503,12.657,8.265,9.414,5.239,6.454,3.052,3.961,14.384,48.193,7.11,6.924,10.471,14.211,513.253,0.97,1.636,2.212,0.87,-0.87,33,469.773,5204339.136,34.298,21.649,18.169,209.323,1,0,-0.359,-1,-0.571,125.395,514.125,3,0,0,0,0,21,0,0,196,41.883,0,19.765,38.36,26.558,31.491,22.501,0,51.472,29.484,0,71.256,13.485,33.331,65.214,34.388,3.426,6.18,5.428,0.16,0,0,3,3,0,0,0,1,0,1,3,2.647,2.241,7.987,20.383,17.849,18.665,12.992,10.288,11.443,7.167,8.56,4.589,5.575,2.736,3.347,32.662,56.638,0,404.26,0.926,1.63,2.222,27,364.293,26.41,17.505,15.058,169.825,12.038,12.038,0.158,4.662,112.377,404.613,19,160,26.689,17.122,72.138,72.138,16.756,1.919,22.929,6.603,1.672,0.23,3,0.5,8300,3.150142162
441,2.991,-2.308,2.243,-2.371,-0.151,32.166,3.964,687.795,32.023,28.483,29.299,20.818,17.105,18.26,11.938,13.163,7.707,8.861,4.746,5.621,14.384,23.075,38.773,11.762,30.988,14.211,630.464,0.744,1.395,2.023,0.912,-1.16,43,564.449,1101079577,41.84,29.545,25.828,268.04,0.465,0.164,-0.338,-0.465,6.831,179.82,630.977,1,0,0,1,0,32,0,0,254,29.222,5.907,46.454,89.43,39.524,18.629,28.748,0,28.594,29.422,10.217,124.007,12.791,28.594,124.007,37.989,-0.338,13.801,14.262,0.064,0,0,3,3,0,1,1,0,0,0,5,2.701,2.242,7.988,21.797,19.263,20.08,13.992,11.288,12.443,7.936,9.16,5.027,6.182,2.94,3.959,32.662,50.885,18.594,432.291,0.862,1.552,2.172,29,388.315,28.41,19.378,16.848,182.555,12.092,12.092,0.155,5.442,121.611,432.667,21,172,33.11,18.984,84.979,84.979,16.87,1.989,23.006,9.145,1.678,0.178,4,4,8300,3.439963936
442,2.991,-2.308,2.243,-2.371,-0.151,32.166,3.964,687.795,32.023,28.483,29.299,20.818,17.105,18.26,11.938,13.163,7.707,8.861,4.746,5.621,14.384,23.075,38.773,11.762,30.988,14.211,630.464,0.744,1.395,2.023,0.912,-1.16,43,564.449,1101079577,41.84,29.545,25.828,268.04,0.465,0.164,-0.338,-0.465,6.831,179.82,630.977,1,0,0,1,0,32,0,0,254,29.222,5.907,46.454,89.43,39.524,18.629,28.748,0,28.594,29.422,10.217,124.007,12.791,28.594,124.007,37.989,-0.338,13.801,14.262,0.064,0,0,3,3,0,1,1,0,0,0,5,2.701,2.242,7.988,21.797,19.263,20.08,13.992,11.288,12.443,7.936,9.16,5.027,6.182,2.94,3.959,32.662,50.885,18.594,432.291,0.862,1.552,2.172,29,388.315,28.41,19.378,16.848,182.555,12.092,12.092,0.155,5.442,121.611,432.667,21,172,33.11,18.984,84.979,84.979,16.87,1.989,23.006,9.145,1.678,0.178,4,2,8300,4.009833179
443,2.991,-2.308,2.243,-2.371,-0.151,32.166,3.964,687.795,32.023,28.483,29.299,20.818,17.105,18.26,11.938,13.163,7.707,8.861,4.746,5.621,14.384,23.075,38.773,11.762,30.988,14.211,630.464,0.744,1.395,2.023,0.912,-1.16,43,564.449,1101079577,41.84,29.545,25.828,268.04,0.465,0.164,-0.338,-0.465,6.831,179.82,630.977,1,0,0,1,0,32,0,0,254,29.222,5.907,46.454,89.43,39.524,18.629,28.748,0,28.594,29.422,10.217,124.007,12.791,28.594,124.007,37.989,-0.338,13.801,14.262,0.064,0,0,3,3,0,1,1,0,0,0,5,2.701,2.242,7.988,21.797,19.263,20.08,13.992,11.288,12.443,7.936,9.16,5.027,6.182,2.94,3.959,32.662,50.885,18.594,432.291,0.862,1.552,2.172,29,388.315,28.41,19.378,16.848,182.555,12.092,12.092,0.155,5.442,121.611,432.667,21,172,33.11,18.984,84.979,84.979,16.87,1.989,23.006,9.145,1.678,0.178,4,1,8300,4.350635608
444,2.991,-2.308,2.243,-2.371,-0.151,32.166,3.964,687.795,32.023,28.483,29.299,20.818,17.105,18.26,11.938,13.163,7.707,8.861,4.746,5.621,14.384,23.075,38.773,11.762,30.988,14.211,630.464,0.744,1.395,2.023,0.912,-1.16,43,564.449,1101079577,41.84,29.545,25.828,268.04,0.465,0.164,-0.338,-0.465,6.831,179.82,630.977,1,0,0,1,0,32,0,0,254,29.222,5.907,46.454,89.43,39.524,18.629,28.748,0,28.594,29.422,10.217,124.007,12.791,28.594,124.007,37.989,-0.338,13.801,14.262,0.064,0,0,3,3,0,1,1,0,0,0,5,2.701,2.242,7.988,21.797,19.263,20.08,13.992,11.288,12.443,7.936,9.16,5.027,6.182,2.94,3.959,32.662,50.885,18.594,432.291,0.862,1.552,2.172,29,388.315,28.41,19.378,16.848,182.555,12.092,12.092,0.155,5.442,121.611,432.667,21,172,33.11,18.984,84.979,84.979,16.87,1.989,23.006,9.145,1.678,0.178,4,0.5,8300,4.186928097
445,2.925,-2.34,2.243,-2.488,-0.151,32.166,2.127,674.022,28.772,24.756,25.572,18.853,14.76,15.914,10.632,11.856,7.206,8.36,4.54,5.414,14.384,29.682,0,16.662,11.824,19.317,574.365,0.872,1.564,2.205,0.897,-1.2,39,520.393,219846266.2,35.826,22.484,17.269,240.214,0.465,0.171,-0.344,-0.465,3.559,156.043,574.825,1,1,1,1,1,24,1,1,228,29.012,5.907,19.765,50.534,65.703,25.236,20.655,1,33.701,29.422,9.8,78.056,15.744,28.594,78.056,39.745,-0.344,7.784,9.634,0.137,1,1,3,3,1,0,1,0,1,0,3,2.701,2.242,7.988,21.797,19.263,20.08,13.992,11.288,12.443,7.936,9.16,5.027,6.182,2.94,3.959,32.662,50.885,18.594,432.291,0.862,1.552,2.172,29,388.315,28.41,19.378,16.848,182.555,12.092,12.092,0.155,5.442,121.611,432.667,21,172,33.11,18.984,84.979,84.979,16.87,1.989,23.006,9.145,1.678,0.178,4,4,8300,1
446,2.925,-2.34,2.243,-2.488,-0.151,32.166,2.127,674.022,28.772,24.756,25.572,18.853,14.76,15.914,10.632,11.856,7.206,8.36,4.54,5.414,14.384,29.682,0,16.662,11.824,19.317,574.365,0.872,1.564,2.205,0.897,-1.2,39,520.393,219846266.2,35.826,22.484,17.269,240.214,0.465,0.171,-0.344,-0.465,3.559,156.043,574.825,1,1,1,1,1,24,1,1,228,29.012,5.907,19.765,50.534,65.703,25.236,20.655,1,33.701,29.422,9.8,78.056,15.744,28.594,78.056,39.745,-0.344,7.784,9.634,0.137,1,1,3,3,1,0,1,0,1,0,3,2.701,2.242,7.988,21.797,19.263,20.08,13.992,11.288,12.443,7.936,9.16,5.027,6.182,2.94,3.959,32.662,50.885,18.594,432.291,0.862,1.552,2.172,29,388.315,28.41,19.378,16.848,182.555,12.092,12.092,0.155,5.442,121.611,432.667,21,172,33.11,18.984,84.979,84.979,16.87,1.989,23.006,9.145,1.678,0.178,4,2,8300,1.278753601
447,2.925,-2.34,2.243,-2.488,-0.151,32.166,2.127,674.022,28.772,24.756,25.572,18.853,14.76,15.914,10.632,11.856,7.206,8.36,4.54,5.414,14.384,29.682,0,16.662,11.824,19.317,574.365,0.872,1.564,2.205,0.897,-1.2,39,520.393,219846266.2,35.826,22.484,17.269,240.214,0.465,0.171,-0.344,-0.465,3.559,156.043,574.825,1,1,1,1,1,24,1,1,228,29.012,5.907,19.765,50.534,65.703,25.236,20.655,1,33.701,29.422,9.8,78.056,15.744,28.594,78.056,39.745,-0.344,7.784,9.634,0.137,1,1,3,3,1,0,1,0,1,0,3,2.701,2.242,7.988,21.797,19.263,20.08,13.992,11.288,12.443,7.936,9.16,5.027,6.182,2.94,3.959,32.662,50.885,18.594,432.291,0.862,1.552,2.172,29,388.315,28.41,19.378,16.848,182.555,12.092,12.092,0.155,5.442,121.611,432.667,21,172,33.11,18.984,84.979,84.979,16.87,1.989,23.006,9.145,1.678,0.178,4,1,8300,0.77815125
448,2.925,-2.34,2.243,-2.488,-0.151,32.166,2.127,674.022,28.772,24.756,25.572,18.853,14.76,15.914,10.632,11.856,7.206,8.36,4.54,5.414,14.384,29.682,0,16.662,11.824,19.317,574.365,0.872,1.564,2.205,0.897,-1.2,39,520.393,219846266.2,35.826,22.484,17.269,240.214,0.465,0.171,-0.344,-0.465,3.559,156.043,574.825,1,1,1,1,1,24,1,1,228,29.012,5.907,19.765,50.534,65.703,25.236,20.655,1,33.701,29.422,9.8,78.056,15.744,28.594,78.056,39.745,-0.344,7.784,9.634,0.137,1,1,3,3,1,0,1,0,1,0,3,2.701,2.242,7.988,21.797,19.263,20.08,13.992,11.288,12.443,7.936,9.16,5.027,6.182,2.94,3.959,32.662,50.885,18.594,432.291,0.862,1.552,2.172,29,388.315,28.41,19.378,16.848,182.555,12.092,12.092,0.155,5.442,121.611,432.667,21,172,33.11,18.984,84.979,84.979,16.87,1.989,23.006,9.145,1.678,0.178,4,0.5,8300,0.77815125
449,2.927,-2.308,2.242,-2.458,-0.151,32.166,2.071,662.934,28.608,24.861,25.678,18.904,14.898,16.053,10.627,11.852,7.038,8.192,4.405,5.28,14.384,23.075,0,11.762,22.457,14.211,573.381,0.923,1.641,2.333,0.897,-1.2,39,518.401,235200918.6,35.826,23.499,19.505,240.76,0.465,0.147,-0.336,-0.465,3.444,158.256,573.841,2,1,1,1,1,25,1,1,228,29.639,5.907,19.765,50.534,72.248,18.629,21.587,1,28.594,29.422,15.533,78.056,15.564,28.594,78.056,37.603,-0.336,7.819,11.445,0.125,0,0,3,3,0,2,1,0,1,0,3,2.701,2.242,7.988,21.797,19.263,20.08,13.992,11.288,12.443,7.936,9.16,5.027,6.182,2.94,3.959,32.662,50.885,18.594,432.291,0.862,1.552,2.172,29,388.315,28.41,19.378,16.848,182.555,12.092,12.092,0.155,5.442,121.611,432.667,21,172,33.11,18.984,84.979,84.979,16.87,1.989,23.006,9.145,1.678,0.178,4,4,8300,1.919078092
450,2.927,-2.308,2.242,-2.458,-0.151,32.166,2.071,662.934,28.608,24.861,25.678,18.904,14.898,16.053,10.627,11.852,7.038,8.192,4.405,5.28,14.384,23.075,0,11.762,22.457,14.211,573.381,0.923,1.641,2.333,0.897,-1.2,39,518.401,235200918.6,35.826,23.499,19.505,240.76,0.465,0.147,-0.336,-0.465,3.444,158.256,573.841,2,1,1,1,1,25,1,1,228,29.639,5.907,19.765,50.534,72.248,18.629,21.587,1,28.594,29.422,15.533,78.056,15.564,28.594,78.056,37.603,-0.336,7.819,11.445,0.125,0,0,3,3,0,2,1,0,1,0,3,2.701,2.242,7.988,21.797,19.263,20.08,13.992,11.288,12.443,7.936,9.16,5.027,6.182,2.94,3.959,32.662,50.885,18.594,432.291,0.862,1.552,2.172,29,388.315,28.41,19.378,16.848,182.555,12.092,12.092,0.155,5.442,121.611,432.667,21,172,33.11,18.984,84.979,84.979,16.87,1.989,23.006,9.145,1.678,0.178,4,2,8300,2.123851641
451,2.927,-2.308,2.242,-2.458,-0.151,32.166,2.071,662.934,28.608,24.861,25.678,18.904,14.898,16.053,10.627,11.852,7.038,8.192,4.405,5.28,14.384,23.075,0,11.762,22.457,14.211,573.381,0.923,1.641,2.333,0.897,-1.2,39,518.401,235200918.6,35.826,23.499,19.505,240.76,0.465,0.147,-0.336,-0.465,3.444,158.256,573.841,2,1,1,1,1,25,1,1,228,29.639,5.907,19.765,50.534,72.248,18.629,21.587,1,28.594,29.422,15.533,78.056,15.564,28.594,78.056,37.603,-0.336,7.819,11.445,0.125,0,0,3,3,0,2,1,0,1,0,3,2.701,2.242,7.988,21.797,19.263,20.08,13.992,11.288,12.443,7.936,9.16,5.027,6.182,2.94,3.959,32.662,50.885,18.594,432.291,0.862,1.552,2.172,29,388.315,28.41,19.378,16.848,182.555,12.092,12.092,0.155,5.442,121.611,432.667,21,172,33.11,18.984,84.979,84.979,16.87,1.989,23.006,9.145,1.678,0.178,4,1,8300,3.297979244
452,2.927,-2.308,2.242,-2.458,-0.151,32.166,2.071,662.934,28.608,24.861,25.678,18.904,14.898,16.053,10.627,11.852,7.038,8.192,4.405,5.28,14.384,23.075,0,11.762,22.457,14.211,573.381,0.923,1.641,2.333,0.897,-1.2,39,518.401,235200918.6,35.826,23.499,19.505,240.76,0.465,0.147,-0.336,-0.465,3.444,158.256,573.841,2,1,1,1,1,25,1,1,228,29.639,5.907,19.765,50.534,72.248,18.629,21.587,1,28.594,29.422,15.533,78.056,15.564,28.594,78.056,37.603,-0.336,7.819,11.445,0.125,0,0,3,3,0,2,1,0,1,0,3,2.701,2.242,7.988,21.797,19.263,20.08,13.992,11.288,12.443,7.936,9.16,5.027,6.182,2.94,3.959,32.662,50.885,18.594,432.291,0.862,1.552,2.172,29,388.315,28.41,19.378,16.848,182.555,12.092,12.092,0.155,5.442,121.611,432.667,21,172,33.11,18.984,84.979,84.979,16.87,1.989,23.006,9.145,1.678,0.178,4,0.5,8300,4.946535775
453,2.674,-2.308,2.241,-2.996,-0.36,35.453,0,414.533,21.09,18.641,20.214,13.492,10.581,11.736,7.436,8.66,4.674,5.829,2.796,3.526,9.589,29.575,0,11.762,12.657,14.211,455.247,0.966,1.655,2.241,0.905,-0.34,29,413.753,870080.485,30.85,20.914,18.17,187.318,1,0,-0.285,-1,-0.112,114.458,456.089,3,0,0,0,0,20,0,0,174,37.146,0,19.765,38.36,32.311,25.174,22.248,0,41.94,23.514,0,65.214,12.828,23.8,65.214,22.963,3.551,6.553,6.746,0.203,0,0,2,2,0,0,0,1,0,1,3,2.701,2.242,7.988,21.797,19.263,20.08,13.992,11.288,12.443,7.936,9.16,5.027,6.182,2.94,3.959,32.662,50.885,18.594,432.291,0.862,1.552,2.172,29,388.315,28.41,19.378,16.848,182.555,12.092,12.092,0.155,5.442,121.611,432.667,21,172,33.11,18.984,84.979,84.979,16.87,1.989,23.006,9.145,1.678,0.178,4,4,8300,1.230448921
454,2.674,-2.308,2.241,-2.996,-0.36,35.453,0,414.533,21.09,18.641,20.214,13.492,10.581,11.736,7.436,8.66,4.674,5.829,2.796,3.526,9.589,29.575,0,11.762,12.657,14.211,455.247,0.966,1.655,2.241,0.905,-0.34,29,413.753,870080.485,30.85,20.914,18.17,187.318,1,0,-0.285,-1,-0.112,114.458,456.089,3,0,0,0,0,20,0,0,174,37.146,0,19.765,38.36,32.311,25.174,22.248,0,41.94,23.514,0,65.214,12.828,23.8,65.214,22.963,3.551,6.553,6.746,0.203,0,0,2,2,0,0,0,1,0,1,3,2.701,2.242,7.988,21.797,19.263,20.08,13.992,11.288,12.443,7.936,9.16,5.027,6.182,2.94,3.959,32.662,50.885,18.594,432.291,0.862,1.552,2.172,29,388.315,28.41,19.378,16.848,182.555,12.092,12.092,0.155,5.442,121.611,432.667,21,172,33.11,18.984,84.979,84.979,16.87,1.989,23.006,9.145,1.678,0.178,4,2,8300,1.113943352
455,2.674,-2.308,2.241,-2.996,-0.36,35.453,0,414.533,21.09,18.641,20.214,13.492,10.581,11.736,7.436,8.66,4.674,5.829,2.796,3.526,9.589,29.575,0,11.762,12.657,14.211,455.247,0.966,1.655,2.241,0.905,-0.34,29,413.753,870080.485,30.85,20.914,18.17,187.318,1,0,-0.285,-1,-0.112,114.458,456.089,3,0,0,0,0,20,0,0,174,37.146,0,19.765,38.36,32.311,25.174,22.248,0,41.94,23.514,0,65.214,12.828,23.8,65.214,22.963,3.551,6.553,6.746,0.203,0,0,2,2,0,0,0,1,0,1,3,2.701,2.242,7.988,21.797,19.263,20.08,13.992,11.288,12.443,7.936,9.16,5.027,6.182,2.94,3.959,32.662,50.885,18.594,432.291,0.862,1.552,2.172,29,388.315,28.41,19.378,16.848,182.555,12.092,12.092,0.155,5.442,121.611,432.667,21,172,33.11,18.984,84.979,84.979,16.87,1.989,23.006,9.145,1.678,0.178,4,1,8300,1.301029996
456,2.674,-2.308,2.241,-2.996,-0.36,35.453,0,414.533,21.09,18.641,20.214,13.492,10.581,11.736,7.436,8.66,4.674,5.829,2.796,3.526,9.589,29.575,0,11.762,12.657,14.211,455.247,0.966,1.655,2.241,0.905,-0.34,29,413.753,870080.485,30.85,20.914,18.17,187.318,1,0,-0.285,-1,-0.112,114.458,456.089,3,0,0,0,0,20,0,0,174,37.146,0,19.765,38.36,32.311,25.174,22.248,0,41.94,23.514,0,65.214,12.828,23.8,65.214,22.963,3.551,6.553,6.746,0.203,0,0,2,2,0,0,0,1,0,1,3,2.701,2.242,7.988,21.797,19.263,20.08,13.992,11.288,12.443,7.936,9.16,5.027,6.182,2.94,3.959,32.662,50.885,18.594,432.291,0.862,1.552,2.172,29,388.315,28.41,19.378,16.848,182.555,12.092,12.092,0.155,5.442,121.611,432.667,21,172,33.11,18.984,84.979,84.979,16.87,1.989,23.006,9.145,1.678,0.178,4,0.5,8300,1.113943352
457,2.775,-2.308,2.242,-2.996,-0.4,35.453,0,538.939,24.244,20.828,22.4,15.297,11.503,12.657,8.265,9.414,5.239,6.454,3.052,3.961,14.384,48.193,7.11,6.924,10.471,14.211,513.253,0.97,1.636,2.212,0.87,-0.87,33,469.773,5204339.136,34.298,21.649,18.169,209.323,1,0,-0.359,-1,-0.571,125.395,514.125,3,0,0,0,0,21,0,0,196,41.883,0,19.765,38.36,26.558,31.491,22.501,0,51.472,29.484,0,71.256,13.485,33.331,65.214,34.388,3.426,6.18,5.428,0.16,0,0,3,3,0,0,0,1,0,1,3,2.701,2.242,7.988,21.797,19.263,20.08,13.992,11.288,12.443,7.936,9.16,5.027,6.182,2.94,3.959,32.662,50.885,18.594,432.291,0.862,1.552,2.172,29,388.315,28.41,19.378,16.848,182.555,12.092,12.092,0.155,5.442,121.611,432.667,21,172,33.11,18.984,84.979,84.979,16.87,1.989,23.006,9.145,1.678,0.178,4,4,8300,3.138618434
458,2.775,-2.308,2.242,-2.996,-0.4,35.453,0,538.939,24.244,20.828,22.4,15.297,11.503,12.657,8.265,9.414,5.239,6.454,3.052,3.961,14.384,48.193,7.11,6.924,10.471,14.211,513.253,0.97,1.636,2.212,0.87,-0.87,33,469.773,5204339.136,34.298,21.649,18.169,209.323,1,0,-0.359,-1,-0.571,125.395,514.125,3,0,0,0,0,21,0,0,196,41.883,0,19.765,38.36,26.558,31.491,22.501,0,51.472,29.484,0,71.256,13.485,33.331,65.214,34.388,3.426,6.18,5.428,0.16,0,0,3,3,0,0,0,1,0,1,3,2.701,2.242,7.988,21.797,19.263,20.08,13.992,11.288,12.443,7.936,9.16,5.027,6.182,2.94,3.959,32.662,50.885,18.594,432.291,0.862,1.552,2.172,29,388.315,28.41,19.378,16.848,182.555,12.092,12.092,0.155,5.442,121.611,432.667,21,172,33.11,18.984,84.979,84.979,16.87,1.989,23.006,9.145,1.678,0.178,4,2,8300,2.993876915
459,2.775,-2.308,2.242,-2.996,-0.4,35.453,0,538.939,24.244,20.828,22.4,15.297,11.503,12.657,8.265,9.414,5.239,6.454,3.052,3.961,14.384,48.193,7.11,6.924,10.471,14.211,513.253,0.97,1.636,2.212,0.87,-0.87,33,469.773,5204339.136,34.298,21.649,18.169,209.323,1,0,-0.359,-1,-0.571,125.395,514.125,3,0,0,0,0,21,0,0,196,41.883,0,19.765,38.36,26.558,31.491,22.501,0,51.472,29.484,0,71.256,13.485,33.331,65.214,34.388,3.426,6.18,5.428,0.16,0,0,3,3,0,0,0,1,0,1,3,2.701,2.242,7.988,21.797,19.263,20.08,13.992,11.288,12.443,7.936,9.16,5.027,6.182,2.94,3.959,32.662,50.885,18.594,432.291,0.862,1.552,2.172,29,388.315,28.41,19.378,16.848,182.555,12.092,12.092,0.155,5.442,121.611,432.667,21,172,33.11,18.984,84.979,84.979,16.87,1.989,23.006,9.145,1.678,0.178,4,1,8300,2.269512944
460,2.775,-2.308,2.242,-2.996,-0.4,35.453,0,538.939,24.244,20.828,22.4,15.297,11.503,12.657,8.265,9.414,5.239,6.454,3.052,3.961,14.384,48.193,7.11,6.924,10.471,14.211,513.253,0.97,1.636,2.212,0.87,-0.87,33,469.773,5204339.136,34.298,21.649,18.169,209.323,1,0,-0.359,-1,-0.571,125.395,514.125,3,0,0,0,0,21,0,0,196,41.883,0,19.765,38.36,26.558,31.491,22.501,0,51.472,29.484,0,71.256,13.485,33.331,65.214,34.388,3.426,6.18,5.428,0.16,0,0,3,3,0,0,0,1,0,1,3,2.701,2.242,7.988,21.797,19.263,20.08,13.992,11.288,12.443,7.936,9.16,5.027,6.182,2.94,3.959,32.662,50.885,18.594,432.291,0.862,1.552,2.172,29,388.315,28.41,19.378,16.848,182.555,12.092,12.092,0.155,5.442,121.611,432.667,21,172,33.11,18.984,84.979,84.979,16.87,1.989,23.006,9.145,1.678,0.178,4,0.5,8300,4.089198367
461,2.991,-2.308,2.243,-2.371,-0.151,32.166,3.964,687.795,32.023,28.483,29.299,20.818,17.105,18.26,11.938,13.163,7.707,8.861,4.746,5.621,14.384,23.075,38.773,11.762,30.988,14.211,630.464,0.744,1.395,2.023,0.912,-1.16,43,564.449,1101079577,41.84,29.545,25.828,268.04,0.465,0.164,-0.338,-0.465,6.831,179.82,630.977,1,0,0,1,0,32,0,0,254,29.222,5.907,46.454,89.43,39.524,18.629,28.748,0,28.594,29.422,10.217,124.007,12.791,28.594,124.007,37.989,-0.338,13.801,14.262,0.064,0,0,3,3,0,1,1,0,0,0,5,2.701,2.242,7.988,21.797,19.263,20.08,13.992,11.288,12.443,7.936,9.16,5.027,6.182,2.94,3.959,32.662,50.885,18.594,432.291,0.862,1.552,2.172,29,388.315,28.41,19.378,16.848,182.555,12.092,12.092,0.155,5.442,121.611,432.667,21,172,33.11,18.984,84.979,84.979,16.87,1.989,23.006,9.145,1.678,0.178,4,4,8300,3.595606435
462,2.991,-2.308,2.243,-2.371,-0.151,32.166,3.964,687.795,32.023,28.483,29.299,20.818,17.105,18.26,11.938,13.163,7.707,8.861,4.746,5.621,14.384,23.075,38.773,11.762,30.988,14.211,630.464,0.744,1.395,2.023,0.912,-1.16,43,564.449,1101079577,41.84,29.545,25.828,268.04,0.465,0.164,-0.338,-0.465,6.831,179.82,630.977,1,0,0,1,0,32,0,0,254,29.222,5.907,46.454,89.43,39.524,18.629,28.748,0,28.594,29.422,10.217,124.007,12.791,28.594,124.007,37.989,-0.338,13.801,14.262,0.064,0,0,3,3,0,1,1,0,0,0,5,2.701,2.242,7.988,21.797,19.263,20.08,13.992,11.288,12.443,7.936,9.16,5.027,6.182,2.94,3.959,32.662,50.885,18.594,432.291,0.862,1.552,2.172,29,388.315,28.41,19.378,16.848,182.555,12.092,12.092,0.155,5.442,121.611,432.667,21,172,33.11,18.984,84.979,84.979,16.87,1.989,23.006,9.145,1.678,0.178,4,2,8300,4.007406352
463,2.991,-2.308,2.243,-2.371,-0.151,32.166,3.964,687.795,32.023,28.483,29.299,20.818,17.105,18.26,11.938,13.163,7.707,8.861,4.746,5.621,14.384,23.075,38.773,11.762,30.988,14.211,630.464,0.744,1.395,2.023,0.912,-1.16,43,564.449,1101079577,41.84,29.545,25.828,268.04,0.465,0.164,-0.338,-0.465,6.831,179.82,630.977,1,0,0,1,0,32,0,0,254,29.222,5.907,46.454,89.43,39.524,18.629,28.748,0,28.594,29.422,10.217,124.007,12.791,28.594,124.007,37.989,-0.338,13.801,14.262,0.064,0,0,3,3,0,1,1,0,0,0,5,2.701,2.242,7.988,21.797,19.263,20.08,13.992,11.288,12.443,7.936,9.16,5.027,6.182,2.94,3.959,32.662,50.885,18.594,432.291,0.862,1.552,2.172,29,388.315,28.41,19.378,16.848,182.555,12.092,12.092,0.155,5.442,121.611,432.667,21,172,33.11,18.984,84.979,84.979,16.87,1.989,23.006,9.145,1.678,0.178,4,1,8300,4.479431337
464,2.991,-2.308,2.243,-2.371,-0.151,32.166,3.964,687.795,32.023,28.483,29.299,20.818,17.105,18.26,11.938,13.163,7.707,8.861,4.746,5.621,14.384,23.075,38.773,11.762,30.988,14.211,630.464,0.744,1.395,2.023,0.912,-1.16,43,564.449,1101079577,41.84,29.545,25.828,268.04,0.465,0.164,-0.338,-0.465,6.831,179.82,630.977,1,0,0,1,0,32,0,0,254,29.222,5.907,46.454,89.43,39.524,18.629,28.748,0,28.594,29.422,10.217,124.007,12.791,28.594,124.007,37.989,-0.338,13.801,14.262,0.064,0,0,3,3,0,1,1,0,0,0,5,2.701,2.242,7.988,21.797,19.263,20.08,13.992,11.288,12.443,7.936,9.16,5.027,6.182,2.94,3.959,32.662,50.885,18.594,432.291,0.862,1.552,2.172,29,388.315,28.41,19.378,16.848,182.555,12.092,12.092,0.155,5.442,121.611,432.667,21,172,33.11,18.984,84.979,84.979,16.87,1.989,23.006,9.145,1.678,0.178,4,0.5,8300,3.515476441
465,2.925,-2.34,2.243,-2.488,-0.151,32.166,2.127,674.022,28.772,24.756,25.572,18.853,14.76,15.914,10.632,11.856,7.206,8.36,4.54,5.414,14.384,29.682,0,16.662,11.824,19.317,574.365,0.872,1.564,2.205,0.897,-1.2,39,520.393,219846266.2,35.826,22.484,17.269,240.214,0.465,0.171,-0.344,-0.465,3.559,156.043,574.825,1,1,1,1,1,24,1,1,228,29.012,5.907,19.765,50.534,65.703,25.236,20.655,1,33.701,29.422,9.8,78.056,15.744,28.594,78.056,39.745,-0.344,7.784,9.634,0.137,1,1,3,3,1,0,1,0,1,0,3,2.701,2.242,7.988,21.797,19.263,20.08,13.992,11.288,12.443,7.936,9.16,5.027,6.182,2.94,3.959,32.662,50.885,18.594,432.291,0.862,1.552,2.172,29,388.315,28.41,19.378,16.848,182.555,12.092,12.092,0.155,5.442,121.611,432.667,21,172,33.11,18.984,84.979,84.979,16.87,1.989,23.006,9.145,1.678,0.178,4,4,8300,0.477121255
466,2.925,-2.34,2.243,-2.488,-0.151,32.166,2.127,674.022,28.772,24.756,25.572,18.853,14.76,15.914,10.632,11.856,7.206,8.36,4.54,5.414,14.384,29.682,0,16.662,11.824,19.317,574.365,0.872,1.564,2.205,0.897,-1.2,39,520.393,219846266.2,35.826,22.484,17.269,240.214,0.465,0.171,-0.344,-0.465,3.559,156.043,574.825,1,1,1,1,1,24,1,1,228,29.012,5.907,19.765,50.534,65.703,25.236,20.655,1,33.701,29.422,9.8,78.056,15.744,28.594,78.056,39.745,-0.344,7.784,9.634,0.137,1,1,3,3,1,0,1,0,1,0,3,2.701,2.242,7.988,21.797,19.263,20.08,13.992,11.288,12.443,7.936,9.16,5.027,6.182,2.94,3.959,32.662,50.885,18.594,432.291,0.862,1.552,2.172,29,388.315,28.41,19.378,16.848,182.555,12.092,12.092,0.155,5.442,121.611,432.667,21,172,33.11,18.984,84.979,84.979,16.87,1.989,23.006,9.145,1.678,0.178,4,2,8300,1.113943352
467,2.925,-2.34,2.243,-2.488,-0.151,32.166,2.127,674.022,28.772,24.756,25.572,18.853,14.76,15.914,10.632,11.856,7.206,8.36,4.54,5.414,14.384,29.682,0,16.662,11.824,19.317,574.365,0.872,1.564,2.205,0.897,-1.2,39,520.393,219846266.2,35.826,22.484,17.269,240.214,0.465,0.171,-0.344,-0.465,3.559,156.043,574.825,1,1,1,1,1,24,1,1,228,29.012,5.907,19.765,50.534,65.703,25.236,20.655,1,33.701,29.422,9.8,78.056,15.744,28.594,78.056,39.745,-0.344,7.784,9.634,0.137,1,1,3,3,1,0,1,0,1,0,3,2.701,2.242,7.988,21.797,19.263,20.08,13.992,11.288,12.443,7.936,9.16,5.027,6.182,2.94,3.959,32.662,50.885,18.594,432.291,0.862,1.552,2.172,29,388.315,28.41,19.378,16.848,182.555,12.092,12.092,0.155,5.442,121.611,432.667,21,172,33.11,18.984,84.979,84.979,16.87,1.989,23.006,9.145,1.678,0.178,4,1,8300,0.77815125
468,2.925,-2.34,2.243,-2.488,-0.151,32.166,2.127,674.022,28.772,24.756,25.572,18.853,14.76,15.914,10.632,11.856,7.206,8.36,4.54,5.414,14.384,29.682,0,16.662,11.824,19.317,574.365,0.872,1.564,2.205,0.897,-1.2,39,520.393,219846266.2,35.826,22.484,17.269,240.214,0.465,0.171,-0.344,-0.465,3.559,156.043,574.825,1,1,1,1,1,24,1,1,228,29.012,5.907,19.765,50.534,65.703,25.236,20.655,1,33.701,29.422,9.8,78.056,15.744,28.594,78.056,39.745,-0.344,7.784,9.634,0.137,1,1,3,3,1,0,1,0,1,0,3,2.701,2.242,7.988,21.797,19.263,20.08,13.992,11.288,12.443,7.936,9.16,5.027,6.182,2.94,3.959,32.662,50.885,18.594,432.291,0.862,1.552,2.172,29,388.315,28.41,19.378,16.848,182.555,12.092,12.092,0.155,5.442,121.611,432.667,21,172,33.11,18.984,84.979,84.979,16.87,1.989,23.006,9.145,1.678,0.178,4,0.5,8300,-1
469,2.927,-2.308,2.242,-2.458,-0.151,32.166,2.071,662.934,28.608,24.861,25.678,18.904,14.898,16.053,10.627,11.852,7.038,8.192,4.405,5.28,14.384,23.075,0,11.762,22.457,14.211,573.381,0.923,1.641,2.333,0.897,-1.2,39,518.401,235200918.6,35.826,23.499,19.505,240.76,0.465,0.147,-0.336,-0.465,3.444,158.256,573.841,2,1,1,1,1,25,1,1,228,29.639,5.907,19.765,50.534,72.248,18.629,21.587,1,28.594,29.422,15.533,78.056,15.564,28.594,78.056,37.603,-0.336,7.819,11.445,0.125,0,0,3,3,0,2,1,0,1,0,3,2.701,2.242,7.988,21.797,19.263,20.08,13.992,11.288,12.443,7.936,9.16,5.027,6.182,2.94,3.959,32.662,50.885,18.594,432.291,0.862,1.552,2.172,29,388.315,28.41,19.378,16.848,182.555,12.092,12.092,0.155,5.442,121.611,432.667,21,172,33.11,18.984,84.979,84.979,16.87,1.989,23.006,9.145,1.678,0.178,4,4,8300,1.662757832
470,2.927,-2.308,2.242,-2.458,-0.151,32.166,2.071,662.934,28.608,24.861,25.678,18.904,14.898,16.053,10.627,11.852,7.038,8.192,4.405,5.28,14.384,23.075,0,11.762,22.457,14.211,573.381,0.923,1.641,2.333,0.897,-1.2,39,518.401,235200918.6,35.826,23.499,19.505,240.76,0.465,0.147,-0.336,-0.465,3.444,158.256,573.841,2,1,1,1,1,25,1,1,228,29.639,5.907,19.765,50.534,72.248,18.629,21.587,1,28.594,29.422,15.533,78.056,15.564,28.594,78.056,37.603,-0.336,7.819,11.445,0.125,0,0,3,3,0,2,1,0,1,0,3,2.701,2.242,7.988,21.797,19.263,20.08,13.992,11.288,12.443,7.936,9.16,5.027,6.182,2.94,3.959,32.662,50.885,18.594,432.291,0.862,1.552,2.172,29,388.315,28.41,19.378,16.848,182.555,12.092,12.092,0.155,5.442,121.611,432.667,21,172,33.11,18.984,84.979,84.979,16.87,1.989,23.006,9.145,1.678,0.178,4,2,8300,2.726727209
471,2.927,-2.308,2.242,-2.458,-0.151,32.166,2.071,662.934,28.608,24.861,25.678,18.904,14.898,16.053,10.627,11.852,7.038,8.192,4.405,5.28,14.384,23.075,0,11.762,22.457,14.211,573.381,0.923,1.641,2.333,0.897,-1.2,39,518.401,235200918.6,35.826,23.499,19.505,240.76,0.465,0.147,-0.336,-0.465,3.444,158.256,573.841,2,1,1,1,1,25,1,1,228,29.639,5.907,19.765,50.534,72.248,18.629,21.587,1,28.594,29.422,15.533,78.056,15.564,28.594,78.056,37.603,-0.336,7.819,11.445,0.125,0,0,3,3,0,2,1,0,1,0,3,2.701,2.242,7.988,21.797,19.263,20.08,13.992,11.288,12.443,7.936,9.16,5.027,6.182,2.94,3.959,32.662,50.885,18.594,432.291,0.862,1.552,2.172,29,388.315,28.41,19.378,16.848,182.555,12.092,12.092,0.155,5.442,121.611,432.667,21,172,33.11,18.984,84.979,84.979,16.87,1.989,23.006,9.145,1.678,0.178,4,1,8300,4.380337892
472,2.927,-2.308,2.242,-2.458,-0.151,32.166,2.071,662.934,28.608,24.861,25.678,18.904,14.898,16.053,10.627,11.852,7.038,8.192,4.405,5.28,14.384,23.075,0,11.762,22.457,14.211,573.381,0.923,1.641,2.333,0.897,-1.2,39,518.401,235200918.6,35.826,23.499,19.505,240.76,0.465,0.147,-0.336,-0.465,3.444,158.256,573.841,2,1,1,1,1,25,1,1,228,29.639,5.907,19.765,50.534,72.248,18.629,21.587,1,28.594,29.422,15.533,78.056,15.564,28.594,78.056,37.603,-0.336,7.819,11.445,0.125,0,0,3,3,0,2,1,0,1,0,3,2.701,2.242,7.988,21.797,19.263,20.08,13.992,11.288,12.443,7.936,9.16,5.027,6.182,2.94,3.959,32.662,50.885,18.594,432.291,0.862,1.552,2.172,29,388.315,28.41,19.378,16.848,182.555,12.092,12.092,0.155,5.442,121.611,432.667,21,172,33.11,18.984,84.979,84.979,16.87,1.989,23.006,9.145,1.678,0.178,4,0.5,8300,5.248657293
473,2.674,-2.308,2.241,-2.996,-0.36,35.453,0,414.533,21.09,18.641,20.214,13.492,10.581,11.736,7.436,8.66,4.674,5.829,2.796,3.526,9.589,29.575,0,11.762,12.657,14.211,455.247,0.966,1.655,2.241,0.905,-0.34,29,413.753,870080.485,30.85,20.914,18.17,187.318,1,0,-0.285,-1,-0.112,114.458,456.089,3,0,0,0,0,20,0,0,174,37.146,0,19.765,38.36,32.311,25.174,22.248,0,41.94,23.514,0,65.214,12.828,23.8,65.214,22.963,3.551,6.553,6.746,0.203,0,0,2,2,0,0,0,1,0,1,3,2.701,2.242,7.988,21.797,19.263,20.08,13.992,11.288,12.443,7.936,9.16,5.027,6.182,2.94,3.959,32.662,50.885,18.594,432.291,0.862,1.552,2.172,29,388.315,28.41,19.378,16.848,182.555,12.092,12.092,0.155,5.442,121.611,432.667,21,172,33.11,18.984,84.979,84.979,16.87,1.989,23.006,9.145,1.678,0.178,4,4,8300,1
474,2.674,-2.308,2.241,-2.996,-0.36,35.453,0,414.533,21.09,18.641,20.214,13.492,10.581,11.736,7.436,8.66,4.674,5.829,2.796,3.526,9.589,29.575,0,11.762,12.657,14.211,455.247,0.966,1.655,2.241,0.905,-0.34,29,413.753,870080.485,30.85,20.914,18.17,187.318,1,0,-0.285,-1,-0.112,114.458,456.089,3,0,0,0,0,20,0,0,174,37.146,0,19.765,38.36,32.311,25.174,22.248,0,41.94,23.514,0,65.214,12.828,23.8,65.214,22.963,3.551,6.553,6.746,0.203,0,0,2,2,0,0,0,1,0,1,3,2.701,2.242,7.988,21.797,19.263,20.08,13.992,11.288,12.443,7.936,9.16,5.027,6.182,2.94,3.959,32.662,50.885,18.594,432.291,0.862,1.552,2.172,29,388.315,28.41,19.378,16.848,182.555,12.092,12.092,0.155,5.442,121.611,432.667,21,172,33.11,18.984,84.979,84.979,16.87,1.989,23.006,9.145,1.678,0.178,4,2,8300,0.84509804
475,2.674,-2.308,2.241,-2.996,-0.36,35.453,0,414.533,21.09,18.641,20.214,13.492,10.581,11.736,7.436,8.66,4.674,5.829,2.796,3.526,9.589,29.575,0,11.762,12.657,14.211,455.247,0.966,1.655,2.241,0.905,-0.34,29,413.753,870080.485,30.85,20.914,18.17,187.318,1,0,-0.285,-1,-0.112,114.458,456.089,3,0,0,0,0,20,0,0,174,37.146,0,19.765,38.36,32.311,25.174,22.248,0,41.94,23.514,0,65.214,12.828,23.8,65.214,22.963,3.551,6.553,6.746,0.203,0,0,2,2,0,0,0,1,0,1,3,2.701,2.242,7.988,21.797,19.263,20.08,13.992,11.288,12.443,7.936,9.16,5.027,6.182,2.94,3.959,32.662,50.885,18.594,432.291,0.862,1.552,2.172,29,388.315,28.41,19.378,16.848,182.555,12.092,12.092,0.155,5.442,121.611,432.667,21,172,33.11,18.984,84.979,84.979,16.87,1.989,23.006,9.145,1.678,0.178,4,1,8300,1.230448921
476,2.674,-2.308,2.241,-2.996,-0.36,35.453,0,414.533,21.09,18.641,20.214,13.492,10.581,11.736,7.436,8.66,4.674,5.829,2.796,3.526,9.589,29.575,0,11.762,12.657,14.211,455.247,0.966,1.655,2.241,0.905,-0.34,29,413.753,870080.485,30.85,20.914,18.17,187.318,1,0,-0.285,-1,-0.112,114.458,456.089,3,0,0,0,0,20,0,0,174,37.146,0,19.765,38.36,32.311,25.174,22.248,0,41.94,23.514,0,65.214,12.828,23.8,65.214,22.963,3.551,6.553,6.746,0.203,0,0,2,2,0,0,0,1,0,1,3,2.701,2.242,7.988,21.797,19.263,20.08,13.992,11.288,12.443,7.936,9.16,5.027,6.182,2.94,3.959,32.662,50.885,18.594,432.291,0.862,1.552,2.172,29,388.315,28.41,19.378,16.848,182.555,12.092,12.092,0.155,5.442,121.611,432.667,21,172,33.11,18.984,84.979,84.979,16.87,1.989,23.006,9.145,1.678,0.178,4,0.5,8300,1.602059991
477,2.775,-2.308,2.242,-2.996,-0.4,35.453,0,538.939,24.244,20.828,22.4,15.297,11.503,12.657,8.265,9.414,5.239,6.454,3.052,3.961,14.384,48.193,7.11,6.924,10.471,14.211,513.253,0.97,1.636,2.212,0.87,-0.87,33,469.773,5204339.136,34.298,21.649,18.169,209.323,1,0,-0.359,-1,-0.571,125.395,514.125,3,0,0,0,0,21,0,0,196,41.883,0,19.765,38.36,26.558,31.491,22.501,0,51.472,29.484,0,71.256,13.485,33.331,65.214,34.388,3.426,6.18,5.428,0.16,0,0,3,3,0,0,0,1,0,1,3,2.701,2.242,7.988,21.797,19.263,20.08,13.992,11.288,12.443,7.936,9.16,5.027,6.182,2.94,3.959,32.662,50.885,18.594,432.291,0.862,1.552,2.172,29,388.315,28.41,19.378,16.848,182.555,12.092,12.092,0.155,5.442,121.611,432.667,21,172,33.11,18.984,84.979,84.979,16.87,1.989,23.006,9.145,1.678,0.178,4,4,8300,3.117271296
478,2.775,-2.308,2.242,-2.996,-0.4,35.453,0,538.939,24.244,20.828,22.4,15.297,11.503,12.657,8.265,9.414,5.239,6.454,3.052,3.961,14.384,48.193,7.11,6.924,10.471,14.211,513.253,0.97,1.636,2.212,0.87,-0.87,33,469.773,5204339.136,34.298,21.649,18.169,209.323,1,0,-0.359,-1,-0.571,125.395,514.125,3,0,0,0,0,21,0,0,196,41.883,0,19.765,38.36,26.558,31.491,22.501,0,51.472,29.484,0,71.256,13.485,33.331,65.214,34.388,3.426,6.18,5.428,0.16,0,0,3,3,0,0,0,1,0,1,3,2.701,2.242,7.988,21.797,19.263,20.08,13.992,11.288,12.443,7.936,9.16,5.027,6.182,2.94,3.959,32.662,50.885,18.594,432.291,0.862,1.552,2.172,29,388.315,28.41,19.378,16.848,182.555,12.092,12.092,0.155,5.442,121.611,432.667,21,172,33.11,18.984,84.979,84.979,16.87,1.989,23.006,9.145,1.678,0.178,4,2,8300,3.550228353
479,2.775,-2.308,2.242,-2.996,-0.4,35.453,0,538.939,24.244,20.828,22.4,15.297,11.503,12.657,8.265,9.414,5.239,6.454,3.052,3.961,14.384,48.193,7.11,6.924,10.471,14.211,513.253,0.97,1.636,2.212,0.87,-0.87,33,469.773,5204339.136,34.298,21.649,18.169,209.323,1,0,-0.359,-1,-0.571,125.395,514.125,3,0,0,0,0,21,0,0,196,41.883,0,19.765,38.36,26.558,31.491,22.501,0,51.472,29.484,0,71.256,13.485,33.331,65.214,34.388,3.426,6.18,5.428,0.16,0,0,3,3,0,0,0,1,0,1,3,2.701,2.242,7.988,21.797,19.263,20.08,13.992,11.288,12.443,7.936,9.16,5.027,6.182,2.94,3.959,32.662,50.885,18.594,432.291,0.862,1.552,2.172,29,388.315,28.41,19.378,16.848,182.555,12.092,12.092,0.155,5.442,121.611,432.667,21,172,33.11,18.984,84.979,84.979,16.87,1.989,23.006,9.145,1.678,0.178,4,1,8300,3.9534214
480,2.775,-2.308,2.242,-2.996,-0.4,35.453,0,538.939,24.244,20.828,22.4,15.297,11.503,12.657,8.265,9.414,5.239,6.454,3.052,3.961,14.384,48.193,7.11,6.924,10.471,14.211,513.253,0.97,1.636,2.212,0.87,-0.87,33,469.773,5204339.136,34.298,21.649,18.169,209.323,1,0,-0.359,-1,-0.571,125.395,514.125,3,0,0,0,0,21,0,0,196,41.883,0,19.765,38.36,26.558,31.491,22.501,0,51.472,29.484,0,71.256,13.485,33.331,65.214,34.388,3.426,6.18,5.428,0.16,0,0,3,3,0,0,0,1,0,1,3,2.701,2.242,7.988,21.797,19.263,20.08,13.992,11.288,12.443,7.936,9.16,5.027,6.182,2.94,3.959,32.662,50.885,18.594,432.291,0.862,1.552,2.172,29,388.315,28.41,19.378,16.848,182.555,12.092,12.092,0.155,5.442,121.611,432.667,21,172,33.11,18.984,84.979,84.979,16.87,1.989,23.006,9.145,1.678,0.178,4,0.5,8300,3.001300933
481,2.991,-2.308,2.243,-2.371,-0.151,32.166,3.964,687.795,32.023,28.483,29.299,20.818,17.105,18.26,11.938,13.163,7.707,8.861,4.746,5.621,14.384,23.075,38.773,11.762,30.988,14.211,630.464,0.744,1.395,2.023,0.912,-1.16,43,564.449,1101079577,41.84,29.545,25.828,268.04,0.465,0.164,-0.338,-0.465,6.831,179.82,630.977,1,0,0,1,0,32,0,0,254,29.222,5.907,46.454,89.43,39.524,18.629,28.748,0,28.594,29.422,10.217,124.007,12.791,28.594,124.007,37.989,-0.338,13.801,14.262,0.064,0,0,3,3,0,1,1,0,0,0,5,2.701,2.242,7.988,21.797,19.263,20.08,13.992,11.288,12.443,7.936,9.16,5.027,6.182,2.94,3.959,32.662,50.885,18.594,432.291,0.862,1.552,2.172,29,388.315,28.41,19.378,16.848,182.555,12.092,12.092,0.155,5.442,121.611,432.667,21,172,33.11,18.984,84.979,84.979,16.87,1.989,23.006,9.145,1.678,0.178,4,4,8300,3.931915317
482,2.991,-2.308,2.243,-2.371,-0.151,32.166,3.964,687.795,32.023,28.483,29.299,20.818,17.105,18.26,11.938,13.163,7.707,8.861,4.746,5.621,14.384,23.075,38.773,11.762,30.988,14.211,630.464,0.744,1.395,2.023,0.912,-1.16,43,564.449,1101079577,41.84,29.545,25.828,268.04,0.465,0.164,-0.338,-0.465,6.831,179.82,630.977,1,0,0,1,0,32,0,0,254,29.222,5.907,46.454,89.43,39.524,18.629,28.748,0,28.594,29.422,10.217,124.007,12.791,28.594,124.007,37.989,-0.338,13.801,14.262,0.064,0,0,3,3,0,1,1,0,0,0,5,2.701,2.242,7.988,21.797,19.263,20.08,13.992,11.288,12.443,7.936,9.16,5.027,6.182,2.94,3.959,32.662,50.885,18.594,432.291,0.862,1.552,2.172,29,388.315,28.41,19.378,16.848,182.555,12.092,12.092,0.155,5.442,121.611,432.667,21,172,33.11,18.984,84.979,84.979,16.87,1.989,23.006,9.145,1.678,0.178,4,2,8300,3.801815169
483,2.991,-2.308,2.243,-2.371,-0.151,32.166,3.964,687.795,32.023,28.483,29.299,20.818,17.105,18.26,11.938,13.163,7.707,8.861,4.746,5.621,14.384,23.075,38.773,11.762,30.988,14.211,630.464,0.744,1.395,2.023,0.912,-1.16,43,564.449,1101079577,41.84,29.545,25.828,268.04,0.465,0.164,-0.338,-0.465,6.831,179.82,630.977,1,0,0,1,0,32,0,0,254,29.222,5.907,46.454,89.43,39.524,18.629,28.748,0,28.594,29.422,10.217,124.007,12.791,28.594,124.007,37.989,-0.338,13.801,14.262,0.064,0,0,3,3,0,1,1,0,0,0,5,2.701,2.242,7.988,21.797,19.263,20.08,13.992,11.288,12.443,7.936,9.16,5.027,6.182,2.94,3.959,32.662,50.885,18.594,432.291,0.862,1.552,2.172,29,388.315,28.41,19.378,16.848,182.555,12.092,12.092,0.155,5.442,121.611,432.667,21,172,33.11,18.984,84.979,84.979,16.87,1.989,23.006,9.145,1.678,0.178,4,1,8300,4.352934644
484,2.991,-2.308,2.243,-2.371,-0.151,32.166,3.964,687.795,32.023,28.483,29.299,20.818,17.105,18.26,11.938,13.163,7.707,8.861,4.746,5.621,14.384,23.075,38.773,11.762,30.988,14.211,630.464,0.744,1.395,2.023,0.912,-1.16,43,564.449,1101079577,41.84,29.545,25.828,268.04,0.465,0.164,-0.338,-0.465,6.831,179.82,630.977,1,0,0,1,0,32,0,0,254,29.222,5.907,46.454,89.43,39.524,18.629,28.748,0,28.594,29.422,10.217,124.007,12.791,28.594,124.007,37.989,-0.338,13.801,14.262,0.064,0,0,3,3,0,1,1,0,0,0,5,2.701,2.242,7.988,21.797,19.263,20.08,13.992,11.288,12.443,7.936,9.16,5.027,6.182,2.94,3.959,32.662,50.885,18.594,432.291,0.862,1.552,2.172,29,388.315,28.41,19.378,16.848,182.555,12.092,12.092,0.155,5.442,121.611,432.667,21,172,33.11,18.984,84.979,84.979,16.87,1.989,23.006,9.145,1.678,0.178,4,0.5,8300,3.048830087
485,2.925,-2.34,2.243,-2.488,-0.151,32.166,2.127,674.022,28.772,24.756,25.572,18.853,14.76,15.914,10.632,11.856,7.206,8.36,4.54,5.414,14.384,29.682,0,16.662,11.824,19.317,574.365,0.872,1.564,2.205,0.897,-1.2,39,520.393,219846266.2,35.826,22.484,17.269,240.214,0.465,0.171,-0.344,-0.465,3.559,156.043,574.825,1,1,1,1,1,24,1,1,228,29.012,5.907,19.765,50.534,65.703,25.236,20.655,1,33.701,29.422,9.8,78.056,15.744,28.594,78.056,39.745,-0.344,7.784,9.634,0.137,1,1,3,3,1,0,1,0,1,0,3,2.701,2.242,7.988,21.797,19.263,20.08,13.992,11.288,12.443,7.936,9.16,5.027,6.182,2.94,3.959,32.662,50.885,18.594,432.291,0.862,1.552,2.172,29,388.315,28.41,19.378,16.848,182.555,12.092,12.092,0.155,5.442,121.611,432.667,21,172,33.11,18.984,84.979,84.979,16.87,1.989,23.006,9.145,1.678,0.178,4,4,8300,1.113943352
486,2.925,-2.34,2.243,-2.488,-0.151,32.166,2.127,674.022,28.772,24.756,25.572,18.853,14.76,15.914,10.632,11.856,7.206,8.36,4.54,5.414,14.384,29.682,0,16.662,11.824,19.317,574.365,0.872,1.564,2.205,0.897,-1.2,39,520.393,219846266.2,35.826,22.484,17.269,240.214,0.465,0.171,-0.344,-0.465,3.559,156.043,574.825,1,1,1,1,1,24,1,1,228,29.012,5.907,19.765,50.534,65.703,25.236,20.655,1,33.701,29.422,9.8,78.056,15.744,28.594,78.056,39.745,-0.344,7.784,9.634,0.137,1,1,3,3,1,0,1,0,1,0,3,2.701,2.242,7.988,21.797,19.263,20.08,13.992,11.288,12.443,7.936,9.16,5.027,6.182,2.94,3.959,32.662,50.885,18.594,432.291,0.862,1.552,2.172,29,388.315,28.41,19.378,16.848,182.555,12.092,12.092,0.155,5.442,121.611,432.667,21,172,33.11,18.984,84.979,84.979,16.87,1.989,23.006,9.145,1.678,0.178,4,2,8300,-1
487,2.925,-2.34,2.243,-2.488,-0.151,32.166,2.127,674.022,28.772,24.756,25.572,18.853,14.76,15.914,10.632,11.856,7.206,8.36,4.54,5.414,14.384,29.682,0,16.662,11.824,19.317,574.365,0.872,1.564,2.205,0.897,-1.2,39,520.393,219846266.2,35.826,22.484,17.269,240.214,0.465,0.171,-0.344,-0.465,3.559,156.043,574.825,1,1,1,1,1,24,1,1,228,29.012,5.907,19.765,50.534,65.703,25.236,20.655,1,33.701,29.422,9.8,78.056,15.744,28.594,78.056,39.745,-0.344,7.784,9.634,0.137,1,1,3,3,1,0,1,0,1,0,3,2.701,2.242,7.988,21.797,19.263,20.08,13.992,11.288,12.443,7.936,9.16,5.027,6.182,2.94,3.959,32.662,50.885,18.594,432.291,0.862,1.552,2.172,29,388.315,28.41,19.378,16.848,182.555,12.092,12.092,0.155,5.442,121.611,432.667,21,172,33.11,18.984,84.979,84.979,16.87,1.989,23.006,9.145,1.678,0.178,4,1,8300,1.361727836
488,2.925,-2.34,2.243,-2.488,-0.151,32.166,2.127,674.022,28.772,24.756,25.572,18.853,14.76,15.914,10.632,11.856,7.206,8.36,4.54,5.414,14.384,29.682,0,16.662,11.824,19.317,574.365,0.872,1.564,2.205,0.897,-1.2,39,520.393,219846266.2,35.826,22.484,17.269,240.214,0.465,0.171,-0.344,-0.465,3.559,156.043,574.825,1,1,1,1,1,24,1,1,228,29.012,5.907,19.765,50.534,65.703,25.236,20.655,1,33.701,29.422,9.8,78.056,15.744,28.594,78.056,39.745,-0.344,7.784,9.634,0.137,1,1,3,3,1,0,1,0,1,0,3,2.701,2.242,7.988,21.797,19.263,20.08,13.992,11.288,12.443,7.936,9.16,5.027,6.182,2.94,3.959,32.662,50.885,18.594,432.291,0.862,1.552,2.172,29,388.315,28.41,19.378,16.848,182.555,12.092,12.092,0.155,5.442,121.611,432.667,21,172,33.11,18.984,84.979,84.979,16.87,1.989,23.006,9.145,1.678,0.178,4,0.5,8300,2.629409599
489,2.927,-2.308,2.242,-2.458,-0.151,32.166,2.071,662.934,28.608,24.861,25.678,18.904,14.898,16.053,10.627,11.852,7.038,8.192,4.405,5.28,14.384,23.075,0,11.762,22.457,14.211,573.381,0.923,1.641,2.333,0.897,-1.2,39,518.401,235200918.6,35.826,23.499,19.505,240.76,0.465,0.147,-0.336,-0.465,3.444,158.256,573.841,2,1,1,1,1,25,1,1,228,29.639,5.907,19.765,50.534,72.248,18.629,21.587,1,28.594,29.422,15.533,78.056,15.564,28.594,78.056,37.603,-0.336,7.819,11.445,0.125,0,0,3,3,0,2,1,0,1,0,3,2.701,2.242,7.988,21.797,19.263,20.08,13.992,11.288,12.443,7.936,9.16,5.027,6.182,2.94,3.959,32.662,50.885,18.594,432.291,0.862,1.552,2.172,29,388.315,28.41,19.378,16.848,182.555,12.092,12.092,0.155,5.442,121.611,432.667,21,172,33.11,18.984,84.979,84.979,16.87,1.989,23.006,9.145,1.678,0.178,4,4,8300,2.123851641
490,2.927,-2.308,2.242,-2.458,-0.151,32.166,2.071,662.934,28.608,24.861,25.678,18.904,14.898,16.053,10.627,11.852,7.038,8.192,4.405,5.28,14.384,23.075,0,11.762,22.457,14.211,573.381,0.923,1.641,2.333,0.897,-1.2,39,518.401,235200918.6,35.826,23.499,19.505,240.76,0.465,0.147,-0.336,-0.465,3.444,158.256,573.841,2,1,1,1,1,25,1,1,228,29.639,5.907,19.765,50.534,72.248,18.629,21.587,1,28.594,29.422,15.533,78.056,15.564,28.594,78.056,37.603,-0.336,7.819,11.445,0.125,0,0,3,3,0,2,1,0,1,0,3,2.701,2.242,7.988,21.797,19.263,20.08,13.992,11.288,12.443,7.936,9.16,5.027,6.182,2.94,3.959,32.662,50.885,18.594,432.291,0.862,1.552,2.172,29,388.315,28.41,19.378,16.848,182.555,12.092,12.092,0.155,5.442,121.611,432.667,21,172,33.11,18.984,84.979,84.979,16.87,1.989,23.006,9.145,1.678,0.178,4,2,8300,3.893151213
491,2.927,-2.308,2.242,-2.458,-0.151,32.166,2.071,662.934,28.608,24.861,25.678,18.904,14.898,16.053,10.627,11.852,7.038,8.192,4.405,5.28,14.384,23.075,0,11.762,22.457,14.211,573.381,0.923,1.641,2.333,0.897,-1.2,39,518.401,235200918.6,35.826,23.499,19.505,240.76,0.465,0.147,-0.336,-0.465,3.444,158.256,573.841,2,1,1,1,1,25,1,1,228,29.639,5.907,19.765,50.534,72.248,18.629,21.587,1,28.594,29.422,15.533,78.056,15.564,28.594,78.056,37.603,-0.336,7.819,11.445,0.125,0,0,3,3,0,2,1,0,1,0,3,2.701,2.242,7.988,21.797,19.263,20.08,13.992,11.288,12.443,7.936,9.16,5.027,6.182,2.94,3.959,32.662,50.885,18.594,432.291,0.862,1.552,2.172,29,388.315,28.41,19.378,16.848,182.555,12.092,12.092,0.155,5.442,121.611,432.667,21,172,33.11,18.984,84.979,84.979,16.87,1.989,23.006,9.145,1.678,0.178,4,1,8300,5.197933577
492,2.927,-2.308,2.242,-2.458,-0.151,32.166,2.071,662.934,28.608,24.861,25.678,18.904,14.898,16.053,10.627,11.852,7.038,8.192,4.405,5.28,14.384,23.075,0,11.762,22.457,14.211,573.381,0.923,1.641,2.333,0.897,-1.2,39,518.401,235200918.6,35.826,23.499,19.505,240.76,0.465,0.147,-0.336,-0.465,3.444,158.256,573.841,2,1,1,1,1,25,1,1,228,29.639,5.907,19.765,50.534,72.248,18.629,21.587,1,28.594,29.422,15.533,78.056,15.564,28.594,78.056,37.603,-0.336,7.819,11.445,0.125,0,0,3,3,0,2,1,0,1,0,3,2.701,2.242,7.988,21.797,19.263,20.08,13.992,11.288,12.443,7.936,9.16,5.027,6.182,2.94,3.959,32.662,50.885,18.594,432.291,0.862,1.552,2.172,29,388.315,28.41,19.378,16.848,182.555,12.092,12.092,0.155,5.442,121.611,432.667,21,172,33.11,18.984,84.979,84.979,16.87,1.989,23.006,9.145,1.678,0.178,4,0.5,8300,5.769574486
493,2.674,-2.308,2.241,-2.996,-0.36,35.453,0,414.533,21.09,18.641,20.214,13.492,10.581,11.736,7.436,8.66,4.674,5.829,2.796,3.526,9.589,29.575,0,11.762,12.657,14.211,455.247,0.966,1.655,2.241,0.905,-0.34,29,413.753,870080.485,30.85,20.914,18.17,187.318,1,0,-0.285,-1,-0.112,114.458,456.089,3,0,0,0,0,20,0,0,174,37.146,0,19.765,38.36,32.311,25.174,22.248,0,41.94,23.514,0,65.214,12.828,23.8,65.214,22.963,3.551,6.553,6.746,0.203,0,0,2,2,0,0,0,1,0,1,3,2.701,2.242,7.988,21.797,19.263,20.08,13.992,11.288,12.443,7.936,9.16,5.027,6.182,2.94,3.959,32.662,50.885,18.594,432.291,0.862,1.552,2.172,29,388.315,28.41,19.378,16.848,182.555,12.092,12.092,0.155,5.442,121.611,432.667,21,172,33.11,18.984,84.979,84.979,16.87,1.989,23.006,9.145,1.678,0.178,4,4,8300,1.230448921
494,2.674,-2.308,2.241,-2.996,-0.36,35.453,0,414.533,21.09,18.641,20.214,13.492,10.581,11.736,7.436,8.66,4.674,5.829,2.796,3.526,9.589,29.575,0,11.762,12.657,14.211,455.247,0.966,1.655,2.241,0.905,-0.34,29,413.753,870080.485,30.85,20.914,18.17,187.318,1,0,-0.285,-1,-0.112,114.458,456.089,3,0,0,0,0,20,0,0,174,37.146,0,19.765,38.36,32.311,25.174,22.248,0,41.94,23.514,0,65.214,12.828,23.8,65.214,22.963,3.551,6.553,6.746,0.203,0,0,2,2,0,0,0,1,0,1,3,2.701,2.242,7.988,21.797,19.263,20.08,13.992,11.288,12.443,7.936,9.16,5.027,6.182,2.94,3.959,32.662,50.885,18.594,432.291,0.862,1.552,2.172,29,388.315,28.41,19.378,16.848,182.555,12.092,12.092,0.155,5.442,121.611,432.667,21,172,33.11,18.984,84.979,84.979,16.87,1.989,23.006,9.145,1.678,0.178,4,2,8300,0.84509804
495,2.674,-2.308,2.241,-2.996,-0.36,35.453,0,414.533,21.09,18.641,20.214,13.492,10.581,11.736,7.436,8.66,4.674,5.829,2.796,3.526,9.589,29.575,0,11.762,12.657,14.211,455.247,0.966,1.655,2.241,0.905,-0.34,29,413.753,870080.485,30.85,20.914,18.17,187.318,1,0,-0.285,-1,-0.112,114.458,456.089,3,0,0,0,0,20,0,0,174,37.146,0,19.765,38.36,32.311,25.174,22.248,0,41.94,23.514,0,65.214,12.828,23.8,65.214,22.963,3.551,6.553,6.746,0.203,0,0,2,2,0,0,0,1,0,1,3,2.701,2.242,7.988,21.797,19.263,20.08,13.992,11.288,12.443,7.936,9.16,5.027,6.182,2.94,3.959,32.662,50.885,18.594,432.291,0.862,1.552,2.172,29,388.315,28.41,19.378,16.848,182.555,12.092,12.092,0.155,5.442,121.611,432.667,21,172,33.11,18.984,84.979,84.979,16.87,1.989,23.006,9.145,1.678,0.178,4,1,8300,1.301029996
496,2.674,-2.308,2.241,-2.996,-0.36,35.453,0,414.533,21.09,18.641,20.214,13.492,10.581,11.736,7.436,8.66,4.674,5.829,2.796,3.526,9.589,29.575,0,11.762,12.657,14.211,455.247,0.966,1.655,2.241,0.905,-0.34,29,413.753,870080.485,30.85,20.914,18.17,187.318,1,0,-0.285,-1,-0.112,114.458,456.089,3,0,0,0,0,20,0,0,174,37.146,0,19.765,38.36,32.311,25.174,22.248,0,41.94,23.514,0,65.214,12.828,23.8,65.214,22.963,3.551,6.553,6.746,0.203,0,0,2,2,0,0,0,1,0,1,3,2.701,2.242,7.988,21.797,19.263,20.08,13.992,11.288,12.443,7.936,9.16,5.027,6.182,2.94,3.959,32.662,50.885,18.594,432.291,0.862,1.552,2.172,29,388.315,28.41,19.378,16.848,182.555,12.092,12.092,0.155,5.442,121.611,432.667,21,172,33.11,18.984,84.979,84.979,16.87,1.989,23.006,9.145,1.678,0.178,4,0.5,8300,1.51851394
497,2.775,-2.308,2.242,-2.996,-0.4,35.453,0,538.939,24.244,20.828,22.4,15.297,11.503,12.657,8.265,9.414,5.239,6.454,3.052,3.961,14.384,48.193,7.11,6.924,10.471,14.211,513.253,0.97,1.636,2.212,0.87,-0.87,33,469.773,5204339.136,34.298,21.649,18.169,209.323,1,0,-0.359,-1,-0.571,125.395,514.125,3,0,0,0,0,21,0,0,196,41.883,0,19.765,38.36,26.558,31.491,22.501,0,51.472,29.484,0,71.256,13.485,33.331,65.214,34.388,3.426,6.18,5.428,0.16,0,0,3,3,0,0,0,1,0,1,3,2.701,2.242,7.988,21.797,19.263,20.08,13.992,11.288,12.443,7.936,9.16,5.027,6.182,2.94,3.959,32.662,50.885,18.594,432.291,0.862,1.552,2.172,29,388.315,28.41,19.378,16.848,182.555,12.092,12.092,0.155,5.442,121.611,432.667,21,172,33.11,18.984,84.979,84.979,16.87,1.989,23.006,9.145,1.678,0.178,4,4,8300,3.081347308
498,2.775,-2.308,2.242,-2.996,-0.4,35.453,0,538.939,24.244,20.828,22.4,15.297,11.503,12.657,8.265,9.414,5.239,6.454,3.052,3.961,14.384,48.193,7.11,6.924,10.471,14.211,513.253,0.97,1.636,2.212,0.87,-0.87,33,469.773,5204339.136,34.298,21.649,18.169,209.323,1,0,-0.359,-1,-0.571,125.395,514.125,3,0,0,0,0,21,0,0,196,41.883,0,19.765,38.36,26.558,31.491,22.501,0,51.472,29.484,0,71.256,13.485,33.331,65.214,34.388,3.426,6.18,5.428,0.16,0,0,3,3,0,0,0,1,0,1,3,2.701,2.242,7.988,21.797,19.263,20.08,13.992,11.288,12.443,7.936,9.16,5.027,6.182,2.94,3.959,32.662,50.885,18.594,432.291,0.862,1.552,2.172,29,388.315,28.41,19.378,16.848,182.555,12.092,12.092,0.155,5.442,121.611,432.667,21,172,33.11,18.984,84.979,84.979,16.87,1.989,23.006,9.145,1.678,0.178,4,2,8300,4.017116849
499,2.775,-2.308,2.242,-2.996,-0.4,35.453,0,538.939,24.244,20.828,22.4,15.297,11.503,12.657,8.265,9.414,5.239,6.454,3.052,3.961,14.384,48.193,7.11,6.924,10.471,14.211,513.253,0.97,1.636,2.212,0.87,-0.87,33,469.773,5204339.136,34.298,21.649,18.169,209.323,1,0,-0.359,-1,-0.571,125.395,514.125,3,0,0,0,0,21,0,0,196,41.883,0,19.765,38.36,26.558,31.491,22.501,0,51.472,29.484,0,71.256,13.485,33.331,65.214,34.388,3.426,6.18,5.428,0.16,0,0,3,3,0,0,0,1,0,1,3,2.701,2.242,7.988,21.797,19.263,20.08,13.992,11.288,12.443,7.936,9.16,5.027,6.182,2.94,3.959,32.662,50.885,18.594,432.291,0.862,1.552,2.172,29,388.315,28.41,19.378,16.848,182.555,12.092,12.092,0.155,5.442,121.611,432.667,21,172,33.11,18.984,84.979,84.979,16.87,1.989,23.006,9.145,1.678,0.178,4,1,8300,3.525563058
500,2.775,-2.308,2.242,-2.996,-0.4,35.453,0,538.939,24.244,20.828,22.4,15.297,11.503,12.657,8.265,9.414,5.239,6.454,3.052,3.961,14.384,48.193,7.11,6.924,10.471,14.211,513.253,0.97,1.636,2.212,0.87,-0.87,33,469.773,5204339.136,34.298,21.649,18.169,209.323,1,0,-0.359,-1,-0.571,125.395,514.125,3,0,0,0,0,21,0,0,196,41.883,0,19.765,38.36,26.558,31.491,22.501,0,51.472,29.484,0,71.256,13.485,33.331,65.214,34.388,3.426,6.18,5.428,0.16,0,0,3,3,0,0,0,1,0,1,3,2.701,2.242,7.988,21.797,19.263,20.08,13.992,11.288,12.443,7.936,9.16,5.027,6.182,2.94,3.959,32.662,50.885,18.594,432.291,0.862,1.552,2.172,29,388.315,28.41,19.378,16.848,182.555,12.092,12.092,0.155,5.442,121.611,432.667,21,172,33.11,18.984,84.979,84.979,16.87,1.989,23.006,9.145,1.678,0.178,4,0.5,8300,3.458486764
501,2.991,-2.308,2.243,-2.371,-0.151,32.166,3.964,687.795,32.023,28.483,29.299,20.818,17.105,18.26,11.938,13.163,7.707,8.861,4.746,5.621,14.384,23.075,38.773,11.762,30.988,14.211,630.464,0.744,1.395,2.023,0.912,-1.16,43,564.449,1101079577,41.84,29.545,25.828,268.04,0.465,0.164,-0.338,-0.465,6.831,179.82,630.977,1,0,0,1,0,32,0,0,254,29.222,5.907,46.454,89.43,39.524,18.629,28.748,0,28.594,29.422,10.217,124.007,12.791,28.594,124.007,37.989,-0.338,13.801,14.262,0.064,0,0,3,3,0,1,1,0,0,0,5,2.775,2.242,7.988,23.918,21.385,22.201,15.492,12.788,13.943,8.996,10.221,5.777,6.932,3.501,4.436,32.662,50.885,37.857,474.338,0.781,1.438,2.094,32,424.348,31.41,22.215,18.932,201.65,12.15,12.15,0.152,6.612,135.462,474.748,24,190,52.372,21.805,104.242,104.242,16.979,2.022,23.093,13.325,1.685,0.116,7,4,8300,4.4130985
502,2.991,-2.308,2.243,-2.371,-0.151,32.166,3.964,687.795,32.023,28.483,29.299,20.818,17.105,18.26,11.938,13.163,7.707,8.861,4.746,5.621,14.384,23.075,38.773,11.762,30.988,14.211,630.464,0.744,1.395,2.023,0.912,-1.16,43,564.449,1101079577,41.84,29.545,25.828,268.04,0.465,0.164,-0.338,-0.465,6.831,179.82,630.977,1,0,0,1,0,32,0,0,254,29.222,5.907,46.454,89.43,39.524,18.629,28.748,0,28.594,29.422,10.217,124.007,12.791,28.594,124.007,37.989,-0.338,13.801,14.262,0.064,0,0,3,3,0,1,1,0,0,0,5,2.775,2.242,7.988,23.918,21.385,22.201,15.492,12.788,13.943,8.996,10.221,5.777,6.932,3.501,4.436,32.662,50.885,37.857,474.338,0.781,1.438,2.094,32,424.348,31.41,22.215,18.932,201.65,12.15,12.15,0.152,6.612,135.462,474.748,24,190,52.372,21.805,104.242,104.242,16.979,2.022,23.093,13.325,1.685,0.116,7,2,8300,4.670700325
503,2.991,-2.308,2.243,-2.371,-0.151,32.166,3.964,687.795,32.023,28.483,29.299,20.818,17.105,18.26,11.938,13.163,7.707,8.861,4.746,5.621,14.384,23.075,38.773,11.762,30.988,14.211,630.464,0.744,1.395,2.023,0.912,-1.16,43,564.449,1101079577,41.84,29.545,25.828,268.04,0.465,0.164,-0.338,-0.465,6.831,179.82,630.977,1,0,0,1,0,32,0,0,254,29.222,5.907,46.454,89.43,39.524,18.629,28.748,0,28.594,29.422,10.217,124.007,12.791,28.594,124.007,37.989,-0.338,13.801,14.262,0.064,0,0,3,3,0,1,1,0,0,0,5,2.775,2.242,7.988,23.918,21.385,22.201,15.492,12.788,13.943,8.996,10.221,5.777,6.932,3.501,4.436,32.662,50.885,37.857,474.338,0.781,1.438,2.094,32,424.348,31.41,22.215,18.932,201.65,12.15,12.15,0.152,6.612,135.462,474.748,24,190,52.372,21.805,104.242,104.242,16.979,2.022,23.093,13.325,1.685,0.116,7,1,8300,4.078166708
504,2.991,-2.308,2.243,-2.371,-0.151,32.166,3.964,687.795,32.023,28.483,29.299,20.818,17.105,18.26,11.938,13.163,7.707,8.861,4.746,5.621,14.384,23.075,38.773,11.762,30.988,14.211,630.464,0.744,1.395,2.023,0.912,-1.16,43,564.449,1101079577,41.84,29.545,25.828,268.04,0.465,0.164,-0.338,-0.465,6.831,179.82,630.977,1,0,0,1,0,32,0,0,254,29.222,5.907,46.454,89.43,39.524,18.629,28.748,0,28.594,29.422,10.217,124.007,12.791,28.594,124.007,37.989,-0.338,13.801,14.262,0.064,0,0,3,3,0,1,1,0,0,0,5,2.775,2.242,7.988,23.918,21.385,22.201,15.492,12.788,13.943,8.996,10.221,5.777,6.932,3.501,4.436,32.662,50.885,37.857,474.338,0.781,1.438,2.094,32,424.348,31.41,22.215,18.932,201.65,12.15,12.15,0.152,6.612,135.462,474.748,24,190,52.372,21.805,104.242,104.242,16.979,2.022,23.093,13.325,1.685,0.116,7,0.5,8300,2.633468456
505,2.925,-2.34,2.243,-2.488,-0.151,32.166,2.127,674.022,28.772,24.756,25.572,18.853,14.76,15.914,10.632,11.856,7.206,8.36,4.54,5.414,14.384,29.682,0,16.662,11.824,19.317,574.365,0.872,1.564,2.205,0.897,-1.2,39,520.393,219846266.2,35.826,22.484,17.269,240.214,0.465,0.171,-0.344,-0.465,3.559,156.043,574.825,1,1,1,1,1,24,1,1,228,29.012,5.907,19.765,50.534,65.703,25.236,20.655,1,33.701,29.422,9.8,78.056,15.744,28.594,78.056,39.745,-0.344,7.784,9.634,0.137,1,1,3,3,1,0,1,0,1,0,3,2.775,2.242,7.988,23.918,21.385,22.201,15.492,12.788,13.943,8.996,10.221,5.777,6.932,3.501,4.436,32.662,50.885,37.857,474.338,0.781,1.438,2.094,32,424.348,31.41,22.215,18.932,201.65,12.15,12.15,0.152,6.612,135.462,474.748,24,190,52.372,21.805,104.242,104.242,16.979,2.022,23.093,13.325,1.685,0.116,7,4,8300,1
506,2.925,-2.34,2.243,-2.488,-0.151,32.166,2.127,674.022,28.772,24.756,25.572,18.853,14.76,15.914,10.632,11.856,7.206,8.36,4.54,5.414,14.384,29.682,0,16.662,11.824,19.317,574.365,0.872,1.564,2.205,0.897,-1.2,39,520.393,219846266.2,35.826,22.484,17.269,240.214,0.465,0.171,-0.344,-0.465,3.559,156.043,574.825,1,1,1,1,1,24,1,1,228,29.012,5.907,19.765,50.534,65.703,25.236,20.655,1,33.701,29.422,9.8,78.056,15.744,28.594,78.056,39.745,-0.344,7.784,9.634,0.137,1,1,3,3,1,0,1,0,1,0,3,2.775,2.242,7.988,23.918,21.385,22.201,15.492,12.788,13.943,8.996,10.221,5.777,6.932,3.501,4.436,32.662,50.885,37.857,474.338,0.781,1.438,2.094,32,424.348,31.41,22.215,18.932,201.65,12.15,12.15,0.152,6.612,135.462,474.748,24,190,52.372,21.805,104.242,104.242,16.979,2.022,23.093,13.325,1.685,0.116,7,2,8300,0.84509804
507,2.925,-2.34,2.243,-2.488,-0.151,32.166,2.127,674.022,28.772,24.756,25.572,18.853,14.76,15.914,10.632,11.856,7.206,8.36,4.54,5.414,14.384,29.682,0,16.662,11.824,19.317,574.365,0.872,1.564,2.205,0.897,-1.2,39,520.393,219846266.2,35.826,22.484,17.269,240.214,0.465,0.171,-0.344,-0.465,3.559,156.043,574.825,1,1,1,1,1,24,1,1,228,29.012,5.907,19.765,50.534,65.703,25.236,20.655,1,33.701,29.422,9.8,78.056,15.744,28.594,78.056,39.745,-0.344,7.784,9.634,0.137,1,1,3,3,1,0,1,0,1,0,3,2.775,2.242,7.988,23.918,21.385,22.201,15.492,12.788,13.943,8.996,10.221,5.777,6.932,3.501,4.436,32.662,50.885,37.857,474.338,0.781,1.438,2.094,32,424.348,31.41,22.215,18.932,201.65,12.15,12.15,0.152,6.612,135.462,474.748,24,190,52.372,21.805,104.242,104.242,16.979,2.022,23.093,13.325,1.685,0.116,7,1,8300,0.77815125
508,2.925,-2.34,2.243,-2.488,-0.151,32.166,2.127,674.022,28.772,24.756,25.572,18.853,14.76,15.914,10.632,11.856,7.206,8.36,4.54,5.414,14.384,29.682,0,16.662,11.824,19.317,574.365,0.872,1.564,2.205,0.897,-1.2,39,520.393,219846266.2,35.826,22.484,17.269,240.214,0.465,0.171,-0.344,-0.465,3.559,156.043,574.825,1,1,1,1,1,24,1,1,228,29.012,5.907,19.765,50.534,65.703,25.236,20.655,1,33.701,29.422,9.8,78.056,15.744,28.594,78.056,39.745,-0.344,7.784,9.634,0.137,1,1,3,3,1,0,1,0,1,0,3,2.775,2.242,7.988,23.918,21.385,22.201,15.492,12.788,13.943,8.996,10.221,5.777,6.932,3.501,4.436,32.662,50.885,37.857,474.338,0.781,1.438,2.094,32,424.348,31.41,22.215,18.932,201.65,12.15,12.15,0.152,6.612,135.462,474.748,24,190,52.372,21.805,104.242,104.242,16.979,2.022,23.093,13.325,1.685,0.116,7,0.5,8300,-1
509,2.927,-2.308,2.242,-2.458,-0.151,32.166,2.071,662.934,28.608,24.861,25.678,18.904,14.898,16.053,10.627,11.852,7.038,8.192,4.405,5.28,14.384,23.075,0,11.762,22.457,14.211,573.381,0.923,1.641,2.333,0.897,-1.2,39,518.401,235200918.6,35.826,23.499,19.505,240.76,0.465,0.147,-0.336,-0.465,3.444,158.256,573.841,2,1,1,1,1,25,1,1,228,29.639,5.907,19.765,50.534,72.248,18.629,21.587,1,28.594,29.422,15.533,78.056,15.564,28.594,78.056,37.603,-0.336,7.819,11.445,0.125,0,0,3,3,0,2,1,0,1,0,3,2.775,2.242,7.988,23.918,21.385,22.201,15.492,12.788,13.943,8.996,10.221,5.777,6.932,3.501,4.436,32.662,50.885,37.857,474.338,0.781,1.438,2.094,32,424.348,31.41,22.215,18.932,201.65,12.15,12.15,0.152,6.612,135.462,474.748,24,190,52.372,21.805,104.242,104.242,16.979,2.022,23.093,13.325,1.685,0.116,7,4,8300,3.635986112
510,2.927,-2.308,2.242,-2.458,-0.151,32.166,2.071,662.934,28.608,24.861,25.678,18.904,14.898,16.053,10.627,11.852,7.038,8.192,4.405,5.28,14.384,23.075,0,11.762,22.457,14.211,573.381,0.923,1.641,2.333,0.897,-1.2,39,518.401,235200918.6,35.826,23.499,19.505,240.76,0.465,0.147,-0.336,-0.465,3.444,158.256,573.841,2,1,1,1,1,25,1,1,228,29.639,5.907,19.765,50.534,72.248,18.629,21.587,1,28.594,29.422,15.533,78.056,15.564,28.594,78.056,37.603,-0.336,7.819,11.445,0.125,0,0,3,3,0,2,1,0,1,0,3,2.775,2.242,7.988,23.918,21.385,22.201,15.492,12.788,13.943,8.996,10.221,5.777,6.932,3.501,4.436,32.662,50.885,37.857,474.338,0.781,1.438,2.094,32,424.348,31.41,22.215,18.932,201.65,12.15,12.15,0.152,6.612,135.462,474.748,24,190,52.372,21.805,104.242,104.242,16.979,2.022,23.093,13.325,1.685,0.116,7,2,8300,3.701999475
511,2.927,-2.308,2.242,-2.458,-0.151,32.166,2.071,662.934,28.608,24.861,25.678,18.904,14.898,16.053,10.627,11.852,7.038,8.192,4.405,5.28,14.384,23.075,0,11.762,22.457,14.211,573.381,0.923,1.641,2.333,0.897,-1.2,39,518.401,235200918.6,35.826,23.499,19.505,240.76,0.465,0.147,-0.336,-0.465,3.444,158.256,573.841,2,1,1,1,1,25,1,1,228,29.639,5.907,19.765,50.534,72.248,18.629,21.587,1,28.594,29.422,15.533,78.056,15.564,28.594,78.056,37.603,-0.336,7.819,11.445,0.125,0,0,3,3,0,2,1,0,1,0,3,2.775,2.242,7.988,23.918,21.385,22.201,15.492,12.788,13.943,8.996,10.221,5.777,6.932,3.501,4.436,32.662,50.885,37.857,474.338,0.781,1.438,2.094,32,424.348,31.41,22.215,18.932,201.65,12.15,12.15,0.152,6.612,135.462,474.748,24,190,52.372,21.805,104.242,104.242,16.979,2.022,23.093,13.325,1.685,0.116,7,1,8300,5.40577822
512,2.927,-2.308,2.242,-2.458,-0.151,32.166,2.071,662.934,28.608,24.861,25.678,18.904,14.898,16.053,10.627,11.852,7.038,8.192,4.405,5.28,14.384,23.075,0,11.762,22.457,14.211,573.381,0.923,1.641,2.333,0.897,-1.2,39,518.401,235200918.6,35.826,23.499,19.505,240.76,0.465,0.147,-0.336,-0.465,3.444,158.256,573.841,2,1,1,1,1,25,1,1,228,29.639,5.907,19.765,50.534,72.248,18.629,21.587,1,28.594,29.422,15.533,78.056,15.564,28.594,78.056,37.603,-0.336,7.819,11.445,0.125,0,0,3,3,0,2,1,0,1,0,3,2.775,2.242,7.988,23.918,21.385,22.201,15.492,12.788,13.943,8.996,10.221,5.777,6.932,3.501,4.436,32.662,50.885,37.857,474.338,0.781,1.438,2.094,32,424.348,31.41,22.215,18.932,201.65,12.15,12.15,0.152,6.612,135.462,474.748,24,190,52.372,21.805,104.242,104.242,16.979,2.022,23.093,13.325,1.685,0.116,7,0.5,8300,4.439900853
513,2.674,-2.308,2.241,-2.996,-0.36,35.453,0,414.533,21.09,18.641,20.214,13.492,10.581,11.736,7.436,8.66,4.674,5.829,2.796,3.526,9.589,29.575,0,11.762,12.657,14.211,455.247,0.966,1.655,2.241,0.905,-0.34,29,413.753,870080.485,30.85,20.914,18.17,187.318,1,0,-0.285,-1,-0.112,114.458,456.089,3,0,0,0,0,20,0,0,174,37.146,0,19.765,38.36,32.311,25.174,22.248,0,41.94,23.514,0,65.214,12.828,23.8,65.214,22.963,3.551,6.553,6.746,0.203,0,0,2,2,0,0,0,1,0,1,3,2.775,2.242,7.988,23.918,21.385,22.201,15.492,12.788,13.943,8.996,10.221,5.777,6.932,3.501,4.436,32.662,50.885,37.857,474.338,0.781,1.438,2.094,32,424.348,31.41,22.215,18.932,201.65,12.15,12.15,0.152,6.612,135.462,474.748,24,190,52.372,21.805,104.242,104.242,16.979,2.022,23.093,13.325,1.685,0.116,7,4,8300,0.77815125
514,2.674,-2.308,2.241,-2.996,-0.36,35.453,0,414.533,21.09,18.641,20.214,13.492,10.581,11.736,7.436,8.66,4.674,5.829,2.796,3.526,9.589,29.575,0,11.762,12.657,14.211,455.247,0.966,1.655,2.241,0.905,-0.34,29,413.753,870080.485,30.85,20.914,18.17,187.318,1,0,-0.285,-1,-0.112,114.458,456.089,3,0,0,0,0,20,0,0,174,37.146,0,19.765,38.36,32.311,25.174,22.248,0,41.94,23.514,0,65.214,12.828,23.8,65.214,22.963,3.551,6.553,6.746,0.203,0,0,2,2,0,0,0,1,0,1,3,2.775,2.242,7.988,23.918,21.385,22.201,15.492,12.788,13.943,8.996,10.221,5.777,6.932,3.501,4.436,32.662,50.885,37.857,474.338,0.781,1.438,2.094,32,424.348,31.41,22.215,18.932,201.65,12.15,12.15,0.152,6.612,135.462,474.748,24,190,52.372,21.805,104.242,104.242,16.979,2.022,23.093,13.325,1.685,0.116,7,2,8300,1.361727836
515,2.674,-2.308,2.241,-2.996,-0.36,35.453,0,414.533,21.09,18.641,20.214,13.492,10.581,11.736,7.436,8.66,4.674,5.829,2.796,3.526,9.589,29.575,0,11.762,12.657,14.211,455.247,0.966,1.655,2.241,0.905,-0.34,29,413.753,870080.485,30.85,20.914,18.17,187.318,1,0,-0.285,-1,-0.112,114.458,456.089,3,0,0,0,0,20,0,0,174,37.146,0,19.765,38.36,32.311,25.174,22.248,0,41.94,23.514,0,65.214,12.828,23.8,65.214,22.963,3.551,6.553,6.746,0.203,0,0,2,2,0,0,0,1,0,1,3,2.775,2.242,7.988,23.918,21.385,22.201,15.492,12.788,13.943,8.996,10.221,5.777,6.932,3.501,4.436,32.662,50.885,37.857,474.338,0.781,1.438,2.094,32,424.348,31.41,22.215,18.932,201.65,12.15,12.15,0.152,6.612,135.462,474.748,24,190,52.372,21.805,104.242,104.242,16.979,2.022,23.093,13.325,1.685,0.116,7,1,8300,2.526339277
516,2.674,-2.308,2.241,-2.996,-0.36,35.453,0,414.533,21.09,18.641,20.214,13.492,10.581,11.736,7.436,8.66,4.674,5.829,2.796,3.526,9.589,29.575,0,11.762,12.657,14.211,455.247,0.966,1.655,2.241,0.905,-0.34,29,413.753,870080.485,30.85,20.914,18.17,187.318,1,0,-0.285,-1,-0.112,114.458,456.089,3,0,0,0,0,20,0,0,174,37.146,0,19.765,38.36,32.311,25.174,22.248,0,41.94,23.514,0,65.214,12.828,23.8,65.214,22.963,3.551,6.553,6.746,0.203,0,0,2,2,0,0,0,1,0,1,3,2.775,2.242,7.988,23.918,21.385,22.201,15.492,12.788,13.943,8.996,10.221,5.777,6.932,3.501,4.436,32.662,50.885,37.857,474.338,0.781,1.438,2.094,32,424.348,31.41,22.215,18.932,201.65,12.15,12.15,0.152,6.612,135.462,474.748,24,190,52.372,21.805,104.242,104.242,16.979,2.022,23.093,13.325,1.685,0.116,7,0.5,8300,2.770115295
517,2.775,-2.308,2.242,-2.996,-0.4,35.453,0,538.939,24.244,20.828,22.4,15.297,11.503,12.657,8.265,9.414,5.239,6.454,3.052,3.961,14.384,48.193,7.11,6.924,10.471,14.211,513.253,0.97,1.636,2.212,0.87,-0.87,33,469.773,5204339.136,34.298,21.649,18.169,209.323,1,0,-0.359,-1,-0.571,125.395,514.125,3,0,0,0,0,21,0,0,196,41.883,0,19.765,38.36,26.558,31.491,22.501,0,51.472,29.484,0,71.256,13.485,33.331,65.214,34.388,3.426,6.18,5.428,0.16,0,0,3,3,0,0,0,1,0,1,3,2.775,2.242,7.988,23.918,21.385,22.201,15.492,12.788,13.943,8.996,10.221,5.777,6.932,3.501,4.436,32.662,50.885,37.857,474.338,0.781,1.438,2.094,32,424.348,31.41,22.215,18.932,201.65,12.15,12.15,0.152,6.612,135.462,474.748,24,190,52.372,21.805,104.242,104.242,16.979,2.022,23.093,13.325,1.685,0.116,7,4,8300,4.791283526
518,2.775,-2.308,2.242,-2.996,-0.4,35.453,0,538.939,24.244,20.828,22.4,15.297,11.503,12.657,8.265,9.414,5.239,6.454,3.052,3.961,14.384,48.193,7.11,6.924,10.471,14.211,513.253,0.97,1.636,2.212,0.87,-0.87,33,469.773,5204339.136,34.298,21.649,18.169,209.323,1,0,-0.359,-1,-0.571,125.395,514.125,3,0,0,0,0,21,0,0,196,41.883,0,19.765,38.36,26.558,31.491,22.501,0,51.472,29.484,0,71.256,13.485,33.331,65.214,34.388,3.426,6.18,5.428,0.16,0,0,3,3,0,0,0,1,0,1,3,2.775,2.242,7.988,23.918,21.385,22.201,15.492,12.788,13.943,8.996,10.221,5.777,6.932,3.501,4.436,32.662,50.885,37.857,474.338,0.781,1.438,2.094,32,424.348,31.41,22.215,18.932,201.65,12.15,12.15,0.152,6.612,135.462,474.748,24,190,52.372,21.805,104.242,104.242,16.979,2.022,23.093,13.325,1.685,0.116,7,2,8300,4.483087821
519,2.775,-2.308,2.242,-2.996,-0.4,35.453,0,538.939,24.244,20.828,22.4,15.297,11.503,12.657,8.265,9.414,5.239,6.454,3.052,3.961,14.384,48.193,7.11,6.924,10.471,14.211,513.253,0.97,1.636,2.212,0.87,-0.87,33,469.773,5204339.136,34.298,21.649,18.169,209.323,1,0,-0.359,-1,-0.571,125.395,514.125,3,0,0,0,0,21,0,0,196,41.883,0,19.765,38.36,26.558,31.491,22.501,0,51.472,29.484,0,71.256,13.485,33.331,65.214,34.388,3.426,6.18,5.428,0.16,0,0,3,3,0,0,0,1,0,1,3,2.775,2.242,7.988,23.918,21.385,22.201,15.492,12.788,13.943,8.996,10.221,5.777,6.932,3.501,4.436,32.662,50.885,37.857,474.338,0.781,1.438,2.094,32,424.348,31.41,22.215,18.932,201.65,12.15,12.15,0.152,6.612,135.462,474.748,24,190,52.372,21.805,104.242,104.242,16.979,2.022,23.093,13.325,1.685,0.116,7,1,8300,3.411619706
520,2.775,-2.308,2.242,-2.996,-0.4,35.453,0,538.939,24.244,20.828,22.4,15.297,11.503,12.657,8.265,9.414,5.239,6.454,3.052,3.961,14.384,48.193,7.11,6.924,10.471,14.211,513.253,0.97,1.636,2.212,0.87,-0.87,33,469.773,5204339.136,34.298,21.649,18.169,209.323,1,0,-0.359,-1,-0.571,125.395,514.125,3,0,0,0,0,21,0,0,196,41.883,0,19.765,38.36,26.558,31.491,22.501,0,51.472,29.484,0,71.256,13.485,33.331,65.214,34.388,3.426,6.18,5.428,0.16,0,0,3,3,0,0,0,1,0,1,3,2.775,2.242,7.988,23.918,21.385,22.201,15.492,12.788,13.943,8.996,10.221,5.777,6.932,3.501,4.436,32.662,50.885,37.857,474.338,0.781,1.438,2.094,32,424.348,31.41,22.215,18.932,201.65,12.15,12.15,0.152,6.612,135.462,474.748,24,190,52.372,21.805,104.242,104.242,16.979,2.022,23.093,13.325,1.685,0.116,7,0.5,8300,2.089905111
521,2.991,-2.308,2.243,-2.371,-0.151,32.166,3.964,687.795,32.023,28.483,29.299,20.818,17.105,18.26,11.938,13.163,7.707,8.861,4.746,5.621,14.384,23.075,38.773,11.762,30.988,14.211,630.464,0.744,1.395,2.023,0.912,-1.16,43,564.449,1101079577,41.84,29.545,25.828,268.04,0.465,0.164,-0.338,-0.465,6.831,179.82,630.977,1,0,0,1,0,32,0,0,254,29.222,5.907,46.454,89.43,39.524,18.629,28.748,0,28.594,29.422,10.217,124.007,12.791,28.594,124.007,37.989,-0.338,13.801,14.262,0.064,0,0,3,3,0,1,1,0,0,0,5,2.798,2.243,7.988,24.625,22.092,22.908,15.992,13.288,14.443,9.35,10.575,6.027,7.182,3.678,4.613,32.662,50.885,44.278,488.354,0.758,1.394,2.061,33,436.359,32.41,23.166,20.494,208.015,12.165,12.165,0.151,7.002,140.079,488.775,25,196,58.793,22.752,110.663,110.663,17.005,2.028,23.117,14.752,1.687,0.102,8,4,8300,4.165748682
522,2.991,-2.308,2.243,-2.371,-0.151,32.166,3.964,687.795,32.023,28.483,29.299,20.818,17.105,18.26,11.938,13.163,7.707,8.861,4.746,5.621,14.384,23.075,38.773,11.762,30.988,14.211,630.464,0.744,1.395,2.023,0.912,-1.16,43,564.449,1101079577,41.84,29.545,25.828,268.04,0.465,0.164,-0.338,-0.465,6.831,179.82,630.977,1,0,0,1,0,32,0,0,254,29.222,5.907,46.454,89.43,39.524,18.629,28.748,0,28.594,29.422,10.217,124.007,12.791,28.594,124.007,37.989,-0.338,13.801,14.262,0.064,0,0,3,3,0,1,1,0,0,0,5,2.798,2.243,7.988,24.625,22.092,22.908,15.992,13.288,14.443,9.35,10.575,6.027,7.182,3.678,4.613,32.662,50.885,44.278,488.354,0.758,1.394,2.061,33,436.359,32.41,23.166,20.494,208.015,12.165,12.165,0.151,7.002,140.079,488.775,25,196,58.793,22.752,110.663,110.663,17.005,2.028,23.117,14.752,1.687,0.102,8,2,8300,4.624374928
523,2.991,-2.308,2.243,-2.371,-0.151,32.166,3.964,687.795,32.023,28.483,29.299,20.818,17.105,18.26,11.938,13.163,7.707,8.861,4.746,5.621,14.384,23.075,38.773,11.762,30.988,14.211,630.464,0.744,1.395,2.023,0.912,-1.16,43,564.449,1101079577,41.84,29.545,25.828,268.04,0.465,0.164,-0.338,-0.465,6.831,179.82,630.977,1,0,0,1,0,32,0,0,254,29.222,5.907,46.454,89.43,39.524,18.629,28.748,0,28.594,29.422,10.217,124.007,12.791,28.594,124.007,37.989,-0.338,13.801,14.262,0.064,0,0,3,3,0,1,1,0,0,0,5,2.798,2.243,7.988,24.625,22.092,22.908,15.992,13.288,14.443,9.35,10.575,6.027,7.182,3.678,4.613,32.662,50.885,44.278,488.354,0.758,1.394,2.061,33,436.359,32.41,23.166,20.494,208.015,12.165,12.165,0.151,7.002,140.079,488.775,25,196,58.793,22.752,110.663,110.663,17.005,2.028,23.117,14.752,1.687,0.102,8,1,8300,4.139280733
524,2.991,-2.308,2.243,-2.371,-0.151,32.166,3.964,687.795,32.023,28.483,29.299,20.818,17.105,18.26,11.938,13.163,7.707,8.861,4.746,5.621,14.384,23.075,38.773,11.762,30.988,14.211,630.464,0.744,1.395,2.023,0.912,-1.16,43,564.449,1101079577,41.84,29.545,25.828,268.04,0.465,0.164,-0.338,-0.465,6.831,179.82,630.977,1,0,0,1,0,32,0,0,254,29.222,5.907,46.454,89.43,39.524,18.629,28.748,0,28.594,29.422,10.217,124.007,12.791,28.594,124.007,37.989,-0.338,13.801,14.262,0.064,0,0,3,3,0,1,1,0,0,0,5,2.798,2.243,7.988,24.625,22.092,22.908,15.992,13.288,14.443,9.35,10.575,6.027,7.182,3.678,4.613,32.662,50.885,44.278,488.354,0.758,1.394,2.061,33,436.359,32.41,23.166,20.494,208.015,12.165,12.165,0.151,7.002,140.079,488.775,25,196,58.793,22.752,110.663,110.663,17.005,2.028,23.117,14.752,1.687,0.102,8,0.5,8300,2.294466226
525,2.925,-2.34,2.243,-2.488,-0.151,32.166,2.127,674.022,28.772,24.756,25.572,18.853,14.76,15.914,10.632,11.856,7.206,8.36,4.54,5.414,14.384,29.682,0,16.662,11.824,19.317,574.365,0.872,1.564,2.205,0.897,-1.2,39,520.393,219846266.2,35.826,22.484,17.269,240.214,0.465,0.171,-0.344,-0.465,3.559,156.043,574.825,1,1,1,1,1,24,1,1,228,29.012,5.907,19.765,50.534,65.703,25.236,20.655,1,33.701,29.422,9.8,78.056,15.744,28.594,78.056,39.745,-0.344,7.784,9.634,0.137,1,1,3,3,1,0,1,0,1,0,3,2.798,2.243,7.988,24.625,22.092,22.908,15.992,13.288,14.443,9.35,10.575,6.027,7.182,3.678,4.613,32.662,50.885,44.278,488.354,0.758,1.394,2.061,33,436.359,32.41,23.166,20.494,208.015,12.165,12.165,0.151,7.002,140.079,488.775,25,196,58.793,22.752,110.663,110.663,17.005,2.028,23.117,14.752,1.687,0.102,8,4,8300,-1
526,2.925,-2.34,2.243,-2.488,-0.151,32.166,2.127,674.022,28.772,24.756,25.572,18.853,14.76,15.914,10.632,11.856,7.206,8.36,4.54,5.414,14.384,29.682,0,16.662,11.824,19.317,574.365,0.872,1.564,2.205,0.897,-1.2,39,520.393,219846266.2,35.826,22.484,17.269,240.214,0.465,0.171,-0.344,-0.465,3.559,156.043,574.825,1,1,1,1,1,24,1,1,228,29.012,5.907,19.765,50.534,65.703,25.236,20.655,1,33.701,29.422,9.8,78.056,15.744,28.594,78.056,39.745,-0.344,7.784,9.634,0.137,1,1,3,3,1,0,1,0,1,0,3,2.798,2.243,7.988,24.625,22.092,22.908,15.992,13.288,14.443,9.35,10.575,6.027,7.182,3.678,4.613,32.662,50.885,44.278,488.354,0.758,1.394,2.061,33,436.359,32.41,23.166,20.494,208.015,12.165,12.165,0.151,7.002,140.079,488.775,25,196,58.793,22.752,110.663,110.663,17.005,2.028,23.117,14.752,1.687,0.102,8,2,8300,-1
527,2.925,-2.34,2.243,-2.488,-0.151,32.166,2.127,674.022,28.772,24.756,25.572,18.853,14.76,15.914,10.632,11.856,7.206,8.36,4.54,5.414,14.384,29.682,0,16.662,11.824,19.317,574.365,0.872,1.564,2.205,0.897,-1.2,39,520.393,219846266.2,35.826,22.484,17.269,240.214,0.465,0.171,-0.344,-0.465,3.559,156.043,574.825,1,1,1,1,1,24,1,1,228,29.012,5.907,19.765,50.534,65.703,25.236,20.655,1,33.701,29.422,9.8,78.056,15.744,28.594,78.056,39.745,-0.344,7.784,9.634,0.137,1,1,3,3,1,0,1,0,1,0,3,2.798,2.243,7.988,24.625,22.092,22.908,15.992,13.288,14.443,9.35,10.575,6.027,7.182,3.678,4.613,32.662,50.885,44.278,488.354,0.758,1.394,2.061,33,436.359,32.41,23.166,20.494,208.015,12.165,12.165,0.151,7.002,140.079,488.775,25,196,58.793,22.752,110.663,110.663,17.005,2.028,23.117,14.752,1.687,0.102,8,1,8300,0.77815125
528,2.925,-2.34,2.243,-2.488,-0.151,32.166,2.127,674.022,28.772,24.756,25.572,18.853,14.76,15.914,10.632,11.856,7.206,8.36,4.54,5.414,14.384,29.682,0,16.662,11.824,19.317,574.365,0.872,1.564,2.205,0.897,-1.2,39,520.393,219846266.2,35.826,22.484,17.269,240.214,0.465,0.171,-0.344,-0.465,3.559,156.043,574.825,1,1,1,1,1,24,1,1,228,29.012,5.907,19.765,50.534,65.703,25.236,20.655,1,33.701,29.422,9.8,78.056,15.744,28.594,78.056,39.745,-0.344,7.784,9.634,0.137,1,1,3,3,1,0,1,0,1,0,3,2.798,2.243,7.988,24.625,22.092,22.908,15.992,13.288,14.443,9.35,10.575,6.027,7.182,3.678,4.613,32.662,50.885,44.278,488.354,0.758,1.394,2.061,33,436.359,32.41,23.166,20.494,208.015,12.165,12.165,0.151,7.002,140.079,488.775,25,196,58.793,22.752,110.663,110.663,17.005,2.028,23.117,14.752,1.687,0.102,8,0.5,8300,3.172894698
529,2.927,-2.308,2.242,-2.458,-0.151,32.166,2.071,662.934,28.608,24.861,25.678,18.904,14.898,16.053,10.627,11.852,7.038,8.192,4.405,5.28,14.384,23.075,0,11.762,22.457,14.211,573.381,0.923,1.641,2.333,0.897,-1.2,39,518.401,235200918.6,35.826,23.499,19.505,240.76,0.465,0.147,-0.336,-0.465,3.444,158.256,573.841,2,1,1,1,1,25,1,1,228,29.639,5.907,19.765,50.534,72.248,18.629,21.587,1,28.594,29.422,15.533,78.056,15.564,28.594,78.056,37.603,-0.336,7.819,11.445,0.125,0,0,3,3,0,2,1,0,1,0,3,2.798,2.243,7.988,24.625,22.092,22.908,15.992,13.288,14.443,9.35,10.575,6.027,7.182,3.678,4.613,32.662,50.885,44.278,488.354,0.758,1.394,2.061,33,436.359,32.41,23.166,20.494,208.015,12.165,12.165,0.151,7.002,140.079,488.775,25,196,58.793,22.752,110.663,110.663,17.005,2.028,23.117,14.752,1.687,0.102,8,4,8300,2.73239376
530,2.927,-2.308,2.242,-2.458,-0.151,32.166,2.071,662.934,28.608,24.861,25.678,18.904,14.898,16.053,10.627,11.852,7.038,8.192,4.405,5.28,14.384,23.075,0,11.762,22.457,14.211,573.381,0.923,1.641,2.333,0.897,-1.2,39,518.401,235200918.6,35.826,23.499,19.505,240.76,0.465,0.147,-0.336,-0.465,3.444,158.256,573.841,2,1,1,1,1,25,1,1,228,29.639,5.907,19.765,50.534,72.248,18.629,21.587,1,28.594,29.422,15.533,78.056,15.564,28.594,78.056,37.603,-0.336,7.819,11.445,0.125,0,0,3,3,0,2,1,0,1,0,3,2.798,2.243,7.988,24.625,22.092,22.908,15.992,13.288,14.443,9.35,10.575,6.027,7.182,3.678,4.613,32.662,50.885,44.278,488.354,0.758,1.394,2.061,33,436.359,32.41,23.166,20.494,208.015,12.165,12.165,0.151,7.002,140.079,488.775,25,196,58.793,22.752,110.663,110.663,17.005,2.028,23.117,14.752,1.687,0.102,8,2,8300,3.902709813
531,2.927,-2.308,2.242,-2.458,-0.151,32.166,2.071,662.934,28.608,24.861,25.678,18.904,14.898,16.053,10.627,11.852,7.038,8.192,4.405,5.28,14.384,23.075,0,11.762,22.457,14.211,573.381,0.923,1.641,2.333,0.897,-1.2,39,518.401,235200918.6,35.826,23.499,19.505,240.76,0.465,0.147,-0.336,-0.465,3.444,158.256,573.841,2,1,1,1,1,25,1,1,228,29.639,5.907,19.765,50.534,72.248,18.629,21.587,1,28.594,29.422,15.533,78.056,15.564,28.594,78.056,37.603,-0.336,7.819,11.445,0.125,0,0,3,3,0,2,1,0,1,0,3,2.798,2.243,7.988,24.625,22.092,22.908,15.992,13.288,14.443,9.35,10.575,6.027,7.182,3.678,4.613,32.662,50.885,44.278,488.354,0.758,1.394,2.061,33,436.359,32.41,23.166,20.494,208.015,12.165,12.165,0.151,7.002,140.079,488.775,25,196,58.793,22.752,110.663,110.663,17.005,2.028,23.117,14.752,1.687,0.102,8,1,8300,4.388243337
532,2.927,-2.308,2.242,-2.458,-0.151,32.166,2.071,662.934,28.608,24.861,25.678,18.904,14.898,16.053,10.627,11.852,7.038,8.192,4.405,5.28,14.384,23.075,0,11.762,22.457,14.211,573.381,0.923,1.641,2.333,0.897,-1.2,39,518.401,235200918.6,35.826,23.499,19.505,240.76,0.465,0.147,-0.336,-0.465,3.444,158.256,573.841,2,1,1,1,1,25,1,1,228,29.639,5.907,19.765,50.534,72.248,18.629,21.587,1,28.594,29.422,15.533,78.056,15.564,28.594,78.056,37.603,-0.336,7.819,11.445,0.125,0,0,3,3,0,2,1,0,1,0,3,2.798,2.243,7.988,24.625,22.092,22.908,15.992,13.288,14.443,9.35,10.575,6.027,7.182,3.678,4.613,32.662,50.885,44.278,488.354,0.758,1.394,2.061,33,436.359,32.41,23.166,20.494,208.015,12.165,12.165,0.151,7.002,140.079,488.775,25,196,58.793,22.752,110.663,110.663,17.005,2.028,23.117,14.752,1.687,0.102,8,0.5,8300,2.832508913
533,2.674,-2.308,2.241,-2.996,-0.36,35.453,0,414.533,21.09,18.641,20.214,13.492,10.581,11.736,7.436,8.66,4.674,5.829,2.796,3.526,9.589,29.575,0,11.762,12.657,14.211,455.247,0.966,1.655,2.241,0.905,-0.34,29,413.753,870080.485,30.85,20.914,18.17,187.318,1,0,-0.285,-1,-0.112,114.458,456.089,3,0,0,0,0,20,0,0,174,37.146,0,19.765,38.36,32.311,25.174,22.248,0,41.94,23.514,0,65.214,12.828,23.8,65.214,22.963,3.551,6.553,6.746,0.203,0,0,2,2,0,0,0,1,0,1,3,2.798,2.243,7.988,24.625,22.092,22.908,15.992,13.288,14.443,9.35,10.575,6.027,7.182,3.678,4.613,32.662,50.885,44.278,488.354,0.758,1.394,2.061,33,436.359,32.41,23.166,20.494,208.015,12.165,12.165,0.151,7.002,140.079,488.775,25,196,58.793,22.752,110.663,110.663,17.005,2.028,23.117,14.752,1.687,0.102,8,4,8300,1.556302501
534,2.674,-2.308,2.241,-2.996,-0.36,35.453,0,414.533,21.09,18.641,20.214,13.492,10.581,11.736,7.436,8.66,4.674,5.829,2.796,3.526,9.589,29.575,0,11.762,12.657,14.211,455.247,0.966,1.655,2.241,0.905,-0.34,29,413.753,870080.485,30.85,20.914,18.17,187.318,1,0,-0.285,-1,-0.112,114.458,456.089,3,0,0,0,0,20,0,0,174,37.146,0,19.765,38.36,32.311,25.174,22.248,0,41.94,23.514,0,65.214,12.828,23.8,65.214,22.963,3.551,6.553,6.746,0.203,0,0,2,2,0,0,0,1,0,1,3,2.798,2.243,7.988,24.625,22.092,22.908,15.992,13.288,14.443,9.35,10.575,6.027,7.182,3.678,4.613,32.662,50.885,44.278,488.354,0.758,1.394,2.061,33,436.359,32.41,23.166,20.494,208.015,12.165,12.165,0.151,7.002,140.079,488.775,25,196,58.793,22.752,110.663,110.663,17.005,2.028,23.117,14.752,1.687,0.102,8,2,8300,1.113943352
535,2.674,-2.308,2.241,-2.996,-0.36,35.453,0,414.533,21.09,18.641,20.214,13.492,10.581,11.736,7.436,8.66,4.674,5.829,2.796,3.526,9.589,29.575,0,11.762,12.657,14.211,455.247,0.966,1.655,2.241,0.905,-0.34,29,413.753,870080.485,30.85,20.914,18.17,187.318,1,0,-0.285,-1,-0.112,114.458,456.089,3,0,0,0,0,20,0,0,174,37.146,0,19.765,38.36,32.311,25.174,22.248,0,41.94,23.514,0,65.214,12.828,23.8,65.214,22.963,3.551,6.553,6.746,0.203,0,0,2,2,0,0,0,1,0,1,3,2.798,2.243,7.988,24.625,22.092,22.908,15.992,13.288,14.443,9.35,10.575,6.027,7.182,3.678,4.613,32.662,50.885,44.278,488.354,0.758,1.394,2.061,33,436.359,32.41,23.166,20.494,208.015,12.165,12.165,0.151,7.002,140.079,488.775,25,196,58.793,22.752,110.663,110.663,17.005,2.028,23.117,14.752,1.687,0.102,8,1,8300,2.184691431
536,2.674,-2.308,2.241,-2.996,-0.36,35.453,0,414.533,21.09,18.641,20.214,13.492,10.581,11.736,7.436,8.66,4.674,5.829,2.796,3.526,9.589,29.575,0,11.762,12.657,14.211,455.247,0.966,1.655,2.241,0.905,-0.34,29,413.753,870080.485,30.85,20.914,18.17,187.318,1,0,-0.285,-1,-0.112,114.458,456.089,3,0,0,0,0,20,0,0,174,37.146,0,19.765,38.36,32.311,25.174,22.248,0,41.94,23.514,0,65.214,12.828,23.8,65.214,22.963,3.551,6.553,6.746,0.203,0,0,2,2,0,0,0,1,0,1,3,2.798,2.243,7.988,24.625,22.092,22.908,15.992,13.288,14.443,9.35,10.575,6.027,7.182,3.678,4.613,32.662,50.885,44.278,488.354,0.758,1.394,2.061,33,436.359,32.41,23.166,20.494,208.015,12.165,12.165,0.151,7.002,140.079,488.775,25,196,58.793,22.752,110.663,110.663,17.005,2.028,23.117,14.752,1.687,0.102,8,0.5,8300,1.72427587
537,2.775,-2.308,2.242,-2.996,-0.4,35.453,0,538.939,24.244,20.828,22.4,15.297,11.503,12.657,8.265,9.414,5.239,6.454,3.052,3.961,14.384,48.193,7.11,6.924,10.471,14.211,513.253,0.97,1.636,2.212,0.87,-0.87,33,469.773,5204339.136,34.298,21.649,18.169,209.323,1,0,-0.359,-1,-0.571,125.395,514.125,3,0,0,0,0,21,0,0,196,41.883,0,19.765,38.36,26.558,31.491,22.501,0,51.472,29.484,0,71.256,13.485,33.331,65.214,34.388,3.426,6.18,5.428,0.16,0,0,3,3,0,0,0,1,0,1,3,2.798,2.243,7.988,24.625,22.092,22.908,15.992,13.288,14.443,9.35,10.575,6.027,7.182,3.678,4.613,32.662,50.885,44.278,488.354,0.758,1.394,2.061,33,436.359,32.41,23.166,20.494,208.015,12.165,12.165,0.151,7.002,140.079,488.775,25,196,58.793,22.752,110.663,110.663,17.005,2.028,23.117,14.752,1.687,0.102,8,4,8300,5.212360755
538,2.775,-2.308,2.242,-2.996,-0.4,35.453,0,538.939,24.244,20.828,22.4,15.297,11.503,12.657,8.265,9.414,5.239,6.454,3.052,3.961,14.384,48.193,7.11,6.924,10.471,14.211,513.253,0.97,1.636,2.212,0.87,-0.87,33,469.773,5204339.136,34.298,21.649,18.169,209.323,1,0,-0.359,-1,-0.571,125.395,514.125,3,0,0,0,0,21,0,0,196,41.883,0,19.765,38.36,26.558,31.491,22.501,0,51.472,29.484,0,71.256,13.485,33.331,65.214,34.388,3.426,6.18,5.428,0.16,0,0,3,3,0,0,0,1,0,1,3,2.798,2.243,7.988,24.625,22.092,22.908,15.992,13.288,14.443,9.35,10.575,6.027,7.182,3.678,4.613,32.662,50.885,44.278,488.354,0.758,1.394,2.061,33,436.359,32.41,23.166,20.494,208.015,12.165,12.165,0.151,7.002,140.079,488.775,25,196,58.793,22.752,110.663,110.663,17.005,2.028,23.117,14.752,1.687,0.102,8,2,8300,3.9909601
539,2.775,-2.308,2.242,-2.996,-0.4,35.453,0,538.939,24.244,20.828,22.4,15.297,11.503,12.657,8.265,9.414,5.239,6.454,3.052,3.961,14.384,48.193,7.11,6.924,10.471,14.211,513.253,0.97,1.636,2.212,0.87,-0.87,33,469.773,5204339.136,34.298,21.649,18.169,209.323,1,0,-0.359,-1,-0.571,125.395,514.125,3,0,0,0,0,21,0,0,196,41.883,0,19.765,38.36,26.558,31.491,22.501,0,51.472,29.484,0,71.256,13.485,33.331,65.214,34.388,3.426,6.18,5.428,0.16,0,0,3,3,0,0,0,1,0,1,3,2.798,2.243,7.988,24.625,22.092,22.908,15.992,13.288,14.443,9.35,10.575,6.027,7.182,3.678,4.613,32.662,50.885,44.278,488.354,0.758,1.394,2.061,33,436.359,32.41,23.166,20.494,208.015,12.165,12.165,0.151,7.002,140.079,488.775,25,196,58.793,22.752,110.663,110.663,17.005,2.028,23.117,14.752,1.687,0.102,8,1,8300,2.92788341
540,2.775,-2.308,2.242,-2.996,-0.4,35.453,0,538.939,24.244,20.828,22.4,15.297,11.503,12.657,8.265,9.414,5.239,6.454,3.052,3.961,14.384,48.193,7.11,6.924,10.471,14.211,513.253,0.97,1.636,2.212,0.87,-0.87,33,469.773,5204339.136,34.298,21.649,18.169,209.323,1,0,-0.359,-1,-0.571,125.395,514.125,3,0,0,0,0,21,0,0,196,41.883,0,19.765,38.36,26.558,31.491,22.501,0,51.472,29.484,0,71.256,13.485,33.331,65.214,34.388,3.426,6.18,5.428,0.16,0,0,3,3,0,0,0,1,0,1,3,2.798,2.243,7.988,24.625,22.092,22.908,15.992,13.288,14.443,9.35,10.575,6.027,7.182,3.678,4.613,32.662,50.885,44.278,488.354,0.758,1.394,2.061,33,436.359,32.41,23.166,20.494,208.015,12.165,12.165,0.151,7.002,140.079,488.775,25,196,58.793,22.752,110.663,110.663,17.005,2.028,23.117,14.752,1.687,0.102,8,0.5,8300,2.356025857
541,2.991,-2.308,2.243,-2.371,-0.151,32.166,3.964,687.795,32.023,28.483,29.299,20.818,17.105,18.26,11.938,13.163,7.707,8.861,4.746,5.621,14.384,23.075,38.773,11.762,30.988,14.211,630.464,0.744,1.395,2.023,0.912,-1.16,43,564.449,1101079577,41.84,29.545,25.828,268.04,0.465,0.164,-0.338,-0.465,6.831,179.82,630.977,1,0,0,1,0,32,0,0,254,29.222,5.907,46.454,89.43,39.524,18.629,28.748,0,28.594,29.422,10.217,124.007,12.791,28.594,124.007,37.989,-0.338,13.801,14.262,0.064,0,0,3,3,0,1,1,0,0,0,5,2.821,2.243,7.988,25.332,22.799,23.615,16.492,13.788,14.943,9.703,10.928,6.277,7.432,3.855,4.789,32.662,50.885,50.699,502.369,0.735,1.353,2,34,448.37,33.41,24.12,20.755,214.379,12.179,12.179,0.151,7.393,144.696,502.802,26,202,65.214,23.701,117.084,117.084,17.029,2.033,23.138,16.189,1.688,0.091,9,4,8300,5.324784382
542,2.991,-2.308,2.243,-2.371,-0.151,32.166,3.964,687.795,32.023,28.483,29.299,20.818,17.105,18.26,11.938,13.163,7.707,8.861,4.746,5.621,14.384,23.075,38.773,11.762,30.988,14.211,630.464,0.744,1.395,2.023,0.912,-1.16,43,564.449,1101079577,41.84,29.545,25.828,268.04,0.465,0.164,-0.338,-0.465,6.831,179.82,630.977,1,0,0,1,0,32,0,0,254,29.222,5.907,46.454,89.43,39.524,18.629,28.748,0,28.594,29.422,10.217,124.007,12.791,28.594,124.007,37.989,-0.338,13.801,14.262,0.064,0,0,3,3,0,1,1,0,0,0,5,2.821,2.243,7.988,25.332,22.799,23.615,16.492,13.788,14.943,9.703,10.928,6.277,7.432,3.855,4.789,32.662,50.885,50.699,502.369,0.735,1.353,2,34,448.37,33.41,24.12,20.755,214.379,12.179,12.179,0.151,7.393,144.696,502.802,26,202,65.214,23.701,117.084,117.084,17.029,2.033,23.138,16.189,1.688,0.091,9,2,8300,5.574431792
543,2.991,-2.308,2.243,-2.371,-0.151,32.166,3.964,687.795,32.023,28.483,29.299,20.818,17.105,18.26,11.938,13.163,7.707,8.861,4.746,5.621,14.384,23.075,38.773,11.762,30.988,14.211,630.464,0.744,1.395,2.023,0.912,-1.16,43,564.449,1101079577,41.84,29.545,25.828,268.04,0.465,0.164,-0.338,-0.465,6.831,179.82,630.977,1,0,0,1,0,32,0,0,254,29.222,5.907,46.454,89.43,39.524,18.629,28.748,0,28.594,29.422,10.217,124.007,12.791,28.594,124.007,37.989,-0.338,13.801,14.262,0.064,0,0,3,3,0,1,1,0,0,0,5,2.821,2.243,7.988,25.332,22.799,23.615,16.492,13.788,14.943,9.703,10.928,6.277,7.432,3.855,4.789,32.662,50.885,50.699,502.369,0.735,1.353,2,34,448.37,33.41,24.12,20.755,214.379,12.179,12.179,0.151,7.393,144.696,502.802,26,202,65.214,23.701,117.084,117.084,17.029,2.033,23.138,16.189,1.688,0.091,9,1,8300,4.001993174
544,2.991,-2.308,2.243,-2.371,-0.151,32.166,3.964,687.795,32.023,28.483,29.299,20.818,17.105,18.26,11.938,13.163,7.707,8.861,4.746,5.621,14.384,23.075,38.773,11.762,30.988,14.211,630.464,0.744,1.395,2.023,0.912,-1.16,43,564.449,1101079577,41.84,29.545,25.828,268.04,0.465,0.164,-0.338,-0.465,6.831,179.82,630.977,1,0,0,1,0,32,0,0,254,29.222,5.907,46.454,89.43,39.524,18.629,28.748,0,28.594,29.422,10.217,124.007,12.791,28.594,124.007,37.989,-0.338,13.801,14.262,0.064,0,0,3,3,0,1,1,0,0,0,5,2.821,2.243,7.988,25.332,22.799,23.615,16.492,13.788,14.943,9.703,10.928,6.277,7.432,3.855,4.789,32.662,50.885,50.699,502.369,0.735,1.353,2,34,448.37,33.41,24.12,20.755,214.379,12.179,12.179,0.151,7.393,144.696,502.802,26,202,65.214,23.701,117.084,117.084,17.029,2.033,23.138,16.189,1.688,0.091,9,0.5,8300,2.247973266
545,2.925,-2.34,2.243,-2.488,-0.151,32.166,2.127,674.022,28.772,24.756,25.572,18.853,14.76,15.914,10.632,11.856,7.206,8.36,4.54,5.414,14.384,29.682,0,16.662,11.824,19.317,574.365,0.872,1.564,2.205,0.897,-1.2,39,520.393,219846266.2,35.826,22.484,17.269,240.214,0.465,0.171,-0.344,-0.465,3.559,156.043,574.825,1,1,1,1,1,24,1,1,228,29.012,5.907,19.765,50.534,65.703,25.236,20.655,1,33.701,29.422,9.8,78.056,15.744,28.594,78.056,39.745,-0.344,7.784,9.634,0.137,1,1,3,3,1,0,1,0,1,0,3,2.821,2.243,7.988,25.332,22.799,23.615,16.492,13.788,14.943,9.703,10.928,6.277,7.432,3.855,4.789,32.662,50.885,50.699,502.369,0.735,1.353,2,34,448.37,33.41,24.12,20.755,214.379,12.179,12.179,0.151,7.393,144.696,502.802,26,202,65.214,23.701,117.084,117.084,17.029,2.033,23.138,16.189,1.688,0.091,9,4,8300,-1
546,2.925,-2.34,2.243,-2.488,-0.151,32.166,2.127,674.022,28.772,24.756,25.572,18.853,14.76,15.914,10.632,11.856,7.206,8.36,4.54,5.414,14.384,29.682,0,16.662,11.824,19.317,574.365,0.872,1.564,2.205,0.897,-1.2,39,520.393,219846266.2,35.826,22.484,17.269,240.214,0.465,0.171,-0.344,-0.465,3.559,156.043,574.825,1,1,1,1,1,24,1,1,228,29.012,5.907,19.765,50.534,65.703,25.236,20.655,1,33.701,29.422,9.8,78.056,15.744,28.594,78.056,39.745,-0.344,7.784,9.634,0.137,1,1,3,3,1,0,1,0,1,0,3,2.821,2.243,7.988,25.332,22.799,23.615,16.492,13.788,14.943,9.703,10.928,6.277,7.432,3.855,4.789,32.662,50.885,50.699,502.369,0.735,1.353,2,34,448.37,33.41,24.12,20.755,214.379,12.179,12.179,0.151,7.393,144.696,502.802,26,202,65.214,23.701,117.084,117.084,17.029,2.033,23.138,16.189,1.688,0.091,9,2,8300,-1
547,2.925,-2.34,2.243,-2.488,-0.151,32.166,2.127,674.022,28.772,24.756,25.572,18.853,14.76,15.914,10.632,11.856,7.206,8.36,4.54,5.414,14.384,29.682,0,16.662,11.824,19.317,574.365,0.872,1.564,2.205,0.897,-1.2,39,520.393,219846266.2,35.826,22.484,17.269,240.214,0.465,0.171,-0.344,-0.465,3.559,156.043,574.825,1,1,1,1,1,24,1,1,228,29.012,5.907,19.765,50.534,65.703,25.236,20.655,1,33.701,29.422,9.8,78.056,15.744,28.594,78.056,39.745,-0.344,7.784,9.634,0.137,1,1,3,3,1,0,1,0,1,0,3,2.821,2.243,7.988,25.332,22.799,23.615,16.492,13.788,14.943,9.703,10.928,6.277,7.432,3.855,4.789,32.662,50.885,50.699,502.369,0.735,1.353,2,34,448.37,33.41,24.12,20.755,214.379,12.179,12.179,0.151,7.393,144.696,502.802,26,202,65.214,23.701,117.084,117.084,17.029,2.033,23.138,16.189,1.688,0.091,9,1,8300,2.041392685
548,2.925,-2.34,2.243,-2.488,-0.151,32.166,2.127,674.022,28.772,24.756,25.572,18.853,14.76,15.914,10.632,11.856,7.206,8.36,4.54,5.414,14.384,29.682,0,16.662,11.824,19.317,574.365,0.872,1.564,2.205,0.897,-1.2,39,520.393,219846266.2,35.826,22.484,17.269,240.214,0.465,0.171,-0.344,-0.465,3.559,156.043,574.825,1,1,1,1,1,24,1,1,228,29.012,5.907,19.765,50.534,65.703,25.236,20.655,1,33.701,29.422,9.8,78.056,15.744,28.594,78.056,39.745,-0.344,7.784,9.634,0.137,1,1,3,3,1,0,1,0,1,0,3,2.821,2.243,7.988,25.332,22.799,23.615,16.492,13.788,14.943,9.703,10.928,6.277,7.432,3.855,4.789,32.662,50.885,50.699,502.369,0.735,1.353,2,34,448.37,33.41,24.12,20.755,214.379,12.179,12.179,0.151,7.393,144.696,502.802,26,202,65.214,23.701,117.084,117.084,17.029,2.033,23.138,16.189,1.688,0.091,9,0.5,8300,-1
549,2.927,-2.308,2.242,-2.458,-0.151,32.166,2.071,662.934,28.608,24.861,25.678,18.904,14.898,16.053,10.627,11.852,7.038,8.192,4.405,5.28,14.384,23.075,0,11.762,22.457,14.211,573.381,0.923,1.641,2.333,0.897,-1.2,39,518.401,235200918.6,35.826,23.499,19.505,240.76,0.465,0.147,-0.336,-0.465,3.444,158.256,573.841,2,1,1,1,1,25,1,1,228,29.639,5.907,19.765,50.534,72.248,18.629,21.587,1,28.594,29.422,15.533,78.056,15.564,28.594,78.056,37.603,-0.336,7.819,11.445,0.125,0,0,3,3,0,2,1,0,1,0,3,2.821,2.243,7.988,25.332,22.799,23.615,16.492,13.788,14.943,9.703,10.928,6.277,7.432,3.855,4.789,32.662,50.885,50.699,502.369,0.735,1.353,2,34,448.37,33.41,24.12,20.755,214.379,12.179,12.179,0.151,7.393,144.696,502.802,26,202,65.214,23.701,117.084,117.084,17.029,2.033,23.138,16.189,1.688,0.091,9,4,8300,1.698970004
550,2.927,-2.308,2.242,-2.458,-0.151,32.166,2.071,662.934,28.608,24.861,25.678,18.904,14.898,16.053,10.627,11.852,7.038,8.192,4.405,5.28,14.384,23.075,0,11.762,22.457,14.211,573.381,0.923,1.641,2.333,0.897,-1.2,39,518.401,235200918.6,35.826,23.499,19.505,240.76,0.465,0.147,-0.336,-0.465,3.444,158.256,573.841,2,1,1,1,1,25,1,1,228,29.639,5.907,19.765,50.534,72.248,18.629,21.587,1,28.594,29.422,15.533,78.056,15.564,28.594,78.056,37.603,-0.336,7.819,11.445,0.125,0,0,3,3,0,2,1,0,1,0,3,2.821,2.243,7.988,25.332,22.799,23.615,16.492,13.788,14.943,9.703,10.928,6.277,7.432,3.855,4.789,32.662,50.885,50.699,502.369,0.735,1.353,2,34,448.37,33.41,24.12,20.755,214.379,12.179,12.179,0.151,7.393,144.696,502.802,26,202,65.214,23.701,117.084,117.084,17.029,2.033,23.138,16.189,1.688,0.091,9,2,8300,1.568201724
551,2.927,-2.308,2.242,-2.458,-0.151,32.166,2.071,662.934,28.608,24.861,25.678,18.904,14.898,16.053,10.627,11.852,7.038,8.192,4.405,5.28,14.384,23.075,0,11.762,22.457,14.211,573.381,0.923,1.641,2.333,0.897,-1.2,39,518.401,235200918.6,35.826,23.499,19.505,240.76,0.465,0.147,-0.336,-0.465,3.444,158.256,573.841,2,1,1,1,1,25,1,1,228,29.639,5.907,19.765,50.534,72.248,18.629,21.587,1,28.594,29.422,15.533,78.056,15.564,28.594,78.056,37.603,-0.336,7.819,11.445,0.125,0,0,3,3,0,2,1,0,1,0,3,2.821,2.243,7.988,25.332,22.799,23.615,16.492,13.788,14.943,9.703,10.928,6.277,7.432,3.855,4.789,32.662,50.885,50.699,502.369,0.735,1.353,2,34,448.37,33.41,24.12,20.755,214.379,12.179,12.179,0.151,7.393,144.696,502.802,26,202,65.214,23.701,117.084,117.084,17.029,2.033,23.138,16.189,1.688,0.091,9,1,8300,2.73239376
552,2.927,-2.308,2.242,-2.458,-0.151,32.166,2.071,662.934,28.608,24.861,25.678,18.904,14.898,16.053,10.627,11.852,7.038,8.192,4.405,5.28,14.384,23.075,0,11.762,22.457,14.211,573.381,0.923,1.641,2.333,0.897,-1.2,39,518.401,235200918.6,35.826,23.499,19.505,240.76,0.465,0.147,-0.336,-0.465,3.444,158.256,573.841,2,1,1,1,1,25,1,1,228,29.639,5.907,19.765,50.534,72.248,18.629,21.587,1,28.594,29.422,15.533,78.056,15.564,28.594,78.056,37.603,-0.336,7.819,11.445,0.125,0,0,3,3,0,2,1,0,1,0,3,2.821,2.243,7.988,25.332,22.799,23.615,16.492,13.788,14.943,9.703,10.928,6.277,7.432,3.855,4.789,32.662,50.885,50.699,502.369,0.735,1.353,2,34,448.37,33.41,24.12,20.755,214.379,12.179,12.179,0.151,7.393,144.696,502.802,26,202,65.214,23.701,117.084,117.084,17.029,2.033,23.138,16.189,1.688,0.091,9,0.5,8300,3.025305865
553,2.674,-2.308,2.241,-2.996,-0.36,35.453,0,414.533,21.09,18.641,20.214,13.492,10.581,11.736,7.436,8.66,4.674,5.829,2.796,3.526,9.589,29.575,0,11.762,12.657,14.211,455.247,0.966,1.655,2.241,0.905,-0.34,29,413.753,870080.485,30.85,20.914,18.17,187.318,1,0,-0.285,-1,-0.112,114.458,456.089,3,0,0,0,0,20,0,0,174,37.146,0,19.765,38.36,32.311,25.174,22.248,0,41.94,23.514,0,65.214,12.828,23.8,65.214,22.963,3.551,6.553,6.746,0.203,0,0,2,2,0,0,0,1,0,1,3,2.821,2.243,7.988,25.332,22.799,23.615,16.492,13.788,14.943,9.703,10.928,6.277,7.432,3.855,4.789,32.662,50.885,50.699,502.369,0.735,1.353,2,34,448.37,33.41,24.12,20.755,214.379,12.179,12.179,0.151,7.393,144.696,502.802,26,202,65.214,23.701,117.084,117.084,17.029,2.033,23.138,16.189,1.688,0.091,9,4,8300,1.361727836
554,2.674,-2.308,2.241,-2.996,-0.36,35.453,0,414.533,21.09,18.641,20.214,13.492,10.581,11.736,7.436,8.66,4.674,5.829,2.796,3.526,9.589,29.575,0,11.762,12.657,14.211,455.247,0.966,1.655,2.241,0.905,-0.34,29,413.753,870080.485,30.85,20.914,18.17,187.318,1,0,-0.285,-1,-0.112,114.458,456.089,3,0,0,0,0,20,0,0,174,37.146,0,19.765,38.36,32.311,25.174,22.248,0,41.94,23.514,0,65.214,12.828,23.8,65.214,22.963,3.551,6.553,6.746,0.203,0,0,2,2,0,0,0,1,0,1,3,2.821,2.243,7.988,25.332,22.799,23.615,16.492,13.788,14.943,9.703,10.928,6.277,7.432,3.855,4.789,32.662,50.885,50.699,502.369,0.735,1.353,2,34,448.37,33.41,24.12,20.755,214.379,12.179,12.179,0.151,7.393,144.696,502.802,26,202,65.214,23.701,117.084,117.084,17.029,2.033,23.138,16.189,1.688,0.091,9,2,8300,2.64246452
555,2.674,-2.308,2.241,-2.996,-0.36,35.453,0,414.533,21.09,18.641,20.214,13.492,10.581,11.736,7.436,8.66,4.674,5.829,2.796,3.526,9.589,29.575,0,11.762,12.657,14.211,455.247,0.966,1.655,2.241,0.905,-0.34,29,413.753,870080.485,30.85,20.914,18.17,187.318,1,0,-0.285,-1,-0.112,114.458,456.089,3,0,0,0,0,20,0,0,174,37.146,0,19.765,38.36,32.311,25.174,22.248,0,41.94,23.514,0,65.214,12.828,23.8,65.214,22.963,3.551,6.553,6.746,0.203,0,0,2,2,0,0,0,1,0,1,3,2.821,2.243,7.988,25.332,22.799,23.615,16.492,13.788,14.943,9.703,10.928,6.277,7.432,3.855,4.789,32.662,50.885,50.699,502.369,0.735,1.353,2,34,448.37,33.41,24.12,20.755,214.379,12.179,12.179,0.151,7.393,144.696,502.802,26,202,65.214,23.701,117.084,117.084,17.029,2.033,23.138,16.189,1.688,0.091,9,1,8300,1.113943352
556,2.674,-2.308,2.241,-2.996,-0.36,35.453,0,414.533,21.09,18.641,20.214,13.492,10.581,11.736,7.436,8.66,4.674,5.829,2.796,3.526,9.589,29.575,0,11.762,12.657,14.211,455.247,0.966,1.655,2.241,0.905,-0.34,29,413.753,870080.485,30.85,20.914,18.17,187.318,1,0,-0.285,-1,-0.112,114.458,456.089,3,0,0,0,0,20,0,0,174,37.146,0,19.765,38.36,32.311,25.174,22.248,0,41.94,23.514,0,65.214,12.828,23.8,65.214,22.963,3.551,6.553,6.746,0.203,0,0,2,2,0,0,0,1,0,1,3,2.821,2.243,7.988,25.332,22.799,23.615,16.492,13.788,14.943,9.703,10.928,6.277,7.432,3.855,4.789,32.662,50.885,50.699,502.369,0.735,1.353,2,34,448.37,33.41,24.12,20.755,214.379,12.179,12.179,0.151,7.393,144.696,502.802,26,202,65.214,23.701,117.084,117.084,17.029,2.033,23.138,16.189,1.688,0.091,9,0.5,8300,0.477121255
557,2.775,-2.308,2.242,-2.996,-0.4,35.453,0,538.939,24.244,20.828,22.4,15.297,11.503,12.657,8.265,9.414,5.239,6.454,3.052,3.961,14.384,48.193,7.11,6.924,10.471,14.211,513.253,0.97,1.636,2.212,0.87,-0.87,33,469.773,5204339.136,34.298,21.649,18.169,209.323,1,0,-0.359,-1,-0.571,125.395,514.125,3,0,0,0,0,21,0,0,196,41.883,0,19.765,38.36,26.558,31.491,22.501,0,51.472,29.484,0,71.256,13.485,33.331,65.214,34.388,3.426,6.18,5.428,0.16,0,0,3,3,0,0,0,1,0,1,3,2.821,2.243,7.988,25.332,22.799,23.615,16.492,13.788,14.943,9.703,10.928,6.277,7.432,3.855,4.789,32.662,50.885,50.699,502.369,0.735,1.353,2,34,448.37,33.41,24.12,20.755,214.379,12.179,12.179,0.151,7.393,144.696,502.802,26,202,65.214,23.701,117.084,117.084,17.029,2.033,23.138,16.189,1.688,0.091,9,4,8300,5.31515344
558,2.775,-2.308,2.242,-2.996,-0.4,35.453,0,538.939,24.244,20.828,22.4,15.297,11.503,12.657,8.265,9.414,5.239,6.454,3.052,3.961,14.384,48.193,7.11,6.924,10.471,14.211,513.253,0.97,1.636,2.212,0.87,-0.87,33,469.773,5204339.136,34.298,21.649,18.169,209.323,1,0,-0.359,-1,-0.571,125.395,514.125,3,0,0,0,0,21,0,0,196,41.883,0,19.765,38.36,26.558,31.491,22.501,0,51.472,29.484,0,71.256,13.485,33.331,65.214,34.388,3.426,6.18,5.428,0.16,0,0,3,3,0,0,0,1,0,1,3,2.821,2.243,7.988,25.332,22.799,23.615,16.492,13.788,14.943,9.703,10.928,6.277,7.432,3.855,4.789,32.662,50.885,50.699,502.369,0.735,1.353,2,34,448.37,33.41,24.12,20.755,214.379,12.179,12.179,0.151,7.393,144.696,502.802,26,202,65.214,23.701,117.084,117.084,17.029,2.033,23.138,16.189,1.688,0.091,9,2,8300,5.45467873
559,2.775,-2.308,2.242,-2.996,-0.4,35.453,0,538.939,24.244,20.828,22.4,15.297,11.503,12.657,8.265,9.414,5.239,6.454,3.052,3.961,14.384,48.193,7.11,6.924,10.471,14.211,513.253,0.97,1.636,2.212,0.87,-0.87,33,469.773,5204339.136,34.298,21.649,18.169,209.323,1,0,-0.359,-1,-0.571,125.395,514.125,3,0,0,0,0,21,0,0,196,41.883,0,19.765,38.36,26.558,31.491,22.501,0,51.472,29.484,0,71.256,13.485,33.331,65.214,34.388,3.426,6.18,5.428,0.16,0,0,3,3,0,0,0,1,0,1,3,2.821,2.243,7.988,25.332,22.799,23.615,16.492,13.788,14.943,9.703,10.928,6.277,7.432,3.855,4.789,32.662,50.885,50.699,502.369,0.735,1.353,2,34,448.37,33.41,24.12,20.755,214.379,12.179,12.179,0.151,7.393,144.696,502.802,26,202,65.214,23.701,117.084,117.084,17.029,2.033,23.138,16.189,1.688,0.091,9,1,8300,2.665580991
560,2.775,-2.308,2.242,-2.996,-0.4,35.453,0,538.939,24.244,20.828,22.4,15.297,11.503,12.657,8.265,9.414,5.239,6.454,3.052,3.961,14.384,48.193,7.11,6.924,10.471,14.211,513.253,0.97,1.636,2.212,0.87,-0.87,33,469.773,5204339.136,34.298,21.649,18.169,209.323,1,0,-0.359,-1,-0.571,125.395,514.125,3,0,0,0,0,21,0,0,196,41.883,0,19.765,38.36,26.558,31.491,22.501,0,51.472,29.484,0,71.256,13.485,33.331,65.214,34.388,3.426,6.18,5.428,0.16,0,0,3,3,0,0,0,1,0,1,3,2.821,2.243,7.988,25.332,22.799,23.615,16.492,13.788,14.943,9.703,10.928,6.277,7.432,3.855,4.789,32.662,50.885,50.699,502.369,0.735,1.353,2,34,448.37,33.41,24.12,20.755,214.379,12.179,12.179,0.151,7.393,144.696,502.802,26,202,65.214,23.701,117.084,117.084,17.029,2.033,23.138,16.189,1.688,0.091,9,0.5,8300,1.886490725
561,2.991,-2.308,2.243,-2.371,-0.151,32.166,3.964,687.795,32.023,28.483,29.299,20.818,17.105,18.26,11.938,13.163,7.707,8.861,4.746,5.621,14.384,23.075,38.773,11.762,30.988,14.211,630.464,0.744,1.395,2.023,0.912,-1.16,43,564.449,1101079577,41.84,29.545,25.828,268.04,0.465,0.164,-0.338,-0.465,6.831,179.82,630.977,1,0,0,1,0,32,0,0,254,29.222,5.907,46.454,89.43,39.524,18.629,28.748,0,28.594,29.422,10.217,124.007,12.791,28.594,124.007,37.989,-0.338,13.801,14.262,0.064,0,0,3,3,0,1,1,0,0,0,5,2.842,2.243,7.988,26.039,23.506,24.322,16.992,14.288,15.443,10.057,11.282,6.527,7.682,4.032,4.966,32.662,50.885,57.119,516.385,0.714,1.314,1.943,35,460.381,34.41,25.076,22.342,220.744,12.192,12.192,0.15,7.783,149.313,516.829,27,208,71.635,24.653,123.504,123.504,17.049,2.036,23.158,17.634,1.69,0.082,10,4,8300,5.149314585
562,2.991,-2.308,2.243,-2.371,-0.151,32.166,3.964,687.795,32.023,28.483,29.299,20.818,17.105,18.26,11.938,13.163,7.707,8.861,4.746,5.621,14.384,23.075,38.773,11.762,30.988,14.211,630.464,0.744,1.395,2.023,0.912,-1.16,43,564.449,1101079577,41.84,29.545,25.828,268.04,0.465,0.164,-0.338,-0.465,6.831,179.82,630.977,1,0,0,1,0,32,0,0,254,29.222,5.907,46.454,89.43,39.524,18.629,28.748,0,28.594,29.422,10.217,124.007,12.791,28.594,124.007,37.989,-0.338,13.801,14.262,0.064,0,0,3,3,0,1,1,0,0,0,5,2.842,2.243,7.988,26.039,23.506,24.322,16.992,14.288,15.443,10.057,11.282,6.527,7.682,4.032,4.966,32.662,50.885,57.119,516.385,0.714,1.314,1.943,35,460.381,34.41,25.076,22.342,220.744,12.192,12.192,0.15,7.783,149.313,516.829,27,208,71.635,24.653,123.504,123.504,17.049,2.036,23.158,17.634,1.69,0.082,10,2,8300,5.552125313
563,2.991,-2.308,2.243,-2.371,-0.151,32.166,3.964,687.795,32.023,28.483,29.299,20.818,17.105,18.26,11.938,13.163,7.707,8.861,4.746,5.621,14.384,23.075,38.773,11.762,30.988,14.211,630.464,0.744,1.395,2.023,0.912,-1.16,43,564.449,1101079577,41.84,29.545,25.828,268.04,0.465,0.164,-0.338,-0.465,6.831,179.82,630.977,1,0,0,1,0,32,0,0,254,29.222,5.907,46.454,89.43,39.524,18.629,28.748,0,28.594,29.422,10.217,124.007,12.791,28.594,124.007,37.989,-0.338,13.801,14.262,0.064,0,0,3,3,0,1,1,0,0,0,5,2.842,2.243,7.988,26.039,23.506,24.322,16.992,14.288,15.443,10.057,11.282,6.527,7.682,4.032,4.966,32.662,50.885,57.119,516.385,0.714,1.314,1.943,35,460.381,34.41,25.076,22.342,220.744,12.192,12.192,0.15,7.783,149.313,516.829,27,208,71.635,24.653,123.504,123.504,17.049,2.036,23.158,17.634,1.69,0.082,10,1,8300,3.589279221
564,2.991,-2.308,2.243,-2.371,-0.151,32.166,3.964,687.795,32.023,28.483,29.299,20.818,17.105,18.26,11.938,13.163,7.707,8.861,4.746,5.621,14.384,23.075,38.773,11.762,30.988,14.211,630.464,0.744,1.395,2.023,0.912,-1.16,43,564.449,1101079577,41.84,29.545,25.828,268.04,0.465,0.164,-0.338,-0.465,6.831,179.82,630.977,1,0,0,1,0,32,0,0,254,29.222,5.907,46.454,89.43,39.524,18.629,28.748,0,28.594,29.422,10.217,124.007,12.791,28.594,124.007,37.989,-0.338,13.801,14.262,0.064,0,0,3,3,0,1,1,0,0,0,5,2.842,2.243,7.988,26.039,23.506,24.322,16.992,14.288,15.443,10.057,11.282,6.527,7.682,4.032,4.966,32.662,50.885,57.119,516.385,0.714,1.314,1.943,35,460.381,34.41,25.076,22.342,220.744,12.192,12.192,0.15,7.783,149.313,516.829,27,208,71.635,24.653,123.504,123.504,17.049,2.036,23.158,17.634,1.69,0.082,10,0.5,8300,2.301029996
565,2.925,-2.34,2.243,-2.488,-0.151,32.166,2.127,674.022,28.772,24.756,25.572,18.853,14.76,15.914,10.632,11.856,7.206,8.36,4.54,5.414,14.384,29.682,0,16.662,11.824,19.317,574.365,0.872,1.564,2.205,0.897,-1.2,39,520.393,219846266.2,35.826,22.484,17.269,240.214,0.465,0.171,-0.344,-0.465,3.559,156.043,574.825,1,1,1,1,1,24,1,1,228,29.012,5.907,19.765,50.534,65.703,25.236,20.655,1,33.701,29.422,9.8,78.056,15.744,28.594,78.056,39.745,-0.344,7.784,9.634,0.137,1,1,3,3,1,0,1,0,1,0,3,2.842,2.243,7.988,26.039,23.506,24.322,16.992,14.288,15.443,10.057,11.282,6.527,7.682,4.032,4.966,32.662,50.885,57.119,516.385,0.714,1.314,1.943,35,460.381,34.41,25.076,22.342,220.744,12.192,12.192,0.15,7.783,149.313,516.829,27,208,71.635,24.653,123.504,123.504,17.049,2.036,23.158,17.634,1.69,0.082,10,4,8300,-1
566,2.925,-2.34,2.243,-2.488,-0.151,32.166,2.127,674.022,28.772,24.756,25.572,18.853,14.76,15.914,10.632,11.856,7.206,8.36,4.54,5.414,14.384,29.682,0,16.662,11.824,19.317,574.365,0.872,1.564,2.205,0.897,-1.2,39,520.393,219846266.2,35.826,22.484,17.269,240.214,0.465,0.171,-0.344,-0.465,3.559,156.043,574.825,1,1,1,1,1,24,1,1,228,29.012,5.907,19.765,50.534,65.703,25.236,20.655,1,33.701,29.422,9.8,78.056,15.744,28.594,78.056,39.745,-0.344,7.784,9.634,0.137,1,1,3,3,1,0,1,0,1,0,3,2.842,2.243,7.988,26.039,23.506,24.322,16.992,14.288,15.443,10.057,11.282,6.527,7.682,4.032,4.966,32.662,50.885,57.119,516.385,0.714,1.314,1.943,35,460.381,34.41,25.076,22.342,220.744,12.192,12.192,0.15,7.783,149.313,516.829,27,208,71.635,24.653,123.504,123.504,17.049,2.036,23.158,17.634,1.69,0.082,10,2,8300,1
567,2.925,-2.34,2.243,-2.488,-0.151,32.166,2.127,674.022,28.772,24.756,25.572,18.853,14.76,15.914,10.632,11.856,7.206,8.36,4.54,5.414,14.384,29.682,0,16.662,11.824,19.317,574.365,0.872,1.564,2.205,0.897,-1.2,39,520.393,219846266.2,35.826,22.484,17.269,240.214,0.465,0.171,-0.344,-0.465,3.559,156.043,574.825,1,1,1,1,1,24,1,1,228,29.012,5.907,19.765,50.534,65.703,25.236,20.655,1,33.701,29.422,9.8,78.056,15.744,28.594,78.056,39.745,-0.344,7.784,9.634,0.137,1,1,3,3,1,0,1,0,1,0,3,2.842,2.243,7.988,26.039,23.506,24.322,16.992,14.288,15.443,10.057,11.282,6.527,7.682,4.032,4.966,32.662,50.885,57.119,516.385,0.714,1.314,1.943,35,460.381,34.41,25.076,22.342,220.744,12.192,12.192,0.15,7.783,149.313,516.829,27,208,71.635,24.653,123.504,123.504,17.049,2.036,23.158,17.634,1.69,0.082,10,1,8300,-1
568,2.925,-2.34,2.243,-2.488,-0.151,32.166,2.127,674.022,28.772,24.756,25.572,18.853,14.76,15.914,10.632,11.856,7.206,8.36,4.54,5.414,14.384,29.682,0,16.662,11.824,19.317,574.365,0.872,1.564,2.205,0.897,-1.2,39,520.393,219846266.2,35.826,22.484,17.269,240.214,0.465,0.171,-0.344,-0.465,3.559,156.043,574.825,1,1,1,1,1,24,1,1,228,29.012,5.907,19.765,50.534,65.703,25.236,20.655,1,33.701,29.422,9.8,78.056,15.744,28.594,78.056,39.745,-0.344,7.784,9.634,0.137,1,1,3,3,1,0,1,0,1,0,3,2.842,2.243,7.988,26.039,23.506,24.322,16.992,14.288,15.443,10.057,11.282,6.527,7.682,4.032,4.966,32.662,50.885,57.119,516.385,0.714,1.314,1.943,35,460.381,34.41,25.076,22.342,220.744,12.192,12.192,0.15,7.783,149.313,516.829,27,208,71.635,24.653,123.504,123.504,17.049,2.036,23.158,17.634,1.69,0.082,10,0.5,8300,1.462397998
569,2.927,-2.308,2.242,-2.458,-0.151,32.166,2.071,662.934,28.608,24.861,25.678,18.904,14.898,16.053,10.627,11.852,7.038,8.192,4.405,5.28,14.384,23.075,0,11.762,22.457,14.211,573.381,0.923,1.641,2.333,0.897,-1.2,39,518.401,235200918.6,35.826,23.499,19.505,240.76,0.465,0.147,-0.336,-0.465,3.444,158.256,573.841,2,1,1,1,1,25,1,1,228,29.639,5.907,19.765,50.534,72.248,18.629,21.587,1,28.594,29.422,15.533,78.056,15.564,28.594,78.056,37.603,-0.336,7.819,11.445,0.125,0,0,3,3,0,2,1,0,1,0,3,2.842,2.243,7.988,26.039,23.506,24.322,16.992,14.288,15.443,10.057,11.282,6.527,7.682,4.032,4.966,32.662,50.885,57.119,516.385,0.714,1.314,1.943,35,460.381,34.41,25.076,22.342,220.744,12.192,12.192,0.15,7.783,149.313,516.829,27,208,71.635,24.653,123.504,123.504,17.049,2.036,23.158,17.634,1.69,0.082,10,4,8300,1.968482949
570,2.927,-2.308,2.242,-2.458,-0.151,32.166,2.071,662.934,28.608,24.861,25.678,18.904,14.898,16.053,10.627,11.852,7.038,8.192,4.405,5.28,14.384,23.075,0,11.762,22.457,14.211,573.381,0.923,1.641,2.333,0.897,-1.2,39,518.401,235200918.6,35.826,23.499,19.505,240.76,0.465,0.147,-0.336,-0.465,3.444,158.256,573.841,2,1,1,1,1,25,1,1,228,29.639,5.907,19.765,50.534,72.248,18.629,21.587,1,28.594,29.422,15.533,78.056,15.564,28.594,78.056,37.603,-0.336,7.819,11.445,0.125,0,0,3,3,0,2,1,0,1,0,3,2.842,2.243,7.988,26.039,23.506,24.322,16.992,14.288,15.443,10.057,11.282,6.527,7.682,4.032,4.966,32.662,50.885,57.119,516.385,0.714,1.314,1.943,35,460.381,34.41,25.076,22.342,220.744,12.192,12.192,0.15,7.783,149.313,516.829,27,208,71.635,24.653,123.504,123.504,17.049,2.036,23.158,17.634,1.69,0.082,10,2,8300,3.377852419
571,2.927,-2.308,2.242,-2.458,-0.151,32.166,2.071,662.934,28.608,24.861,25.678,18.904,14.898,16.053,10.627,11.852,7.038,8.192,4.405,5.28,14.384,23.075,0,11.762,22.457,14.211,573.381,0.923,1.641,2.333,0.897,-1.2,39,518.401,235200918.6,35.826,23.499,19.505,240.76,0.465,0.147,-0.336,-0.465,3.444,158.256,573.841,2,1,1,1,1,25,1,1,228,29.639,5.907,19.765,50.534,72.248,18.629,21.587,1,28.594,29.422,15.533,78.056,15.564,28.594,78.056,37.603,-0.336,7.819,11.445,0.125,0,0,3,3,0,2,1,0,1,0,3,2.842,2.243,7.988,26.039,23.506,24.322,16.992,14.288,15.443,10.057,11.282,6.527,7.682,4.032,4.966,32.662,50.885,57.119,516.385,0.714,1.314,1.943,35,460.381,34.41,25.076,22.342,220.744,12.192,12.192,0.15,7.783,149.313,516.829,27,208,71.635,24.653,123.504,123.504,17.049,2.036,23.158,17.634,1.69,0.082,10,1,8300,3.104828404
572,2.927,-2.308,2.242,-2.458,-0.151,32.166,2.071,662.934,28.608,24.861,25.678,18.904,14.898,16.053,10.627,11.852,7.038,8.192,4.405,5.28,14.384,23.075,0,11.762,22.457,14.211,573.381,0.923,1.641,2.333,0.897,-1.2,39,518.401,235200918.6,35.826,23.499,19.505,240.76,0.465,0.147,-0.336,-0.465,3.444,158.256,573.841,2,1,1,1,1,25,1,1,228,29.639,5.907,19.765,50.534,72.248,18.629,21.587,1,28.594,29.422,15.533,78.056,15.564,28.594,78.056,37.603,-0.336,7.819,11.445,0.125,0,0,3,3,0,2,1,0,1,0,3,2.842,2.243,7.988,26.039,23.506,24.322,16.992,14.288,15.443,10.057,11.282,6.527,7.682,4.032,4.966,32.662,50.885,57.119,516.385,0.714,1.314,1.943,35,460.381,34.41,25.076,22.342,220.744,12.192,12.192,0.15,7.783,149.313,516.829,27,208,71.635,24.653,123.504,123.504,17.049,2.036,23.158,17.634,1.69,0.082,10,0.5,8300,2.665580991
573,2.674,-2.308,2.241,-2.996,-0.36,35.453,0,414.533,21.09,18.641,20.214,13.492,10.581,11.736,7.436,8.66,4.674,5.829,2.796,3.526,9.589,29.575,0,11.762,12.657,14.211,455.247,0.966,1.655,2.241,0.905,-0.34,29,413.753,870080.485,30.85,20.914,18.17,187.318,1,0,-0.285,-1,-0.112,114.458,456.089,3,0,0,0,0,20,0,0,174,37.146,0,19.765,38.36,32.311,25.174,22.248,0,41.94,23.514,0,65.214,12.828,23.8,65.214,22.963,3.551,6.553,6.746,0.203,0,0,2,2,0,0,0,1,0,1,3,2.842,2.243,7.988,26.039,23.506,24.322,16.992,14.288,15.443,10.057,11.282,6.527,7.682,4.032,4.966,32.662,50.885,57.119,516.385,0.714,1.314,1.943,35,460.381,34.41,25.076,22.342,220.744,12.192,12.192,0.15,7.783,149.313,516.829,27,208,71.635,24.653,123.504,123.504,17.049,2.036,23.158,17.634,1.69,0.082,10,4,8300,2.984977126
574,2.674,-2.308,2.241,-2.996,-0.36,35.453,0,414.533,21.09,18.641,20.214,13.492,10.581,11.736,7.436,8.66,4.674,5.829,2.796,3.526,9.589,29.575,0,11.762,12.657,14.211,455.247,0.966,1.655,2.241,0.905,-0.34,29,413.753,870080.485,30.85,20.914,18.17,187.318,1,0,-0.285,-1,-0.112,114.458,456.089,3,0,0,0,0,20,0,0,174,37.146,0,19.765,38.36,32.311,25.174,22.248,0,41.94,23.514,0,65.214,12.828,23.8,65.214,22.963,3.551,6.553,6.746,0.203,0,0,2,2,0,0,0,1,0,1,3,2.842,2.243,7.988,26.039,23.506,24.322,16.992,14.288,15.443,10.057,11.282,6.527,7.682,4.032,4.966,32.662,50.885,57.119,516.385,0.714,1.314,1.943,35,460.381,34.41,25.076,22.342,220.744,12.192,12.192,0.15,7.783,149.313,516.829,27,208,71.635,24.653,123.504,123.504,17.049,2.036,23.158,17.634,1.69,0.082,10,2,8300,2.530199698
575,2.674,-2.308,2.241,-2.996,-0.36,35.453,0,414.533,21.09,18.641,20.214,13.492,10.581,11.736,7.436,8.66,4.674,5.829,2.796,3.526,9.589,29.575,0,11.762,12.657,14.211,455.247,0.966,1.655,2.241,0.905,-0.34,29,413.753,870080.485,30.85,20.914,18.17,187.318,1,0,-0.285,-1,-0.112,114.458,456.089,3,0,0,0,0,20,0,0,174,37.146,0,19.765,38.36,32.311,25.174,22.248,0,41.94,23.514,0,65.214,12.828,23.8,65.214,22.963,3.551,6.553,6.746,0.203,0,0,2,2,0,0,0,1,0,1,3,2.842,2.243,7.988,26.039,23.506,24.322,16.992,14.288,15.443,10.057,11.282,6.527,7.682,4.032,4.966,32.662,50.885,57.119,516.385,0.714,1.314,1.943,35,460.381,34.41,25.076,22.342,220.744,12.192,12.192,0.15,7.783,149.313,516.829,27,208,71.635,24.653,123.504,123.504,17.049,2.036,23.158,17.634,1.69,0.082,10,1,8300,1.556302501
576,2.674,-2.308,2.241,-2.996,-0.36,35.453,0,414.533,21.09,18.641,20.214,13.492,10.581,11.736,7.436,8.66,4.674,5.829,2.796,3.526,9.589,29.575,0,11.762,12.657,14.211,455.247,0.966,1.655,2.241,0.905,-0.34,29,413.753,870080.485,30.85,20.914,18.17,187.318,1,0,-0.285,-1,-0.112,114.458,456.089,3,0,0,0,0,20,0,0,174,37.146,0,19.765,38.36,32.311,25.174,22.248,0,41.94,23.514,0,65.214,12.828,23.8,65.214,22.963,3.551,6.553,6.746,0.203,0,0,2,2,0,0,0,1,0,1,3,2.842,2.243,7.988,26.039,23.506,24.322,16.992,14.288,15.443,10.057,11.282,6.527,7.682,4.032,4.966,32.662,50.885,57.119,516.385,0.714,1.314,1.943,35,460.381,34.41,25.076,22.342,220.744,12.192,12.192,0.15,7.783,149.313,516.829,27,208,71.635,24.653,123.504,123.504,17.049,2.036,23.158,17.634,1.69,0.082,10,0.5,8300,1.361727836
577,2.775,-2.308,2.242,-2.996,-0.4,35.453,0,538.939,24.244,20.828,22.4,15.297,11.503,12.657,8.265,9.414,5.239,6.454,3.052,3.961,14.384,48.193,7.11,6.924,10.471,14.211,513.253,0.97,1.636,2.212,0.87,-0.87,33,469.773,5204339.136,34.298,21.649,18.169,209.323,1,0,-0.359,-1,-0.571,125.395,514.125,3,0,0,0,0,21,0,0,196,41.883,0,19.765,38.36,26.558,31.491,22.501,0,51.472,29.484,0,71.256,13.485,33.331,65.214,34.388,3.426,6.18,5.428,0.16,0,0,3,3,0,0,0,1,0,1,3,2.842,2.243,7.988,26.039,23.506,24.322,16.992,14.288,15.443,10.057,11.282,6.527,7.682,4.032,4.966,32.662,50.885,57.119,516.385,0.714,1.314,1.943,35,460.381,34.41,25.076,22.342,220.744,12.192,12.192,0.15,7.783,149.313,516.829,27,208,71.635,24.653,123.504,123.504,17.049,2.036,23.158,17.634,1.69,0.082,10,4,8300,3.811105607
578,2.775,-2.308,2.242,-2.996,-0.4,35.453,0,538.939,24.244,20.828,22.4,15.297,11.503,12.657,8.265,9.414,5.239,6.454,3.052,3.961,14.384,48.193,7.11,6.924,10.471,14.211,513.253,0.97,1.636,2.212,0.87,-0.87,33,469.773,5204339.136,34.298,21.649,18.169,209.323,1,0,-0.359,-1,-0.571,125.395,514.125,3,0,0,0,0,21,0,0,196,41.883,0,19.765,38.36,26.558,31.491,22.501,0,51.472,29.484,0,71.256,13.485,33.331,65.214,34.388,3.426,6.18,5.428,0.16,0,0,3,3,0,0,0,1,0,1,3,2.842,2.243,7.988,26.039,23.506,24.322,16.992,14.288,15.443,10.057,11.282,6.527,7.682,4.032,4.966,32.662,50.885,57.119,516.385,0.714,1.314,1.943,35,460.381,34.41,25.076,22.342,220.744,12.192,12.192,0.15,7.783,149.313,516.829,27,208,71.635,24.653,123.504,123.504,17.049,2.036,23.158,17.634,1.69,0.082,10,2,8300,3.278067331
579,2.775,-2.308,2.242,-2.996,-0.4,35.453,0,538.939,24.244,20.828,22.4,15.297,11.503,12.657,8.265,9.414,5.239,6.454,3.052,3.961,14.384,48.193,7.11,6.924,10.471,14.211,513.253,0.97,1.636,2.212,0.87,-0.87,33,469.773,5204339.136,34.298,21.649,18.169,209.323,1,0,-0.359,-1,-0.571,125.395,514.125,3,0,0,0,0,21,0,0,196,41.883,0,19.765,38.36,26.558,31.491,22.501,0,51.472,29.484,0,71.256,13.485,33.331,65.214,34.388,3.426,6.18,5.428,0.16,0,0,3,3,0,0,0,1,0,1,3,2.842,2.243,7.988,26.039,23.506,24.322,16.992,14.288,15.443,10.057,11.282,6.527,7.682,4.032,4.966,32.662,50.885,57.119,516.385,0.714,1.314,1.943,35,460.381,34.41,25.076,22.342,220.744,12.192,12.192,0.15,7.783,149.313,516.829,27,208,71.635,24.653,123.504,123.504,17.049,2.036,23.158,17.634,1.69,0.082,10,1,8300,2.195899652
580,2.775,-2.308,2.242,-2.996,-0.4,35.453,0,538.939,24.244,20.828,22.4,15.297,11.503,12.657,8.265,9.414,5.239,6.454,3.052,3.961,14.384,48.193,7.11,6.924,10.471,14.211,513.253,0.97,1.636,2.212,0.87,-0.87,33,469.773,5204339.136,34.298,21.649,18.169,209.323,1,0,-0.359,-1,-0.571,125.395,514.125,3,0,0,0,0,21,0,0,196,41.883,0,19.765,38.36,26.558,31.491,22.501,0,51.472,29.484,0,71.256,13.485,33.331,65.214,34.388,3.426,6.18,5.428,0.16,0,0,3,3,0,0,0,1,0,1,3,2.842,2.243,7.988,26.039,23.506,24.322,16.992,14.288,15.443,10.057,11.282,6.527,7.682,4.032,4.966,32.662,50.885,57.119,516.385,0.714,1.314,1.943,35,460.381,34.41,25.076,22.342,220.744,12.192,12.192,0.15,7.783,149.313,516.829,27,208,71.635,24.653,123.504,123.504,17.049,2.036,23.158,17.634,1.69,0.082,10,0.5,8300,2.184691431
581,2.991,-2.308,2.243,-2.371,-0.151,32.166,3.964,687.795,32.023,28.483,29.299,20.818,17.105,18.26,11.938,13.163,7.707,8.861,4.746,5.621,14.384,23.075,38.773,11.762,30.988,14.211,630.464,0.744,1.395,2.023,0.912,-1.16,43,564.449,1101079577,41.84,29.545,25.828,268.04,0.465,0.164,-0.338,-0.465,6.831,179.82,630.977,1,0,0,1,0,32,0,0,254,29.222,5.907,46.454,89.43,39.524,18.629,28.748,0,28.594,29.422,10.217,124.007,12.791,28.594,124.007,37.989,-0.338,13.801,14.262,0.064,0,0,3,3,0,1,1,0,0,0,5,2.863,2.243,7.988,26.747,24.213,25.029,17.492,14.788,15.943,10.41,11.635,6.777,7.932,4.209,5.143,32.662,50.885,63.54,530.4,0.694,1.278,1.889,36,472.392,35.41,26.034,22.595,227.109,12.203,12.203,0.15,8.173,153.93,530.856,28,214,78.056,25.608,129.925,129.925,17.068,2.039,23.176,19.085,1.691,0.075,11,4,8300,4.797122059
582,2.991,-2.308,2.243,-2.371,-0.151,32.166,3.964,687.795,32.023,28.483,29.299,20.818,17.105,18.26,11.938,13.163,7.707,8.861,4.746,5.621,14.384,23.075,38.773,11.762,30.988,14.211,630.464,0.744,1.395,2.023,0.912,-1.16,43,564.449,1101079577,41.84,29.545,25.828,268.04,0.465,0.164,-0.338,-0.465,6.831,179.82,630.977,1,0,0,1,0,32,0,0,254,29.222,5.907,46.454,89.43,39.524,18.629,28.748,0,28.594,29.422,10.217,124.007,12.791,28.594,124.007,37.989,-0.338,13.801,14.262,0.064,0,0,3,3,0,1,1,0,0,0,5,2.863,2.243,7.988,26.747,24.213,25.029,17.492,14.788,15.943,10.41,11.635,6.777,7.932,4.209,5.143,32.662,50.885,63.54,530.4,0.694,1.278,1.889,36,472.392,35.41,26.034,22.595,227.109,12.203,12.203,0.15,8.173,153.93,530.856,28,214,78.056,25.608,129.925,129.925,17.068,2.039,23.176,19.085,1.691,0.075,11,2,8300,4.144947634
583,2.991,-2.308,2.243,-2.371,-0.151,32.166,3.964,687.795,32.023,28.483,29.299,20.818,17.105,18.26,11.938,13.163,7.707,8.861,4.746,5.621,14.384,23.075,38.773,11.762,30.988,14.211,630.464,0.744,1.395,2.023,0.912,-1.16,43,564.449,1101079577,41.84,29.545,25.828,268.04,0.465,0.164,-0.338,-0.465,6.831,179.82,630.977,1,0,0,1,0,32,0,0,254,29.222,5.907,46.454,89.43,39.524,18.629,28.748,0,28.594,29.422,10.217,124.007,12.791,28.594,124.007,37.989,-0.338,13.801,14.262,0.064,0,0,3,3,0,1,1,0,0,0,5,2.863,2.243,7.988,26.747,24.213,25.029,17.492,14.788,15.943,10.41,11.635,6.777,7.932,4.209,5.143,32.662,50.885,63.54,530.4,0.694,1.278,1.889,36,472.392,35.41,26.034,22.595,227.109,12.203,12.203,0.15,8.173,153.93,530.856,28,214,78.056,25.608,129.925,129.925,17.068,2.039,23.176,19.085,1.691,0.075,11,1,8300,4.496043559
584,2.991,-2.308,2.243,-2.371,-0.151,32.166,3.964,687.795,32.023,28.483,29.299,20.818,17.105,18.26,11.938,13.163,7.707,8.861,4.746,5.621,14.384,23.075,38.773,11.762,30.988,14.211,630.464,0.744,1.395,2.023,0.912,-1.16,43,564.449,1101079577,41.84,29.545,25.828,268.04,0.465,0.164,-0.338,-0.465,6.831,179.82,630.977,1,0,0,1,0,32,0,0,254,29.222,5.907,46.454,89.43,39.524,18.629,28.748,0,28.594,29.422,10.217,124.007,12.791,28.594,124.007,37.989,-0.338,13.801,14.262,0.064,0,0,3,3,0,1,1,0,0,0,5,2.863,2.243,7.988,26.747,24.213,25.029,17.492,14.788,15.943,10.41,11.635,6.777,7.932,4.209,5.143,32.662,50.885,63.54,530.4,0.694,1.278,1.889,36,472.392,35.41,26.034,22.595,227.109,12.203,12.203,0.15,8.173,153.93,530.856,28,214,78.056,25.608,129.925,129.925,17.068,2.039,23.176,19.085,1.691,0.075,11,0.5,8300,2.514547753
585,2.925,-2.34,2.243,-2.488,-0.151,32.166,2.127,674.022,28.772,24.756,25.572,18.853,14.76,15.914,10.632,11.856,7.206,8.36,4.54,5.414,14.384,29.682,0,16.662,11.824,19.317,574.365,0.872,1.564,2.205,0.897,-1.2,39,520.393,219846266.2,35.826,22.484,17.269,240.214,0.465,0.171,-0.344,-0.465,3.559,156.043,574.825,1,1,1,1,1,24,1,1,228,29.012,5.907,19.765,50.534,65.703,25.236,20.655,1,33.701,29.422,9.8,78.056,15.744,28.594,78.056,39.745,-0.344,7.784,9.634,0.137,1,1,3,3,1,0,1,0,1,0,3,2.863,2.243,7.988,26.747,24.213,25.029,17.492,14.788,15.943,10.41,11.635,6.777,7.932,4.209,5.143,32.662,50.885,63.54,530.4,0.694,1.278,1.889,36,472.392,35.41,26.034,22.595,227.109,12.203,12.203,0.15,8.173,153.93,530.856,28,214,78.056,25.608,129.925,129.925,17.068,2.039,23.176,19.085,1.691,0.075,11,4,8300,2.123851641
586,2.925,-2.34,2.243,-2.488,-0.151,32.166,2.127,674.022,28.772,24.756,25.572,18.853,14.76,15.914,10.632,11.856,7.206,8.36,4.54,5.414,14.384,29.682,0,16.662,11.824,19.317,574.365,0.872,1.564,2.205,0.897,-1.2,39,520.393,219846266.2,35.826,22.484,17.269,240.214,0.465,0.171,-0.344,-0.465,3.559,156.043,574.825,1,1,1,1,1,24,1,1,228,29.012,5.907,19.765,50.534,65.703,25.236,20.655,1,33.701,29.422,9.8,78.056,15.744,28.594,78.056,39.745,-0.344,7.784,9.634,0.137,1,1,3,3,1,0,1,0,1,0,3,2.863,2.243,7.988,26.747,24.213,25.029,17.492,14.788,15.943,10.41,11.635,6.777,7.932,4.209,5.143,32.662,50.885,63.54,530.4,0.694,1.278,1.889,36,472.392,35.41,26.034,22.595,227.109,12.203,12.203,0.15,8.173,153.93,530.856,28,214,78.056,25.608,129.925,129.925,17.068,2.039,23.176,19.085,1.691,0.075,11,2,8300,2.586587305
587,2.925,-2.34,2.243,-2.488,-0.151,32.166,2.127,674.022,28.772,24.756,25.572,18.853,14.76,15.914,10.632,11.856,7.206,8.36,4.54,5.414,14.384,29.682,0,16.662,11.824,19.317,574.365,0.872,1.564,2.205,0.897,-1.2,39,520.393,219846266.2,35.826,22.484,17.269,240.214,0.465,0.171,-0.344,-0.465,3.559,156.043,574.825,1,1,1,1,1,24,1,1,228,29.012,5.907,19.765,50.534,65.703,25.236,20.655,1,33.701,29.422,9.8,78.056,15.744,28.594,78.056,39.745,-0.344,7.784,9.634,0.137,1,1,3,3,1,0,1,0,1,0,3,2.863,2.243,7.988,26.747,24.213,25.029,17.492,14.788,15.943,10.41,11.635,6.777,7.932,4.209,5.143,32.662,50.885,63.54,530.4,0.694,1.278,1.889,36,472.392,35.41,26.034,22.595,227.109,12.203,12.203,0.15,8.173,153.93,530.856,28,214,78.056,25.608,129.925,129.925,17.068,2.039,23.176,19.085,1.691,0.075,11,1,8300,1.113943352
588,2.925,-2.34,2.243,-2.488,-0.151,32.166,2.127,674.022,28.772,24.756,25.572,18.853,14.76,15.914,10.632,11.856,7.206,8.36,4.54,5.414,14.384,29.682,0,16.662,11.824,19.317,574.365,0.872,1.564,2.205,0.897,-1.2,39,520.393,219846266.2,35.826,22.484,17.269,240.214,0.465,0.171,-0.344,-0.465,3.559,156.043,574.825,1,1,1,1,1,24,1,1,228,29.012,5.907,19.765,50.534,65.703,25.236,20.655,1,33.701,29.422,9.8,78.056,15.744,28.594,78.056,39.745,-0.344,7.784,9.634,0.137,1,1,3,3,1,0,1,0,1,0,3,2.863,2.243,7.988,26.747,24.213,25.029,17.492,14.788,15.943,10.41,11.635,6.777,7.932,4.209,5.143,32.662,50.885,63.54,530.4,0.694,1.278,1.889,36,472.392,35.41,26.034,22.595,227.109,12.203,12.203,0.15,8.173,153.93,530.856,28,214,78.056,25.608,129.925,129.925,17.068,2.039,23.176,19.085,1.691,0.075,11,0.5,8300,-1
589,2.927,-2.308,2.242,-2.458,-0.151,32.166,2.071,662.934,28.608,24.861,25.678,18.904,14.898,16.053,10.627,11.852,7.038,8.192,4.405,5.28,14.384,23.075,0,11.762,22.457,14.211,573.381,0.923,1.641,2.333,0.897,-1.2,39,518.401,235200918.6,35.826,23.499,19.505,240.76,0.465,0.147,-0.336,-0.465,3.444,158.256,573.841,2,1,1,1,1,25,1,1,228,29.639,5.907,19.765,50.534,72.248,18.629,21.587,1,28.594,29.422,15.533,78.056,15.564,28.594,78.056,37.603,-0.336,7.819,11.445,0.125,0,0,3,3,0,2,1,0,1,0,3,2.863,2.243,7.988,26.747,24.213,25.029,17.492,14.788,15.943,10.41,11.635,6.777,7.932,4.209,5.143,32.662,50.885,63.54,530.4,0.694,1.278,1.889,36,472.392,35.41,26.034,22.595,227.109,12.203,12.203,0.15,8.173,153.93,530.856,28,214,78.056,25.608,129.925,129.925,17.068,2.039,23.176,19.085,1.691,0.075,11,4,8300,1.968482949
590,2.927,-2.308,2.242,-2.458,-0.151,32.166,2.071,662.934,28.608,24.861,25.678,18.904,14.898,16.053,10.627,11.852,7.038,8.192,4.405,5.28,14.384,23.075,0,11.762,22.457,14.211,573.381,0.923,1.641,2.333,0.897,-1.2,39,518.401,235200918.6,35.826,23.499,19.505,240.76,0.465,0.147,-0.336,-0.465,3.444,158.256,573.841,2,1,1,1,1,25,1,1,228,29.639,5.907,19.765,50.534,72.248,18.629,21.587,1,28.594,29.422,15.533,78.056,15.564,28.594,78.056,37.603,-0.336,7.819,11.445,0.125,0,0,3,3,0,2,1,0,1,0,3,2.863,2.243,7.988,26.747,24.213,25.029,17.492,14.788,15.943,10.41,11.635,6.777,7.932,4.209,5.143,32.662,50.885,63.54,530.4,0.694,1.278,1.889,36,472.392,35.41,26.034,22.595,227.109,12.203,12.203,0.15,8.173,153.93,530.856,28,214,78.056,25.608,129.925,129.925,17.068,2.039,23.176,19.085,1.691,0.075,11,2,8300,2.385606274
591,2.927,-2.308,2.242,-2.458,-0.151,32.166,2.071,662.934,28.608,24.861,25.678,18.904,14.898,16.053,10.627,11.852,7.038,8.192,4.405,5.28,14.384,23.075,0,11.762,22.457,14.211,573.381,0.923,1.641,2.333,0.897,-1.2,39,518.401,235200918.6,35.826,23.499,19.505,240.76,0.465,0.147,-0.336,-0.465,3.444,158.256,573.841,2,1,1,1,1,25,1,1,228,29.639,5.907,19.765,50.534,72.248,18.629,21.587,1,28.594,29.422,15.533,78.056,15.564,28.594,78.056,37.603,-0.336,7.819,11.445,0.125,0,0,3,3,0,2,1,0,1,0,3,2.863,2.243,7.988,26.747,24.213,25.029,17.492,14.788,15.943,10.41,11.635,6.777,7.932,4.209,5.143,32.662,50.885,63.54,530.4,0.694,1.278,1.889,36,472.392,35.41,26.034,22.595,227.109,12.203,12.203,0.15,8.173,153.93,530.856,28,214,78.056,25.608,129.925,129.925,17.068,2.039,23.176,19.085,1.691,0.075,11,1,8300,3.788804493
592,2.927,-2.308,2.242,-2.458,-0.151,32.166,2.071,662.934,28.608,24.861,25.678,18.904,14.898,16.053,10.627,11.852,7.038,8.192,4.405,5.28,14.384,23.075,0,11.762,22.457,14.211,573.381,0.923,1.641,2.333,0.897,-1.2,39,518.401,235200918.6,35.826,23.499,19.505,240.76,0.465,0.147,-0.336,-0.465,3.444,158.256,573.841,2,1,1,1,1,25,1,1,228,29.639,5.907,19.765,50.534,72.248,18.629,21.587,1,28.594,29.422,15.533,78.056,15.564,28.594,78.056,37.603,-0.336,7.819,11.445,0.125,0,0,3,3,0,2,1,0,1,0,3,2.863,2.243,7.988,26.747,24.213,25.029,17.492,14.788,15.943,10.41,11.635,6.777,7.932,4.209,5.143,32.662,50.885,63.54,530.4,0.694,1.278,1.889,36,472.392,35.41,26.034,22.595,227.109,12.203,12.203,0.15,8.173,153.93,530.856,28,214,78.056,25.608,129.925,129.925,17.068,2.039,23.176,19.085,1.691,0.075,11,0.5,8300,3.611829479
593,2.674,-2.308,2.241,-2.996,-0.36,35.453,0,414.533,21.09,18.641,20.214,13.492,10.581,11.736,7.436,8.66,4.674,5.829,2.796,3.526,9.589,29.575,0,11.762,12.657,14.211,455.247,0.966,1.655,2.241,0.905,-0.34,29,413.753,870080.485,30.85,20.914,18.17,187.318,1,0,-0.285,-1,-0.112,114.458,456.089,3,0,0,0,0,20,0,0,174,37.146,0,19.765,38.36,32.311,25.174,22.248,0,41.94,23.514,0,65.214,12.828,23.8,65.214,22.963,3.551,6.553,6.746,0.203,0,0,2,2,0,0,0,1,0,1,3,2.863,2.243,7.988,26.747,24.213,25.029,17.492,14.788,15.943,10.41,11.635,6.777,7.932,4.209,5.143,32.662,50.885,63.54,530.4,0.694,1.278,1.889,36,472.392,35.41,26.034,22.595,227.109,12.203,12.203,0.15,8.173,153.93,530.856,28,214,78.056,25.608,129.925,129.925,17.068,2.039,23.176,19.085,1.691,0.075,11,4,8300,2.320146286
594,2.674,-2.308,2.241,-2.996,-0.36,35.453,0,414.533,21.09,18.641,20.214,13.492,10.581,11.736,7.436,8.66,4.674,5.829,2.796,3.526,9.589,29.575,0,11.762,12.657,14.211,455.247,0.966,1.655,2.241,0.905,-0.34,29,413.753,870080.485,30.85,20.914,18.17,187.318,1,0,-0.285,-1,-0.112,114.458,456.089,3,0,0,0,0,20,0,0,174,37.146,0,19.765,38.36,32.311,25.174,22.248,0,41.94,23.514,0,65.214,12.828,23.8,65.214,22.963,3.551,6.553,6.746,0.203,0,0,2,2,0,0,0,1,0,1,3,2.863,2.243,7.988,26.747,24.213,25.029,17.492,14.788,15.943,10.41,11.635,6.777,7.932,4.209,5.143,32.662,50.885,63.54,530.4,0.694,1.278,1.889,36,472.392,35.41,26.034,22.595,227.109,12.203,12.203,0.15,8.173,153.93,530.856,28,214,78.056,25.608,129.925,129.925,17.068,2.039,23.176,19.085,1.691,0.075,11,2,8300,2.88592634
595,2.674,-2.308,2.241,-2.996,-0.36,35.453,0,414.533,21.09,18.641,20.214,13.492,10.581,11.736,7.436,8.66,4.674,5.829,2.796,3.526,9.589,29.575,0,11.762,12.657,14.211,455.247,0.966,1.655,2.241,0.905,-0.34,29,413.753,870080.485,30.85,20.914,18.17,187.318,1,0,-0.285,-1,-0.112,114.458,456.089,3,0,0,0,0,20,0,0,174,37.146,0,19.765,38.36,32.311,25.174,22.248,0,41.94,23.514,0,65.214,12.828,23.8,65.214,22.963,3.551,6.553,6.746,0.203,0,0,2,2,0,0,0,1,0,1,3,2.863,2.243,7.988,26.747,24.213,25.029,17.492,14.788,15.943,10.41,11.635,6.777,7.932,4.209,5.143,32.662,50.885,63.54,530.4,0.694,1.278,1.889,36,472.392,35.41,26.034,22.595,227.109,12.203,12.203,0.15,8.173,153.93,530.856,28,214,78.056,25.608,129.925,129.925,17.068,2.039,23.176,19.085,1.691,0.075,11,1,8300,1.278753601
596,2.674,-2.308,2.241,-2.996,-0.36,35.453,0,414.533,21.09,18.641,20.214,13.492,10.581,11.736,7.436,8.66,4.674,5.829,2.796,3.526,9.589,29.575,0,11.762,12.657,14.211,455.247,0.966,1.655,2.241,0.905,-0.34,29,413.753,870080.485,30.85,20.914,18.17,187.318,1,0,-0.285,-1,-0.112,114.458,456.089,3,0,0,0,0,20,0,0,174,37.146,0,19.765,38.36,32.311,25.174,22.248,0,41.94,23.514,0,65.214,12.828,23.8,65.214,22.963,3.551,6.553,6.746,0.203,0,0,2,2,0,0,0,1,0,1,3,2.863,2.243,7.988,26.747,24.213,25.029,17.492,14.788,15.943,10.41,11.635,6.777,7.932,4.209,5.143,32.662,50.885,63.54,530.4,0.694,1.278,1.889,36,472.392,35.41,26.034,22.595,227.109,12.203,12.203,0.15,8.173,153.93,530.856,28,214,78.056,25.608,129.925,129.925,17.068,2.039,23.176,19.085,1.691,0.075,11,0.5,8300,2.530199698
597,2.775,-2.308,2.242,-2.996,-0.4,35.453,0,538.939,24.244,20.828,22.4,15.297,11.503,12.657,8.265,9.414,5.239,6.454,3.052,3.961,14.384,48.193,7.11,6.924,10.471,14.211,513.253,0.97,1.636,2.212,0.87,-0.87,33,469.773,5204339.136,34.298,21.649,18.169,209.323,1,0,-0.359,-1,-0.571,125.395,514.125,3,0,0,0,0,21,0,0,196,41.883,0,19.765,38.36,26.558,31.491,22.501,0,51.472,29.484,0,71.256,13.485,33.331,65.214,34.388,3.426,6.18,5.428,0.16,0,0,3,3,0,0,0,1,0,1,3,2.863,2.243,7.988,26.747,24.213,25.029,17.492,14.788,15.943,10.41,11.635,6.777,7.932,4.209,5.143,32.662,50.885,63.54,530.4,0.694,1.278,1.889,36,472.392,35.41,26.034,22.595,227.109,12.203,12.203,0.15,8.173,153.93,530.856,28,214,78.056,25.608,129.925,129.925,17.068,2.039,23.176,19.085,1.691,0.075,11,4,8300,5.617716232
598,2.775,-2.308,2.242,-2.996,-0.4,35.453,0,538.939,24.244,20.828,22.4,15.297,11.503,12.657,8.265,9.414,5.239,6.454,3.052,3.961,14.384,48.193,7.11,6.924,10.471,14.211,513.253,0.97,1.636,2.212,0.87,-0.87,33,469.773,5204339.136,34.298,21.649,18.169,209.323,1,0,-0.359,-1,-0.571,125.395,514.125,3,0,0,0,0,21,0,0,196,41.883,0,19.765,38.36,26.558,31.491,22.501,0,51.472,29.484,0,71.256,13.485,33.331,65.214,34.388,3.426,6.18,5.428,0.16,0,0,3,3,0,0,0,1,0,1,3,2.863,2.243,7.988,26.747,24.213,25.029,17.492,14.788,15.943,10.41,11.635,6.777,7.932,4.209,5.143,32.662,50.885,63.54,530.4,0.694,1.278,1.889,36,472.392,35.41,26.034,22.595,227.109,12.203,12.203,0.15,8.173,153.93,530.856,28,214,78.056,25.608,129.925,129.925,17.068,2.039,23.176,19.085,1.691,0.075,11,2,8300,4.51444149
599,2.775,-2.308,2.242,-2.996,-0.4,35.453,0,538.939,24.244,20.828,22.4,15.297,11.503,12.657,8.265,9.414,5.239,6.454,3.052,3.961,14.384,48.193,7.11,6.924,10.471,14.211,513.253,0.97,1.636,2.212,0.87,-0.87,33,469.773,5204339.136,34.298,21.649,18.169,209.323,1,0,-0.359,-1,-0.571,125.395,514.125,3,0,0,0,0,21,0,0,196,41.883,0,19.765,38.36,26.558,31.491,22.501,0,51.472,29.484,0,71.256,13.485,33.331,65.214,34.388,3.426,6.18,5.428,0.16,0,0,3,3,0,0,0,1,0,1,3,2.863,2.243,7.988,26.747,24.213,25.029,17.492,14.788,15.943,10.41,11.635,6.777,7.932,4.209,5.143,32.662,50.885,63.54,530.4,0.694,1.278,1.889,36,472.392,35.41,26.034,22.595,227.109,12.203,12.203,0.15,8.173,153.93,530.856,28,214,78.056,25.608,129.925,129.925,17.068,2.039,23.176,19.085,1.691,0.075,11,1,8300,2.832508913
600,2.775,-2.308,2.242,-2.996,-0.4,35.453,0,538.939,24.244,20.828,22.4,15.297,11.503,12.657,8.265,9.414,5.239,6.454,3.052,3.961,14.384,48.193,7.11,6.924,10.471,14.211,513.253,0.97,1.636,2.212,0.87,-0.87,33,469.773,5204339.136,34.298,21.649,18.169,209.323,1,0,-0.359,-1,-0.571,125.395,514.125,3,0,0,0,0,21,0,0,196,41.883,0,19.765,38.36,26.558,31.491,22.501,0,51.472,29.484,0,71.256,13.485,33.331,65.214,34.388,3.426,6.18,5.428,0.16,0,0,3,3,0,0,0,1,0,1,3,2.863,2.243,7.988,26.747,24.213,25.029,17.492,14.788,15.943,10.41,11.635,6.777,7.932,4.209,5.143,32.662,50.885,63.54,530.4,0.694,1.278,1.889,36,472.392,35.41,26.034,22.595,227.109,12.203,12.203,0.15,8.173,153.93,530.856,28,214,78.056,25.608,129.925,129.925,17.068,2.039,23.176,19.085,1.691,0.075,11,0.5,8300,2.113943352
601,2.991,-2.308,2.243,-2.371,-0.151,32.166,3.964,687.795,32.023,28.483,29.299,20.818,17.105,18.26,11.938,13.163,7.707,8.861,4.746,5.621,14.384,23.075,38.773,11.762,30.988,14.211,630.464,0.744,1.395,2.023,0.912,-1.16,43,564.449,1101079577,41.84,29.545,25.828,268.04,0.465,0.164,-0.338,-0.465,6.831,179.82,630.977,1,0,0,1,0,32,0,0,254,29.222,5.907,46.454,89.43,39.524,18.629,28.748,0,28.594,29.422,10.217,124.007,12.791,28.594,124.007,37.989,-0.338,13.801,14.262,0.064,0,0,3,3,0,1,1,0,0,0,5,2.884,2.243,7.988,27.454,24.92,25.737,17.992,15.288,16.443,10.764,11.989,7.027,8.182,4.385,5.32,32.662,50.885,69.961,544.416,0.676,1.243,1.838,37,484.403,36.41,26.995,24.205,233.474,12.214,12.214,0.149,8.563,158.547,544.883,29,220,84.477,26.564,136.346,136.346,17.084,2.042,23.193,20.54,1.692,0.069,12,4,8300,5.674070796
602,2.991,-2.308,2.243,-2.371,-0.151,32.166,3.964,687.795,32.023,28.483,29.299,20.818,17.105,18.26,11.938,13.163,7.707,8.861,4.746,5.621,14.384,23.075,38.773,11.762,30.988,14.211,630.464,0.744,1.395,2.023,0.912,-1.16,43,564.449,1101079577,41.84,29.545,25.828,268.04,0.465,0.164,-0.338,-0.465,6.831,179.82,630.977,1,0,0,1,0,32,0,0,254,29.222,5.907,46.454,89.43,39.524,18.629,28.748,0,28.594,29.422,10.217,124.007,12.791,28.594,124.007,37.989,-0.338,13.801,14.262,0.064,0,0,3,3,0,1,1,0,0,0,5,2.884,2.243,7.988,27.454,24.92,25.737,17.992,15.288,16.443,10.764,11.989,7.027,8.182,4.385,5.32,32.662,50.885,69.961,544.416,0.676,1.243,1.838,37,484.403,36.41,26.995,24.205,233.474,12.214,12.214,0.149,8.563,158.547,544.883,29,220,84.477,26.564,136.346,136.346,17.084,2.042,23.193,20.54,1.692,0.069,12,2,8300,5.778522414
603,2.991,-2.308,2.243,-2.371,-0.151,32.166,3.964,687.795,32.023,28.483,29.299,20.818,17.105,18.26,11.938,13.163,7.707,8.861,4.746,5.621,14.384,23.075,38.773,11.762,30.988,14.211,630.464,0.744,1.395,2.023,0.912,-1.16,43,564.449,1101079577,41.84,29.545,25.828,268.04,0.465,0.164,-0.338,-0.465,6.831,179.82,630.977,1,0,0,1,0,32,0,0,254,29.222,5.907,46.454,89.43,39.524,18.629,28.748,0,28.594,29.422,10.217,124.007,12.791,28.594,124.007,37.989,-0.338,13.801,14.262,0.064,0,0,3,3,0,1,1,0,0,0,5,2.884,2.243,7.988,27.454,24.92,25.737,17.992,15.288,16.443,10.764,11.989,7.027,8.182,4.385,5.32,32.662,50.885,69.961,544.416,0.676,1.243,1.838,37,484.403,36.41,26.995,24.205,233.474,12.214,12.214,0.149,8.563,158.547,544.883,29,220,84.477,26.564,136.346,136.346,17.084,2.042,23.193,20.54,1.692,0.069,12,1,8300,4.720498334
604,2.991,-2.308,2.243,-2.371,-0.151,32.166,3.964,687.795,32.023,28.483,29.299,20.818,17.105,18.26,11.938,13.163,7.707,8.861,4.746,5.621,14.384,23.075,38.773,11.762,30.988,14.211,630.464,0.744,1.395,2.023,0.912,-1.16,43,564.449,1101079577,41.84,29.545,25.828,268.04,0.465,0.164,-0.338,-0.465,6.831,179.82,630.977,1,0,0,1,0,32,0,0,254,29.222,5.907,46.454,89.43,39.524,18.629,28.748,0,28.594,29.422,10.217,124.007,12.791,28.594,124.007,37.989,-0.338,13.801,14.262,0.064,0,0,3,3,0,1,1,0,0,0,5,2.884,2.243,7.988,27.454,24.92,25.737,17.992,15.288,16.443,10.764,11.989,7.027,8.182,4.385,5.32,32.662,50.885,69.961,544.416,0.676,1.243,1.838,37,484.403,36.41,26.995,24.205,233.474,12.214,12.214,0.149,8.563,158.547,544.883,29,220,84.477,26.564,136.346,136.346,17.084,2.042,23.193,20.54,1.692,0.069,12,0.5,8300,2.740362689
605,2.925,-2.34,2.243,-2.488,-0.151,32.166,2.127,674.022,28.772,24.756,25.572,18.853,14.76,15.914,10.632,11.856,7.206,8.36,4.54,5.414,14.384,29.682,0,16.662,11.824,19.317,574.365,0.872,1.564,2.205,0.897,-1.2,39,520.393,219846266.2,35.826,22.484,17.269,240.214,0.465,0.171,-0.344,-0.465,3.559,156.043,574.825,1,1,1,1,1,24,1,1,228,29.012,5.907,19.765,50.534,65.703,25.236,20.655,1,33.701,29.422,9.8,78.056,15.744,28.594,78.056,39.745,-0.344,7.784,9.634,0.137,1,1,3,3,1,0,1,0,1,0,3,2.884,2.243,7.988,27.454,24.92,25.737,17.992,15.288,16.443,10.764,11.989,7.027,8.182,4.385,5.32,32.662,50.885,69.961,544.416,0.676,1.243,1.838,37,484.403,36.41,26.995,24.205,233.474,12.214,12.214,0.149,8.563,158.547,544.883,29,220,84.477,26.564,136.346,136.346,17.084,2.042,23.193,20.54,1.692,0.069,12,4,8300,1.602059991
606,2.925,-2.34,2.243,-2.488,-0.151,32.166,2.127,674.022,28.772,24.756,25.572,18.853,14.76,15.914,10.632,11.856,7.206,8.36,4.54,5.414,14.384,29.682,0,16.662,11.824,19.317,574.365,0.872,1.564,2.205,0.897,-1.2,39,520.393,219846266.2,35.826,22.484,17.269,240.214,0.465,0.171,-0.344,-0.465,3.559,156.043,574.825,1,1,1,1,1,24,1,1,228,29.012,5.907,19.765,50.534,65.703,25.236,20.655,1,33.701,29.422,9.8,78.056,15.744,28.594,78.056,39.745,-0.344,7.784,9.634,0.137,1,1,3,3,1,0,1,0,1,0,3,2.884,2.243,7.988,27.454,24.92,25.737,17.992,15.288,16.443,10.764,11.989,7.027,8.182,4.385,5.32,32.662,50.885,69.961,544.416,0.676,1.243,1.838,37,484.403,36.41,26.995,24.205,233.474,12.214,12.214,0.149,8.563,158.547,544.883,29,220,84.477,26.564,136.346,136.346,17.084,2.042,23.193,20.54,1.692,0.069,12,2,8300,0.77815125
607,2.925,-2.34,2.243,-2.488,-0.151,32.166,2.127,674.022,28.772,24.756,25.572,18.853,14.76,15.914,10.632,11.856,7.206,8.36,4.54,5.414,14.384,29.682,0,16.662,11.824,19.317,574.365,0.872,1.564,2.205,0.897,-1.2,39,520.393,219846266.2,35.826,22.484,17.269,240.214,0.465,0.171,-0.344,-0.465,3.559,156.043,574.825,1,1,1,1,1,24,1,1,228,29.012,5.907,19.765,50.534,65.703,25.236,20.655,1,33.701,29.422,9.8,78.056,15.744,28.594,78.056,39.745,-0.344,7.784,9.634,0.137,1,1,3,3,1,0,1,0,1,0,3,2.884,2.243,7.988,27.454,24.92,25.737,17.992,15.288,16.443,10.764,11.989,7.027,8.182,4.385,5.32,32.662,50.885,69.961,544.416,0.676,1.243,1.838,37,484.403,36.41,26.995,24.205,233.474,12.214,12.214,0.149,8.563,158.547,544.883,29,220,84.477,26.564,136.346,136.346,17.084,2.042,23.193,20.54,1.692,0.069,12,1,8300,1
608,2.925,-2.34,2.243,-2.488,-0.151,32.166,2.127,674.022,28.772,24.756,25.572,18.853,14.76,15.914,10.632,11.856,7.206,8.36,4.54,5.414,14.384,29.682,0,16.662,11.824,19.317,574.365,0.872,1.564,2.205,0.897,-1.2,39,520.393,219846266.2,35.826,22.484,17.269,240.214,0.465,0.171,-0.344,-0.465,3.559,156.043,574.825,1,1,1,1,1,24,1,1,228,29.012,5.907,19.765,50.534,65.703,25.236,20.655,1,33.701,29.422,9.8,78.056,15.744,28.594,78.056,39.745,-0.344,7.784,9.634,0.137,1,1,3,3,1,0,1,0,1,0,3,2.884,2.243,7.988,27.454,24.92,25.737,17.992,15.288,16.443,10.764,11.989,7.027,8.182,4.385,5.32,32.662,50.885,69.961,544.416,0.676,1.243,1.838,37,484.403,36.41,26.995,24.205,233.474,12.214,12.214,0.149,8.563,158.547,544.883,29,220,84.477,26.564,136.346,136.346,17.084,2.042,23.193,20.54,1.692,0.069,12,0.5,8300,0.477121255
609,2.927,-2.308,2.242,-2.458,-0.151,32.166,2.071,662.934,28.608,24.861,25.678,18.904,14.898,16.053,10.627,11.852,7.038,8.192,4.405,5.28,14.384,23.075,0,11.762,22.457,14.211,573.381,0.923,1.641,2.333,0.897,-1.2,39,518.401,235200918.6,35.826,23.499,19.505,240.76,0.465,0.147,-0.336,-0.465,3.444,158.256,573.841,2,1,1,1,1,25,1,1,228,29.639,5.907,19.765,50.534,72.248,18.629,21.587,1,28.594,29.422,15.533,78.056,15.564,28.594,78.056,37.603,-0.336,7.819,11.445,0.125,0,0,3,3,0,2,1,0,1,0,3,2.884,2.243,7.988,27.454,24.92,25.737,17.992,15.288,16.443,10.764,11.989,7.027,8.182,4.385,5.32,32.662,50.885,69.961,544.416,0.676,1.243,1.838,37,484.403,36.41,26.995,24.205,233.474,12.214,12.214,0.149,8.563,158.547,544.883,29,220,84.477,26.564,136.346,136.346,17.084,2.042,23.193,20.54,1.692,0.069,12,4,8300,1.826074803
610,2.927,-2.308,2.242,-2.458,-0.151,32.166,2.071,662.934,28.608,24.861,25.678,18.904,14.898,16.053,10.627,11.852,7.038,8.192,4.405,5.28,14.384,23.075,0,11.762,22.457,14.211,573.381,0.923,1.641,2.333,0.897,-1.2,39,518.401,235200918.6,35.826,23.499,19.505,240.76,0.465,0.147,-0.336,-0.465,3.444,158.256,573.841,2,1,1,1,1,25,1,1,228,29.639,5.907,19.765,50.534,72.248,18.629,21.587,1,28.594,29.422,15.533,78.056,15.564,28.594,78.056,37.603,-0.336,7.819,11.445,0.125,0,0,3,3,0,2,1,0,1,0,3,2.884,2.243,7.988,27.454,24.92,25.737,17.992,15.288,16.443,10.764,11.989,7.027,8.182,4.385,5.32,32.662,50.885,69.961,544.416,0.676,1.243,1.838,37,484.403,36.41,26.995,24.205,233.474,12.214,12.214,0.149,8.563,158.547,544.883,29,220,84.477,26.564,136.346,136.346,17.084,2.042,23.193,20.54,1.692,0.069,12,2,8300,1.230448921
611,2.927,-2.308,2.242,-2.458,-0.151,32.166,2.071,662.934,28.608,24.861,25.678,18.904,14.898,16.053,10.627,11.852,7.038,8.192,4.405,5.28,14.384,23.075,0,11.762,22.457,14.211,573.381,0.923,1.641,2.333,0.897,-1.2,39,518.401,235200918.6,35.826,23.499,19.505,240.76,0.465,0.147,-0.336,-0.465,3.444,158.256,573.841,2,1,1,1,1,25,1,1,228,29.639,5.907,19.765,50.534,72.248,18.629,21.587,1,28.594,29.422,15.533,78.056,15.564,28.594,78.056,37.603,-0.336,7.819,11.445,0.125,0,0,3,3,0,2,1,0,1,0,3,2.884,2.243,7.988,27.454,24.92,25.737,17.992,15.288,16.443,10.764,11.989,7.027,8.182,4.385,5.32,32.662,50.885,69.961,544.416,0.676,1.243,1.838,37,484.403,36.41,26.995,24.205,233.474,12.214,12.214,0.149,8.563,158.547,544.883,29,220,84.477,26.564,136.346,136.346,17.084,2.042,23.193,20.54,1.692,0.069,12,1,8300,2.587710965
612,2.927,-2.308,2.242,-2.458,-0.151,32.166,2.071,662.934,28.608,24.861,25.678,18.904,14.898,16.053,10.627,11.852,7.038,8.192,4.405,5.28,14.384,23.075,0,11.762,22.457,14.211,573.381,0.923,1.641,2.333,0.897,-1.2,39,518.401,235200918.6,35.826,23.499,19.505,240.76,0.465,0.147,-0.336,-0.465,3.444,158.256,573.841,2,1,1,1,1,25,1,1,228,29.639,5.907,19.765,50.534,72.248,18.629,21.587,1,28.594,29.422,15.533,78.056,15.564,28.594,78.056,37.603,-0.336,7.819,11.445,0.125,0,0,3,3,0,2,1,0,1,0,3,2.884,2.243,7.988,27.454,24.92,25.737,17.992,15.288,16.443,10.764,11.989,7.027,8.182,4.385,5.32,32.662,50.885,69.961,544.416,0.676,1.243,1.838,37,484.403,36.41,26.995,24.205,233.474,12.214,12.214,0.149,8.563,158.547,544.883,29,220,84.477,26.564,136.346,136.346,17.084,2.042,23.193,20.54,1.692,0.069,12,0.5,8300,3.171141151
613,2.674,-2.308,2.241,-2.996,-0.36,35.453,0,414.533,21.09,18.641,20.214,13.492,10.581,11.736,7.436,8.66,4.674,5.829,2.796,3.526,9.589,29.575,0,11.762,12.657,14.211,455.247,0.966,1.655,2.241,0.905,-0.34,29,413.753,870080.485,30.85,20.914,18.17,187.318,1,0,-0.285,-1,-0.112,114.458,456.089,3,0,0,0,0,20,0,0,174,37.146,0,19.765,38.36,32.311,25.174,22.248,0,41.94,23.514,0,65.214,12.828,23.8,65.214,22.963,3.551,6.553,6.746,0.203,0,0,2,2,0,0,0,1,0,1,3,2.884,2.243,7.988,27.454,24.92,25.737,17.992,15.288,16.443,10.764,11.989,7.027,8.182,4.385,5.32,32.662,50.885,69.961,544.416,0.676,1.243,1.838,37,484.403,36.41,26.995,24.205,233.474,12.214,12.214,0.149,8.563,158.547,544.883,29,220,84.477,26.564,136.346,136.346,17.084,2.042,23.193,20.54,1.692,0.069,12,4,8300,2.672097858
614,2.674,-2.308,2.241,-2.996,-0.36,35.453,0,414.533,21.09,18.641,20.214,13.492,10.581,11.736,7.436,8.66,4.674,5.829,2.796,3.526,9.589,29.575,0,11.762,12.657,14.211,455.247,0.966,1.655,2.241,0.905,-0.34,29,413.753,870080.485,30.85,20.914,18.17,187.318,1,0,-0.285,-1,-0.112,114.458,456.089,3,0,0,0,0,20,0,0,174,37.146,0,19.765,38.36,32.311,25.174,22.248,0,41.94,23.514,0,65.214,12.828,23.8,65.214,22.963,3.551,6.553,6.746,0.203,0,0,2,2,0,0,0,1,0,1,3,2.884,2.243,7.988,27.454,24.92,25.737,17.992,15.288,16.443,10.764,11.989,7.027,8.182,4.385,5.32,32.662,50.885,69.961,544.416,0.676,1.243,1.838,37,484.403,36.41,26.995,24.205,233.474,12.214,12.214,0.149,8.563,158.547,544.883,29,220,84.477,26.564,136.346,136.346,17.084,2.042,23.193,20.54,1.692,0.069,12,2,8300,2.315970345
615,2.674,-2.308,2.241,-2.996,-0.36,35.453,0,414.533,21.09,18.641,20.214,13.492,10.581,11.736,7.436,8.66,4.674,5.829,2.796,3.526,9.589,29.575,0,11.762,12.657,14.211,455.247,0.966,1.655,2.241,0.905,-0.34,29,413.753,870080.485,30.85,20.914,18.17,187.318,1,0,-0.285,-1,-0.112,114.458,456.089,3,0,0,0,0,20,0,0,174,37.146,0,19.765,38.36,32.311,25.174,22.248,0,41.94,23.514,0,65.214,12.828,23.8,65.214,22.963,3.551,6.553,6.746,0.203,0,0,2,2,0,0,0,1,0,1,3,2.884,2.243,7.988,27.454,24.92,25.737,17.992,15.288,16.443,10.764,11.989,7.027,8.182,4.385,5.32,32.662,50.885,69.961,544.416,0.676,1.243,1.838,37,484.403,36.41,26.995,24.205,233.474,12.214,12.214,0.149,8.563,158.547,544.883,29,220,84.477,26.564,136.346,136.346,17.084,2.042,23.193,20.54,1.692,0.069,12,1,8300,2.089905111
616,2.674,-2.308,2.241,-2.996,-0.36,35.453,0,414.533,21.09,18.641,20.214,13.492,10.581,11.736,7.436,8.66,4.674,5.829,2.796,3.526,9.589,29.575,0,11.762,12.657,14.211,455.247,0.966,1.655,2.241,0.905,-0.34,29,413.753,870080.485,30.85,20.914,18.17,187.318,1,0,-0.285,-1,-0.112,114.458,456.089,3,0,0,0,0,20,0,0,174,37.146,0,19.765,38.36,32.311,25.174,22.248,0,41.94,23.514,0,65.214,12.828,23.8,65.214,22.963,3.551,6.553,6.746,0.203,0,0,2,2,0,0,0,1,0,1,3,2.884,2.243,7.988,27.454,24.92,25.737,17.992,15.288,16.443,10.764,11.989,7.027,8.182,4.385,5.32,32.662,50.885,69.961,544.416,0.676,1.243,1.838,37,484.403,36.41,26.995,24.205,233.474,12.214,12.214,0.149,8.563,158.547,544.883,29,220,84.477,26.564,136.346,136.346,17.084,2.042,23.193,20.54,1.692,0.069,12,0.5,8300,1.939519253
617,2.775,-2.308,2.242,-2.996,-0.4,35.453,0,538.939,24.244,20.828,22.4,15.297,11.503,12.657,8.265,9.414,5.239,6.454,3.052,3.961,14.384,48.193,7.11,6.924,10.471,14.211,513.253,0.97,1.636,2.212,0.87,-0.87,33,469.773,5204339.136,34.298,21.649,18.169,209.323,1,0,-0.359,-1,-0.571,125.395,514.125,3,0,0,0,0,21,0,0,196,41.883,0,19.765,38.36,26.558,31.491,22.501,0,51.472,29.484,0,71.256,13.485,33.331,65.214,34.388,3.426,6.18,5.428,0.16,0,0,3,3,0,0,0,1,0,1,3,2.884,2.243,7.988,27.454,24.92,25.737,17.992,15.288,16.443,10.764,11.989,7.027,8.182,4.385,5.32,32.662,50.885,69.961,544.416,0.676,1.243,1.838,37,484.403,36.41,26.995,24.205,233.474,12.214,12.214,0.149,8.563,158.547,544.883,29,220,84.477,26.564,136.346,136.346,17.084,2.042,23.193,20.54,1.692,0.069,12,4,8300,3.278753601
618,2.775,-2.308,2.242,-2.996,-0.4,35.453,0,538.939,24.244,20.828,22.4,15.297,11.503,12.657,8.265,9.414,5.239,6.454,3.052,3.961,14.384,48.193,7.11,6.924,10.471,14.211,513.253,0.97,1.636,2.212,0.87,-0.87,33,469.773,5204339.136,34.298,21.649,18.169,209.323,1,0,-0.359,-1,-0.571,125.395,514.125,3,0,0,0,0,21,0,0,196,41.883,0,19.765,38.36,26.558,31.491,22.501,0,51.472,29.484,0,71.256,13.485,33.331,65.214,34.388,3.426,6.18,5.428,0.16,0,0,3,3,0,0,0,1,0,1,3,2.884,2.243,7.988,27.454,24.92,25.737,17.992,15.288,16.443,10.764,11.989,7.027,8.182,4.385,5.32,32.662,50.885,69.961,544.416,0.676,1.243,1.838,37,484.403,36.41,26.995,24.205,233.474,12.214,12.214,0.149,8.563,158.547,544.883,29,220,84.477,26.564,136.346,136.346,17.084,2.042,23.193,20.54,1.692,0.069,12,2,8300,3.098989639
619,2.775,-2.308,2.242,-2.996,-0.4,35.453,0,538.939,24.244,20.828,22.4,15.297,11.503,12.657,8.265,9.414,5.239,6.454,3.052,3.961,14.384,48.193,7.11,6.924,10.471,14.211,513.253,0.97,1.636,2.212,0.87,-0.87,33,469.773,5204339.136,34.298,21.649,18.169,209.323,1,0,-0.359,-1,-0.571,125.395,514.125,3,0,0,0,0,21,0,0,196,41.883,0,19.765,38.36,26.558,31.491,22.501,0,51.472,29.484,0,71.256,13.485,33.331,65.214,34.388,3.426,6.18,5.428,0.16,0,0,3,3,0,0,0,1,0,1,3,2.884,2.243,7.988,27.454,24.92,25.737,17.992,15.288,16.443,10.764,11.989,7.027,8.182,4.385,5.32,32.662,50.885,69.961,544.416,0.676,1.243,1.838,37,484.403,36.41,26.995,24.205,233.474,12.214,12.214,0.149,8.563,158.547,544.883,29,220,84.477,26.564,136.346,136.346,17.084,2.042,23.193,20.54,1.692,0.069,12,1,8300,2.173186268
620,2.775,-2.308,2.242,-2.996,-0.4,35.453,0,538.939,24.244,20.828,22.4,15.297,11.503,12.657,8.265,9.414,5.239,6.454,3.052,3.961,14.384,48.193,7.11,6.924,10.471,14.211,513.253,0.97,1.636,2.212,0.87,-0.87,33,469.773,5204339.136,34.298,21.649,18.169,209.323,1,0,-0.359,-1,-0.571,125.395,514.125,3,0,0,0,0,21,0,0,196,41.883,0,19.765,38.36,26.558,31.491,22.501,0,51.472,29.484,0,71.256,13.485,33.331,65.214,34.388,3.426,6.18,5.428,0.16,0,0,3,3,0,0,0,1,0,1,3,2.884,2.243,7.988,27.454,24.92,25.737,17.992,15.288,16.443,10.764,11.989,7.027,8.182,4.385,5.32,32.662,50.885,69.961,544.416,0.676,1.243,1.838,37,484.403,36.41,26.995,24.205,233.474,12.214,12.214,0.149,8.563,158.547,544.883,29,220,84.477,26.564,136.346,136.346,17.084,2.042,23.193,20.54,1.692,0.069,12,0.5,8300,1.477121255
621,2.991,-2.308,2.243,-2.371,-0.151,32.166,3.964,687.795,32.023,28.483,29.299,20.818,17.105,18.26,11.938,13.163,7.707,8.861,4.746,5.621,14.384,23.075,38.773,11.762,30.988,14.211,630.464,0.744,1.395,2.023,0.912,-1.16,43,564.449,1101079577,41.84,29.545,25.828,268.04,0.465,0.164,-0.338,-0.465,6.831,179.82,630.977,1,0,0,1,0,32,0,0,254,29.222,5.907,46.454,89.43,39.524,18.629,28.748,0,28.594,29.422,10.217,124.007,12.791,28.594,124.007,37.989,-0.338,13.801,14.262,0.064,0,0,3,3,0,1,1,0,0,0,5,2.923,2.244,7.988,28.868,26.334,27.151,18.992,16.288,17.443,11.471,12.696,7.527,8.682,4.739,5.673,32.662,50.885,82.803,572.447,0.641,1.179,1.744,39,508.425,38.41,28.921,26.08,246.204,12.232,12.232,0.148,9.343,167.781,572.937,31,232,97.318,28.484,149.188,149.188,17.112,2.046,23.222,23.465,1.694,0.061,14,4,8300,5.639186563
622,2.991,-2.308,2.243,-2.371,-0.151,32.166,3.964,687.795,32.023,28.483,29.299,20.818,17.105,18.26,11.938,13.163,7.707,8.861,4.746,5.621,14.384,23.075,38.773,11.762,30.988,14.211,630.464,0.744,1.395,2.023,0.912,-1.16,43,564.449,1101079577,41.84,29.545,25.828,268.04,0.465,0.164,-0.338,-0.465,6.831,179.82,630.977,1,0,0,1,0,32,0,0,254,29.222,5.907,46.454,89.43,39.524,18.629,28.748,0,28.594,29.422,10.217,124.007,12.791,28.594,124.007,37.989,-0.338,13.801,14.262,0.064,0,0,3,3,0,1,1,0,0,0,5,2.923,2.244,7.988,28.868,26.334,27.151,18.992,16.288,17.443,11.471,12.696,7.527,8.682,4.739,5.673,32.662,50.885,82.803,572.447,0.641,1.179,1.744,39,508.425,38.41,28.921,26.08,246.204,12.232,12.232,0.148,9.343,167.781,572.937,31,232,97.318,28.484,149.188,149.188,17.112,2.046,23.222,23.465,1.694,0.061,14,2,8300,5.659302813
623,2.991,-2.308,2.243,-2.371,-0.151,32.166,3.964,687.795,32.023,28.483,29.299,20.818,17.105,18.26,11.938,13.163,7.707,8.861,4.746,5.621,14.384,23.075,38.773,11.762,30.988,14.211,630.464,0.744,1.395,2.023,0.912,-1.16,43,564.449,1101079577,41.84,29.545,25.828,268.04,0.465,0.164,-0.338,-0.465,6.831,179.82,630.977,1,0,0,1,0,32,0,0,254,29.222,5.907,46.454,89.43,39.524,18.629,28.748,0,28.594,29.422,10.217,124.007,12.791,28.594,124.007,37.989,-0.338,13.801,14.262,0.064,0,0,3,3,0,1,1,0,0,0,5,2.923,2.244,7.988,28.868,26.334,27.151,18.992,16.288,17.443,11.471,12.696,7.527,8.682,4.739,5.673,32.662,50.885,82.803,572.447,0.641,1.179,1.744,39,508.425,38.41,28.921,26.08,246.204,12.232,12.232,0.148,9.343,167.781,572.937,31,232,97.318,28.484,149.188,149.188,17.112,2.046,23.222,23.465,1.694,0.061,14,1,8300,4.16613397
624,2.991,-2.308,2.243,-2.371,-0.151,32.166,3.964,687.795,32.023,28.483,29.299,20.818,17.105,18.26,11.938,13.163,7.707,8.861,4.746,5.621,14.384,23.075,38.773,11.762,30.988,14.211,630.464,0.744,1.395,2.023,0.912,-1.16,43,564.449,1101079577,41.84,29.545,25.828,268.04,0.465,0.164,-0.338,-0.465,6.831,179.82,630.977,1,0,0,1,0,32,0,0,254,29.222,5.907,46.454,89.43,39.524,18.629,28.748,0,28.594,29.422,10.217,124.007,12.791,28.594,124.007,37.989,-0.338,13.801,14.262,0.064,0,0,3,3,0,1,1,0,0,0,5,2.923,2.244,7.988,28.868,26.334,27.151,18.992,16.288,17.443,11.471,12.696,7.527,8.682,4.739,5.673,32.662,50.885,82.803,572.447,0.641,1.179,1.744,39,508.425,38.41,28.921,26.08,246.204,12.232,12.232,0.148,9.343,167.781,572.937,31,232,97.318,28.484,149.188,149.188,17.112,2.046,23.222,23.465,1.694,0.061,14,0.5,8300,3.591954555
625,2.925,-2.34,2.243,-2.488,-0.151,32.166,2.127,674.022,28.772,24.756,25.572,18.853,14.76,15.914,10.632,11.856,7.206,8.36,4.54,5.414,14.384,29.682,0,16.662,11.824,19.317,574.365,0.872,1.564,2.205,0.897,-1.2,39,520.393,219846266.2,35.826,22.484,17.269,240.214,0.465,0.171,-0.344,-0.465,3.559,156.043,574.825,1,1,1,1,1,24,1,1,228,29.012,5.907,19.765,50.534,65.703,25.236,20.655,1,33.701,29.422,9.8,78.056,15.744,28.594,78.056,39.745,-0.344,7.784,9.634,0.137,1,1,3,3,1,0,1,0,1,0,3,2.923,2.244,7.988,28.868,26.334,27.151,18.992,16.288,17.443,11.471,12.696,7.527,8.682,4.739,5.673,32.662,50.885,82.803,572.447,0.641,1.179,1.744,39,508.425,38.41,28.921,26.08,246.204,12.232,12.232,0.148,9.343,167.781,572.937,31,232,97.318,28.484,149.188,149.188,17.112,2.046,23.222,23.465,1.694,0.061,14,4,8300,0.477121255
626,2.925,-2.34,2.243,-2.488,-0.151,32.166,2.127,674.022,28.772,24.756,25.572,18.853,14.76,15.914,10.632,11.856,7.206,8.36,4.54,5.414,14.384,29.682,0,16.662,11.824,19.317,574.365,0.872,1.564,2.205,0.897,-1.2,39,520.393,219846266.2,35.826,22.484,17.269,240.214,0.465,0.171,-0.344,-0.465,3.559,156.043,574.825,1,1,1,1,1,24,1,1,228,29.012,5.907,19.765,50.534,65.703,25.236,20.655,1,33.701,29.422,9.8,78.056,15.744,28.594,78.056,39.745,-0.344,7.784,9.634,0.137,1,1,3,3,1,0,1,0,1,0,3,2.923,2.244,7.988,28.868,26.334,27.151,18.992,16.288,17.443,11.471,12.696,7.527,8.682,4.739,5.673,32.662,50.885,82.803,572.447,0.641,1.179,1.744,39,508.425,38.41,28.921,26.08,246.204,12.232,12.232,0.148,9.343,167.781,572.937,31,232,97.318,28.484,149.188,149.188,17.112,2.046,23.222,23.465,1.694,0.061,14,2,8300,-1
627,2.925,-2.34,2.243,-2.488,-0.151,32.166,2.127,674.022,28.772,24.756,25.572,18.853,14.76,15.914,10.632,11.856,7.206,8.36,4.54,5.414,14.384,29.682,0,16.662,11.824,19.317,574.365,0.872,1.564,2.205,0.897,-1.2,39,520.393,219846266.2,35.826,22.484,17.269,240.214,0.465,0.171,-0.344,-0.465,3.559,156.043,574.825,1,1,1,1,1,24,1,1,228,29.012,5.907,19.765,50.534,65.703,25.236,20.655,1,33.701,29.422,9.8,78.056,15.744,28.594,78.056,39.745,-0.344,7.784,9.634,0.137,1,1,3,3,1,0,1,0,1,0,3,2.923,2.244,7.988,28.868,26.334,27.151,18.992,16.288,17.443,11.471,12.696,7.527,8.682,4.739,5.673,32.662,50.885,82.803,572.447,0.641,1.179,1.744,39,508.425,38.41,28.921,26.08,246.204,12.232,12.232,0.148,9.343,167.781,572.937,31,232,97.318,28.484,149.188,149.188,17.112,2.046,23.222,23.465,1.694,0.061,14,1,8300,1.414973348
628,2.925,-2.34,2.243,-2.488,-0.151,32.166,2.127,674.022,28.772,24.756,25.572,18.853,14.76,15.914,10.632,11.856,7.206,8.36,4.54,5.414,14.384,29.682,0,16.662,11.824,19.317,574.365,0.872,1.564,2.205,0.897,-1.2,39,520.393,219846266.2,35.826,22.484,17.269,240.214,0.465,0.171,-0.344,-0.465,3.559,156.043,574.825,1,1,1,1,1,24,1,1,228,29.012,5.907,19.765,50.534,65.703,25.236,20.655,1,33.701,29.422,9.8,78.056,15.744,28.594,78.056,39.745,-0.344,7.784,9.634,0.137,1,1,3,3,1,0,1,0,1,0,3,2.923,2.244,7.988,28.868,26.334,27.151,18.992,16.288,17.443,11.471,12.696,7.527,8.682,4.739,5.673,32.662,50.885,82.803,572.447,0.641,1.179,1.744,39,508.425,38.41,28.921,26.08,246.204,12.232,12.232,0.148,9.343,167.781,572.937,31,232,97.318,28.484,149.188,149.188,17.112,2.046,23.222,23.465,1.694,0.061,14,0.5,8300,1.361727836
629,2.927,-2.308,2.242,-2.458,-0.151,32.166,2.071,662.934,28.608,24.861,25.678,18.904,14.898,16.053,10.627,11.852,7.038,8.192,4.405,5.28,14.384,23.075,0,11.762,22.457,14.211,573.381,0.923,1.641,2.333,0.897,-1.2,39,518.401,235200918.6,35.826,23.499,19.505,240.76,0.465,0.147,-0.336,-0.465,3.444,158.256,573.841,2,1,1,1,1,25,1,1,228,29.639,5.907,19.765,50.534,72.248,18.629,21.587,1,28.594,29.422,15.533,78.056,15.564,28.594,78.056,37.603,-0.336,7.819,11.445,0.125,0,0,3,3,0,2,1,0,1,0,3,2.923,2.244,7.988,28.868,26.334,27.151,18.992,16.288,17.443,11.471,12.696,7.527,8.682,4.739,5.673,32.662,50.885,82.803,572.447,0.641,1.179,1.744,39,508.425,38.41,28.921,26.08,246.204,12.232,12.232,0.148,9.343,167.781,572.937,31,232,97.318,28.484,149.188,149.188,17.112,2.046,23.222,23.465,1.694,0.061,14,4,8300,1.672097858
630,2.927,-2.308,2.242,-2.458,-0.151,32.166,2.071,662.934,28.608,24.861,25.678,18.904,14.898,16.053,10.627,11.852,7.038,8.192,4.405,5.28,14.384,23.075,0,11.762,22.457,14.211,573.381,0.923,1.641,2.333,0.897,-1.2,39,518.401,235200918.6,35.826,23.499,19.505,240.76,0.465,0.147,-0.336,-0.465,3.444,158.256,573.841,2,1,1,1,1,25,1,1,228,29.639,5.907,19.765,50.534,72.248,18.629,21.587,1,28.594,29.422,15.533,78.056,15.564,28.594,78.056,37.603,-0.336,7.819,11.445,0.125,0,0,3,3,0,2,1,0,1,0,3,2.923,2.244,7.988,28.868,26.334,27.151,18.992,16.288,17.443,11.471,12.696,7.527,8.682,4.739,5.673,32.662,50.885,82.803,572.447,0.641,1.179,1.744,39,508.425,38.41,28.921,26.08,246.204,12.232,12.232,0.148,9.343,167.781,572.937,31,232,97.318,28.484,149.188,149.188,17.112,2.046,23.222,23.465,1.694,0.061,14,2,8300,1.633468456
631,2.927,-2.308,2.242,-2.458,-0.151,32.166,2.071,662.934,28.608,24.861,25.678,18.904,14.898,16.053,10.627,11.852,7.038,8.192,4.405,5.28,14.384,23.075,0,11.762,22.457,14.211,573.381,0.923,1.641,2.333,0.897,-1.2,39,518.401,235200918.6,35.826,23.499,19.505,240.76,0.465,0.147,-0.336,-0.465,3.444,158.256,573.841,2,1,1,1,1,25,1,1,228,29.639,5.907,19.765,50.534,72.248,18.629,21.587,1,28.594,29.422,15.533,78.056,15.564,28.594,78.056,37.603,-0.336,7.819,11.445,0.125,0,0,3,3,0,2,1,0,1,0,3,2.923,2.244,7.988,28.868,26.334,27.151,18.992,16.288,17.443,11.471,12.696,7.527,8.682,4.739,5.673,32.662,50.885,82.803,572.447,0.641,1.179,1.744,39,508.425,38.41,28.921,26.08,246.204,12.232,12.232,0.148,9.343,167.781,572.937,31,232,97.318,28.484,149.188,149.188,17.112,2.046,23.222,23.465,1.694,0.061,14,1,8300,2.278753601
632,2.927,-2.308,2.242,-2.458,-0.151,32.166,2.071,662.934,28.608,24.861,25.678,18.904,14.898,16.053,10.627,11.852,7.038,8.192,4.405,5.28,14.384,23.075,0,11.762,22.457,14.211,573.381,0.923,1.641,2.333,0.897,-1.2,39,518.401,235200918.6,35.826,23.499,19.505,240.76,0.465,0.147,-0.336,-0.465,3.444,158.256,573.841,2,1,1,1,1,25,1,1,228,29.639,5.907,19.765,50.534,72.248,18.629,21.587,1,28.594,29.422,15.533,78.056,15.564,28.594,78.056,37.603,-0.336,7.819,11.445,0.125,0,0,3,3,0,2,1,0,1,0,3,2.923,2.244,7.988,28.868,26.334,27.151,18.992,16.288,17.443,11.471,12.696,7.527,8.682,4.739,5.673,32.662,50.885,82.803,572.447,0.641,1.179,1.744,39,508.425,38.41,28.921,26.08,246.204,12.232,12.232,0.148,9.343,167.781,572.937,31,232,97.318,28.484,149.188,149.188,17.112,2.046,23.222,23.465,1.694,0.061,14,0.5,8300,2.278753601
633,2.674,-2.308,2.241,-2.996,-0.36,35.453,0,414.533,21.09,18.641,20.214,13.492,10.581,11.736,7.436,8.66,4.674,5.829,2.796,3.526,9.589,29.575,0,11.762,12.657,14.211,455.247,0.966,1.655,2.241,0.905,-0.34,29,413.753,870080.485,30.85,20.914,18.17,187.318,1,0,-0.285,-1,-0.112,114.458,456.089,3,0,0,0,0,20,0,0,174,37.146,0,19.765,38.36,32.311,25.174,22.248,0,41.94,23.514,0,65.214,12.828,23.8,65.214,22.963,3.551,6.553,6.746,0.203,0,0,2,2,0,0,0,1,0,1,3,2.923,2.244,7.988,28.868,26.334,27.151,18.992,16.288,17.443,11.471,12.696,7.527,8.682,4.739,5.673,32.662,50.885,82.803,572.447,0.641,1.179,1.744,39,508.425,38.41,28.921,26.08,246.204,12.232,12.232,0.148,9.343,167.781,572.937,31,232,97.318,28.484,149.188,149.188,17.112,2.046,23.222,23.465,1.694,0.061,14,4,8300,2.285557309
634,2.674,-2.308,2.241,-2.996,-0.36,35.453,0,414.533,21.09,18.641,20.214,13.492,10.581,11.736,7.436,8.66,4.674,5.829,2.796,3.526,9.589,29.575,0,11.762,12.657,14.211,455.247,0.966,1.655,2.241,0.905,-0.34,29,413.753,870080.485,30.85,20.914,18.17,187.318,1,0,-0.285,-1,-0.112,114.458,456.089,3,0,0,0,0,20,0,0,174,37.146,0,19.765,38.36,32.311,25.174,22.248,0,41.94,23.514,0,65.214,12.828,23.8,65.214,22.963,3.551,6.553,6.746,0.203,0,0,2,2,0,0,0,1,0,1,3,2.923,2.244,7.988,28.868,26.334,27.151,18.992,16.288,17.443,11.471,12.696,7.527,8.682,4.739,5.673,32.662,50.885,82.803,572.447,0.641,1.179,1.744,39,508.425,38.41,28.921,26.08,246.204,12.232,12.232,0.148,9.343,167.781,572.937,31,232,97.318,28.484,149.188,149.188,17.112,2.046,23.222,23.465,1.694,0.061,14,2,8300,2.51851394
635,2.674,-2.308,2.241,-2.996,-0.36,35.453,0,414.533,21.09,18.641,20.214,13.492,10.581,11.736,7.436,8.66,4.674,5.829,2.796,3.526,9.589,29.575,0,11.762,12.657,14.211,455.247,0.966,1.655,2.241,0.905,-0.34,29,413.753,870080.485,30.85,20.914,18.17,187.318,1,0,-0.285,-1,-0.112,114.458,456.089,3,0,0,0,0,20,0,0,174,37.146,0,19.765,38.36,32.311,25.174,22.248,0,41.94,23.514,0,65.214,12.828,23.8,65.214,22.963,3.551,6.553,6.746,0.203,0,0,2,2,0,0,0,1,0,1,3,2.923,2.244,7.988,28.868,26.334,27.151,18.992,16.288,17.443,11.471,12.696,7.527,8.682,4.739,5.673,32.662,50.885,82.803,572.447,0.641,1.179,1.744,39,508.425,38.41,28.921,26.08,246.204,12.232,12.232,0.148,9.343,167.781,572.937,31,232,97.318,28.484,149.188,149.188,17.112,2.046,23.222,23.465,1.694,0.061,14,1,8300,1.919078092
636,2.674,-2.308,2.241,-2.996,-0.36,35.453,0,414.533,21.09,18.641,20.214,13.492,10.581,11.736,7.436,8.66,4.674,5.829,2.796,3.526,9.589,29.575,0,11.762,12.657,14.211,455.247,0.966,1.655,2.241,0.905,-0.34,29,413.753,870080.485,30.85,20.914,18.17,187.318,1,0,-0.285,-1,-0.112,114.458,456.089,3,0,0,0,0,20,0,0,174,37.146,0,19.765,38.36,32.311,25.174,22.248,0,41.94,23.514,0,65.214,12.828,23.8,65.214,22.963,3.551,6.553,6.746,0.203,0,0,2,2,0,0,0,1,0,1,3,2.923,2.244,7.988,28.868,26.334,27.151,18.992,16.288,17.443,11.471,12.696,7.527,8.682,4.739,5.673,32.662,50.885,82.803,572.447,0.641,1.179,1.744,39,508.425,38.41,28.921,26.08,246.204,12.232,12.232,0.148,9.343,167.781,572.937,31,232,97.318,28.484,149.188,149.188,17.112,2.046,23.222,23.465,1.694,0.061,14,0.5,8300,2.361727836
637,2.775,-2.308,2.242,-2.996,-0.4,35.453,0,538.939,24.244,20.828,22.4,15.297,11.503,12.657,8.265,9.414,5.239,6.454,3.052,3.961,14.384,48.193,7.11,6.924,10.471,14.211,513.253,0.97,1.636,2.212,0.87,-0.87,33,469.773,5204339.136,34.298,21.649,18.169,209.323,1,0,-0.359,-1,-0.571,125.395,514.125,3,0,0,0,0,21,0,0,196,41.883,0,19.765,38.36,26.558,31.491,22.501,0,51.472,29.484,0,71.256,13.485,33.331,65.214,34.388,3.426,6.18,5.428,0.16,0,0,3,3,0,0,0,1,0,1,3,2.923,2.244,7.988,28.868,26.334,27.151,18.992,16.288,17.443,11.471,12.696,7.527,8.682,4.739,5.673,32.662,50.885,82.803,572.447,0.641,1.179,1.744,39,508.425,38.41,28.921,26.08,246.204,12.232,12.232,0.148,9.343,167.781,572.937,31,232,97.318,28.484,149.188,149.188,17.112,2.046,23.222,23.465,1.694,0.061,14,4,8300,4.220709405
638,2.775,-2.308,2.242,-2.996,-0.4,35.453,0,538.939,24.244,20.828,22.4,15.297,11.503,12.657,8.265,9.414,5.239,6.454,3.052,3.961,14.384,48.193,7.11,6.924,10.471,14.211,513.253,0.97,1.636,2.212,0.87,-0.87,33,469.773,5204339.136,34.298,21.649,18.169,209.323,1,0,-0.359,-1,-0.571,125.395,514.125,3,0,0,0,0,21,0,0,196,41.883,0,19.765,38.36,26.558,31.491,22.501,0,51.472,29.484,0,71.256,13.485,33.331,65.214,34.388,3.426,6.18,5.428,0.16,0,0,3,3,0,0,0,1,0,1,3,2.923,2.244,7.988,28.868,26.334,27.151,18.992,16.288,17.443,11.471,12.696,7.527,8.682,4.739,5.673,32.662,50.885,82.803,572.447,0.641,1.179,1.744,39,508.425,38.41,28.921,26.08,246.204,12.232,12.232,0.148,9.343,167.781,572.937,31,232,97.318,28.484,149.188,149.188,17.112,2.046,23.222,23.465,1.694,0.061,14,2,8300,2.193124598
639,2.775,-2.308,2.242,-2.996,-0.4,35.453,0,538.939,24.244,20.828,22.4,15.297,11.503,12.657,8.265,9.414,5.239,6.454,3.052,3.961,14.384,48.193,7.11,6.924,10.471,14.211,513.253,0.97,1.636,2.212,0.87,-0.87,33,469.773,5204339.136,34.298,21.649,18.169,209.323,1,0,-0.359,-1,-0.571,125.395,514.125,3,0,0,0,0,21,0,0,196,41.883,0,19.765,38.36,26.558,31.491,22.501,0,51.472,29.484,0,71.256,13.485,33.331,65.214,34.388,3.426,6.18,5.428,0.16,0,0,3,3,0,0,0,1,0,1,3,2.923,2.244,7.988,28.868,26.334,27.151,18.992,16.288,17.443,11.471,12.696,7.527,8.682,4.739,5.673,32.662,50.885,82.803,572.447,0.641,1.179,1.744,39,508.425,38.41,28.921,26.08,246.204,12.232,12.232,0.148,9.343,167.781,572.937,31,232,97.318,28.484,149.188,149.188,17.112,2.046,23.222,23.465,1.694,0.061,14,1,8300,2.872738827
640,2.775,-2.308,2.242,-2.996,-0.4,35.453,0,538.939,24.244,20.828,22.4,15.297,11.503,12.657,8.265,9.414,5.239,6.454,3.052,3.961,14.384,48.193,7.11,6.924,10.471,14.211,513.253,0.97,1.636,2.212,0.87,-0.87,33,469.773,5204339.136,34.298,21.649,18.169,209.323,1,0,-0.359,-1,-0.571,125.395,514.125,3,0,0,0,0,21,0,0,196,41.883,0,19.765,38.36,26.558,31.491,22.501,0,51.472,29.484,0,71.256,13.485,33.331,65.214,34.388,3.426,6.18,5.428,0.16,0,0,3,3,0,0,0,1,0,1,3,2.923,2.244,7.988,28.868,26.334,27.151,18.992,16.288,17.443,11.471,12.696,7.527,8.682,4.739,5.673,32.662,50.885,82.803,572.447,0.641,1.179,1.744,39,508.425,38.41,28.921,26.08,246.204,12.232,12.232,0.148,9.343,167.781,572.937,31,232,97.318,28.484,149.188,149.188,17.112,2.046,23.222,23.465,1.694,0.061,14,0.5,8300,2.752816431
641,2.991,-2.308,2.243,-2.371,-0.151,32.166,3.964,687.795,32.023,28.483,29.299,20.818,17.105,18.26,11.938,13.163,7.707,8.861,4.746,5.621,14.384,23.075,38.773,11.762,30.988,14.211,630.464,0.744,1.395,2.023,0.912,-1.16,43,564.449,1101079577,41.84,29.545,25.828,268.04,0.465,0.164,-0.338,-0.465,6.831,179.82,630.977,1,0,0,1,0,32,0,0,254,29.222,5.907,46.454,89.43,39.524,18.629,28.748,0,28.594,29.422,10.217,124.007,12.791,28.594,124.007,37.989,-0.338,13.801,14.262,0.064,0,0,3,3,0,1,1,0,0,0,5,2.961,2.244,7.988,30.282,27.748,28.565,19.992,17.288,18.443,12.178,13.403,8.027,9.182,5.092,6.027,32.662,50.885,95.644,600.479,0.61,1.122,1.659,41,532.447,40.41,30.854,27.965,258.934,12.248,12.248,0.148,10.123,177.015,600.991,33,244,110.16,30.41,162.029,162.029,17.136,2.049,23.248,26.401,1.696,0.055,16,4,8300,5.429828154
642,2.991,-2.308,2.243,-2.371,-0.151,32.166,3.964,687.795,32.023,28.483,29.299,20.818,17.105,18.26,11.938,13.163,7.707,8.861,4.746,5.621,14.384,23.075,38.773,11.762,30.988,14.211,630.464,0.744,1.395,2.023,0.912,-1.16,43,564.449,1101079577,41.84,29.545,25.828,268.04,0.465,0.164,-0.338,-0.465,6.831,179.82,630.977,1,0,0,1,0,32,0,0,254,29.222,5.907,46.454,89.43,39.524,18.629,28.748,0,28.594,29.422,10.217,124.007,12.791,28.594,124.007,37.989,-0.338,13.801,14.262,0.064,0,0,3,3,0,1,1,0,0,0,5,2.961,2.244,7.988,30.282,27.748,28.565,19.992,17.288,18.443,12.178,13.403,8.027,9.182,5.092,6.027,32.662,50.885,95.644,600.479,0.61,1.122,1.659,41,532.447,40.41,30.854,27.965,258.934,12.248,12.248,0.148,10.123,177.015,600.991,33,244,110.16,30.41,162.029,162.029,17.136,2.049,23.248,26.401,1.696,0.055,16,2,8300,4.551413399
643,2.991,-2.308,2.243,-2.371,-0.151,32.166,3.964,687.795,32.023,28.483,29.299,20.818,17.105,18.26,11.938,13.163,7.707,8.861,4.746,5.621,14.384,23.075,38.773,11.762,30.988,14.211,630.464,0.744,1.395,2.023,0.912,-1.16,43,564.449,1101079577,41.84,29.545,25.828,268.04,0.465,0.164,-0.338,-0.465,6.831,179.82,630.977,1,0,0,1,0,32,0,0,254,29.222,5.907,46.454,89.43,39.524,18.629,28.748,0,28.594,29.422,10.217,124.007,12.791,28.594,124.007,37.989,-0.338,13.801,14.262,0.064,0,0,3,3,0,1,1,0,0,0,5,2.961,2.244,7.988,30.282,27.748,28.565,19.992,17.288,18.443,12.178,13.403,8.027,9.182,5.092,6.027,32.662,50.885,95.644,600.479,0.61,1.122,1.659,41,532.447,40.41,30.854,27.965,258.934,12.248,12.248,0.148,10.123,177.015,600.991,33,244,110.16,30.41,162.029,162.029,17.136,2.049,23.248,26.401,1.696,0.055,16,1,8300,4.227192307
644,2.991,-2.308,2.243,-2.371,-0.151,32.166,3.964,687.795,32.023,28.483,29.299,20.818,17.105,18.26,11.938,13.163,7.707,8.861,4.746,5.621,14.384,23.075,38.773,11.762,30.988,14.211,630.464,0.744,1.395,2.023,0.912,-1.16,43,564.449,1101079577,41.84,29.545,25.828,268.04,0.465,0.164,-0.338,-0.465,6.831,179.82,630.977,1,0,0,1,0,32,0,0,254,29.222,5.907,46.454,89.43,39.524,18.629,28.748,0,28.594,29.422,10.217,124.007,12.791,28.594,124.007,37.989,-0.338,13.801,14.262,0.064,0,0,3,3,0,1,1,0,0,0,5,2.961,2.244,7.988,30.282,27.748,28.565,19.992,17.288,18.443,12.178,13.403,8.027,9.182,5.092,6.027,32.662,50.885,95.644,600.479,0.61,1.122,1.659,41,532.447,40.41,30.854,27.965,258.934,12.248,12.248,0.148,10.123,177.015,600.991,33,244,110.16,30.41,162.029,162.029,17.136,2.049,23.248,26.401,1.696,0.055,16,0.5,8300,3.199480915
645,2.925,-2.34,2.243,-2.488,-0.151,32.166,2.127,674.022,28.772,24.756,25.572,18.853,14.76,15.914,10.632,11.856,7.206,8.36,4.54,5.414,14.384,29.682,0,16.662,11.824,19.317,574.365,0.872,1.564,2.205,0.897,-1.2,39,520.393,219846266.2,35.826,22.484,17.269,240.214,0.465,0.171,-0.344,-0.465,3.559,156.043,574.825,1,1,1,1,1,24,1,1,228,29.012,5.907,19.765,50.534,65.703,25.236,20.655,1,33.701,29.422,9.8,78.056,15.744,28.594,78.056,39.745,-0.344,7.784,9.634,0.137,1,1,3,3,1,0,1,0,1,0,3,2.961,2.244,7.988,30.282,27.748,28.565,19.992,17.288,18.443,12.178,13.403,8.027,9.182,5.092,6.027,32.662,50.885,95.644,600.479,0.61,1.122,1.659,41,532.447,40.41,30.854,27.965,258.934,12.248,12.248,0.148,10.123,177.015,600.991,33,244,110.16,30.41,162.029,162.029,17.136,2.049,23.248,26.401,1.696,0.055,16,4,8300,2.204119983
646,2.925,-2.34,2.243,-2.488,-0.151,32.166,2.127,674.022,28.772,24.756,25.572,18.853,14.76,15.914,10.632,11.856,7.206,8.36,4.54,5.414,14.384,29.682,0,16.662,11.824,19.317,574.365,0.872,1.564,2.205,0.897,-1.2,39,520.393,219846266.2,35.826,22.484,17.269,240.214,0.465,0.171,-0.344,-0.465,3.559,156.043,574.825,1,1,1,1,1,24,1,1,228,29.012,5.907,19.765,50.534,65.703,25.236,20.655,1,33.701,29.422,9.8,78.056,15.744,28.594,78.056,39.745,-0.344,7.784,9.634,0.137,1,1,3,3,1,0,1,0,1,0,3,2.961,2.244,7.988,30.282,27.748,28.565,19.992,17.288,18.443,12.178,13.403,8.027,9.182,5.092,6.027,32.662,50.885,95.644,600.479,0.61,1.122,1.659,41,532.447,40.41,30.854,27.965,258.934,12.248,12.248,0.148,10.123,177.015,600.991,33,244,110.16,30.41,162.029,162.029,17.136,2.049,23.248,26.401,1.696,0.055,16,2,8300,1.51851394
647,2.925,-2.34,2.243,-2.488,-0.151,32.166,2.127,674.022,28.772,24.756,25.572,18.853,14.76,15.914,10.632,11.856,7.206,8.36,4.54,5.414,14.384,29.682,0,16.662,11.824,19.317,574.365,0.872,1.564,2.205,0.897,-1.2,39,520.393,219846266.2,35.826,22.484,17.269,240.214,0.465,0.171,-0.344,-0.465,3.559,156.043,574.825,1,1,1,1,1,24,1,1,228,29.012,5.907,19.765,50.534,65.703,25.236,20.655,1,33.701,29.422,9.8,78.056,15.744,28.594,78.056,39.745,-0.344,7.784,9.634,0.137,1,1,3,3,1,0,1,0,1,0,3,2.961,2.244,7.988,30.282,27.748,28.565,19.992,17.288,18.443,12.178,13.403,8.027,9.182,5.092,6.027,32.662,50.885,95.644,600.479,0.61,1.122,1.659,41,532.447,40.41,30.854,27.965,258.934,12.248,12.248,0.148,10.123,177.015,600.991,33,244,110.16,30.41,162.029,162.029,17.136,2.049,23.248,26.401,1.696,0.055,16,1,8300,1.633468456
648,2.925,-2.34,2.243,-2.488,-0.151,32.166,2.127,674.022,28.772,24.756,25.572,18.853,14.76,15.914,10.632,11.856,7.206,8.36,4.54,5.414,14.384,29.682,0,16.662,11.824,19.317,574.365,0.872,1.564,2.205,0.897,-1.2,39,520.393,219846266.2,35.826,22.484,17.269,240.214,0.465,0.171,-0.344,-0.465,3.559,156.043,574.825,1,1,1,1,1,24,1,1,228,29.012,5.907,19.765,50.534,65.703,25.236,20.655,1,33.701,29.422,9.8,78.056,15.744,28.594,78.056,39.745,-0.344,7.784,9.634,0.137,1,1,3,3,1,0,1,0,1,0,3,2.961,2.244,7.988,30.282,27.748,28.565,19.992,17.288,18.443,12.178,13.403,8.027,9.182,5.092,6.027,32.662,50.885,95.644,600.479,0.61,1.122,1.659,41,532.447,40.41,30.854,27.965,258.934,12.248,12.248,0.148,10.123,177.015,600.991,33,244,110.16,30.41,162.029,162.029,17.136,2.049,23.248,26.401,1.696,0.055,16,0.5,8300,1.477121255
649,2.927,-2.308,2.242,-2.458,-0.151,32.166,2.071,662.934,28.608,24.861,25.678,18.904,14.898,16.053,10.627,11.852,7.038,8.192,4.405,5.28,14.384,23.075,0,11.762,22.457,14.211,573.381,0.923,1.641,2.333,0.897,-1.2,39,518.401,235200918.6,35.826,23.499,19.505,240.76,0.465,0.147,-0.336,-0.465,3.444,158.256,573.841,2,1,1,1,1,25,1,1,228,29.639,5.907,19.765,50.534,72.248,18.629,21.587,1,28.594,29.422,15.533,78.056,15.564,28.594,78.056,37.603,-0.336,7.819,11.445,0.125,0,0,3,3,0,2,1,0,1,0,3,2.961,2.244,7.988,30.282,27.748,28.565,19.992,17.288,18.443,12.178,13.403,8.027,9.182,5.092,6.027,32.662,50.885,95.644,600.479,0.61,1.122,1.659,41,532.447,40.41,30.854,27.965,258.934,12.248,12.248,0.148,10.123,177.015,600.991,33,244,110.16,30.41,162.029,162.029,17.136,2.049,23.248,26.401,1.696,0.055,16,4,8300,1.568201724
650,2.927,-2.308,2.242,-2.458,-0.151,32.166,2.071,662.934,28.608,24.861,25.678,18.904,14.898,16.053,10.627,11.852,7.038,8.192,4.405,5.28,14.384,23.075,0,11.762,22.457,14.211,573.381,0.923,1.641,2.333,0.897,-1.2,39,518.401,235200918.6,35.826,23.499,19.505,240.76,0.465,0.147,-0.336,-0.465,3.444,158.256,573.841,2,1,1,1,1,25,1,1,228,29.639,5.907,19.765,50.534,72.248,18.629,21.587,1,28.594,29.422,15.533,78.056,15.564,28.594,78.056,37.603,-0.336,7.819,11.445,0.125,0,0,3,3,0,2,1,0,1,0,3,2.961,2.244,7.988,30.282,27.748,28.565,19.992,17.288,18.443,12.178,13.403,8.027,9.182,5.092,6.027,32.662,50.885,95.644,600.479,0.61,1.122,1.659,41,532.447,40.41,30.854,27.965,258.934,12.248,12.248,0.148,10.123,177.015,600.991,33,244,110.16,30.41,162.029,162.029,17.136,2.049,23.248,26.401,1.696,0.055,16,2,8300,1.919078092
651,2.927,-2.308,2.242,-2.458,-0.151,32.166,2.071,662.934,28.608,24.861,25.678,18.904,14.898,16.053,10.627,11.852,7.038,8.192,4.405,5.28,14.384,23.075,0,11.762,22.457,14.211,573.381,0.923,1.641,2.333,0.897,-1.2,39,518.401,235200918.6,35.826,23.499,19.505,240.76,0.465,0.147,-0.336,-0.465,3.444,158.256,573.841,2,1,1,1,1,25,1,1,228,29.639,5.907,19.765,50.534,72.248,18.629,21.587,1,28.594,29.422,15.533,78.056,15.564,28.594,78.056,37.603,-0.336,7.819,11.445,0.125,0,0,3,3,0,2,1,0,1,0,3,2.961,2.244,7.988,30.282,27.748,28.565,19.992,17.288,18.443,12.178,13.403,8.027,9.182,5.092,6.027,32.662,50.885,95.644,600.479,0.61,1.122,1.659,41,532.447,40.41,30.854,27.965,258.934,12.248,12.248,0.148,10.123,177.015,600.991,33,244,110.16,30.41,162.029,162.029,17.136,2.049,23.248,26.401,1.696,0.055,16,1,8300,1.72427587
652,2.927,-2.308,2.242,-2.458,-0.151,32.166,2.071,662.934,28.608,24.861,25.678,18.904,14.898,16.053,10.627,11.852,7.038,8.192,4.405,5.28,14.384,23.075,0,11.762,22.457,14.211,573.381,0.923,1.641,2.333,0.897,-1.2,39,518.401,235200918.6,35.826,23.499,19.505,240.76,0.465,0.147,-0.336,-0.465,3.444,158.256,573.841,2,1,1,1,1,25,1,1,228,29.639,5.907,19.765,50.534,72.248,18.629,21.587,1,28.594,29.422,15.533,78.056,15.564,28.594,78.056,37.603,-0.336,7.819,11.445,0.125,0,0,3,3,0,2,1,0,1,0,3,2.961,2.244,7.988,30.282,27.748,28.565,19.992,17.288,18.443,12.178,13.403,8.027,9.182,5.092,6.027,32.662,50.885,95.644,600.479,0.61,1.122,1.659,41,532.447,40.41,30.854,27.965,258.934,12.248,12.248,0.148,10.123,177.015,600.991,33,244,110.16,30.41,162.029,162.029,17.136,2.049,23.248,26.401,1.696,0.055,16,0.5,8300,1.477121255
653,2.674,-2.308,2.241,-2.996,-0.36,35.453,0,414.533,21.09,18.641,20.214,13.492,10.581,11.736,7.436,8.66,4.674,5.829,2.796,3.526,9.589,29.575,0,11.762,12.657,14.211,455.247,0.966,1.655,2.241,0.905,-0.34,29,413.753,870080.485,30.85,20.914,18.17,187.318,1,0,-0.285,-1,-0.112,114.458,456.089,3,0,0,0,0,20,0,0,174,37.146,0,19.765,38.36,32.311,25.174,22.248,0,41.94,23.514,0,65.214,12.828,23.8,65.214,22.963,3.551,6.553,6.746,0.203,0,0,2,2,0,0,0,1,0,1,3,2.961,2.244,7.988,30.282,27.748,28.565,19.992,17.288,18.443,12.178,13.403,8.027,9.182,5.092,6.027,32.662,50.885,95.644,600.479,0.61,1.122,1.659,41,532.447,40.41,30.854,27.965,258.934,12.248,12.248,0.148,10.123,177.015,600.991,33,244,110.16,30.41,162.029,162.029,17.136,2.049,23.248,26.401,1.696,0.055,16,4,8300,2.51851394
654,2.674,-2.308,2.241,-2.996,-0.36,35.453,0,414.533,21.09,18.641,20.214,13.492,10.581,11.736,7.436,8.66,4.674,5.829,2.796,3.526,9.589,29.575,0,11.762,12.657,14.211,455.247,0.966,1.655,2.241,0.905,-0.34,29,413.753,870080.485,30.85,20.914,18.17,187.318,1,0,-0.285,-1,-0.112,114.458,456.089,3,0,0,0,0,20,0,0,174,37.146,0,19.765,38.36,32.311,25.174,22.248,0,41.94,23.514,0,65.214,12.828,23.8,65.214,22.963,3.551,6.553,6.746,0.203,0,0,2,2,0,0,0,1,0,1,3,2.961,2.244,7.988,30.282,27.748,28.565,19.992,17.288,18.443,12.178,13.403,8.027,9.182,5.092,6.027,32.662,50.885,95.644,600.479,0.61,1.122,1.659,41,532.447,40.41,30.854,27.965,258.934,12.248,12.248,0.148,10.123,177.015,600.991,33,244,110.16,30.41,162.029,162.029,17.136,2.049,23.248,26.401,1.696,0.055,16,2,8300,2.59439255
655,2.674,-2.308,2.241,-2.996,-0.36,35.453,0,414.533,21.09,18.641,20.214,13.492,10.581,11.736,7.436,8.66,4.674,5.829,2.796,3.526,9.589,29.575,0,11.762,12.657,14.211,455.247,0.966,1.655,2.241,0.905,-0.34,29,413.753,870080.485,30.85,20.914,18.17,187.318,1,0,-0.285,-1,-0.112,114.458,456.089,3,0,0,0,0,20,0,0,174,37.146,0,19.765,38.36,32.311,25.174,22.248,0,41.94,23.514,0,65.214,12.828,23.8,65.214,22.963,3.551,6.553,6.746,0.203,0,0,2,2,0,0,0,1,0,1,3,2.961,2.244,7.988,30.282,27.748,28.565,19.992,17.288,18.443,12.178,13.403,8.027,9.182,5.092,6.027,32.662,50.885,95.644,600.479,0.61,1.122,1.659,41,532.447,40.41,30.854,27.965,258.934,12.248,12.248,0.148,10.123,177.015,600.991,33,244,110.16,30.41,162.029,162.029,17.136,2.049,23.248,26.401,1.696,0.055,16,1,8300,1.672097858
656,2.674,-2.308,2.241,-2.996,-0.36,35.453,0,414.533,21.09,18.641,20.214,13.492,10.581,11.736,7.436,8.66,4.674,5.829,2.796,3.526,9.589,29.575,0,11.762,12.657,14.211,455.247,0.966,1.655,2.241,0.905,-0.34,29,413.753,870080.485,30.85,20.914,18.17,187.318,1,0,-0.285,-1,-0.112,114.458,456.089,3,0,0,0,0,20,0,0,174,37.146,0,19.765,38.36,32.311,25.174,22.248,0,41.94,23.514,0,65.214,12.828,23.8,65.214,22.963,3.551,6.553,6.746,0.203,0,0,2,2,0,0,0,1,0,1,3,2.961,2.244,7.988,30.282,27.748,28.565,19.992,17.288,18.443,12.178,13.403,8.027,9.182,5.092,6.027,32.662,50.885,95.644,600.479,0.61,1.122,1.659,41,532.447,40.41,30.854,27.965,258.934,12.248,12.248,0.148,10.123,177.015,600.991,33,244,110.16,30.41,162.029,162.029,17.136,2.049,23.248,26.401,1.696,0.055,16,0.5,8300,1.568201724
657,2.775,-2.308,2.242,-2.996,-0.4,35.453,0,538.939,24.244,20.828,22.4,15.297,11.503,12.657,8.265,9.414,5.239,6.454,3.052,3.961,14.384,48.193,7.11,6.924,10.471,14.211,513.253,0.97,1.636,2.212,0.87,-0.87,33,469.773,5204339.136,34.298,21.649,18.169,209.323,1,0,-0.359,-1,-0.571,125.395,514.125,3,0,0,0,0,21,0,0,196,41.883,0,19.765,38.36,26.558,31.491,22.501,0,51.472,29.484,0,71.256,13.485,33.331,65.214,34.388,3.426,6.18,5.428,0.16,0,0,3,3,0,0,0,1,0,1,3,2.961,2.244,7.988,30.282,27.748,28.565,19.992,17.288,18.443,12.178,13.403,8.027,9.182,5.092,6.027,32.662,50.885,95.644,600.479,0.61,1.122,1.659,41,532.447,40.41,30.854,27.965,258.934,12.248,12.248,0.148,10.123,177.015,600.991,33,244,110.16,30.41,162.029,162.029,17.136,2.049,23.248,26.401,1.696,0.055,16,4,8300,3.042575512
658,2.775,-2.308,2.242,-2.996,-0.4,35.453,0,538.939,24.244,20.828,22.4,15.297,11.503,12.657,8.265,9.414,5.239,6.454,3.052,3.961,14.384,48.193,7.11,6.924,10.471,14.211,513.253,0.97,1.636,2.212,0.87,-0.87,33,469.773,5204339.136,34.298,21.649,18.169,209.323,1,0,-0.359,-1,-0.571,125.395,514.125,3,0,0,0,0,21,0,0,196,41.883,0,19.765,38.36,26.558,31.491,22.501,0,51.472,29.484,0,71.256,13.485,33.331,65.214,34.388,3.426,6.18,5.428,0.16,0,0,3,3,0,0,0,1,0,1,3,2.961,2.244,7.988,30.282,27.748,28.565,19.992,17.288,18.443,12.178,13.403,8.027,9.182,5.092,6.027,32.662,50.885,95.644,600.479,0.61,1.122,1.659,41,532.447,40.41,30.854,27.965,258.934,12.248,12.248,0.148,10.123,177.015,600.991,33,244,110.16,30.41,162.029,162.029,17.136,2.049,23.248,26.401,1.696,0.055,16,2,8300,2.723455672
659,2.775,-2.308,2.242,-2.996,-0.4,35.453,0,538.939,24.244,20.828,22.4,15.297,11.503,12.657,8.265,9.414,5.239,6.454,3.052,3.961,14.384,48.193,7.11,6.924,10.471,14.211,513.253,0.97,1.636,2.212,0.87,-0.87,33,469.773,5204339.136,34.298,21.649,18.169,209.323,1,0,-0.359,-1,-0.571,125.395,514.125,3,0,0,0,0,21,0,0,196,41.883,0,19.765,38.36,26.558,31.491,22.501,0,51.472,29.484,0,71.256,13.485,33.331,65.214,34.388,3.426,6.18,5.428,0.16,0,0,3,3,0,0,0,1,0,1,3,2.961,2.244,7.988,30.282,27.748,28.565,19.992,17.288,18.443,12.178,13.403,8.027,9.182,5.092,6.027,32.662,50.885,95.644,600.479,0.61,1.122,1.659,41,532.447,40.41,30.854,27.965,258.934,12.248,12.248,0.148,10.123,177.015,600.991,33,244,110.16,30.41,162.029,162.029,17.136,2.049,23.248,26.401,1.696,0.055,16,1,8300,2.164352856
660,2.775,-2.308,2.242,-2.996,-0.4,35.453,0,538.939,24.244,20.828,22.4,15.297,11.503,12.657,8.265,9.414,5.239,6.454,3.052,3.961,14.384,48.193,7.11,6.924,10.471,14.211,513.253,0.97,1.636,2.212,0.87,-0.87,33,469.773,5204339.136,34.298,21.649,18.169,209.323,1,0,-0.359,-1,-0.571,125.395,514.125,3,0,0,0,0,21,0,0,196,41.883,0,19.765,38.36,26.558,31.491,22.501,0,51.472,29.484,0,71.256,13.485,33.331,65.214,34.388,3.426,6.18,5.428,0.16,0,0,3,3,0,0,0,1,0,1,3,2.961,2.244,7.988,30.282,27.748,28.565,19.992,17.288,18.443,12.178,13.403,8.027,9.182,5.092,6.027,32.662,50.885,95.644,600.479,0.61,1.122,1.659,41,532.447,40.41,30.854,27.965,258.934,12.248,12.248,0.148,10.123,177.015,600.991,33,244,110.16,30.41,162.029,162.029,17.136,2.049,23.248,26.401,1.696,0.055,16,0.5,8300,1.968482949
661,2.991,-2.308,2.243,-2.371,-0.151,32.166,3.964,687.795,32.023,28.483,29.299,20.818,17.105,18.26,11.938,13.163,7.707,8.861,4.746,5.621,14.384,23.075,38.773,11.762,30.988,14.211,630.464,0.744,1.395,2.023,0.912,-1.16,43,564.449,1101079577,41.84,29.545,25.828,268.04,0.465,0.164,-0.338,-0.465,6.831,179.82,630.977,1,0,0,1,0,32,0,0,254,29.222,5.907,46.454,89.43,39.524,18.629,28.748,0,28.594,29.422,10.217,124.007,12.791,28.594,124.007,37.989,-0.338,13.801,14.262,0.064,0,0,3,3,0,1,1,0,0,0,5,2.996,2.244,7.988,31.696,29.163,29.979,20.992,18.288,19.443,12.885,14.11,8.527,9.682,5.446,6.38,32.662,50.885,108.486,628.51,0.581,1.07,1.581,43,556.469,42.41,32.793,29.86,271.664,12.261,12.261,0.147,10.903,186.249,629.045,35,256,123.001,32.343,174.871,174.871,17.156,2.051,23.271,29.348,1.697,0.051,18,4,8300,5.051345499
662,2.991,-2.308,2.243,-2.371,-0.151,32.166,3.964,687.795,32.023,28.483,29.299,20.818,17.105,18.26,11.938,13.163,7.707,8.861,4.746,5.621,14.384,23.075,38.773,11.762,30.988,14.211,630.464,0.744,1.395,2.023,0.912,-1.16,43,564.449,1101079577,41.84,29.545,25.828,268.04,0.465,0.164,-0.338,-0.465,6.831,179.82,630.977,1,0,0,1,0,32,0,0,254,29.222,5.907,46.454,89.43,39.524,18.629,28.748,0,28.594,29.422,10.217,124.007,12.791,28.594,124.007,37.989,-0.338,13.801,14.262,0.064,0,0,3,3,0,1,1,0,0,0,5,2.996,2.244,7.988,31.696,29.163,29.979,20.992,18.288,19.443,12.885,14.11,8.527,9.682,5.446,6.38,32.662,50.885,108.486,628.51,0.581,1.07,1.581,43,556.469,42.41,32.793,29.86,271.664,12.261,12.261,0.147,10.903,186.249,629.045,35,256,123.001,32.343,174.871,174.871,17.156,2.051,23.271,29.348,1.697,0.051,18,2,8300,4.374308331
663,2.991,-2.308,2.243,-2.371,-0.151,32.166,3.964,687.795,32.023,28.483,29.299,20.818,17.105,18.26,11.938,13.163,7.707,8.861,4.746,5.621,14.384,23.075,38.773,11.762,30.988,14.211,630.464,0.744,1.395,2.023,0.912,-1.16,43,564.449,1101079577,41.84,29.545,25.828,268.04,0.465,0.164,-0.338,-0.465,6.831,179.82,630.977,1,0,0,1,0,32,0,0,254,29.222,5.907,46.454,89.43,39.524,18.629,28.748,0,28.594,29.422,10.217,124.007,12.791,28.594,124.007,37.989,-0.338,13.801,14.262,0.064,0,0,3,3,0,1,1,0,0,0,5,2.996,2.244,7.988,31.696,29.163,29.979,20.992,18.288,19.443,12.885,14.11,8.527,9.682,5.446,6.38,32.662,50.885,108.486,628.51,0.581,1.07,1.581,43,556.469,42.41,32.793,29.86,271.664,12.261,12.261,0.147,10.903,186.249,629.045,35,256,123.001,32.343,174.871,174.871,17.156,2.051,23.271,29.348,1.697,0.051,18,1,8300,5.372512489
664,2.991,-2.308,2.243,-2.371,-0.151,32.166,3.964,687.795,32.023,28.483,29.299,20.818,17.105,18.26,11.938,13.163,7.707,8.861,4.746,5.621,14.384,23.075,38.773,11.762,30.988,14.211,630.464,0.744,1.395,2.023,0.912,-1.16,43,564.449,1101079577,41.84,29.545,25.828,268.04,0.465,0.164,-0.338,-0.465,6.831,179.82,630.977,1,0,0,1,0,32,0,0,254,29.222,5.907,46.454,89.43,39.524,18.629,28.748,0,28.594,29.422,10.217,124.007,12.791,28.594,124.007,37.989,-0.338,13.801,14.262,0.064,0,0,3,3,0,1,1,0,0,0,5,2.996,2.244,7.988,31.696,29.163,29.979,20.992,18.288,19.443,12.885,14.11,8.527,9.682,5.446,6.38,32.662,50.885,108.486,628.51,0.581,1.07,1.581,43,556.469,42.41,32.793,29.86,271.664,12.261,12.261,0.147,10.903,186.249,629.045,35,256,123.001,32.343,174.871,174.871,17.156,2.051,23.271,29.348,1.697,0.051,18,0.5,8300,4.84646701
665,2.925,-2.34,2.243,-2.488,-0.151,32.166,2.127,674.022,28.772,24.756,25.572,18.853,14.76,15.914,10.632,11.856,7.206,8.36,4.54,5.414,14.384,29.682,0,16.662,11.824,19.317,574.365,0.872,1.564,2.205,0.897,-1.2,39,520.393,219846266.2,35.826,22.484,17.269,240.214,0.465,0.171,-0.344,-0.465,3.559,156.043,574.825,1,1,1,1,1,24,1,1,228,29.012,5.907,19.765,50.534,65.703,25.236,20.655,1,33.701,29.422,9.8,78.056,15.744,28.594,78.056,39.745,-0.344,7.784,9.634,0.137,1,1,3,3,1,0,1,0,1,0,3,2.996,2.244,7.988,31.696,29.163,29.979,20.992,18.288,19.443,12.885,14.11,8.527,9.682,5.446,6.38,32.662,50.885,108.486,628.51,0.581,1.07,1.581,43,556.469,42.41,32.793,29.86,271.664,12.261,12.261,0.147,10.903,186.249,629.045,35,256,123.001,32.343,174.871,174.871,17.156,2.051,23.271,29.348,1.697,0.051,18,4,8300,3.877198515
666,2.925,-2.34,2.243,-2.488,-0.151,32.166,2.127,674.022,28.772,24.756,25.572,18.853,14.76,15.914,10.632,11.856,7.206,8.36,4.54,5.414,14.384,29.682,0,16.662,11.824,19.317,574.365,0.872,1.564,2.205,0.897,-1.2,39,520.393,219846266.2,35.826,22.484,17.269,240.214,0.465,0.171,-0.344,-0.465,3.559,156.043,574.825,1,1,1,1,1,24,1,1,228,29.012,5.907,19.765,50.534,65.703,25.236,20.655,1,33.701,29.422,9.8,78.056,15.744,28.594,78.056,39.745,-0.344,7.784,9.634,0.137,1,1,3,3,1,0,1,0,1,0,3,2.996,2.244,7.988,31.696,29.163,29.979,20.992,18.288,19.443,12.885,14.11,8.527,9.682,5.446,6.38,32.662,50.885,108.486,628.51,0.581,1.07,1.581,43,556.469,42.41,32.793,29.86,271.664,12.261,12.261,0.147,10.903,186.249,629.045,35,256,123.001,32.343,174.871,174.871,17.156,2.051,23.271,29.348,1.697,0.051,18,2,8300,3.740757323
667,2.925,-2.34,2.243,-2.488,-0.151,32.166,2.127,674.022,28.772,24.756,25.572,18.853,14.76,15.914,10.632,11.856,7.206,8.36,4.54,5.414,14.384,29.682,0,16.662,11.824,19.317,574.365,0.872,1.564,2.205,0.897,-1.2,39,520.393,219846266.2,35.826,22.484,17.269,240.214,0.465,0.171,-0.344,-0.465,3.559,156.043,574.825,1,1,1,1,1,24,1,1,228,29.012,5.907,19.765,50.534,65.703,25.236,20.655,1,33.701,29.422,9.8,78.056,15.744,28.594,78.056,39.745,-0.344,7.784,9.634,0.137,1,1,3,3,1,0,1,0,1,0,3,2.996,2.244,7.988,31.696,29.163,29.979,20.992,18.288,19.443,12.885,14.11,8.527,9.682,5.446,6.38,32.662,50.885,108.486,628.51,0.581,1.07,1.581,43,556.469,42.41,32.793,29.86,271.664,12.261,12.261,0.147,10.903,186.249,629.045,35,256,123.001,32.343,174.871,174.871,17.156,2.051,23.271,29.348,1.697,0.051,18,1,8300,3.080265627
668,2.925,-2.34,2.243,-2.488,-0.151,32.166,2.127,674.022,28.772,24.756,25.572,18.853,14.76,15.914,10.632,11.856,7.206,8.36,4.54,5.414,14.384,29.682,0,16.662,11.824,19.317,574.365,0.872,1.564,2.205,0.897,-1.2,39,520.393,219846266.2,35.826,22.484,17.269,240.214,0.465,0.171,-0.344,-0.465,3.559,156.043,574.825,1,1,1,1,1,24,1,1,228,29.012,5.907,19.765,50.534,65.703,25.236,20.655,1,33.701,29.422,9.8,78.056,15.744,28.594,78.056,39.745,-0.344,7.784,9.634,0.137,1,1,3,3,1,0,1,0,1,0,3,2.996,2.244,7.988,31.696,29.163,29.979,20.992,18.288,19.443,12.885,14.11,8.527,9.682,5.446,6.38,32.662,50.885,108.486,628.51,0.581,1.07,1.581,43,556.469,42.41,32.793,29.86,271.664,12.261,12.261,0.147,10.903,186.249,629.045,35,256,123.001,32.343,174.871,174.871,17.156,2.051,23.271,29.348,1.697,0.051,18,0.5,8300,2.787460475
669,2.927,-2.308,2.242,-2.458,-0.151,32.166,2.071,662.934,28.608,24.861,25.678,18.904,14.898,16.053,10.627,11.852,7.038,8.192,4.405,5.28,14.384,23.075,0,11.762,22.457,14.211,573.381,0.923,1.641,2.333,0.897,-1.2,39,518.401,235200918.6,35.826,23.499,19.505,240.76,0.465,0.147,-0.336,-0.465,3.444,158.256,573.841,2,1,1,1,1,25,1,1,228,29.639,5.907,19.765,50.534,72.248,18.629,21.587,1,28.594,29.422,15.533,78.056,15.564,28.594,78.056,37.603,-0.336,7.819,11.445,0.125,0,0,3,3,0,2,1,0,1,0,3,2.996,2.244,7.988,31.696,29.163,29.979,20.992,18.288,19.443,12.885,14.11,8.527,9.682,5.446,6.38,32.662,50.885,108.486,628.51,0.581,1.07,1.581,43,556.469,42.41,32.793,29.86,271.664,12.261,12.261,0.147,10.903,186.249,629.045,35,256,123.001,32.343,174.871,174.871,17.156,2.051,23.271,29.348,1.697,0.051,18,4,8300,1.826074803
670,2.927,-2.308,2.242,-2.458,-0.151,32.166,2.071,662.934,28.608,24.861,25.678,18.904,14.898,16.053,10.627,11.852,7.038,8.192,4.405,5.28,14.384,23.075,0,11.762,22.457,14.211,573.381,0.923,1.641,2.333,0.897,-1.2,39,518.401,235200918.6,35.826,23.499,19.505,240.76,0.465,0.147,-0.336,-0.465,3.444,158.256,573.841,2,1,1,1,1,25,1,1,228,29.639,5.907,19.765,50.534,72.248,18.629,21.587,1,28.594,29.422,15.533,78.056,15.564,28.594,78.056,37.603,-0.336,7.819,11.445,0.125,0,0,3,3,0,2,1,0,1,0,3,2.996,2.244,7.988,31.696,29.163,29.979,20.992,18.288,19.443,12.885,14.11,8.527,9.682,5.446,6.38,32.662,50.885,108.486,628.51,0.581,1.07,1.581,43,556.469,42.41,32.793,29.86,271.664,12.261,12.261,0.147,10.903,186.249,629.045,35,256,123.001,32.343,174.871,174.871,17.156,2.051,23.271,29.348,1.697,0.051,18,2,8300,1.230448921
671,2.927,-2.308,2.242,-2.458,-0.151,32.166,2.071,662.934,28.608,24.861,25.678,18.904,14.898,16.053,10.627,11.852,7.038,8.192,4.405,5.28,14.384,23.075,0,11.762,22.457,14.211,573.381,0.923,1.641,2.333,0.897,-1.2,39,518.401,235200918.6,35.826,23.499,19.505,240.76,0.465,0.147,-0.336,-0.465,3.444,158.256,573.841,2,1,1,1,1,25,1,1,228,29.639,5.907,19.765,50.534,72.248,18.629,21.587,1,28.594,29.422,15.533,78.056,15.564,28.594,78.056,37.603,-0.336,7.819,11.445,0.125,0,0,3,3,0,2,1,0,1,0,3,2.996,2.244,7.988,31.696,29.163,29.979,20.992,18.288,19.443,12.885,14.11,8.527,9.682,5.446,6.38,32.662,50.885,108.486,628.51,0.581,1.07,1.581,43,556.469,42.41,32.793,29.86,271.664,12.261,12.261,0.147,10.903,186.249,629.045,35,256,123.001,32.343,174.871,174.871,17.156,2.051,23.271,29.348,1.697,0.051,18,1,8300,1.431363764
672,2.927,-2.308,2.242,-2.458,-0.151,32.166,2.071,662.934,28.608,24.861,25.678,18.904,14.898,16.053,10.627,11.852,7.038,8.192,4.405,5.28,14.384,23.075,0,11.762,22.457,14.211,573.381,0.923,1.641,2.333,0.897,-1.2,39,518.401,235200918.6,35.826,23.499,19.505,240.76,0.465,0.147,-0.336,-0.465,3.444,158.256,573.841,2,1,1,1,1,25,1,1,228,29.639,5.907,19.765,50.534,72.248,18.629,21.587,1,28.594,29.422,15.533,78.056,15.564,28.594,78.056,37.603,-0.336,7.819,11.445,0.125,0,0,3,3,0,2,1,0,1,0,3,2.996,2.244,7.988,31.696,29.163,29.979,20.992,18.288,19.443,12.885,14.11,8.527,9.682,5.446,6.38,32.662,50.885,108.486,628.51,0.581,1.07,1.581,43,556.469,42.41,32.793,29.86,271.664,12.261,12.261,0.147,10.903,186.249,629.045,35,256,123.001,32.343,174.871,174.871,17.156,2.051,23.271,29.348,1.697,0.051,18,0.5,8300,1.903089987
673,2.674,-2.308,2.241,-2.996,-0.36,35.453,0,414.533,21.09,18.641,20.214,13.492,10.581,11.736,7.436,8.66,4.674,5.829,2.796,3.526,9.589,29.575,0,11.762,12.657,14.211,455.247,0.966,1.655,2.241,0.905,-0.34,29,413.753,870080.485,30.85,20.914,18.17,187.318,1,0,-0.285,-1,-0.112,114.458,456.089,3,0,0,0,0,20,0,0,174,37.146,0,19.765,38.36,32.311,25.174,22.248,0,41.94,23.514,0,65.214,12.828,23.8,65.214,22.963,3.551,6.553,6.746,0.203,0,0,2,2,0,0,0,1,0,1,3,2.996,2.244,7.988,31.696,29.163,29.979,20.992,18.288,19.443,12.885,14.11,8.527,9.682,5.446,6.38,32.662,50.885,108.486,628.51,0.581,1.07,1.581,43,556.469,42.41,32.793,29.86,271.664,12.261,12.261,0.147,10.903,186.249,629.045,35,256,123.001,32.343,174.871,174.871,17.156,2.051,23.271,29.348,1.697,0.051,18,4,8300,4.008344629
674,2.674,-2.308,2.241,-2.996,-0.36,35.453,0,414.533,21.09,18.641,20.214,13.492,10.581,11.736,7.436,8.66,4.674,5.829,2.796,3.526,9.589,29.575,0,11.762,12.657,14.211,455.247,0.966,1.655,2.241,0.905,-0.34,29,413.753,870080.485,30.85,20.914,18.17,187.318,1,0,-0.285,-1,-0.112,114.458,456.089,3,0,0,0,0,20,0,0,174,37.146,0,19.765,38.36,32.311,25.174,22.248,0,41.94,23.514,0,65.214,12.828,23.8,65.214,22.963,3.551,6.553,6.746,0.203,0,0,2,2,0,0,0,1,0,1,3,2.996,2.244,7.988,31.696,29.163,29.979,20.992,18.288,19.443,12.885,14.11,8.527,9.682,5.446,6.38,32.662,50.885,108.486,628.51,0.581,1.07,1.581,43,556.469,42.41,32.793,29.86,271.664,12.261,12.261,0.147,10.903,186.249,629.045,35,256,123.001,32.343,174.871,174.871,17.156,2.051,23.271,29.348,1.697,0.051,18,2,8300,3.569022586
675,2.674,-2.308,2.241,-2.996,-0.36,35.453,0,414.533,21.09,18.641,20.214,13.492,10.581,11.736,7.436,8.66,4.674,5.829,2.796,3.526,9.589,29.575,0,11.762,12.657,14.211,455.247,0.966,1.655,2.241,0.905,-0.34,29,413.753,870080.485,30.85,20.914,18.17,187.318,1,0,-0.285,-1,-0.112,114.458,456.089,3,0,0,0,0,20,0,0,174,37.146,0,19.765,38.36,32.311,25.174,22.248,0,41.94,23.514,0,65.214,12.828,23.8,65.214,22.963,3.551,6.553,6.746,0.203,0,0,2,2,0,0,0,1,0,1,3,2.996,2.244,7.988,31.696,29.163,29.979,20.992,18.288,19.443,12.885,14.11,8.527,9.682,5.446,6.38,32.662,50.885,108.486,628.51,0.581,1.07,1.581,43,556.469,42.41,32.793,29.86,271.664,12.261,12.261,0.147,10.903,186.249,629.045,35,256,123.001,32.343,174.871,174.871,17.156,2.051,23.271,29.348,1.697,0.051,18,1,8300,2.718501689
676,2.674,-2.308,2.241,-2.996,-0.36,35.453,0,414.533,21.09,18.641,20.214,13.492,10.581,11.736,7.436,8.66,4.674,5.829,2.796,3.526,9.589,29.575,0,11.762,12.657,14.211,455.247,0.966,1.655,2.241,0.905,-0.34,29,413.753,870080.485,30.85,20.914,18.17,187.318,1,0,-0.285,-1,-0.112,114.458,456.089,3,0,0,0,0,20,0,0,174,37.146,0,19.765,38.36,32.311,25.174,22.248,0,41.94,23.514,0,65.214,12.828,23.8,65.214,22.963,3.551,6.553,6.746,0.203,0,0,2,2,0,0,0,1,0,1,3,2.996,2.244,7.988,31.696,29.163,29.979,20.992,18.288,19.443,12.885,14.11,8.527,9.682,5.446,6.38,32.662,50.885,108.486,628.51,0.581,1.07,1.581,43,556.469,42.41,32.793,29.86,271.664,12.261,12.261,0.147,10.903,186.249,629.045,35,256,123.001,32.343,174.871,174.871,17.156,2.051,23.271,29.348,1.697,0.051,18,0.5,8300,1.886490725
677,2.775,-2.308,2.242,-2.996,-0.4,35.453,0,538.939,24.244,20.828,22.4,15.297,11.503,12.657,8.265,9.414,5.239,6.454,3.052,3.961,14.384,48.193,7.11,6.924,10.471,14.211,513.253,0.97,1.636,2.212,0.87,-0.87,33,469.773,5204339.136,34.298,21.649,18.169,209.323,1,0,-0.359,-1,-0.571,125.395,514.125,3,0,0,0,0,21,0,0,196,41.883,0,19.765,38.36,26.558,31.491,22.501,0,51.472,29.484,0,71.256,13.485,33.331,65.214,34.388,3.426,6.18,5.428,0.16,0,0,3,3,0,0,0,1,0,1,3,2.996,2.244,7.988,31.696,29.163,29.979,20.992,18.288,19.443,12.885,14.11,8.527,9.682,5.446,6.38,32.662,50.885,108.486,628.51,0.581,1.07,1.581,43,556.469,42.41,32.793,29.86,271.664,12.261,12.261,0.147,10.903,186.249,629.045,35,256,123.001,32.343,174.871,174.871,17.156,2.051,23.271,29.348,1.697,0.051,18,4,8300,4.690337867
678,2.775,-2.308,2.242,-2.996,-0.4,35.453,0,538.939,24.244,20.828,22.4,15.297,11.503,12.657,8.265,9.414,5.239,6.454,3.052,3.961,14.384,48.193,7.11,6.924,10.471,14.211,513.253,0.97,1.636,2.212,0.87,-0.87,33,469.773,5204339.136,34.298,21.649,18.169,209.323,1,0,-0.359,-1,-0.571,125.395,514.125,3,0,0,0,0,21,0,0,196,41.883,0,19.765,38.36,26.558,31.491,22.501,0,51.472,29.484,0,71.256,13.485,33.331,65.214,34.388,3.426,6.18,5.428,0.16,0,0,3,3,0,0,0,1,0,1,3,2.996,2.244,7.988,31.696,29.163,29.979,20.992,18.288,19.443,12.885,14.11,8.527,9.682,5.446,6.38,32.662,50.885,108.486,628.51,0.581,1.07,1.581,43,556.469,42.41,32.793,29.86,271.664,12.261,12.261,0.147,10.903,186.249,629.045,35,256,123.001,32.343,174.871,174.871,17.156,2.051,23.271,29.348,1.697,0.051,18,2,8300,4.265925748
679,2.775,-2.308,2.242,-2.996,-0.4,35.453,0,538.939,24.244,20.828,22.4,15.297,11.503,12.657,8.265,9.414,5.239,6.454,3.052,3.961,14.384,48.193,7.11,6.924,10.471,14.211,513.253,0.97,1.636,2.212,0.87,-0.87,33,469.773,5204339.136,34.298,21.649,18.169,209.323,1,0,-0.359,-1,-0.571,125.395,514.125,3,0,0,0,0,21,0,0,196,41.883,0,19.765,38.36,26.558,31.491,22.501,0,51.472,29.484,0,71.256,13.485,33.331,65.214,34.388,3.426,6.18,5.428,0.16,0,0,3,3,0,0,0,1,0,1,3,2.996,2.244,7.988,31.696,29.163,29.979,20.992,18.288,19.443,12.885,14.11,8.527,9.682,5.446,6.38,32.662,50.885,108.486,628.51,0.581,1.07,1.581,43,556.469,42.41,32.793,29.86,271.664,12.261,12.261,0.147,10.903,186.249,629.045,35,256,123.001,32.343,174.871,174.871,17.156,2.051,23.271,29.348,1.697,0.051,18,1,8300,2.661812686
680,2.775,-2.308,2.242,-2.996,-0.4,35.453,0,538.939,24.244,20.828,22.4,15.297,11.503,12.657,8.265,9.414,5.239,6.454,3.052,3.961,14.384,48.193,7.11,6.924,10.471,14.211,513.253,0.97,1.636,2.212,0.87,-0.87,33,469.773,5204339.136,34.298,21.649,18.169,209.323,1,0,-0.359,-1,-0.571,125.395,514.125,3,0,0,0,0,21,0,0,196,41.883,0,19.765,38.36,26.558,31.491,22.501,0,51.472,29.484,0,71.256,13.485,33.331,65.214,34.388,3.426,6.18,5.428,0.16,0,0,3,3,0,0,0,1,0,1,3,2.996,2.244,7.988,31.696,29.163,29.979,20.992,18.288,19.443,12.885,14.11,8.527,9.682,5.446,6.38,32.662,50.885,108.486,628.51,0.581,1.07,1.581,43,556.469,42.41,32.793,29.86,271.664,12.261,12.261,0.147,10.903,186.249,629.045,35,256,123.001,32.343,174.871,174.871,17.156,2.051,23.271,29.348,1.697,0.051,18,0.5,8300,1.982271233
681,2.991,-2.308,2.243,-2.371,-0.151,32.166,3.964,687.795,32.023,28.483,29.299,20.818,17.105,18.26,11.938,13.163,7.707,8.861,4.746,5.621,14.384,23.075,38.773,11.762,30.988,14.211,630.464,0.744,1.395,2.023,0.912,-1.16,43,564.449,1101079577,41.84,29.545,25.828,268.04,0.465,0.164,-0.338,-0.465,6.831,179.82,630.977,1,0,0,1,0,32,0,0,254,29.222,5.907,46.454,89.43,39.524,18.629,28.748,0,28.594,29.422,10.217,124.007,12.791,28.594,124.007,37.989,-0.338,13.801,14.262,0.064,0,0,3,3,0,1,1,0,0,0,5,2.671,2.242,7.988,21.96,19.426,20.243,13.848,11.144,12.299,8.438,9.588,4.836,6.316,2.911,3.871,32.662,56.803,5.753,432.291,0.966,1.655,2.241,29,388.315,28.41,18.201,16.848,182.555,12.093,12.093,0.157,5.298,121.541,432.667,20,172,33.613,17.83,79.062,79.062,16.869,1.972,23.008,6.595,1.676,0.192,3,4,8300,3.793580867
682,2.991,-2.308,2.243,-2.371,-0.151,32.166,3.964,687.795,32.023,28.483,29.299,20.818,17.105,18.26,11.938,13.163,7.707,8.861,4.746,5.621,14.384,23.075,38.773,11.762,30.988,14.211,630.464,0.744,1.395,2.023,0.912,-1.16,43,564.449,1101079577,41.84,29.545,25.828,268.04,0.465,0.164,-0.338,-0.465,6.831,179.82,630.977,1,0,0,1,0,32,0,0,254,29.222,5.907,46.454,89.43,39.524,18.629,28.748,0,28.594,29.422,10.217,124.007,12.791,28.594,124.007,37.989,-0.338,13.801,14.262,0.064,0,0,3,3,0,1,1,0,0,0,5,2.671,2.242,7.988,21.96,19.426,20.243,13.848,11.144,12.299,8.438,9.588,4.836,6.316,2.911,3.871,32.662,56.803,5.753,432.291,0.966,1.655,2.241,29,388.315,28.41,18.201,16.848,182.555,12.093,12.093,0.157,5.298,121.541,432.667,20,172,33.613,17.83,79.062,79.062,16.869,1.972,23.008,6.595,1.676,0.192,3,2,8300,3.746244872
683,2.991,-2.308,2.243,-2.371,-0.151,32.166,3.964,687.795,32.023,28.483,29.299,20.818,17.105,18.26,11.938,13.163,7.707,8.861,4.746,5.621,14.384,23.075,38.773,11.762,30.988,14.211,630.464,0.744,1.395,2.023,0.912,-1.16,43,564.449,1101079577,41.84,29.545,25.828,268.04,0.465,0.164,-0.338,-0.465,6.831,179.82,630.977,1,0,0,1,0,32,0,0,254,29.222,5.907,46.454,89.43,39.524,18.629,28.748,0,28.594,29.422,10.217,124.007,12.791,28.594,124.007,37.989,-0.338,13.801,14.262,0.064,0,0,3,3,0,1,1,0,0,0,5,2.671,2.242,7.988,21.96,19.426,20.243,13.848,11.144,12.299,8.438,9.588,4.836,6.316,2.911,3.871,32.662,56.803,5.753,432.291,0.966,1.655,2.241,29,388.315,28.41,18.201,16.848,182.555,12.093,12.093,0.157,5.298,121.541,432.667,20,172,33.613,17.83,79.062,79.062,16.869,1.972,23.008,6.595,1.676,0.192,3,1,8300,3.934952708
684,2.991,-2.308,2.243,-2.371,-0.151,32.166,3.964,687.795,32.023,28.483,29.299,20.818,17.105,18.26,11.938,13.163,7.707,8.861,4.746,5.621,14.384,23.075,38.773,11.762,30.988,14.211,630.464,0.744,1.395,2.023,0.912,-1.16,43,564.449,1101079577,41.84,29.545,25.828,268.04,0.465,0.164,-0.338,-0.465,6.831,179.82,630.977,1,0,0,1,0,32,0,0,254,29.222,5.907,46.454,89.43,39.524,18.629,28.748,0,28.594,29.422,10.217,124.007,12.791,28.594,124.007,37.989,-0.338,13.801,14.262,0.064,0,0,3,3,0,1,1,0,0,0,5,2.671,2.242,7.988,21.96,19.426,20.243,13.848,11.144,12.299,8.438,9.588,4.836,6.316,2.911,3.871,32.662,56.803,5.753,432.291,0.966,1.655,2.241,29,388.315,28.41,18.201,16.848,182.555,12.093,12.093,0.157,5.298,121.541,432.667,20,172,33.613,17.83,79.062,79.062,16.869,1.972,23.008,6.595,1.676,0.192,3,0.5,8300,4.039374456
685,2.925,-2.34,2.243,-2.488,-0.151,32.166,2.127,674.022,28.772,24.756,25.572,18.853,14.76,15.914,10.632,11.856,7.206,8.36,4.54,5.414,14.384,29.682,0,16.662,11.824,19.317,574.365,0.872,1.564,2.205,0.897,-1.2,39,520.393,219846266.2,35.826,22.484,17.269,240.214,0.465,0.171,-0.344,-0.465,3.559,156.043,574.825,1,1,1,1,1,24,1,1,228,29.012,5.907,19.765,50.534,65.703,25.236,20.655,1,33.701,29.422,9.8,78.056,15.744,28.594,78.056,39.745,-0.344,7.784,9.634,0.137,1,1,3,3,1,0,1,0,1,0,3,2.671,2.242,7.988,21.96,19.426,20.243,13.848,11.144,12.299,8.438,9.588,4.836,6.316,2.911,3.871,32.662,56.803,5.753,432.291,0.966,1.655,2.241,29,388.315,28.41,18.201,16.848,182.555,12.093,12.093,0.157,5.298,121.541,432.667,20,172,33.613,17.83,79.062,79.062,16.869,1.972,23.008,6.595,1.676,0.192,3,4,8300,1.113943352
686,2.925,-2.34,2.243,-2.488,-0.151,32.166,2.127,674.022,28.772,24.756,25.572,18.853,14.76,15.914,10.632,11.856,7.206,8.36,4.54,5.414,14.384,29.682,0,16.662,11.824,19.317,574.365,0.872,1.564,2.205,0.897,-1.2,39,520.393,219846266.2,35.826,22.484,17.269,240.214,0.465,0.171,-0.344,-0.465,3.559,156.043,574.825,1,1,1,1,1,24,1,1,228,29.012,5.907,19.765,50.534,65.703,25.236,20.655,1,33.701,29.422,9.8,78.056,15.744,28.594,78.056,39.745,-0.344,7.784,9.634,0.137,1,1,3,3,1,0,1,0,1,0,3,2.671,2.242,7.988,21.96,19.426,20.243,13.848,11.144,12.299,8.438,9.588,4.836,6.316,2.911,3.871,32.662,56.803,5.753,432.291,0.966,1.655,2.241,29,388.315,28.41,18.201,16.848,182.555,12.093,12.093,0.157,5.298,121.541,432.667,20,172,33.613,17.83,79.062,79.062,16.869,1.972,23.008,6.595,1.676,0.192,3,2,8300,0.477121255
687,2.925,-2.34,2.243,-2.488,-0.151,32.166,2.127,674.022,28.772,24.756,25.572,18.853,14.76,15.914,10.632,11.856,7.206,8.36,4.54,5.414,14.384,29.682,0,16.662,11.824,19.317,574.365,0.872,1.564,2.205,0.897,-1.2,39,520.393,219846266.2,35.826,22.484,17.269,240.214,0.465,0.171,-0.344,-0.465,3.559,156.043,574.825,1,1,1,1,1,24,1,1,228,29.012,5.907,19.765,50.534,65.703,25.236,20.655,1,33.701,29.422,9.8,78.056,15.744,28.594,78.056,39.745,-0.344,7.784,9.634,0.137,1,1,3,3,1,0,1,0,1,0,3,2.671,2.242,7.988,21.96,19.426,20.243,13.848,11.144,12.299,8.438,9.588,4.836,6.316,2.911,3.871,32.662,56.803,5.753,432.291,0.966,1.655,2.241,29,388.315,28.41,18.201,16.848,182.555,12.093,12.093,0.157,5.298,121.541,432.667,20,172,33.613,17.83,79.062,79.062,16.869,1.972,23.008,6.595,1.676,0.192,3,1,8300,0.84509804
688,2.925,-2.34,2.243,-2.488,-0.151,32.166,2.127,674.022,28.772,24.756,25.572,18.853,14.76,15.914,10.632,11.856,7.206,8.36,4.54,5.414,14.384,29.682,0,16.662,11.824,19.317,574.365,0.872,1.564,2.205,0.897,-1.2,39,520.393,219846266.2,35.826,22.484,17.269,240.214,0.465,0.171,-0.344,-0.465,3.559,156.043,574.825,1,1,1,1,1,24,1,1,228,29.012,5.907,19.765,50.534,65.703,25.236,20.655,1,33.701,29.422,9.8,78.056,15.744,28.594,78.056,39.745,-0.344,7.784,9.634,0.137,1,1,3,3,1,0,1,0,1,0,3,2.671,2.242,7.988,21.96,19.426,20.243,13.848,11.144,12.299,8.438,9.588,4.836,6.316,2.911,3.871,32.662,56.803,5.753,432.291,0.966,1.655,2.241,29,388.315,28.41,18.201,16.848,182.555,12.093,12.093,0.157,5.298,121.541,432.667,20,172,33.613,17.83,79.062,79.062,16.869,1.972,23.008,6.595,1.676,0.192,3,0.5,8300,0.477121255
689,2.927,-2.308,2.242,-2.458,-0.151,32.166,2.071,662.934,28.608,24.861,25.678,18.904,14.898,16.053,10.627,11.852,7.038,8.192,4.405,5.28,14.384,23.075,0,11.762,22.457,14.211,573.381,0.923,1.641,2.333,0.897,-1.2,39,518.401,235200918.6,35.826,23.499,19.505,240.76,0.465,0.147,-0.336,-0.465,3.444,158.256,573.841,2,1,1,1,1,25,1,1,228,29.639,5.907,19.765,50.534,72.248,18.629,21.587,1,28.594,29.422,15.533,78.056,15.564,28.594,78.056,37.603,-0.336,7.819,11.445,0.125,0,0,3,3,0,2,1,0,1,0,3,2.671,2.242,7.988,21.96,19.426,20.243,13.848,11.144,12.299,8.438,9.588,4.836,6.316,2.911,3.871,32.662,56.803,5.753,432.291,0.966,1.655,2.241,29,388.315,28.41,18.201,16.848,182.555,12.093,12.093,0.157,5.298,121.541,432.667,20,172,33.613,17.83,79.062,79.062,16.869,1.972,23.008,6.595,1.676,0.192,3,4,8300,1.477121255
690,2.927,-2.308,2.242,-2.458,-0.151,32.166,2.071,662.934,28.608,24.861,25.678,18.904,14.898,16.053,10.627,11.852,7.038,8.192,4.405,5.28,14.384,23.075,0,11.762,22.457,14.211,573.381,0.923,1.641,2.333,0.897,-1.2,39,518.401,235200918.6,35.826,23.499,19.505,240.76,0.465,0.147,-0.336,-0.465,3.444,158.256,573.841,2,1,1,1,1,25,1,1,228,29.639,5.907,19.765,50.534,72.248,18.629,21.587,1,28.594,29.422,15.533,78.056,15.564,28.594,78.056,37.603,-0.336,7.819,11.445,0.125,0,0,3,3,0,2,1,0,1,0,3,2.671,2.242,7.988,21.96,19.426,20.243,13.848,11.144,12.299,8.438,9.588,4.836,6.316,2.911,3.871,32.662,56.803,5.753,432.291,0.966,1.655,2.241,29,388.315,28.41,18.201,16.848,182.555,12.093,12.093,0.157,5.298,121.541,432.667,20,172,33.613,17.83,79.062,79.062,16.869,1.972,23.008,6.595,1.676,0.192,3,2,8300,1
691,2.927,-2.308,2.242,-2.458,-0.151,32.166,2.071,662.934,28.608,24.861,25.678,18.904,14.898,16.053,10.627,11.852,7.038,8.192,4.405,5.28,14.384,23.075,0,11.762,22.457,14.211,573.381,0.923,1.641,2.333,0.897,-1.2,39,518.401,235200918.6,35.826,23.499,19.505,240.76,0.465,0.147,-0.336,-0.465,3.444,158.256,573.841,2,1,1,1,1,25,1,1,228,29.639,5.907,19.765,50.534,72.248,18.629,21.587,1,28.594,29.422,15.533,78.056,15.564,28.594,78.056,37.603,-0.336,7.819,11.445,0.125,0,0,3,3,0,2,1,0,1,0,3,2.671,2.242,7.988,21.96,19.426,20.243,13.848,11.144,12.299,8.438,9.588,4.836,6.316,2.911,3.871,32.662,56.803,5.753,432.291,0.966,1.655,2.241,29,388.315,28.41,18.201,16.848,182.555,12.093,12.093,0.157,5.298,121.541,432.667,20,172,33.613,17.83,79.062,79.062,16.869,1.972,23.008,6.595,1.676,0.192,3,1,8300,2.892094603
692,2.927,-2.308,2.242,-2.458,-0.151,32.166,2.071,662.934,28.608,24.861,25.678,18.904,14.898,16.053,10.627,11.852,7.038,8.192,4.405,5.28,14.384,23.075,0,11.762,22.457,14.211,573.381,0.923,1.641,2.333,0.897,-1.2,39,518.401,235200918.6,35.826,23.499,19.505,240.76,0.465,0.147,-0.336,-0.465,3.444,158.256,573.841,2,1,1,1,1,25,1,1,228,29.639,5.907,19.765,50.534,72.248,18.629,21.587,1,28.594,29.422,15.533,78.056,15.564,28.594,78.056,37.603,-0.336,7.819,11.445,0.125,0,0,3,3,0,2,1,0,1,0,3,2.671,2.242,7.988,21.96,19.426,20.243,13.848,11.144,12.299,8.438,9.588,4.836,6.316,2.911,3.871,32.662,56.803,5.753,432.291,0.966,1.655,2.241,29,388.315,28.41,18.201,16.848,182.555,12.093,12.093,0.157,5.298,121.541,432.667,20,172,33.613,17.83,79.062,79.062,16.869,1.972,23.008,6.595,1.676,0.192,3,0.5,8300,4.448799042
693,2.674,-2.308,2.241,-2.996,-0.36,35.453,0,414.533,21.09,18.641,20.214,13.492,10.581,11.736,7.436,8.66,4.674,5.829,2.796,3.526,9.589,29.575,0,11.762,12.657,14.211,455.247,0.966,1.655,2.241,0.905,-0.34,29,413.753,870080.485,30.85,20.914,18.17,187.318,1,0,-0.285,-1,-0.112,114.458,456.089,3,0,0,0,0,20,0,0,174,37.146,0,19.765,38.36,32.311,25.174,22.248,0,41.94,23.514,0,65.214,12.828,23.8,65.214,22.963,3.551,6.553,6.746,0.203,0,0,2,2,0,0,0,1,0,1,3,2.671,2.242,7.988,21.96,19.426,20.243,13.848,11.144,12.299,8.438,9.588,4.836,6.316,2.911,3.871,32.662,56.803,5.753,432.291,0.966,1.655,2.241,29,388.315,28.41,18.201,16.848,182.555,12.093,12.093,0.157,5.298,121.541,432.667,20,172,33.613,17.83,79.062,79.062,16.869,1.972,23.008,6.595,1.676,0.192,3,4,8300,1.361727836
694,2.674,-2.308,2.241,-2.996,-0.36,35.453,0,414.533,21.09,18.641,20.214,13.492,10.581,11.736,7.436,8.66,4.674,5.829,2.796,3.526,9.589,29.575,0,11.762,12.657,14.211,455.247,0.966,1.655,2.241,0.905,-0.34,29,413.753,870080.485,30.85,20.914,18.17,187.318,1,0,-0.285,-1,-0.112,114.458,456.089,3,0,0,0,0,20,0,0,174,37.146,0,19.765,38.36,32.311,25.174,22.248,0,41.94,23.514,0,65.214,12.828,23.8,65.214,22.963,3.551,6.553,6.746,0.203,0,0,2,2,0,0,0,1,0,1,3,2.671,2.242,7.988,21.96,19.426,20.243,13.848,11.144,12.299,8.438,9.588,4.836,6.316,2.911,3.871,32.662,56.803,5.753,432.291,0.966,1.655,2.241,29,388.315,28.41,18.201,16.848,182.555,12.093,12.093,0.157,5.298,121.541,432.667,20,172,33.613,17.83,79.062,79.062,16.869,1.972,23.008,6.595,1.676,0.192,3,2,8300,0.84509804
695,2.674,-2.308,2.241,-2.996,-0.36,35.453,0,414.533,21.09,18.641,20.214,13.492,10.581,11.736,7.436,8.66,4.674,5.829,2.796,3.526,9.589,29.575,0,11.762,12.657,14.211,455.247,0.966,1.655,2.241,0.905,-0.34,29,413.753,870080.485,30.85,20.914,18.17,187.318,1,0,-0.285,-1,-0.112,114.458,456.089,3,0,0,0,0,20,0,0,174,37.146,0,19.765,38.36,32.311,25.174,22.248,0,41.94,23.514,0,65.214,12.828,23.8,65.214,22.963,3.551,6.553,6.746,0.203,0,0,2,2,0,0,0,1,0,1,3,2.671,2.242,7.988,21.96,19.426,20.243,13.848,11.144,12.299,8.438,9.588,4.836,6.316,2.911,3.871,32.662,56.803,5.753,432.291,0.966,1.655,2.241,29,388.315,28.41,18.201,16.848,182.555,12.093,12.093,0.157,5.298,121.541,432.667,20,172,33.613,17.83,79.062,79.062,16.869,1.972,23.008,6.595,1.676,0.192,3,1,8300,0.602059991
696,2.674,-2.308,2.241,-2.996,-0.36,35.453,0,414.533,21.09,18.641,20.214,13.492,10.581,11.736,7.436,8.66,4.674,5.829,2.796,3.526,9.589,29.575,0,11.762,12.657,14.211,455.247,0.966,1.655,2.241,0.905,-0.34,29,413.753,870080.485,30.85,20.914,18.17,187.318,1,0,-0.285,-1,-0.112,114.458,456.089,3,0,0,0,0,20,0,0,174,37.146,0,19.765,38.36,32.311,25.174,22.248,0,41.94,23.514,0,65.214,12.828,23.8,65.214,22.963,3.551,6.553,6.746,0.203,0,0,2,2,0,0,0,1,0,1,3,2.671,2.242,7.988,21.96,19.426,20.243,13.848,11.144,12.299,8.438,9.588,4.836,6.316,2.911,3.871,32.662,56.803,5.753,432.291,0.966,1.655,2.241,29,388.315,28.41,18.201,16.848,182.555,12.093,12.093,0.157,5.298,121.541,432.667,20,172,33.613,17.83,79.062,79.062,16.869,1.972,23.008,6.595,1.676,0.192,3,0.5,8300,0.84509804
697,2.775,-2.308,2.242,-2.996,-0.4,35.453,0,538.939,24.244,20.828,22.4,15.297,11.503,12.657,8.265,9.414,5.239,6.454,3.052,3.961,14.384,48.193,7.11,6.924,10.471,14.211,513.253,0.97,1.636,2.212,0.87,-0.87,33,469.773,5204339.136,34.298,21.649,18.169,209.323,1,0,-0.359,-1,-0.571,125.395,514.125,3,0,0,0,0,21,0,0,196,41.883,0,19.765,38.36,26.558,31.491,22.501,0,51.472,29.484,0,71.256,13.485,33.331,65.214,34.388,3.426,6.18,5.428,0.16,0,0,3,3,0,0,0,1,0,1,3,2.671,2.242,7.988,21.96,19.426,20.243,13.848,11.144,12.299,8.438,9.588,4.836,6.316,2.911,3.871,32.662,56.803,5.753,432.291,0.966,1.655,2.241,29,388.315,28.41,18.201,16.848,182.555,12.093,12.093,0.157,5.298,121.541,432.667,20,172,33.613,17.83,79.062,79.062,16.869,1.972,23.008,6.595,1.676,0.192,3,4,8300,1.556302501
698,2.775,-2.308,2.242,-2.996,-0.4,35.453,0,538.939,24.244,20.828,22.4,15.297,11.503,12.657,8.265,9.414,5.239,6.454,3.052,3.961,14.384,48.193,7.11,6.924,10.471,14.211,513.253,0.97,1.636,2.212,0.87,-0.87,33,469.773,5204339.136,34.298,21.649,18.169,209.323,1,0,-0.359,-1,-0.571,125.395,514.125,3,0,0,0,0,21,0,0,196,41.883,0,19.765,38.36,26.558,31.491,22.501,0,51.472,29.484,0,71.256,13.485,33.331,65.214,34.388,3.426,6.18,5.428,0.16,0,0,3,3,0,0,0,1,0,1,3,2.671,2.242,7.988,21.96,19.426,20.243,13.848,11.144,12.299,8.438,9.588,4.836,6.316,2.911,3.871,32.662,56.803,5.753,432.291,0.966,1.655,2.241,29,388.315,28.41,18.201,16.848,182.555,12.093,12.093,0.157,5.298,121.541,432.667,20,172,33.613,17.83,79.062,79.062,16.869,1.972,23.008,6.595,1.676,0.192,3,2,8300,2.993876915
699,2.775,-2.308,2.242,-2.996,-0.4,35.453,0,538.939,24.244,20.828,22.4,15.297,11.503,12.657,8.265,9.414,5.239,6.454,3.052,3.961,14.384,48.193,7.11,6.924,10.471,14.211,513.253,0.97,1.636,2.212,0.87,-0.87,33,469.773,5204339.136,34.298,21.649,18.169,209.323,1,0,-0.359,-1,-0.571,125.395,514.125,3,0,0,0,0,21,0,0,196,41.883,0,19.765,38.36,26.558,31.491,22.501,0,51.472,29.484,0,71.256,13.485,33.331,65.214,34.388,3.426,6.18,5.428,0.16,0,0,3,3,0,0,0,1,0,1,3,2.671,2.242,7.988,21.96,19.426,20.243,13.848,11.144,12.299,8.438,9.588,4.836,6.316,2.911,3.871,32.662,56.803,5.753,432.291,0.966,1.655,2.241,29,388.315,28.41,18.201,16.848,182.555,12.093,12.093,0.157,5.298,121.541,432.667,20,172,33.613,17.83,79.062,79.062,16.869,1.972,23.008,6.595,1.676,0.192,3,1,8300,2.539076099
700,2.775,-2.308,2.242,-2.996,-0.4,35.453,0,538.939,24.244,20.828,22.4,15.297,11.503,12.657,8.265,9.414,5.239,6.454,3.052,3.961,14.384,48.193,7.11,6.924,10.471,14.211,513.253,0.97,1.636,2.212,0.87,-0.87,33,469.773,5204339.136,34.298,21.649,18.169,209.323,1,0,-0.359,-1,-0.571,125.395,514.125,3,0,0,0,0,21,0,0,196,41.883,0,19.765,38.36,26.558,31.491,22.501,0,51.472,29.484,0,71.256,13.485,33.331,65.214,34.388,3.426,6.18,5.428,0.16,0,0,3,3,0,0,0,1,0,1,3,2.671,2.242,7.988,21.96,19.426,20.243,13.848,11.144,12.299,8.438,9.588,4.836,6.316,2.911,3.871,32.662,56.803,5.753,432.291,0.966,1.655,2.241,29,388.315,28.41,18.201,16.848,182.555,12.093,12.093,0.157,5.298,121.541,432.667,20,172,33.613,17.83,79.062,79.062,16.869,1.972,23.008,6.595,1.676,0.192,3,0.5,8300,2.567026366
701,2.991,-2.308,2.243,-2.371,-0.151,32.166,3.964,687.795,32.023,28.483,29.299,20.818,17.105,18.26,11.938,13.163,7.707,8.861,4.746,5.621,14.384,23.075,38.773,11.762,30.988,14.211,630.464,0.744,1.395,2.023,0.912,-1.16,43,564.449,1101079577,41.84,29.545,25.828,268.04,0.465,0.164,-0.338,-0.465,6.831,179.82,630.977,1,0,0,1,0,32,0,0,254,29.222,5.907,46.454,89.43,39.524,18.629,28.748,0,28.594,29.422,10.217,124.007,12.791,28.594,124.007,37.989,-0.338,13.801,14.262,0.064,0,0,3,3,0,1,1,0,0,0,5,2.698,2.242,7.988,22.667,20.133,20.95,14.348,11.644,12.799,8.765,9.989,5.225,6.326,3.013,4.177,32.662,56.803,12.174,446.307,0.933,1.633,2.233,30,400.326,29.41,19.122,17.127,188.92,12.115,12.115,0.156,5.688,126.158,446.694,21,178,33.613,18.746,85.482,85.482,16.911,1.993,23.04,7.869,1.679,0.167,3,4,8300,3.95007263
702,2.991,-2.308,2.243,-2.371,-0.151,32.166,3.964,687.795,32.023,28.483,29.299,20.818,17.105,18.26,11.938,13.163,7.707,8.861,4.746,5.621,14.384,23.075,38.773,11.762,30.988,14.211,630.464,0.744,1.395,2.023,0.912,-1.16,43,564.449,1101079577,41.84,29.545,25.828,268.04,0.465,0.164,-0.338,-0.465,6.831,179.82,630.977,1,0,0,1,0,32,0,0,254,29.222,5.907,46.454,89.43,39.524,18.629,28.748,0,28.594,29.422,10.217,124.007,12.791,28.594,124.007,37.989,-0.338,13.801,14.262,0.064,0,0,3,3,0,1,1,0,0,0,5,2.698,2.242,7.988,22.667,20.133,20.95,14.348,11.644,12.799,8.765,9.989,5.225,6.326,3.013,4.177,32.662,56.803,12.174,446.307,0.933,1.633,2.233,30,400.326,29.41,19.122,17.127,188.92,12.115,12.115,0.156,5.688,126.158,446.694,21,178,33.613,18.746,85.482,85.482,16.911,1.993,23.04,7.869,1.679,0.167,3,2,8300,3.76930346
703,2.991,-2.308,2.243,-2.371,-0.151,32.166,3.964,687.795,32.023,28.483,29.299,20.818,17.105,18.26,11.938,13.163,7.707,8.861,4.746,5.621,14.384,23.075,38.773,11.762,30.988,14.211,630.464,0.744,1.395,2.023,0.912,-1.16,43,564.449,1101079577,41.84,29.545,25.828,268.04,0.465,0.164,-0.338,-0.465,6.831,179.82,630.977,1,0,0,1,0,32,0,0,254,29.222,5.907,46.454,89.43,39.524,18.629,28.748,0,28.594,29.422,10.217,124.007,12.791,28.594,124.007,37.989,-0.338,13.801,14.262,0.064,0,0,3,3,0,1,1,0,0,0,5,2.698,2.242,7.988,22.667,20.133,20.95,14.348,11.644,12.799,8.765,9.989,5.225,6.326,3.013,4.177,32.662,56.803,12.174,446.307,0.933,1.633,2.233,30,400.326,29.41,19.122,17.127,188.92,12.115,12.115,0.156,5.688,126.158,446.694,21,178,33.613,18.746,85.482,85.482,16.911,1.993,23.04,7.869,1.679,0.167,3,1,8300,4.178545315
704,2.991,-2.308,2.243,-2.371,-0.151,32.166,3.964,687.795,32.023,28.483,29.299,20.818,17.105,18.26,11.938,13.163,7.707,8.861,4.746,5.621,14.384,23.075,38.773,11.762,30.988,14.211,630.464,0.744,1.395,2.023,0.912,-1.16,43,564.449,1101079577,41.84,29.545,25.828,268.04,0.465,0.164,-0.338,-0.465,6.831,179.82,630.977,1,0,0,1,0,32,0,0,254,29.222,5.907,46.454,89.43,39.524,18.629,28.748,0,28.594,29.422,10.217,124.007,12.791,28.594,124.007,37.989,-0.338,13.801,14.262,0.064,0,0,3,3,0,1,1,0,0,0,5,2.698,2.242,7.988,22.667,20.133,20.95,14.348,11.644,12.799,8.765,9.989,5.225,6.326,3.013,4.177,32.662,56.803,12.174,446.307,0.933,1.633,2.233,30,400.326,29.41,19.122,17.127,188.92,12.115,12.115,0.156,5.688,126.158,446.694,21,178,33.613,18.746,85.482,85.482,16.911,1.993,23.04,7.869,1.679,0.167,3,0.5,8300,3.784617293
705,2.925,-2.34,2.243,-2.488,-0.151,32.166,2.127,674.022,28.772,24.756,25.572,18.853,14.76,15.914,10.632,11.856,7.206,8.36,4.54,5.414,14.384,29.682,0,16.662,11.824,19.317,574.365,0.872,1.564,2.205,0.897,-1.2,39,520.393,219846266.2,35.826,22.484,17.269,240.214,0.465,0.171,-0.344,-0.465,3.559,156.043,574.825,1,1,1,1,1,24,1,1,228,29.012,5.907,19.765,50.534,65.703,25.236,20.655,1,33.701,29.422,9.8,78.056,15.744,28.594,78.056,39.745,-0.344,7.784,9.634,0.137,1,1,3,3,1,0,1,0,1,0,3,2.698,2.242,7.988,22.667,20.133,20.95,14.348,11.644,12.799,8.765,9.989,5.225,6.326,3.013,4.177,32.662,56.803,12.174,446.307,0.933,1.633,2.233,30,400.326,29.41,19.122,17.127,188.92,12.115,12.115,0.156,5.688,126.158,446.694,21,178,33.613,18.746,85.482,85.482,16.911,1.993,23.04,7.869,1.679,0.167,3,4,8300,-1
706,2.925,-2.34,2.243,-2.488,-0.151,32.166,2.127,674.022,28.772,24.756,25.572,18.853,14.76,15.914,10.632,11.856,7.206,8.36,4.54,5.414,14.384,29.682,0,16.662,11.824,19.317,574.365,0.872,1.564,2.205,0.897,-1.2,39,520.393,219846266.2,35.826,22.484,17.269,240.214,0.465,0.171,-0.344,-0.465,3.559,156.043,574.825,1,1,1,1,1,24,1,1,228,29.012,5.907,19.765,50.534,65.703,25.236,20.655,1,33.701,29.422,9.8,78.056,15.744,28.594,78.056,39.745,-0.344,7.784,9.634,0.137,1,1,3,3,1,0,1,0,1,0,3,2.698,2.242,7.988,22.667,20.133,20.95,14.348,11.644,12.799,8.765,9.989,5.225,6.326,3.013,4.177,32.662,56.803,12.174,446.307,0.933,1.633,2.233,30,400.326,29.41,19.122,17.127,188.92,12.115,12.115,0.156,5.688,126.158,446.694,21,178,33.613,18.746,85.482,85.482,16.911,1.993,23.04,7.869,1.679,0.167,3,2,8300,0.77815125
707,2.925,-2.34,2.243,-2.488,-0.151,32.166,2.127,674.022,28.772,24.756,25.572,18.853,14.76,15.914,10.632,11.856,7.206,8.36,4.54,5.414,14.384,29.682,0,16.662,11.824,19.317,574.365,0.872,1.564,2.205,0.897,-1.2,39,520.393,219846266.2,35.826,22.484,17.269,240.214,0.465,0.171,-0.344,-0.465,3.559,156.043,574.825,1,1,1,1,1,24,1,1,228,29.012,5.907,19.765,50.534,65.703,25.236,20.655,1,33.701,29.422,9.8,78.056,15.744,28.594,78.056,39.745,-0.344,7.784,9.634,0.137,1,1,3,3,1,0,1,0,1,0,3,2.698,2.242,7.988,22.667,20.133,20.95,14.348,11.644,12.799,8.765,9.989,5.225,6.326,3.013,4.177,32.662,56.803,12.174,446.307,0.933,1.633,2.233,30,400.326,29.41,19.122,17.127,188.92,12.115,12.115,0.156,5.688,126.158,446.694,21,178,33.613,18.746,85.482,85.482,16.911,1.993,23.04,7.869,1.679,0.167,3,1,8300,0.84509804
708,2.925,-2.34,2.243,-2.488,-0.151,32.166,2.127,674.022,28.772,24.756,25.572,18.853,14.76,15.914,10.632,11.856,7.206,8.36,4.54,5.414,14.384,29.682,0,16.662,11.824,19.317,574.365,0.872,1.564,2.205,0.897,-1.2,39,520.393,219846266.2,35.826,22.484,17.269,240.214,0.465,0.171,-0.344,-0.465,3.559,156.043,574.825,1,1,1,1,1,24,1,1,228,29.012,5.907,19.765,50.534,65.703,25.236,20.655,1,33.701,29.422,9.8,78.056,15.744,28.594,78.056,39.745,-0.344,7.784,9.634,0.137,1,1,3,3,1,0,1,0,1,0,3,2.698,2.242,7.988,22.667,20.133,20.95,14.348,11.644,12.799,8.765,9.989,5.225,6.326,3.013,4.177,32.662,56.803,12.174,446.307,0.933,1.633,2.233,30,400.326,29.41,19.122,17.127,188.92,12.115,12.115,0.156,5.688,126.158,446.694,21,178,33.613,18.746,85.482,85.482,16.911,1.993,23.04,7.869,1.679,0.167,3,0.5,8300,3.249687428
709,2.927,-2.308,2.242,-2.458,-0.151,32.166,2.071,662.934,28.608,24.861,25.678,18.904,14.898,16.053,10.627,11.852,7.038,8.192,4.405,5.28,14.384,23.075,0,11.762,22.457,14.211,573.381,0.923,1.641,2.333,0.897,-1.2,39,518.401,235200918.6,35.826,23.499,19.505,240.76,0.465,0.147,-0.336,-0.465,3.444,158.256,573.841,2,1,1,1,1,25,1,1,228,29.639,5.907,19.765,50.534,72.248,18.629,21.587,1,28.594,29.422,15.533,78.056,15.564,28.594,78.056,37.603,-0.336,7.819,11.445,0.125,0,0,3,3,0,2,1,0,1,0,3,2.698,2.242,7.988,22.667,20.133,20.95,14.348,11.644,12.799,8.765,9.989,5.225,6.326,3.013,4.177,32.662,56.803,12.174,446.307,0.933,1.633,2.233,30,400.326,29.41,19.122,17.127,188.92,12.115,12.115,0.156,5.688,126.158,446.694,21,178,33.613,18.746,85.482,85.482,16.911,1.993,23.04,7.869,1.679,0.167,3,4,8300,1.477121255
710,2.927,-2.308,2.242,-2.458,-0.151,32.166,2.071,662.934,28.608,24.861,25.678,18.904,14.898,16.053,10.627,11.852,7.038,8.192,4.405,5.28,14.384,23.075,0,11.762,22.457,14.211,573.381,0.923,1.641,2.333,0.897,-1.2,39,518.401,235200918.6,35.826,23.499,19.505,240.76,0.465,0.147,-0.336,-0.465,3.444,158.256,573.841,2,1,1,1,1,25,1,1,228,29.639,5.907,19.765,50.534,72.248,18.629,21.587,1,28.594,29.422,15.533,78.056,15.564,28.594,78.056,37.603,-0.336,7.819,11.445,0.125,0,0,3,3,0,2,1,0,1,0,3,2.698,2.242,7.988,22.667,20.133,20.95,14.348,11.644,12.799,8.765,9.989,5.225,6.326,3.013,4.177,32.662,56.803,12.174,446.307,0.933,1.633,2.233,30,400.326,29.41,19.122,17.127,188.92,12.115,12.115,0.156,5.688,126.158,446.694,21,178,33.613,18.746,85.482,85.482,16.911,1.993,23.04,7.869,1.679,0.167,3,2,8300,3.093421685
711,2.927,-2.308,2.242,-2.458,-0.151,32.166,2.071,662.934,28.608,24.861,25.678,18.904,14.898,16.053,10.627,11.852,7.038,8.192,4.405,5.28,14.384,23.075,0,11.762,22.457,14.211,573.381,0.923,1.641,2.333,0.897,-1.2,39,518.401,235200918.6,35.826,23.499,19.505,240.76,0.465,0.147,-0.336,-0.465,3.444,158.256,573.841,2,1,1,1,1,25,1,1,228,29.639,5.907,19.765,50.534,72.248,18.629,21.587,1,28.594,29.422,15.533,78.056,15.564,28.594,78.056,37.603,-0.336,7.819,11.445,0.125,0,0,3,3,0,2,1,0,1,0,3,2.698,2.242,7.988,22.667,20.133,20.95,14.348,11.644,12.799,8.765,9.989,5.225,6.326,3.013,4.177,32.662,56.803,12.174,446.307,0.933,1.633,2.233,30,400.326,29.41,19.122,17.127,188.92,12.115,12.115,0.156,5.688,126.158,446.694,21,178,33.613,18.746,85.482,85.482,16.911,1.993,23.04,7.869,1.679,0.167,3,1,8300,4.875014936
712,2.927,-2.308,2.242,-2.458,-0.151,32.166,2.071,662.934,28.608,24.861,25.678,18.904,14.898,16.053,10.627,11.852,7.038,8.192,4.405,5.28,14.384,23.075,0,11.762,22.457,14.211,573.381,0.923,1.641,2.333,0.897,-1.2,39,518.401,235200918.6,35.826,23.499,19.505,240.76,0.465,0.147,-0.336,-0.465,3.444,158.256,573.841,2,1,1,1,1,25,1,1,228,29.639,5.907,19.765,50.534,72.248,18.629,21.587,1,28.594,29.422,15.533,78.056,15.564,28.594,78.056,37.603,-0.336,7.819,11.445,0.125,0,0,3,3,0,2,1,0,1,0,3,2.698,2.242,7.988,22.667,20.133,20.95,14.348,11.644,12.799,8.765,9.989,5.225,6.326,3.013,4.177,32.662,56.803,12.174,446.307,0.933,1.633,2.233,30,400.326,29.41,19.122,17.127,188.92,12.115,12.115,0.156,5.688,126.158,446.694,21,178,33.613,18.746,85.482,85.482,16.911,1.993,23.04,7.869,1.679,0.167,3,0.5,8300,3.482873584
713,2.674,-2.308,2.241,-2.996,-0.36,35.453,0,414.533,21.09,18.641,20.214,13.492,10.581,11.736,7.436,8.66,4.674,5.829,2.796,3.526,9.589,29.575,0,11.762,12.657,14.211,455.247,0.966,1.655,2.241,0.905,-0.34,29,413.753,870080.485,30.85,20.914,18.17,187.318,1,0,-0.285,-1,-0.112,114.458,456.089,3,0,0,0,0,20,0,0,174,37.146,0,19.765,38.36,32.311,25.174,22.248,0,41.94,23.514,0,65.214,12.828,23.8,65.214,22.963,3.551,6.553,6.746,0.203,0,0,2,2,0,0,0,1,0,1,3,2.698,2.242,7.988,22.667,20.133,20.95,14.348,11.644,12.799,8.765,9.989,5.225,6.326,3.013,4.177,32.662,56.803,12.174,446.307,0.933,1.633,2.233,30,400.326,29.41,19.122,17.127,188.92,12.115,12.115,0.156,5.688,126.158,446.694,21,178,33.613,18.746,85.482,85.482,16.911,1.993,23.04,7.869,1.679,0.167,3,4,8300,1.672097858
714,2.674,-2.308,2.241,-2.996,-0.36,35.453,0,414.533,21.09,18.641,20.214,13.492,10.581,11.736,7.436,8.66,4.674,5.829,2.796,3.526,9.589,29.575,0,11.762,12.657,14.211,455.247,0.966,1.655,2.241,0.905,-0.34,29,413.753,870080.485,30.85,20.914,18.17,187.318,1,0,-0.285,-1,-0.112,114.458,456.089,3,0,0,0,0,20,0,0,174,37.146,0,19.765,38.36,32.311,25.174,22.248,0,41.94,23.514,0,65.214,12.828,23.8,65.214,22.963,3.551,6.553,6.746,0.203,0,0,2,2,0,0,0,1,0,1,3,2.698,2.242,7.988,22.667,20.133,20.95,14.348,11.644,12.799,8.765,9.989,5.225,6.326,3.013,4.177,32.662,56.803,12.174,446.307,0.933,1.633,2.233,30,400.326,29.41,19.122,17.127,188.92,12.115,12.115,0.156,5.688,126.158,446.694,21,178,33.613,18.746,85.482,85.482,16.911,1.993,23.04,7.869,1.679,0.167,3,2,8300,0.84509804
715,2.674,-2.308,2.241,-2.996,-0.36,35.453,0,414.533,21.09,18.641,20.214,13.492,10.581,11.736,7.436,8.66,4.674,5.829,2.796,3.526,9.589,29.575,0,11.762,12.657,14.211,455.247,0.966,1.655,2.241,0.905,-0.34,29,413.753,870080.485,30.85,20.914,18.17,187.318,1,0,-0.285,-1,-0.112,114.458,456.089,3,0,0,0,0,20,0,0,174,37.146,0,19.765,38.36,32.311,25.174,22.248,0,41.94,23.514,0,65.214,12.828,23.8,65.214,22.963,3.551,6.553,6.746,0.203,0,0,2,2,0,0,0,1,0,1,3,2.698,2.242,7.988,22.667,20.133,20.95,14.348,11.644,12.799,8.765,9.989,5.225,6.326,3.013,4.177,32.662,56.803,12.174,446.307,0.933,1.633,2.233,30,400.326,29.41,19.122,17.127,188.92,12.115,12.115,0.156,5.688,126.158,446.694,21,178,33.613,18.746,85.482,85.482,16.911,1.993,23.04,7.869,1.679,0.167,3,1,8300,0.602059991
716,2.674,-2.308,2.241,-2.996,-0.36,35.453,0,414.533,21.09,18.641,20.214,13.492,10.581,11.736,7.436,8.66,4.674,5.829,2.796,3.526,9.589,29.575,0,11.762,12.657,14.211,455.247,0.966,1.655,2.241,0.905,-0.34,29,413.753,870080.485,30.85,20.914,18.17,187.318,1,0,-0.285,-1,-0.112,114.458,456.089,3,0,0,0,0,20,0,0,174,37.146,0,19.765,38.36,32.311,25.174,22.248,0,41.94,23.514,0,65.214,12.828,23.8,65.214,22.963,3.551,6.553,6.746,0.203,0,0,2,2,0,0,0,1,0,1,3,2.698,2.242,7.988,22.667,20.133,20.95,14.348,11.644,12.799,8.765,9.989,5.225,6.326,3.013,4.177,32.662,56.803,12.174,446.307,0.933,1.633,2.233,30,400.326,29.41,19.122,17.127,188.92,12.115,12.115,0.156,5.688,126.158,446.694,21,178,33.613,18.746,85.482,85.482,16.911,1.993,23.04,7.869,1.679,0.167,3,0.5,8300,1.84509804
717,2.775,-2.308,2.242,-2.996,-0.4,35.453,0,538.939,24.244,20.828,22.4,15.297,11.503,12.657,8.265,9.414,5.239,6.454,3.052,3.961,14.384,48.193,7.11,6.924,10.471,14.211,513.253,0.97,1.636,2.212,0.87,-0.87,33,469.773,5204339.136,34.298,21.649,18.169,209.323,1,0,-0.359,-1,-0.571,125.395,514.125,3,0,0,0,0,21,0,0,196,41.883,0,19.765,38.36,26.558,31.491,22.501,0,51.472,29.484,0,71.256,13.485,33.331,65.214,34.388,3.426,6.18,5.428,0.16,0,0,3,3,0,0,0,1,0,1,3,2.698,2.242,7.988,22.667,20.133,20.95,14.348,11.644,12.799,8.765,9.989,5.225,6.326,3.013,4.177,32.662,56.803,12.174,446.307,0.933,1.633,2.233,30,400.326,29.41,19.122,17.127,188.92,12.115,12.115,0.156,5.688,126.158,446.694,21,178,33.613,18.746,85.482,85.482,16.911,1.993,23.04,7.869,1.679,0.167,3,4,8300,0.84509804
718,2.775,-2.308,2.242,-2.996,-0.4,35.453,0,538.939,24.244,20.828,22.4,15.297,11.503,12.657,8.265,9.414,5.239,6.454,3.052,3.961,14.384,48.193,7.11,6.924,10.471,14.211,513.253,0.97,1.636,2.212,0.87,-0.87,33,469.773,5204339.136,34.298,21.649,18.169,209.323,1,0,-0.359,-1,-0.571,125.395,514.125,3,0,0,0,0,21,0,0,196,41.883,0,19.765,38.36,26.558,31.491,22.501,0,51.472,29.484,0,71.256,13.485,33.331,65.214,34.388,3.426,6.18,5.428,0.16,0,0,3,3,0,0,0,1,0,1,3,2.698,2.242,7.988,22.667,20.133,20.95,14.348,11.644,12.799,8.765,9.989,5.225,6.326,3.013,4.177,32.662,56.803,12.174,446.307,0.933,1.633,2.233,30,400.326,29.41,19.122,17.127,188.92,12.115,12.115,0.156,5.688,126.158,446.694,21,178,33.613,18.746,85.482,85.482,16.911,1.993,23.04,7.869,1.679,0.167,3,2,8300,1.72427587
719,2.775,-2.308,2.242,-2.996,-0.4,35.453,0,538.939,24.244,20.828,22.4,15.297,11.503,12.657,8.265,9.414,5.239,6.454,3.052,3.961,14.384,48.193,7.11,6.924,10.471,14.211,513.253,0.97,1.636,2.212,0.87,-0.87,33,469.773,5204339.136,34.298,21.649,18.169,209.323,1,0,-0.359,-1,-0.571,125.395,514.125,3,0,0,0,0,21,0,0,196,41.883,0,19.765,38.36,26.558,31.491,22.501,0,51.472,29.484,0,71.256,13.485,33.331,65.214,34.388,3.426,6.18,5.428,0.16,0,0,3,3,0,0,0,1,0,1,3,2.698,2.242,7.988,22.667,20.133,20.95,14.348,11.644,12.799,8.765,9.989,5.225,6.326,3.013,4.177,32.662,56.803,12.174,446.307,0.933,1.633,2.233,30,400.326,29.41,19.122,17.127,188.92,12.115,12.115,0.156,5.688,126.158,446.694,21,178,33.613,18.746,85.482,85.482,16.911,1.993,23.04,7.869,1.679,0.167,3,1,8300,2.123851641
720,2.775,-2.308,2.242,-2.996,-0.4,35.453,0,538.939,24.244,20.828,22.4,15.297,11.503,12.657,8.265,9.414,5.239,6.454,3.052,3.961,14.384,48.193,7.11,6.924,10.471,14.211,513.253,0.97,1.636,2.212,0.87,-0.87,33,469.773,5204339.136,34.298,21.649,18.169,209.323,1,0,-0.359,-1,-0.571,125.395,514.125,3,0,0,0,0,21,0,0,196,41.883,0,19.765,38.36,26.558,31.491,22.501,0,51.472,29.484,0,71.256,13.485,33.331,65.214,34.388,3.426,6.18,5.428,0.16,0,0,3,3,0,0,0,1,0,1,3,2.698,2.242,7.988,22.667,20.133,20.95,14.348,11.644,12.799,8.765,9.989,5.225,6.326,3.013,4.177,32.662,56.803,12.174,446.307,0.933,1.633,2.233,30,400.326,29.41,19.122,17.127,188.92,12.115,12.115,0.156,5.688,126.158,446.694,21,178,33.613,18.746,85.482,85.482,16.911,1.993,23.04,7.869,1.679,0.167,3,0.5,8300,2.712649702
721,2.991,-2.308,2.243,-2.371,-0.151,32.166,3.964,687.795,32.023,28.483,29.299,20.818,17.105,18.26,11.938,13.163,7.707,8.861,4.746,5.621,14.384,23.075,38.773,11.762,30.988,14.211,630.464,0.744,1.395,2.023,0.912,-1.16,43,564.449,1101079577,41.84,29.545,25.828,268.04,0.465,0.164,-0.338,-0.465,6.831,179.82,630.977,1,0,0,1,0,32,0,0,254,29.222,5.907,46.454,89.43,39.524,18.629,28.748,0,28.594,29.422,10.217,124.007,12.791,28.594,124.007,37.989,-0.338,13.801,14.262,0.064,0,0,3,3,0,1,1,0,0,0,5,2.803,2.246,7.988,24.788,22.255,23.071,15.924,13.22,14.375,9.461,10.611,6.282,7.566,3.74,4.964,32.662,56.803,31.436,488.354,0.909,1.636,2.242,33,436.359,32.41,21.911,18.415,208.015,12.184,12.184,0.152,6.858,140.009,488.775,24,196,52.875,21.519,104.745,104.745,17.05,2.047,23.142,11.866,1.687,0.109,4,4,8300,3.813580989
722,2.991,-2.308,2.243,-2.371,-0.151,32.166,3.964,687.795,32.023,28.483,29.299,20.818,17.105,18.26,11.938,13.163,7.707,8.861,4.746,5.621,14.384,23.075,38.773,11.762,30.988,14.211,630.464,0.744,1.395,2.023,0.912,-1.16,43,564.449,1101079577,41.84,29.545,25.828,268.04,0.465,0.164,-0.338,-0.465,6.831,179.82,630.977,1,0,0,1,0,32,0,0,254,29.222,5.907,46.454,89.43,39.524,18.629,28.748,0,28.594,29.422,10.217,124.007,12.791,28.594,124.007,37.989,-0.338,13.801,14.262,0.064,0,0,3,3,0,1,1,0,0,0,5,2.803,2.246,7.988,24.788,22.255,23.071,15.924,13.22,14.375,9.461,10.611,6.282,7.566,3.74,4.964,32.662,56.803,31.436,488.354,0.909,1.636,2.242,33,436.359,32.41,21.911,18.415,208.015,12.184,12.184,0.152,6.858,140.009,488.775,24,196,52.875,21.519,104.745,104.745,17.05,2.047,23.142,11.866,1.687,0.109,4,2,8300,4.190891717
723,2.991,-2.308,2.243,-2.371,-0.151,32.166,3.964,687.795,32.023,28.483,29.299,20.818,17.105,18.26,11.938,13.163,7.707,8.861,4.746,5.621,14.384,23.075,38.773,11.762,30.988,14.211,630.464,0.744,1.395,2.023,0.912,-1.16,43,564.449,1101079577,41.84,29.545,25.828,268.04,0.465,0.164,-0.338,-0.465,6.831,179.82,630.977,1,0,0,1,0,32,0,0,254,29.222,5.907,46.454,89.43,39.524,18.629,28.748,0,28.594,29.422,10.217,124.007,12.791,28.594,124.007,37.989,-0.338,13.801,14.262,0.064,0,0,3,3,0,1,1,0,0,0,5,2.803,2.246,7.988,24.788,22.255,23.071,15.924,13.22,14.375,9.461,10.611,6.282,7.566,3.74,4.964,32.662,56.803,31.436,488.354,0.909,1.636,2.242,33,436.359,32.41,21.911,18.415,208.015,12.184,12.184,0.152,6.858,140.009,488.775,24,196,52.875,21.519,104.745,104.745,17.05,2.047,23.142,11.866,1.687,0.109,4,1,8300,4.350151067
724,2.991,-2.308,2.243,-2.371,-0.151,32.166,3.964,687.795,32.023,28.483,29.299,20.818,17.105,18.26,11.938,13.163,7.707,8.861,4.746,5.621,14.384,23.075,38.773,11.762,30.988,14.211,630.464,0.744,1.395,2.023,0.912,-1.16,43,564.449,1101079577,41.84,29.545,25.828,268.04,0.465,0.164,-0.338,-0.465,6.831,179.82,630.977,1,0,0,1,0,32,0,0,254,29.222,5.907,46.454,89.43,39.524,18.629,28.748,0,28.594,29.422,10.217,124.007,12.791,28.594,124.007,37.989,-0.338,13.801,14.262,0.064,0,0,3,3,0,1,1,0,0,0,5,2.803,2.246,7.988,24.788,22.255,23.071,15.924,13.22,14.375,9.461,10.611,6.282,7.566,3.74,4.964,32.662,56.803,31.436,488.354,0.909,1.636,2.242,33,436.359,32.41,21.911,18.415,208.015,12.184,12.184,0.152,6.858,140.009,488.775,24,196,52.875,21.519,104.745,104.745,17.05,2.047,23.142,11.866,1.687,0.109,4,0.5,8300,4.11257149
725,2.925,-2.34,2.243,-2.488,-0.151,32.166,2.127,674.022,28.772,24.756,25.572,18.853,14.76,15.914,10.632,11.856,7.206,8.36,4.54,5.414,14.384,29.682,0,16.662,11.824,19.317,574.365,0.872,1.564,2.205,0.897,-1.2,39,520.393,219846266.2,35.826,22.484,17.269,240.214,0.465,0.171,-0.344,-0.465,3.559,156.043,574.825,1,1,1,1,1,24,1,1,228,29.012,5.907,19.765,50.534,65.703,25.236,20.655,1,33.701,29.422,9.8,78.056,15.744,28.594,78.056,39.745,-0.344,7.784,9.634,0.137,1,1,3,3,1,0,1,0,1,0,3,2.803,2.246,7.988,24.788,22.255,23.071,15.924,13.22,14.375,9.461,10.611,6.282,7.566,3.74,4.964,32.662,56.803,31.436,488.354,0.909,1.636,2.242,33,436.359,32.41,21.911,18.415,208.015,12.184,12.184,0.152,6.858,140.009,488.775,24,196,52.875,21.519,104.745,104.745,17.05,2.047,23.142,11.866,1.687,0.109,4,4,8300,-1
726,2.925,-2.34,2.243,-2.488,-0.151,32.166,2.127,674.022,28.772,24.756,25.572,18.853,14.76,15.914,10.632,11.856,7.206,8.36,4.54,5.414,14.384,29.682,0,16.662,11.824,19.317,574.365,0.872,1.564,2.205,0.897,-1.2,39,520.393,219846266.2,35.826,22.484,17.269,240.214,0.465,0.171,-0.344,-0.465,3.559,156.043,574.825,1,1,1,1,1,24,1,1,228,29.012,5.907,19.765,50.534,65.703,25.236,20.655,1,33.701,29.422,9.8,78.056,15.744,28.594,78.056,39.745,-0.344,7.784,9.634,0.137,1,1,3,3,1,0,1,0,1,0,3,2.803,2.246,7.988,24.788,22.255,23.071,15.924,13.22,14.375,9.461,10.611,6.282,7.566,3.74,4.964,32.662,56.803,31.436,488.354,0.909,1.636,2.242,33,436.359,32.41,21.911,18.415,208.015,12.184,12.184,0.152,6.858,140.009,488.775,24,196,52.875,21.519,104.745,104.745,17.05,2.047,23.142,11.866,1.687,0.109,4,2,8300,0.84509804
727,2.925,-2.34,2.243,-2.488,-0.151,32.166,2.127,674.022,28.772,24.756,25.572,18.853,14.76,15.914,10.632,11.856,7.206,8.36,4.54,5.414,14.384,29.682,0,16.662,11.824,19.317,574.365,0.872,1.564,2.205,0.897,-1.2,39,520.393,219846266.2,35.826,22.484,17.269,240.214,0.465,0.171,-0.344,-0.465,3.559,156.043,574.825,1,1,1,1,1,24,1,1,228,29.012,5.907,19.765,50.534,65.703,25.236,20.655,1,33.701,29.422,9.8,78.056,15.744,28.594,78.056,39.745,-0.344,7.784,9.634,0.137,1,1,3,3,1,0,1,0,1,0,3,2.803,2.246,7.988,24.788,22.255,23.071,15.924,13.22,14.375,9.461,10.611,6.282,7.566,3.74,4.964,32.662,56.803,31.436,488.354,0.909,1.636,2.242,33,436.359,32.41,21.911,18.415,208.015,12.184,12.184,0.152,6.858,140.009,488.775,24,196,52.875,21.519,104.745,104.745,17.05,2.047,23.142,11.866,1.687,0.109,4,1,8300,2.832508913
728,2.925,-2.34,2.243,-2.488,-0.151,32.166,2.127,674.022,28.772,24.756,25.572,18.853,14.76,15.914,10.632,11.856,7.206,8.36,4.54,5.414,14.384,29.682,0,16.662,11.824,19.317,574.365,0.872,1.564,2.205,0.897,-1.2,39,520.393,219846266.2,35.826,22.484,17.269,240.214,0.465,0.171,-0.344,-0.465,3.559,156.043,574.825,1,1,1,1,1,24,1,1,228,29.012,5.907,19.765,50.534,65.703,25.236,20.655,1,33.701,29.422,9.8,78.056,15.744,28.594,78.056,39.745,-0.344,7.784,9.634,0.137,1,1,3,3,1,0,1,0,1,0,3,2.803,2.246,7.988,24.788,22.255,23.071,15.924,13.22,14.375,9.461,10.611,6.282,7.566,3.74,4.964,32.662,56.803,31.436,488.354,0.909,1.636,2.242,33,436.359,32.41,21.911,18.415,208.015,12.184,12.184,0.152,6.858,140.009,488.775,24,196,52.875,21.519,104.745,104.745,17.05,2.047,23.142,11.866,1.687,0.109,4,0.5,8300,1.113943352
729,2.927,-2.308,2.242,-2.458,-0.151,32.166,2.071,662.934,28.608,24.861,25.678,18.904,14.898,16.053,10.627,11.852,7.038,8.192,4.405,5.28,14.384,23.075,0,11.762,22.457,14.211,573.381,0.923,1.641,2.333,0.897,-1.2,39,518.401,235200918.6,35.826,23.499,19.505,240.76,0.465,0.147,-0.336,-0.465,3.444,158.256,573.841,2,1,1,1,1,25,1,1,228,29.639,5.907,19.765,50.534,72.248,18.629,21.587,1,28.594,29.422,15.533,78.056,15.564,28.594,78.056,37.603,-0.336,7.819,11.445,0.125,0,0,3,3,0,2,1,0,1,0,3,2.803,2.246,7.988,24.788,22.255,23.071,15.924,13.22,14.375,9.461,10.611,6.282,7.566,3.74,4.964,32.662,56.803,31.436,488.354,0.909,1.636,2.242,33,436.359,32.41,21.911,18.415,208.015,12.184,12.184,0.152,6.858,140.009,488.775,24,196,52.875,21.519,104.745,104.745,17.05,2.047,23.142,11.866,1.687,0.109,4,4,8300,2.870988814
730,2.927,-2.308,2.242,-2.458,-0.151,32.166,2.071,662.934,28.608,24.861,25.678,18.904,14.898,16.053,10.627,11.852,7.038,8.192,4.405,5.28,14.384,23.075,0,11.762,22.457,14.211,573.381,0.923,1.641,2.333,0.897,-1.2,39,518.401,235200918.6,35.826,23.499,19.505,240.76,0.465,0.147,-0.336,-0.465,3.444,158.256,573.841,2,1,1,1,1,25,1,1,228,29.639,5.907,19.765,50.534,72.248,18.629,21.587,1,28.594,29.422,15.533,78.056,15.564,28.594,78.056,37.603,-0.336,7.819,11.445,0.125,0,0,3,3,0,2,1,0,1,0,3,2.803,2.246,7.988,24.788,22.255,23.071,15.924,13.22,14.375,9.461,10.611,6.282,7.566,3.74,4.964,32.662,56.803,31.436,488.354,0.909,1.636,2.242,33,436.359,32.41,21.911,18.415,208.015,12.184,12.184,0.152,6.858,140.009,488.775,24,196,52.875,21.519,104.745,104.745,17.05,2.047,23.142,11.866,1.687,0.109,4,2,8300,3.49248101
731,2.927,-2.308,2.242,-2.458,-0.151,32.166,2.071,662.934,28.608,24.861,25.678,18.904,14.898,16.053,10.627,11.852,7.038,8.192,4.405,5.28,14.384,23.075,0,11.762,22.457,14.211,573.381,0.923,1.641,2.333,0.897,-1.2,39,518.401,235200918.6,35.826,23.499,19.505,240.76,0.465,0.147,-0.336,-0.465,3.444,158.256,573.841,2,1,1,1,1,25,1,1,228,29.639,5.907,19.765,50.534,72.248,18.629,21.587,1,28.594,29.422,15.533,78.056,15.564,28.594,78.056,37.603,-0.336,7.819,11.445,0.125,0,0,3,3,0,2,1,0,1,0,3,2.803,2.246,7.988,24.788,22.255,23.071,15.924,13.22,14.375,9.461,10.611,6.282,7.566,3.74,4.964,32.662,56.803,31.436,488.354,0.909,1.636,2.242,33,436.359,32.41,21.911,18.415,208.015,12.184,12.184,0.152,6.858,140.009,488.775,24,196,52.875,21.519,104.745,104.745,17.05,2.047,23.142,11.866,1.687,0.109,4,1,8300,5.439342169
732,2.927,-2.308,2.242,-2.458,-0.151,32.166,2.071,662.934,28.608,24.861,25.678,18.904,14.898,16.053,10.627,11.852,7.038,8.192,4.405,5.28,14.384,23.075,0,11.762,22.457,14.211,573.381,0.923,1.641,2.333,0.897,-1.2,39,518.401,235200918.6,35.826,23.499,19.505,240.76,0.465,0.147,-0.336,-0.465,3.444,158.256,573.841,2,1,1,1,1,25,1,1,228,29.639,5.907,19.765,50.534,72.248,18.629,21.587,1,28.594,29.422,15.533,78.056,15.564,28.594,78.056,37.603,-0.336,7.819,11.445,0.125,0,0,3,3,0,2,1,0,1,0,3,2.803,2.246,7.988,24.788,22.255,23.071,15.924,13.22,14.375,9.461,10.611,6.282,7.566,3.74,4.964,32.662,56.803,31.436,488.354,0.909,1.636,2.242,33,436.359,32.41,21.911,18.415,208.015,12.184,12.184,0.152,6.858,140.009,488.775,24,196,52.875,21.519,104.745,104.745,17.05,2.047,23.142,11.866,1.687,0.109,4,0.5,8300,3.088844563
733,2.674,-2.308,2.241,-2.996,-0.36,35.453,0,414.533,21.09,18.641,20.214,13.492,10.581,11.736,7.436,8.66,4.674,5.829,2.796,3.526,9.589,29.575,0,11.762,12.657,14.211,455.247,0.966,1.655,2.241,0.905,-0.34,29,413.753,870080.485,30.85,20.914,18.17,187.318,1,0,-0.285,-1,-0.112,114.458,456.089,3,0,0,0,0,20,0,0,174,37.146,0,19.765,38.36,32.311,25.174,22.248,0,41.94,23.514,0,65.214,12.828,23.8,65.214,22.963,3.551,6.553,6.746,0.203,0,0,2,2,0,0,0,1,0,1,3,2.803,2.246,7.988,24.788,22.255,23.071,15.924,13.22,14.375,9.461,10.611,6.282,7.566,3.74,4.964,32.662,56.803,31.436,488.354,0.909,1.636,2.242,33,436.359,32.41,21.911,18.415,208.015,12.184,12.184,0.152,6.858,140.009,488.775,24,196,52.875,21.519,104.745,104.745,17.05,2.047,23.142,11.866,1.687,0.109,4,4,8300,1.886490725
734,2.674,-2.308,2.241,-2.996,-0.36,35.453,0,414.533,21.09,18.641,20.214,13.492,10.581,11.736,7.436,8.66,4.674,5.829,2.796,3.526,9.589,29.575,0,11.762,12.657,14.211,455.247,0.966,1.655,2.241,0.905,-0.34,29,413.753,870080.485,30.85,20.914,18.17,187.318,1,0,-0.285,-1,-0.112,114.458,456.089,3,0,0,0,0,20,0,0,174,37.146,0,19.765,38.36,32.311,25.174,22.248,0,41.94,23.514,0,65.214,12.828,23.8,65.214,22.963,3.551,6.553,6.746,0.203,0,0,2,2,0,0,0,1,0,1,3,2.803,2.246,7.988,24.788,22.255,23.071,15.924,13.22,14.375,9.461,10.611,6.282,7.566,3.74,4.964,32.662,56.803,31.436,488.354,0.909,1.636,2.242,33,436.359,32.41,21.911,18.415,208.015,12.184,12.184,0.152,6.858,140.009,488.775,24,196,52.875,21.519,104.745,104.745,17.05,2.047,23.142,11.866,1.687,0.109,4,2,8300,1.230448921
735,2.674,-2.308,2.241,-2.996,-0.36,35.453,0,414.533,21.09,18.641,20.214,13.492,10.581,11.736,7.436,8.66,4.674,5.829,2.796,3.526,9.589,29.575,0,11.762,12.657,14.211,455.247,0.966,1.655,2.241,0.905,-0.34,29,413.753,870080.485,30.85,20.914,18.17,187.318,1,0,-0.285,-1,-0.112,114.458,456.089,3,0,0,0,0,20,0,0,174,37.146,0,19.765,38.36,32.311,25.174,22.248,0,41.94,23.514,0,65.214,12.828,23.8,65.214,22.963,3.551,6.553,6.746,0.203,0,0,2,2,0,0,0,1,0,1,3,2.803,2.246,7.988,24.788,22.255,23.071,15.924,13.22,14.375,9.461,10.611,6.282,7.566,3.74,4.964,32.662,56.803,31.436,488.354,0.909,1.636,2.242,33,436.359,32.41,21.911,18.415,208.015,12.184,12.184,0.152,6.858,140.009,488.775,24,196,52.875,21.519,104.745,104.745,17.05,2.047,23.142,11.866,1.687,0.109,4,1,8300,1.431363764
736,2.674,-2.308,2.241,-2.996,-0.36,35.453,0,414.533,21.09,18.641,20.214,13.492,10.581,11.736,7.436,8.66,4.674,5.829,2.796,3.526,9.589,29.575,0,11.762,12.657,14.211,455.247,0.966,1.655,2.241,0.905,-0.34,29,413.753,870080.485,30.85,20.914,18.17,187.318,1,0,-0.285,-1,-0.112,114.458,456.089,3,0,0,0,0,20,0,0,174,37.146,0,19.765,38.36,32.311,25.174,22.248,0,41.94,23.514,0,65.214,12.828,23.8,65.214,22.963,3.551,6.553,6.746,0.203,0,0,2,2,0,0,0,1,0,1,3,2.803,2.246,7.988,24.788,22.255,23.071,15.924,13.22,14.375,9.461,10.611,6.282,7.566,3.74,4.964,32.662,56.803,31.436,488.354,0.909,1.636,2.242,33,436.359,32.41,21.911,18.415,208.015,12.184,12.184,0.152,6.858,140.009,488.775,24,196,52.875,21.519,104.745,104.745,17.05,2.047,23.142,11.866,1.687,0.109,4,0.5,8300,1.806179974
737,2.775,-2.308,2.242,-2.996,-0.4,35.453,0,538.939,24.244,20.828,22.4,15.297,11.503,12.657,8.265,9.414,5.239,6.454,3.052,3.961,14.384,48.193,7.11,6.924,10.471,14.211,513.253,0.97,1.636,2.212,0.87,-0.87,33,469.773,5204339.136,34.298,21.649,18.169,209.323,1,0,-0.359,-1,-0.571,125.395,514.125,3,0,0,0,0,21,0,0,196,41.883,0,19.765,38.36,26.558,31.491,22.501,0,51.472,29.484,0,71.256,13.485,33.331,65.214,34.388,3.426,6.18,5.428,0.16,0,0,3,3,0,0,0,1,0,1,3,2.803,2.246,7.988,24.788,22.255,23.071,15.924,13.22,14.375,9.461,10.611,6.282,7.566,3.74,4.964,32.662,56.803,31.436,488.354,0.909,1.636,2.242,33,436.359,32.41,21.911,18.415,208.015,12.184,12.184,0.152,6.858,140.009,488.775,24,196,52.875,21.519,104.745,104.745,17.05,2.047,23.142,11.866,1.687,0.109,4,4,8300,2.301029996
738,2.775,-2.308,2.242,-2.996,-0.4,35.453,0,538.939,24.244,20.828,22.4,15.297,11.503,12.657,8.265,9.414,5.239,6.454,3.052,3.961,14.384,48.193,7.11,6.924,10.471,14.211,513.253,0.97,1.636,2.212,0.87,-0.87,33,469.773,5204339.136,34.298,21.649,18.169,209.323,1,0,-0.359,-1,-0.571,125.395,514.125,3,0,0,0,0,21,0,0,196,41.883,0,19.765,38.36,26.558,31.491,22.501,0,51.472,29.484,0,71.256,13.485,33.331,65.214,34.388,3.426,6.18,5.428,0.16,0,0,3,3,0,0,0,1,0,1,3,2.803,2.246,7.988,24.788,22.255,23.071,15.924,13.22,14.375,9.461,10.611,6.282,7.566,3.74,4.964,32.662,56.803,31.436,488.354,0.909,1.636,2.242,33,436.359,32.41,21.911,18.415,208.015,12.184,12.184,0.152,6.858,140.009,488.775,24,196,52.875,21.519,104.745,104.745,17.05,2.047,23.142,11.866,1.687,0.109,4,2,8300,2.11058971
739,2.775,-2.308,2.242,-2.996,-0.4,35.453,0,538.939,24.244,20.828,22.4,15.297,11.503,12.657,8.265,9.414,5.239,6.454,3.052,3.961,14.384,48.193,7.11,6.924,10.471,14.211,513.253,0.97,1.636,2.212,0.87,-0.87,33,469.773,5204339.136,34.298,21.649,18.169,209.323,1,0,-0.359,-1,-0.571,125.395,514.125,3,0,0,0,0,21,0,0,196,41.883,0,19.765,38.36,26.558,31.491,22.501,0,51.472,29.484,0,71.256,13.485,33.331,65.214,34.388,3.426,6.18,5.428,0.16,0,0,3,3,0,0,0,1,0,1,3,2.803,2.246,7.988,24.788,22.255,23.071,15.924,13.22,14.375,9.461,10.611,6.282,7.566,3.74,4.964,32.662,56.803,31.436,488.354,0.909,1.636,2.242,33,436.359,32.41,21.911,18.415,208.015,12.184,12.184,0.152,6.858,140.009,488.775,24,196,52.875,21.519,104.745,104.745,17.05,2.047,23.142,11.866,1.687,0.109,4,1,8300,1.934498451
740,2.775,-2.308,2.242,-2.996,-0.4,35.453,0,538.939,24.244,20.828,22.4,15.297,11.503,12.657,8.265,9.414,5.239,6.454,3.052,3.961,14.384,48.193,7.11,6.924,10.471,14.211,513.253,0.97,1.636,2.212,0.87,-0.87,33,469.773,5204339.136,34.298,21.649,18.169,209.323,1,0,-0.359,-1,-0.571,125.395,514.125,3,0,0,0,0,21,0,0,196,41.883,0,19.765,38.36,26.558,31.491,22.501,0,51.472,29.484,0,71.256,13.485,33.331,65.214,34.388,3.426,6.18,5.428,0.16,0,0,3,3,0,0,0,1,0,1,3,2.803,2.246,7.988,24.788,22.255,23.071,15.924,13.22,14.375,9.461,10.611,6.282,7.566,3.74,4.964,32.662,56.803,31.436,488.354,0.909,1.636,2.242,33,436.359,32.41,21.911,18.415,208.015,12.184,12.184,0.152,6.858,140.009,488.775,24,196,52.875,21.519,104.745,104.745,17.05,2.047,23.142,11.866,1.687,0.109,4,0.5,8300,-1
741,2.991,-2.308,2.243,-2.371,-0.151,32.166,3.964,687.795,32.023,28.483,29.299,20.818,17.105,18.26,11.938,13.163,7.707,8.861,4.746,5.621,14.384,23.075,38.773,11.762,30.988,14.211,630.464,0.744,1.395,2.023,0.912,-1.16,43,564.449,1101079577,41.84,29.545,25.828,268.04,0.465,0.164,-0.338,-0.465,6.831,179.82,630.977,1,0,0,1,0,32,0,0,254,29.222,5.907,46.454,89.43,39.524,18.629,28.748,0,28.594,29.422,10.217,124.007,12.791,28.594,124.007,37.989,-0.338,13.801,14.262,0.064,0,0,3,3,0,1,1,0,0,0,5,2.815,2.242,7.988,24.203,20.943,21.759,16.01,12.345,13.5,8.818,10.042,5.763,6.833,3.528,4.435,39.269,56.451,5.563,480.291,0.909,1.636,2.303,33,436.359,29.662,18.991,15.209,204.882,12.169,12.169,0.162,5.885,136.849,480.711,21,188,50.097,17.07,71.635,70.777,16.988,1.959,23.122,7.628,1.677,0.162,3,4,8300,3.360971884
742,2.991,-2.308,2.243,-2.371,-0.151,32.166,3.964,687.795,32.023,28.483,29.299,20.818,17.105,18.26,11.938,13.163,7.707,8.861,4.746,5.621,14.384,23.075,38.773,11.762,30.988,14.211,630.464,0.744,1.395,2.023,0.912,-1.16,43,564.449,1101079577,41.84,29.545,25.828,268.04,0.465,0.164,-0.338,-0.465,6.831,179.82,630.977,1,0,0,1,0,32,0,0,254,29.222,5.907,46.454,89.43,39.524,18.629,28.748,0,28.594,29.422,10.217,124.007,12.791,28.594,124.007,37.989,-0.338,13.801,14.262,0.064,0,0,3,3,0,1,1,0,0,0,5,2.815,2.242,7.988,24.203,20.943,21.759,16.01,12.345,13.5,8.818,10.042,5.763,6.833,3.528,4.435,39.269,56.451,5.563,480.291,0.909,1.636,2.303,33,436.359,29.662,18.991,15.209,204.882,12.169,12.169,0.162,5.885,136.849,480.711,21,188,50.097,17.07,71.635,70.777,16.988,1.959,23.122,7.628,1.677,0.162,3,2,8300,3.626443025
743,2.991,-2.308,2.243,-2.371,-0.151,32.166,3.964,687.795,32.023,28.483,29.299,20.818,17.105,18.26,11.938,13.163,7.707,8.861,4.746,5.621,14.384,23.075,38.773,11.762,30.988,14.211,630.464,0.744,1.395,2.023,0.912,-1.16,43,564.449,1101079577,41.84,29.545,25.828,268.04,0.465,0.164,-0.338,-0.465,6.831,179.82,630.977,1,0,0,1,0,32,0,0,254,29.222,5.907,46.454,89.43,39.524,18.629,28.748,0,28.594,29.422,10.217,124.007,12.791,28.594,124.007,37.989,-0.338,13.801,14.262,0.064,0,0,3,3,0,1,1,0,0,0,5,2.815,2.242,7.988,24.203,20.943,21.759,16.01,12.345,13.5,8.818,10.042,5.763,6.833,3.528,4.435,39.269,56.451,5.563,480.291,0.909,1.636,2.303,33,436.359,29.662,18.991,15.209,204.882,12.169,12.169,0.162,5.885,136.849,480.711,21,188,50.097,17.07,71.635,70.777,16.988,1.959,23.122,7.628,1.677,0.162,3,1,8300,4.445619769
744,2.991,-2.308,2.243,-2.371,-0.151,32.166,3.964,687.795,32.023,28.483,29.299,20.818,17.105,18.26,11.938,13.163,7.707,8.861,4.746,5.621,14.384,23.075,38.773,11.762,30.988,14.211,630.464,0.744,1.395,2.023,0.912,-1.16,43,564.449,1101079577,41.84,29.545,25.828,268.04,0.465,0.164,-0.338,-0.465,6.831,179.82,630.977,1,0,0,1,0,32,0,0,254,29.222,5.907,46.454,89.43,39.524,18.629,28.748,0,28.594,29.422,10.217,124.007,12.791,28.594,124.007,37.989,-0.338,13.801,14.262,0.064,0,0,3,3,0,1,1,0,0,0,5,2.815,2.242,7.988,24.203,20.943,21.759,16.01,12.345,13.5,8.818,10.042,5.763,6.833,3.528,4.435,39.269,56.451,5.563,480.291,0.909,1.636,2.303,33,436.359,29.662,18.991,15.209,204.882,12.169,12.169,0.162,5.885,136.849,480.711,21,188,50.097,17.07,71.635,70.777,16.988,1.959,23.122,7.628,1.677,0.162,3,0.5,8300,1.919078092
745,2.925,-2.34,2.243,-2.488,-0.151,32.166,2.127,674.022,28.772,24.756,25.572,18.853,14.76,15.914,10.632,11.856,7.206,8.36,4.54,5.414,14.384,29.682,0,16.662,11.824,19.317,574.365,0.872,1.564,2.205,0.897,-1.2,39,520.393,219846266.2,35.826,22.484,17.269,240.214,0.465,0.171,-0.344,-0.465,3.559,156.043,574.825,1,1,1,1,1,24,1,1,228,29.012,5.907,19.765,50.534,65.703,25.236,20.655,1,33.701,29.422,9.8,78.056,15.744,28.594,78.056,39.745,-0.344,7.784,9.634,0.137,1,1,3,3,1,0,1,0,1,0,3,2.815,2.242,7.988,24.203,20.943,21.759,16.01,12.345,13.5,8.818,10.042,5.763,6.833,3.528,4.435,39.269,56.451,5.563,480.291,0.909,1.636,2.303,33,436.359,29.662,18.991,15.209,204.882,12.169,12.169,0.162,5.885,136.849,480.711,21,188,50.097,17.07,71.635,70.777,16.988,1.959,23.122,7.628,1.677,0.162,3,4,8300,1.113943352
746,2.925,-2.34,2.243,-2.488,-0.151,32.166,2.127,674.022,28.772,24.756,25.572,18.853,14.76,15.914,10.632,11.856,7.206,8.36,4.54,5.414,14.384,29.682,0,16.662,11.824,19.317,574.365,0.872,1.564,2.205,0.897,-1.2,39,520.393,219846266.2,35.826,22.484,17.269,240.214,0.465,0.171,-0.344,-0.465,3.559,156.043,574.825,1,1,1,1,1,24,1,1,228,29.012,5.907,19.765,50.534,65.703,25.236,20.655,1,33.701,29.422,9.8,78.056,15.744,28.594,78.056,39.745,-0.344,7.784,9.634,0.137,1,1,3,3,1,0,1,0,1,0,3,2.815,2.242,7.988,24.203,20.943,21.759,16.01,12.345,13.5,8.818,10.042,5.763,6.833,3.528,4.435,39.269,56.451,5.563,480.291,0.909,1.636,2.303,33,436.359,29.662,18.991,15.209,204.882,12.169,12.169,0.162,5.885,136.849,480.711,21,188,50.097,17.07,71.635,70.777,16.988,1.959,23.122,7.628,1.677,0.162,3,2,8300,0.477121255
747,2.925,-2.34,2.243,-2.488,-0.151,32.166,2.127,674.022,28.772,24.756,25.572,18.853,14.76,15.914,10.632,11.856,7.206,8.36,4.54,5.414,14.384,29.682,0,16.662,11.824,19.317,574.365,0.872,1.564,2.205,0.897,-1.2,39,520.393,219846266.2,35.826,22.484,17.269,240.214,0.465,0.171,-0.344,-0.465,3.559,156.043,574.825,1,1,1,1,1,24,1,1,228,29.012,5.907,19.765,50.534,65.703,25.236,20.655,1,33.701,29.422,9.8,78.056,15.744,28.594,78.056,39.745,-0.344,7.784,9.634,0.137,1,1,3,3,1,0,1,0,1,0,3,2.815,2.242,7.988,24.203,20.943,21.759,16.01,12.345,13.5,8.818,10.042,5.763,6.833,3.528,4.435,39.269,56.451,5.563,480.291,0.909,1.636,2.303,33,436.359,29.662,18.991,15.209,204.882,12.169,12.169,0.162,5.885,136.849,480.711,21,188,50.097,17.07,71.635,70.777,16.988,1.959,23.122,7.628,1.677,0.162,3,1,8300,1
748,2.925,-2.34,2.243,-2.488,-0.151,32.166,2.127,674.022,28.772,24.756,25.572,18.853,14.76,15.914,10.632,11.856,7.206,8.36,4.54,5.414,14.384,29.682,0,16.662,11.824,19.317,574.365,0.872,1.564,2.205,0.897,-1.2,39,520.393,219846266.2,35.826,22.484,17.269,240.214,0.465,0.171,-0.344,-0.465,3.559,156.043,574.825,1,1,1,1,1,24,1,1,228,29.012,5.907,19.765,50.534,65.703,25.236,20.655,1,33.701,29.422,9.8,78.056,15.744,28.594,78.056,39.745,-0.344,7.784,9.634,0.137,1,1,3,3,1,0,1,0,1,0,3,2.815,2.242,7.988,24.203,20.943,21.759,16.01,12.345,13.5,8.818,10.042,5.763,6.833,3.528,4.435,39.269,56.451,5.563,480.291,0.909,1.636,2.303,33,436.359,29.662,18.991,15.209,204.882,12.169,12.169,0.162,5.885,136.849,480.711,21,188,50.097,17.07,71.635,70.777,16.988,1.959,23.122,7.628,1.677,0.162,3,0.5,8300,0.477121255
749,2.927,-2.308,2.242,-2.458,-0.151,32.166,2.071,662.934,28.608,24.861,25.678,18.904,14.898,16.053,10.627,11.852,7.038,8.192,4.405,5.28,14.384,23.075,0,11.762,22.457,14.211,573.381,0.923,1.641,2.333,0.897,-1.2,39,518.401,235200918.6,35.826,23.499,19.505,240.76,0.465,0.147,-0.336,-0.465,3.444,158.256,573.841,2,1,1,1,1,25,1,1,228,29.639,5.907,19.765,50.534,72.248,18.629,21.587,1,28.594,29.422,15.533,78.056,15.564,28.594,78.056,37.603,-0.336,7.819,11.445,0.125,0,0,3,3,0,2,1,0,1,0,3,2.815,2.242,7.988,24.203,20.943,21.759,16.01,12.345,13.5,8.818,10.042,5.763,6.833,3.528,4.435,39.269,56.451,5.563,480.291,0.909,1.636,2.303,33,436.359,29.662,18.991,15.209,204.882,12.169,12.169,0.162,5.885,136.849,480.711,21,188,50.097,17.07,71.635,70.777,16.988,1.959,23.122,7.628,1.677,0.162,3,4,8300,2.509202522
750,2.927,-2.308,2.242,-2.458,-0.151,32.166,2.071,662.934,28.608,24.861,25.678,18.904,14.898,16.053,10.627,11.852,7.038,8.192,4.405,5.28,14.384,23.075,0,11.762,22.457,14.211,573.381,0.923,1.641,2.333,0.897,-1.2,39,518.401,235200918.6,35.826,23.499,19.505,240.76,0.465,0.147,-0.336,-0.465,3.444,158.256,573.841,2,1,1,1,1,25,1,1,228,29.639,5.907,19.765,50.534,72.248,18.629,21.587,1,28.594,29.422,15.533,78.056,15.564,28.594,78.056,37.603,-0.336,7.819,11.445,0.125,0,0,3,3,0,2,1,0,1,0,3,2.815,2.242,7.988,24.203,20.943,21.759,16.01,12.345,13.5,8.818,10.042,5.763,6.833,3.528,4.435,39.269,56.451,5.563,480.291,0.909,1.636,2.303,33,436.359,29.662,18.991,15.209,204.882,12.169,12.169,0.162,5.885,136.849,480.711,21,188,50.097,17.07,71.635,70.777,16.988,1.959,23.122,7.628,1.677,0.162,3,2,8300,4.464146626
751,2.927,-2.308,2.242,-2.458,-0.151,32.166,2.071,662.934,28.608,24.861,25.678,18.904,14.898,16.053,10.627,11.852,7.038,8.192,4.405,5.28,14.384,23.075,0,11.762,22.457,14.211,573.381,0.923,1.641,2.333,0.897,-1.2,39,518.401,235200918.6,35.826,23.499,19.505,240.76,0.465,0.147,-0.336,-0.465,3.444,158.256,573.841,2,1,1,1,1,25,1,1,228,29.639,5.907,19.765,50.534,72.248,18.629,21.587,1,28.594,29.422,15.533,78.056,15.564,28.594,78.056,37.603,-0.336,7.819,11.445,0.125,0,0,3,3,0,2,1,0,1,0,3,2.815,2.242,7.988,24.203,20.943,21.759,16.01,12.345,13.5,8.818,10.042,5.763,6.833,3.528,4.435,39.269,56.451,5.563,480.291,0.909,1.636,2.303,33,436.359,29.662,18.991,15.209,204.882,12.169,12.169,0.162,5.885,136.849,480.711,21,188,50.097,17.07,71.635,70.777,16.988,1.959,23.122,7.628,1.677,0.162,3,1,8300,3.474653253
752,2.927,-2.308,2.242,-2.458,-0.151,32.166,2.071,662.934,28.608,24.861,25.678,18.904,14.898,16.053,10.627,11.852,7.038,8.192,4.405,5.28,14.384,23.075,0,11.762,22.457,14.211,573.381,0.923,1.641,2.333,0.897,-1.2,39,518.401,235200918.6,35.826,23.499,19.505,240.76,0.465,0.147,-0.336,-0.465,3.444,158.256,573.841,2,1,1,1,1,25,1,1,228,29.639,5.907,19.765,50.534,72.248,18.629,21.587,1,28.594,29.422,15.533,78.056,15.564,28.594,78.056,37.603,-0.336,7.819,11.445,0.125,0,0,3,3,0,2,1,0,1,0,3,2.815,2.242,7.988,24.203,20.943,21.759,16.01,12.345,13.5,8.818,10.042,5.763,6.833,3.528,4.435,39.269,56.451,5.563,480.291,0.909,1.636,2.303,33,436.359,29.662,18.991,15.209,204.882,12.169,12.169,0.162,5.885,136.849,480.711,21,188,50.097,17.07,71.635,70.777,16.988,1.959,23.122,7.628,1.677,0.162,3,0.5,8300,3.731749884
753,2.674,-2.308,2.241,-2.996,-0.36,35.453,0,414.533,21.09,18.641,20.214,13.492,10.581,11.736,7.436,8.66,4.674,5.829,2.796,3.526,9.589,29.575,0,11.762,12.657,14.211,455.247,0.966,1.655,2.241,0.905,-0.34,29,413.753,870080.485,30.85,20.914,18.17,187.318,1,0,-0.285,-1,-0.112,114.458,456.089,3,0,0,0,0,20,0,0,174,37.146,0,19.765,38.36,32.311,25.174,22.248,0,41.94,23.514,0,65.214,12.828,23.8,65.214,22.963,3.551,6.553,6.746,0.203,0,0,2,2,0,0,0,1,0,1,3,2.815,2.242,7.988,24.203,20.943,21.759,16.01,12.345,13.5,8.818,10.042,5.763,6.833,3.528,4.435,39.269,56.451,5.563,480.291,0.909,1.636,2.303,33,436.359,29.662,18.991,15.209,204.882,12.169,12.169,0.162,5.885,136.849,480.711,21,188,50.097,17.07,71.635,70.777,16.988,1.959,23.122,7.628,1.677,0.162,3,4,8300,0.84509804
754,2.674,-2.308,2.241,-2.996,-0.36,35.453,0,414.533,21.09,18.641,20.214,13.492,10.581,11.736,7.436,8.66,4.674,5.829,2.796,3.526,9.589,29.575,0,11.762,12.657,14.211,455.247,0.966,1.655,2.241,0.905,-0.34,29,413.753,870080.485,30.85,20.914,18.17,187.318,1,0,-0.285,-1,-0.112,114.458,456.089,3,0,0,0,0,20,0,0,174,37.146,0,19.765,38.36,32.311,25.174,22.248,0,41.94,23.514,0,65.214,12.828,23.8,65.214,22.963,3.551,6.553,6.746,0.203,0,0,2,2,0,0,0,1,0,1,3,2.815,2.242,7.988,24.203,20.943,21.759,16.01,12.345,13.5,8.818,10.042,5.763,6.833,3.528,4.435,39.269,56.451,5.563,480.291,0.909,1.636,2.303,33,436.359,29.662,18.991,15.209,204.882,12.169,12.169,0.162,5.885,136.849,480.711,21,188,50.097,17.07,71.635,70.777,16.988,1.959,23.122,7.628,1.677,0.162,3,2,8300,-1
755,2.674,-2.308,2.241,-2.996,-0.36,35.453,0,414.533,21.09,18.641,20.214,13.492,10.581,11.736,7.436,8.66,4.674,5.829,2.796,3.526,9.589,29.575,0,11.762,12.657,14.211,455.247,0.966,1.655,2.241,0.905,-0.34,29,413.753,870080.485,30.85,20.914,18.17,187.318,1,0,-0.285,-1,-0.112,114.458,456.089,3,0,0,0,0,20,0,0,174,37.146,0,19.765,38.36,32.311,25.174,22.248,0,41.94,23.514,0,65.214,12.828,23.8,65.214,22.963,3.551,6.553,6.746,0.203,0,0,2,2,0,0,0,1,0,1,3,2.815,2.242,7.988,24.203,20.943,21.759,16.01,12.345,13.5,8.818,10.042,5.763,6.833,3.528,4.435,39.269,56.451,5.563,480.291,0.909,1.636,2.303,33,436.359,29.662,18.991,15.209,204.882,12.169,12.169,0.162,5.885,136.849,480.711,21,188,50.097,17.07,71.635,70.777,16.988,1.959,23.122,7.628,1.677,0.162,3,1,8300,-1
756,2.674,-2.308,2.241,-2.996,-0.36,35.453,0,414.533,21.09,18.641,20.214,13.492,10.581,11.736,7.436,8.66,4.674,5.829,2.796,3.526,9.589,29.575,0,11.762,12.657,14.211,455.247,0.966,1.655,2.241,0.905,-0.34,29,413.753,870080.485,30.85,20.914,18.17,187.318,1,0,-0.285,-1,-0.112,114.458,456.089,3,0,0,0,0,20,0,0,174,37.146,0,19.765,38.36,32.311,25.174,22.248,0,41.94,23.514,0,65.214,12.828,23.8,65.214,22.963,3.551,6.553,6.746,0.203,0,0,2,2,0,0,0,1,0,1,3,2.815,2.242,7.988,24.203,20.943,21.759,16.01,12.345,13.5,8.818,10.042,5.763,6.833,3.528,4.435,39.269,56.451,5.563,480.291,0.909,1.636,2.303,33,436.359,29.662,18.991,15.209,204.882,12.169,12.169,0.162,5.885,136.849,480.711,21,188,50.097,17.07,71.635,70.777,16.988,1.959,23.122,7.628,1.677,0.162,3,0.5,8300,1
757,2.775,-2.308,2.242,-2.996,-0.4,35.453,0,538.939,24.244,20.828,22.4,15.297,11.503,12.657,8.265,9.414,5.239,6.454,3.052,3.961,14.384,48.193,7.11,6.924,10.471,14.211,513.253,0.97,1.636,2.212,0.87,-0.87,33,469.773,5204339.136,34.298,21.649,18.169,209.323,1,0,-0.359,-1,-0.571,125.395,514.125,3,0,0,0,0,21,0,0,196,41.883,0,19.765,38.36,26.558,31.491,22.501,0,51.472,29.484,0,71.256,13.485,33.331,65.214,34.388,3.426,6.18,5.428,0.16,0,0,3,3,0,0,0,1,0,1,3,2.815,2.242,7.988,24.203,20.943,21.759,16.01,12.345,13.5,8.818,10.042,5.763,6.833,3.528,4.435,39.269,56.451,5.563,480.291,0.909,1.636,2.303,33,436.359,29.662,18.991,15.209,204.882,12.169,12.169,0.162,5.885,136.849,480.711,21,188,50.097,17.07,71.635,70.777,16.988,1.959,23.122,7.628,1.677,0.162,3,4,8300,1.462397998
758,2.775,-2.308,2.242,-2.996,-0.4,35.453,0,538.939,24.244,20.828,22.4,15.297,11.503,12.657,8.265,9.414,5.239,6.454,3.052,3.961,14.384,48.193,7.11,6.924,10.471,14.211,513.253,0.97,1.636,2.212,0.87,-0.87,33,469.773,5204339.136,34.298,21.649,18.169,209.323,1,0,-0.359,-1,-0.571,125.395,514.125,3,0,0,0,0,21,0,0,196,41.883,0,19.765,38.36,26.558,31.491,22.501,0,51.472,29.484,0,71.256,13.485,33.331,65.214,34.388,3.426,6.18,5.428,0.16,0,0,3,3,0,0,0,1,0,1,3,2.815,2.242,7.988,24.203,20.943,21.759,16.01,12.345,13.5,8.818,10.042,5.763,6.833,3.528,4.435,39.269,56.451,5.563,480.291,0.909,1.636,2.303,33,436.359,29.662,18.991,15.209,204.882,12.169,12.169,0.162,5.885,136.849,480.711,21,188,50.097,17.07,71.635,70.777,16.988,1.959,23.122,7.628,1.677,0.162,3,2,8300,1
759,2.775,-2.308,2.242,-2.996,-0.4,35.453,0,538.939,24.244,20.828,22.4,15.297,11.503,12.657,8.265,9.414,5.239,6.454,3.052,3.961,14.384,48.193,7.11,6.924,10.471,14.211,513.253,0.97,1.636,2.212,0.87,-0.87,33,469.773,5204339.136,34.298,21.649,18.169,209.323,1,0,-0.359,-1,-0.571,125.395,514.125,3,0,0,0,0,21,0,0,196,41.883,0,19.765,38.36,26.558,31.491,22.501,0,51.472,29.484,0,71.256,13.485,33.331,65.214,34.388,3.426,6.18,5.428,0.16,0,0,3,3,0,0,0,1,0,1,3,2.815,2.242,7.988,24.203,20.943,21.759,16.01,12.345,13.5,8.818,10.042,5.763,6.833,3.528,4.435,39.269,56.451,5.563,480.291,0.909,1.636,2.303,33,436.359,29.662,18.991,15.209,204.882,12.169,12.169,0.162,5.885,136.849,480.711,21,188,50.097,17.07,71.635,70.777,16.988,1.959,23.122,7.628,1.677,0.162,3,1,8300,1.113943352
760,2.775,-2.308,2.242,-2.996,-0.4,35.453,0,538.939,24.244,20.828,22.4,15.297,11.503,12.657,8.265,9.414,5.239,6.454,3.052,3.961,14.384,48.193,7.11,6.924,10.471,14.211,513.253,0.97,1.636,2.212,0.87,-0.87,33,469.773,5204339.136,34.298,21.649,18.169,209.323,1,0,-0.359,-1,-0.571,125.395,514.125,3,0,0,0,0,21,0,0,196,41.883,0,19.765,38.36,26.558,31.491,22.501,0,51.472,29.484,0,71.256,13.485,33.331,65.214,34.388,3.426,6.18,5.428,0.16,0,0,3,3,0,0,0,1,0,1,3,2.815,2.242,7.988,24.203,20.943,21.759,16.01,12.345,13.5,8.818,10.042,5.763,6.833,3.528,4.435,39.269,56.451,5.563,480.291,0.909,1.636,2.303,33,436.359,29.662,18.991,15.209,204.882,12.169,12.169,0.162,5.885,136.849,480.711,21,188,50.097,17.07,71.635,70.777,16.988,1.959,23.122,7.628,1.677,0.162,3,0.5,8300,-1
761,2.991,-2.308,2.243,-2.371,-0.151,32.166,3.964,687.795,32.023,28.483,29.299,20.818,17.105,18.26,11.938,13.163,7.707,8.861,4.746,5.621,14.384,23.075,38.773,11.762,30.988,14.211,630.464,0.744,1.395,2.023,0.912,-1.16,43,564.449,1101079577,41.84,29.545,25.828,268.04,0.465,0.164,-0.338,-0.465,6.831,179.82,630.977,1,0,0,1,0,32,0,0,254,29.222,5.907,46.454,89.43,39.524,18.629,28.748,0,28.594,29.422,10.217,124.007,12.791,28.594,124.007,37.989,-0.338,13.801,14.262,0.064,0,0,3,3,0,1,1,0,0,0,5,2.775,2.242,7.988,23.918,20.832,21.648,15.492,12.397,13.552,8.72,9.945,5.582,6.737,3.363,4.298,45.876,57.119,18.594,476.317,0.844,1.5,2.156,32,428.336,31.37,22.177,18.895,200.079,12.137,12.137,0.166,5.195,132.257,476.72,24,190,32.607,21.74,90.897,90.897,16.92,1.96,23.075,10.943,1.671,0.151,6,4,8300,2.629409599
762,2.991,-2.308,2.243,-2.371,-0.151,32.166,3.964,687.795,32.023,28.483,29.299,20.818,17.105,18.26,11.938,13.163,7.707,8.861,4.746,5.621,14.384,23.075,38.773,11.762,30.988,14.211,630.464,0.744,1.395,2.023,0.912,-1.16,43,564.449,1101079577,41.84,29.545,25.828,268.04,0.465,0.164,-0.338,-0.465,6.831,179.82,630.977,1,0,0,1,0,32,0,0,254,29.222,5.907,46.454,89.43,39.524,18.629,28.748,0,28.594,29.422,10.217,124.007,12.791,28.594,124.007,37.989,-0.338,13.801,14.262,0.064,0,0,3,3,0,1,1,0,0,0,5,2.775,2.242,7.988,23.918,20.832,21.648,15.492,12.397,13.552,8.72,9.945,5.582,6.737,3.363,4.298,45.876,57.119,18.594,476.317,0.844,1.5,2.156,32,428.336,31.37,22.177,18.895,200.079,12.137,12.137,0.166,5.195,132.257,476.72,24,190,32.607,21.74,90.897,90.897,16.92,1.96,23.075,10.943,1.671,0.151,6,2,8300,2.184691431
763,2.991,-2.308,2.243,-2.371,-0.151,32.166,3.964,687.795,32.023,28.483,29.299,20.818,17.105,18.26,11.938,13.163,7.707,8.861,4.746,5.621,14.384,23.075,38.773,11.762,30.988,14.211,630.464,0.744,1.395,2.023,0.912,-1.16,43,564.449,1101079577,41.84,29.545,25.828,268.04,0.465,0.164,-0.338,-0.465,6.831,179.82,630.977,1,0,0,1,0,32,0,0,254,29.222,5.907,46.454,89.43,39.524,18.629,28.748,0,28.594,29.422,10.217,124.007,12.791,28.594,124.007,37.989,-0.338,13.801,14.262,0.064,0,0,3,3,0,1,1,0,0,0,5,2.775,2.242,7.988,23.918,20.832,21.648,15.492,12.397,13.552,8.72,9.945,5.582,6.737,3.363,4.298,45.876,57.119,18.594,476.317,0.844,1.5,2.156,32,428.336,31.37,22.177,18.895,200.079,12.137,12.137,0.166,5.195,132.257,476.72,24,190,32.607,21.74,90.897,90.897,16.92,1.96,23.075,10.943,1.671,0.151,6,1,8300,2.440909082
764,2.991,-2.308,2.243,-2.371,-0.151,32.166,3.964,687.795,32.023,28.483,29.299,20.818,17.105,18.26,11.938,13.163,7.707,8.861,4.746,5.621,14.384,23.075,38.773,11.762,30.988,14.211,630.464,0.744,1.395,2.023,0.912,-1.16,43,564.449,1101079577,41.84,29.545,25.828,268.04,0.465,0.164,-0.338,-0.465,6.831,179.82,630.977,1,0,0,1,0,32,0,0,254,29.222,5.907,46.454,89.43,39.524,18.629,28.748,0,28.594,29.422,10.217,124.007,12.791,28.594,124.007,37.989,-0.338,13.801,14.262,0.064,0,0,3,3,0,1,1,0,0,0,5,2.775,2.242,7.988,23.918,20.832,21.648,15.492,12.397,13.552,8.72,9.945,5.582,6.737,3.363,4.298,45.876,57.119,18.594,476.317,0.844,1.5,2.156,32,428.336,31.37,22.177,18.895,200.079,12.137,12.137,0.166,5.195,132.257,476.72,24,190,32.607,21.74,90.897,90.897,16.92,1.96,23.075,10.943,1.671,0.151,6,0.5,8300,2.51851394
765,2.925,-2.34,2.243,-2.488,-0.151,32.166,2.127,674.022,28.772,24.756,25.572,18.853,14.76,15.914,10.632,11.856,7.206,8.36,4.54,5.414,14.384,29.682,0,16.662,11.824,19.317,574.365,0.872,1.564,2.205,0.897,-1.2,39,520.393,219846266.2,35.826,22.484,17.269,240.214,0.465,0.171,-0.344,-0.465,3.559,156.043,574.825,1,1,1,1,1,24,1,1,228,29.012,5.907,19.765,50.534,65.703,25.236,20.655,1,33.701,29.422,9.8,78.056,15.744,28.594,78.056,39.745,-0.344,7.784,9.634,0.137,1,1,3,3,1,0,1,0,1,0,3,2.775,2.242,7.988,23.918,20.832,21.648,15.492,12.397,13.552,8.72,9.945,5.582,6.737,3.363,4.298,45.876,57.119,18.594,476.317,0.844,1.5,2.156,32,428.336,31.37,22.177,18.895,200.079,12.137,12.137,0.166,5.195,132.257,476.72,24,190,32.607,21.74,90.897,90.897,16.92,1.96,23.075,10.943,1.671,0.151,6,4,8300,0.477121255
766,2.925,-2.34,2.243,-2.488,-0.151,32.166,2.127,674.022,28.772,24.756,25.572,18.853,14.76,15.914,10.632,11.856,7.206,8.36,4.54,5.414,14.384,29.682,0,16.662,11.824,19.317,574.365,0.872,1.564,2.205,0.897,-1.2,39,520.393,219846266.2,35.826,22.484,17.269,240.214,0.465,0.171,-0.344,-0.465,3.559,156.043,574.825,1,1,1,1,1,24,1,1,228,29.012,5.907,19.765,50.534,65.703,25.236,20.655,1,33.701,29.422,9.8,78.056,15.744,28.594,78.056,39.745,-0.344,7.784,9.634,0.137,1,1,3,3,1,0,1,0,1,0,3,2.775,2.242,7.988,23.918,20.832,21.648,15.492,12.397,13.552,8.72,9.945,5.582,6.737,3.363,4.298,45.876,57.119,18.594,476.317,0.844,1.5,2.156,32,428.336,31.37,22.177,18.895,200.079,12.137,12.137,0.166,5.195,132.257,476.72,24,190,32.607,21.74,90.897,90.897,16.92,1.96,23.075,10.943,1.671,0.151,6,2,8300,-1
767,2.925,-2.34,2.243,-2.488,-0.151,32.166,2.127,674.022,28.772,24.756,25.572,18.853,14.76,15.914,10.632,11.856,7.206,8.36,4.54,5.414,14.384,29.682,0,16.662,11.824,19.317,574.365,0.872,1.564,2.205,0.897,-1.2,39,520.393,219846266.2,35.826,22.484,17.269,240.214,0.465,0.171,-0.344,-0.465,3.559,156.043,574.825,1,1,1,1,1,24,1,1,228,29.012,5.907,19.765,50.534,65.703,25.236,20.655,1,33.701,29.422,9.8,78.056,15.744,28.594,78.056,39.745,-0.344,7.784,9.634,0.137,1,1,3,3,1,0,1,0,1,0,3,2.775,2.242,7.988,23.918,20.832,21.648,15.492,12.397,13.552,8.72,9.945,5.582,6.737,3.363,4.298,45.876,57.119,18.594,476.317,0.844,1.5,2.156,32,428.336,31.37,22.177,18.895,200.079,12.137,12.137,0.166,5.195,132.257,476.72,24,190,32.607,21.74,90.897,90.897,16.92,1.96,23.075,10.943,1.671,0.151,6,1,8300,-1
768,2.925,-2.34,2.243,-2.488,-0.151,32.166,2.127,674.022,28.772,24.756,25.572,18.853,14.76,15.914,10.632,11.856,7.206,8.36,4.54,5.414,14.384,29.682,0,16.662,11.824,19.317,574.365,0.872,1.564,2.205,0.897,-1.2,39,520.393,219846266.2,35.826,22.484,17.269,240.214,0.465,0.171,-0.344,-0.465,3.559,156.043,574.825,1,1,1,1,1,24,1,1,228,29.012,5.907,19.765,50.534,65.703,25.236,20.655,1,33.701,29.422,9.8,78.056,15.744,28.594,78.056,39.745,-0.344,7.784,9.634,0.137,1,1,3,3,1,0,1,0,1,0,3,2.775,2.242,7.988,23.918,20.832,21.648,15.492,12.397,13.552,8.72,9.945,5.582,6.737,3.363,4.298,45.876,57.119,18.594,476.317,0.844,1.5,2.156,32,428.336,31.37,22.177,18.895,200.079,12.137,12.137,0.166,5.195,132.257,476.72,24,190,32.607,21.74,90.897,90.897,16.92,1.96,23.075,10.943,1.671,0.151,6,0.5,8300,1
769,2.927,-2.308,2.242,-2.458,-0.151,32.166,2.071,662.934,28.608,24.861,25.678,18.904,14.898,16.053,10.627,11.852,7.038,8.192,4.405,5.28,14.384,23.075,0,11.762,22.457,14.211,573.381,0.923,1.641,2.333,0.897,-1.2,39,518.401,235200918.6,35.826,23.499,19.505,240.76,0.465,0.147,-0.336,-0.465,3.444,158.256,573.841,2,1,1,1,1,25,1,1,228,29.639,5.907,19.765,50.534,72.248,18.629,21.587,1,28.594,29.422,15.533,78.056,15.564,28.594,78.056,37.603,-0.336,7.819,11.445,0.125,0,0,3,3,0,2,1,0,1,0,3,2.775,2.242,7.988,23.918,20.832,21.648,15.492,12.397,13.552,8.72,9.945,5.582,6.737,3.363,4.298,45.876,57.119,18.594,476.317,0.844,1.5,2.156,32,428.336,31.37,22.177,18.895,200.079,12.137,12.137,0.166,5.195,132.257,476.72,24,190,32.607,21.74,90.897,90.897,16.92,1.96,23.075,10.943,1.671,0.151,6,4,8300,1.77815125
770,2.927,-2.308,2.242,-2.458,-0.151,32.166,2.071,662.934,28.608,24.861,25.678,18.904,14.898,16.053,10.627,11.852,7.038,8.192,4.405,5.28,14.384,23.075,0,11.762,22.457,14.211,573.381,0.923,1.641,2.333,0.897,-1.2,39,518.401,235200918.6,35.826,23.499,19.505,240.76,0.465,0.147,-0.336,-0.465,3.444,158.256,573.841,2,1,1,1,1,25,1,1,228,29.639,5.907,19.765,50.534,72.248,18.629,21.587,1,28.594,29.422,15.533,78.056,15.564,28.594,78.056,37.603,-0.336,7.819,11.445,0.125,0,0,3,3,0,2,1,0,1,0,3,2.775,2.242,7.988,23.918,20.832,21.648,15.492,12.397,13.552,8.72,9.945,5.582,6.737,3.363,4.298,45.876,57.119,18.594,476.317,0.844,1.5,2.156,32,428.336,31.37,22.177,18.895,200.079,12.137,12.137,0.166,5.195,132.257,476.72,24,190,32.607,21.74,90.897,90.897,16.92,1.96,23.075,10.943,1.671,0.151,6,2,8300,2.426511261
771,2.927,-2.308,2.242,-2.458,-0.151,32.166,2.071,662.934,28.608,24.861,25.678,18.904,14.898,16.053,10.627,11.852,7.038,8.192,4.405,5.28,14.384,23.075,0,11.762,22.457,14.211,573.381,0.923,1.641,2.333,0.897,-1.2,39,518.401,235200918.6,35.826,23.499,19.505,240.76,0.465,0.147,-0.336,-0.465,3.444,158.256,573.841,2,1,1,1,1,25,1,1,228,29.639,5.907,19.765,50.534,72.248,18.629,21.587,1,28.594,29.422,15.533,78.056,15.564,28.594,78.056,37.603,-0.336,7.819,11.445,0.125,0,0,3,3,0,2,1,0,1,0,3,2.775,2.242,7.988,23.918,20.832,21.648,15.492,12.397,13.552,8.72,9.945,5.582,6.737,3.363,4.298,45.876,57.119,18.594,476.317,0.844,1.5,2.156,32,428.336,31.37,22.177,18.895,200.079,12.137,12.137,0.166,5.195,132.257,476.72,24,190,32.607,21.74,90.897,90.897,16.92,1.96,23.075,10.943,1.671,0.151,6,1,8300,1.51851394
772,2.927,-2.308,2.242,-2.458,-0.151,32.166,2.071,662.934,28.608,24.861,25.678,18.904,14.898,16.053,10.627,11.852,7.038,8.192,4.405,5.28,14.384,23.075,0,11.762,22.457,14.211,573.381,0.923,1.641,2.333,0.897,-1.2,39,518.401,235200918.6,35.826,23.499,19.505,240.76,0.465,0.147,-0.336,-0.465,3.444,158.256,573.841,2,1,1,1,1,25,1,1,228,29.639,5.907,19.765,50.534,72.248,18.629,21.587,1,28.594,29.422,15.533,78.056,15.564,28.594,78.056,37.603,-0.336,7.819,11.445,0.125,0,0,3,3,0,2,1,0,1,0,3,2.775,2.242,7.988,23.918,20.832,21.648,15.492,12.397,13.552,8.72,9.945,5.582,6.737,3.363,4.298,45.876,57.119,18.594,476.317,0.844,1.5,2.156,32,428.336,31.37,22.177,18.895,200.079,12.137,12.137,0.166,5.195,132.257,476.72,24,190,32.607,21.74,90.897,90.897,16.92,1.96,23.075,10.943,1.671,0.151,6,0.5,8300,3.707144188
773,2.674,-2.308,2.241,-2.996,-0.36,35.453,0,414.533,21.09,18.641,20.214,13.492,10.581,11.736,7.436,8.66,4.674,5.829,2.796,3.526,9.589,29.575,0,11.762,12.657,14.211,455.247,0.966,1.655,2.241,0.905,-0.34,29,413.753,870080.485,30.85,20.914,18.17,187.318,1,0,-0.285,-1,-0.112,114.458,456.089,3,0,0,0,0,20,0,0,174,37.146,0,19.765,38.36,32.311,25.174,22.248,0,41.94,23.514,0,65.214,12.828,23.8,65.214,22.963,3.551,6.553,6.746,0.203,0,0,2,2,0,0,0,1,0,1,3,2.775,2.242,7.988,23.918,20.832,21.648,15.492,12.397,13.552,8.72,9.945,5.582,6.737,3.363,4.298,45.876,57.119,18.594,476.317,0.844,1.5,2.156,32,428.336,31.37,22.177,18.895,200.079,12.137,12.137,0.166,5.195,132.257,476.72,24,190,32.607,21.74,90.897,90.897,16.92,1.96,23.075,10.943,1.671,0.151,6,4,8300,1
774,2.674,-2.308,2.241,-2.996,-0.36,35.453,0,414.533,21.09,18.641,20.214,13.492,10.581,11.736,7.436,8.66,4.674,5.829,2.796,3.526,9.589,29.575,0,11.762,12.657,14.211,455.247,0.966,1.655,2.241,0.905,-0.34,29,413.753,870080.485,30.85,20.914,18.17,187.318,1,0,-0.285,-1,-0.112,114.458,456.089,3,0,0,0,0,20,0,0,174,37.146,0,19.765,38.36,32.311,25.174,22.248,0,41.94,23.514,0,65.214,12.828,23.8,65.214,22.963,3.551,6.553,6.746,0.203,0,0,2,2,0,0,0,1,0,1,3,2.775,2.242,7.988,23.918,20.832,21.648,15.492,12.397,13.552,8.72,9.945,5.582,6.737,3.363,4.298,45.876,57.119,18.594,476.317,0.844,1.5,2.156,32,428.336,31.37,22.177,18.895,200.079,12.137,12.137,0.166,5.195,132.257,476.72,24,190,32.607,21.74,90.897,90.897,16.92,1.96,23.075,10.943,1.671,0.151,6,2,8300,0.477121255
775,2.674,-2.308,2.241,-2.996,-0.36,35.453,0,414.533,21.09,18.641,20.214,13.492,10.581,11.736,7.436,8.66,4.674,5.829,2.796,3.526,9.589,29.575,0,11.762,12.657,14.211,455.247,0.966,1.655,2.241,0.905,-0.34,29,413.753,870080.485,30.85,20.914,18.17,187.318,1,0,-0.285,-1,-0.112,114.458,456.089,3,0,0,0,0,20,0,0,174,37.146,0,19.765,38.36,32.311,25.174,22.248,0,41.94,23.514,0,65.214,12.828,23.8,65.214,22.963,3.551,6.553,6.746,0.203,0,0,2,2,0,0,0,1,0,1,3,2.775,2.242,7.988,23.918,20.832,21.648,15.492,12.397,13.552,8.72,9.945,5.582,6.737,3.363,4.298,45.876,57.119,18.594,476.317,0.844,1.5,2.156,32,428.336,31.37,22.177,18.895,200.079,12.137,12.137,0.166,5.195,132.257,476.72,24,190,32.607,21.74,90.897,90.897,16.92,1.96,23.075,10.943,1.671,0.151,6,1,8300,1.113943352
776,2.674,-2.308,2.241,-2.996,-0.36,35.453,0,414.533,21.09,18.641,20.214,13.492,10.581,11.736,7.436,8.66,4.674,5.829,2.796,3.526,9.589,29.575,0,11.762,12.657,14.211,455.247,0.966,1.655,2.241,0.905,-0.34,29,413.753,870080.485,30.85,20.914,18.17,187.318,1,0,-0.285,-1,-0.112,114.458,456.089,3,0,0,0,0,20,0,0,174,37.146,0,19.765,38.36,32.311,25.174,22.248,0,41.94,23.514,0,65.214,12.828,23.8,65.214,22.963,3.551,6.553,6.746,0.203,0,0,2,2,0,0,0,1,0,1,3,2.775,2.242,7.988,23.918,20.832,21.648,15.492,12.397,13.552,8.72,9.945,5.582,6.737,3.363,4.298,45.876,57.119,18.594,476.317,0.844,1.5,2.156,32,428.336,31.37,22.177,18.895,200.079,12.137,12.137,0.166,5.195,132.257,476.72,24,190,32.607,21.74,90.897,90.897,16.92,1.96,23.075,10.943,1.671,0.151,6,0.5,8300,1.230448921
777,2.775,-2.308,2.242,-2.996,-0.4,35.453,0,538.939,24.244,20.828,22.4,15.297,11.503,12.657,8.265,9.414,5.239,6.454,3.052,3.961,14.384,48.193,7.11,6.924,10.471,14.211,513.253,0.97,1.636,2.212,0.87,-0.87,33,469.773,5204339.136,34.298,21.649,18.169,209.323,1,0,-0.359,-1,-0.571,125.395,514.125,3,0,0,0,0,21,0,0,196,41.883,0,19.765,38.36,26.558,31.491,22.501,0,51.472,29.484,0,71.256,13.485,33.331,65.214,34.388,3.426,6.18,5.428,0.16,0,0,3,3,0,0,0,1,0,1,3,2.775,2.242,7.988,23.918,20.832,21.648,15.492,12.397,13.552,8.72,9.945,5.582,6.737,3.363,4.298,45.876,57.119,18.594,476.317,0.844,1.5,2.156,32,428.336,31.37,22.177,18.895,200.079,12.137,12.137,0.166,5.195,132.257,476.72,24,190,32.607,21.74,90.897,90.897,16.92,1.96,23.075,10.943,1.671,0.151,6,4,8300,1
778,2.775,-2.308,2.242,-2.996,-0.4,35.453,0,538.939,24.244,20.828,22.4,15.297,11.503,12.657,8.265,9.414,5.239,6.454,3.052,3.961,14.384,48.193,7.11,6.924,10.471,14.211,513.253,0.97,1.636,2.212,0.87,-0.87,33,469.773,5204339.136,34.298,21.649,18.169,209.323,1,0,-0.359,-1,-0.571,125.395,514.125,3,0,0,0,0,21,0,0,196,41.883,0,19.765,38.36,26.558,31.491,22.501,0,51.472,29.484,0,71.256,13.485,33.331,65.214,34.388,3.426,6.18,5.428,0.16,0,0,3,3,0,0,0,1,0,1,3,2.775,2.242,7.988,23.918,20.832,21.648,15.492,12.397,13.552,8.72,9.945,5.582,6.737,3.363,4.298,45.876,57.119,18.594,476.317,0.844,1.5,2.156,32,428.336,31.37,22.177,18.895,200.079,12.137,12.137,0.166,5.195,132.257,476.72,24,190,32.607,21.74,90.897,90.897,16.92,1.96,23.075,10.943,1.671,0.151,6,2,8300,1.204119983
779,2.775,-2.308,2.242,-2.996,-0.4,35.453,0,538.939,24.244,20.828,22.4,15.297,11.503,12.657,8.265,9.414,5.239,6.454,3.052,3.961,14.384,48.193,7.11,6.924,10.471,14.211,513.253,0.97,1.636,2.212,0.87,-0.87,33,469.773,5204339.136,34.298,21.649,18.169,209.323,1,0,-0.359,-1,-0.571,125.395,514.125,3,0,0,0,0,21,0,0,196,41.883,0,19.765,38.36,26.558,31.491,22.501,0,51.472,29.484,0,71.256,13.485,33.331,65.214,34.388,3.426,6.18,5.428,0.16,0,0,3,3,0,0,0,1,0,1,3,2.775,2.242,7.988,23.918,20.832,21.648,15.492,12.397,13.552,8.72,9.945,5.582,6.737,3.363,4.298,45.876,57.119,18.594,476.317,0.844,1.5,2.156,32,428.336,31.37,22.177,18.895,200.079,12.137,12.137,0.166,5.195,132.257,476.72,24,190,32.607,21.74,90.897,90.897,16.92,1.96,23.075,10.943,1.671,0.151,6,1,8300,1.880813592
780,2.775,-2.308,2.242,-2.996,-0.4,35.453,0,538.939,24.244,20.828,22.4,15.297,11.503,12.657,8.265,9.414,5.239,6.454,3.052,3.961,14.384,48.193,7.11,6.924,10.471,14.211,513.253,0.97,1.636,2.212,0.87,-0.87,33,469.773,5204339.136,34.298,21.649,18.169,209.323,1,0,-0.359,-1,-0.571,125.395,514.125,3,0,0,0,0,21,0,0,196,41.883,0,19.765,38.36,26.558,31.491,22.501,0,51.472,29.484,0,71.256,13.485,33.331,65.214,34.388,3.426,6.18,5.428,0.16,0,0,3,3,0,0,0,1,0,1,3,2.775,2.242,7.988,23.918,20.832,21.648,15.492,12.397,13.552,8.72,9.945,5.582,6.737,3.363,4.298,45.876,57.119,18.594,476.317,0.844,1.5,2.156,32,428.336,31.37,22.177,18.895,200.079,12.137,12.137,0.166,5.195,132.257,476.72,24,190,32.607,21.74,90.897,90.897,16.92,1.96,23.075,10.943,1.671,0.151,6,0.5,8300,2.958563883
781,2.991,-2.308,2.243,-2.371,-0.151,32.166,3.964,687.795,32.023,28.483,29.299,20.818,17.105,18.26,11.938,13.163,7.707,8.861,4.746,5.621,14.384,23.075,38.773,11.762,30.988,14.211,630.464,0.744,1.395,2.023,0.912,-1.16,43,564.449,1101079577,41.84,29.545,25.828,268.04,0.465,0.164,-0.338,-0.465,6.831,179.82,630.977,1,0,0,1,0,32,0,0,254,29.222,5.907,46.454,89.43,39.524,18.629,28.748,0,28.594,29.422,10.217,124.007,12.791,28.594,124.007,37.989,-0.338,13.801,14.262,0.064,0,0,3,3,0,1,1,0,0,0,5,2.884,2.243,7.988,27.454,24.367,25.184,17.992,14.897,16.052,10.488,11.712,6.832,7.987,4.247,5.181,39.269,57.305,57.119,546.395,0.73,1.297,1.892,37,488.391,36.37,26.956,24.167,231.904,12.206,12.206,0.157,7.145,155.342,546.855,29,220,64.711,26.497,123.001,123.001,17.052,2.018,23.181,17.909,1.684,0.079,11,4,8300,2.495544338
782,2.991,-2.308,2.243,-2.371,-0.151,32.166,3.964,687.795,32.023,28.483,29.299,20.818,17.105,18.26,11.938,13.163,7.707,8.861,4.746,5.621,14.384,23.075,38.773,11.762,30.988,14.211,630.464,0.744,1.395,2.023,0.912,-1.16,43,564.449,1101079577,41.84,29.545,25.828,268.04,0.465,0.164,-0.338,-0.465,6.831,179.82,630.977,1,0,0,1,0,32,0,0,254,29.222,5.907,46.454,89.43,39.524,18.629,28.748,0,28.594,29.422,10.217,124.007,12.791,28.594,124.007,37.989,-0.338,13.801,14.262,0.064,0,0,3,3,0,1,1,0,0,0,5,2.884,2.243,7.988,27.454,24.367,25.184,17.992,14.897,16.052,10.488,11.712,6.832,7.987,4.247,5.181,39.269,57.305,57.119,546.395,0.73,1.297,1.892,37,488.391,36.37,26.956,24.167,231.904,12.206,12.206,0.157,7.145,155.342,546.855,29,220,64.711,26.497,123.001,123.001,17.052,2.018,23.181,17.909,1.684,0.079,11,2,8300,2.559906625
783,2.991,-2.308,2.243,-2.371,-0.151,32.166,3.964,687.795,32.023,28.483,29.299,20.818,17.105,18.26,11.938,13.163,7.707,8.861,4.746,5.621,14.384,23.075,38.773,11.762,30.988,14.211,630.464,0.744,1.395,2.023,0.912,-1.16,43,564.449,1101079577,41.84,29.545,25.828,268.04,0.465,0.164,-0.338,-0.465,6.831,179.82,630.977,1,0,0,1,0,32,0,0,254,29.222,5.907,46.454,89.43,39.524,18.629,28.748,0,28.594,29.422,10.217,124.007,12.791,28.594,124.007,37.989,-0.338,13.801,14.262,0.064,0,0,3,3,0,1,1,0,0,0,5,2.884,2.243,7.988,27.454,24.367,25.184,17.992,14.897,16.052,10.488,11.712,6.832,7.987,4.247,5.181,39.269,57.305,57.119,546.395,0.73,1.297,1.892,37,488.391,36.37,26.956,24.167,231.904,12.206,12.206,0.157,7.145,155.342,546.855,29,220,64.711,26.497,123.001,123.001,17.052,2.018,23.181,17.909,1.684,0.079,11,1,8300,2.419955748
784,2.991,-2.308,2.243,-2.371,-0.151,32.166,3.964,687.795,32.023,28.483,29.299,20.818,17.105,18.26,11.938,13.163,7.707,8.861,4.746,5.621,14.384,23.075,38.773,11.762,30.988,14.211,630.464,0.744,1.395,2.023,0.912,-1.16,43,564.449,1101079577,41.84,29.545,25.828,268.04,0.465,0.164,-0.338,-0.465,6.831,179.82,630.977,1,0,0,1,0,32,0,0,254,29.222,5.907,46.454,89.43,39.524,18.629,28.748,0,28.594,29.422,10.217,124.007,12.791,28.594,124.007,37.989,-0.338,13.801,14.262,0.064,0,0,3,3,0,1,1,0,0,0,5,2.884,2.243,7.988,27.454,24.367,25.184,17.992,14.897,16.052,10.488,11.712,6.832,7.987,4.247,5.181,39.269,57.305,57.119,546.395,0.73,1.297,1.892,37,488.391,36.37,26.956,24.167,231.904,12.206,12.206,0.157,7.145,155.342,546.855,29,220,64.711,26.497,123.001,123.001,17.052,2.018,23.181,17.909,1.684,0.079,11,0.5,8300,2.794488047
785,2.925,-2.34,2.243,-2.488,-0.151,32.166,2.127,674.022,28.772,24.756,25.572,18.853,14.76,15.914,10.632,11.856,7.206,8.36,4.54,5.414,14.384,29.682,0,16.662,11.824,19.317,574.365,0.872,1.564,2.205,0.897,-1.2,39,520.393,219846266.2,35.826,22.484,17.269,240.214,0.465,0.171,-0.344,-0.465,3.559,156.043,574.825,1,1,1,1,1,24,1,1,228,29.012,5.907,19.765,50.534,65.703,25.236,20.655,1,33.701,29.422,9.8,78.056,15.744,28.594,78.056,39.745,-0.344,7.784,9.634,0.137,1,1,3,3,1,0,1,0,1,0,3,2.884,2.243,7.988,27.454,24.367,25.184,17.992,14.897,16.052,10.488,11.712,6.832,7.987,4.247,5.181,39.269,57.305,57.119,546.395,0.73,1.297,1.892,37,488.391,36.37,26.956,24.167,231.904,12.206,12.206,0.157,7.145,155.342,546.855,29,220,64.711,26.497,123.001,123.001,17.052,2.018,23.181,17.909,1.684,0.079,11,4,8300,0.477121255
786,2.925,-2.34,2.243,-2.488,-0.151,32.166,2.127,674.022,28.772,24.756,25.572,18.853,14.76,15.914,10.632,11.856,7.206,8.36,4.54,5.414,14.384,29.682,0,16.662,11.824,19.317,574.365,0.872,1.564,2.205,0.897,-1.2,39,520.393,219846266.2,35.826,22.484,17.269,240.214,0.465,0.171,-0.344,-0.465,3.559,156.043,574.825,1,1,1,1,1,24,1,1,228,29.012,5.907,19.765,50.534,65.703,25.236,20.655,1,33.701,29.422,9.8,78.056,15.744,28.594,78.056,39.745,-0.344,7.784,9.634,0.137,1,1,3,3,1,0,1,0,1,0,3,2.884,2.243,7.988,27.454,24.367,25.184,17.992,14.897,16.052,10.488,11.712,6.832,7.987,4.247,5.181,39.269,57.305,57.119,546.395,0.73,1.297,1.892,37,488.391,36.37,26.956,24.167,231.904,12.206,12.206,0.157,7.145,155.342,546.855,29,220,64.711,26.497,123.001,123.001,17.052,2.018,23.181,17.909,1.684,0.079,11,2,8300,1
787,2.925,-2.34,2.243,-2.488,-0.151,32.166,2.127,674.022,28.772,24.756,25.572,18.853,14.76,15.914,10.632,11.856,7.206,8.36,4.54,5.414,14.384,29.682,0,16.662,11.824,19.317,574.365,0.872,1.564,2.205,0.897,-1.2,39,520.393,219846266.2,35.826,22.484,17.269,240.214,0.465,0.171,-0.344,-0.465,3.559,156.043,574.825,1,1,1,1,1,24,1,1,228,29.012,5.907,19.765,50.534,65.703,25.236,20.655,1,33.701,29.422,9.8,78.056,15.744,28.594,78.056,39.745,-0.344,7.784,9.634,0.137,1,1,3,3,1,0,1,0,1,0,3,2.884,2.243,7.988,27.454,24.367,25.184,17.992,14.897,16.052,10.488,11.712,6.832,7.987,4.247,5.181,39.269,57.305,57.119,546.395,0.73,1.297,1.892,37,488.391,36.37,26.956,24.167,231.904,12.206,12.206,0.157,7.145,155.342,546.855,29,220,64.711,26.497,123.001,123.001,17.052,2.018,23.181,17.909,1.684,0.079,11,1,8300,0.77815125
788,2.925,-2.34,2.243,-2.488,-0.151,32.166,2.127,674.022,28.772,24.756,25.572,18.853,14.76,15.914,10.632,11.856,7.206,8.36,4.54,5.414,14.384,29.682,0,16.662,11.824,19.317,574.365,0.872,1.564,2.205,0.897,-1.2,39,520.393,219846266.2,35.826,22.484,17.269,240.214,0.465,0.171,-0.344,-0.465,3.559,156.043,574.825,1,1,1,1,1,24,1,1,228,29.012,5.907,19.765,50.534,65.703,25.236,20.655,1,33.701,29.422,9.8,78.056,15.744,28.594,78.056,39.745,-0.344,7.784,9.634,0.137,1,1,3,3,1,0,1,0,1,0,3,2.884,2.243,7.988,27.454,24.367,25.184,17.992,14.897,16.052,10.488,11.712,6.832,7.987,4.247,5.181,39.269,57.305,57.119,546.395,0.73,1.297,1.892,37,488.391,36.37,26.956,24.167,231.904,12.206,12.206,0.157,7.145,155.342,546.855,29,220,64.711,26.497,123.001,123.001,17.052,2.018,23.181,17.909,1.684,0.079,11,0.5,8300,1.204119983
789,2.927,-2.308,2.242,-2.458,-0.151,32.166,2.071,662.934,28.608,24.861,25.678,18.904,14.898,16.053,10.627,11.852,7.038,8.192,4.405,5.28,14.384,23.075,0,11.762,22.457,14.211,573.381,0.923,1.641,2.333,0.897,-1.2,39,518.401,235200918.6,35.826,23.499,19.505,240.76,0.465,0.147,-0.336,-0.465,3.444,158.256,573.841,2,1,1,1,1,25,1,1,228,29.639,5.907,19.765,50.534,72.248,18.629,21.587,1,28.594,29.422,15.533,78.056,15.564,28.594,78.056,37.603,-0.336,7.819,11.445,0.125,0,0,3,3,0,2,1,0,1,0,3,2.884,2.243,7.988,27.454,24.367,25.184,17.992,14.897,16.052,10.488,11.712,6.832,7.987,4.247,5.181,39.269,57.305,57.119,546.395,0.73,1.297,1.892,37,488.391,36.37,26.956,24.167,231.904,12.206,12.206,0.157,7.145,155.342,546.855,29,220,64.711,26.497,123.001,123.001,17.052,2.018,23.181,17.909,1.684,0.079,11,4,8300,2.650307523
790,2.927,-2.308,2.242,-2.458,-0.151,32.166,2.071,662.934,28.608,24.861,25.678,18.904,14.898,16.053,10.627,11.852,7.038,8.192,4.405,5.28,14.384,23.075,0,11.762,22.457,14.211,573.381,0.923,1.641,2.333,0.897,-1.2,39,518.401,235200918.6,35.826,23.499,19.505,240.76,0.465,0.147,-0.336,-0.465,3.444,158.256,573.841,2,1,1,1,1,25,1,1,228,29.639,5.907,19.765,50.534,72.248,18.629,21.587,1,28.594,29.422,15.533,78.056,15.564,28.594,78.056,37.603,-0.336,7.819,11.445,0.125,0,0,3,3,0,2,1,0,1,0,3,2.884,2.243,7.988,27.454,24.367,25.184,17.992,14.897,16.052,10.488,11.712,6.832,7.987,4.247,5.181,39.269,57.305,57.119,546.395,0.73,1.297,1.892,37,488.391,36.37,26.956,24.167,231.904,12.206,12.206,0.157,7.145,155.342,546.855,29,220,64.711,26.497,123.001,123.001,17.052,2.018,23.181,17.909,1.684,0.079,11,2,8300,3.422753941
791,2.927,-2.308,2.242,-2.458,-0.151,32.166,2.071,662.934,28.608,24.861,25.678,18.904,14.898,16.053,10.627,11.852,7.038,8.192,4.405,5.28,14.384,23.075,0,11.762,22.457,14.211,573.381,0.923,1.641,2.333,0.897,-1.2,39,518.401,235200918.6,35.826,23.499,19.505,240.76,0.465,0.147,-0.336,-0.465,3.444,158.256,573.841,2,1,1,1,1,25,1,1,228,29.639,5.907,19.765,50.534,72.248,18.629,21.587,1,28.594,29.422,15.533,78.056,15.564,28.594,78.056,37.603,-0.336,7.819,11.445,0.125,0,0,3,3,0,2,1,0,1,0,3,2.884,2.243,7.988,27.454,24.367,25.184,17.992,14.897,16.052,10.488,11.712,6.832,7.987,4.247,5.181,39.269,57.305,57.119,546.395,0.73,1.297,1.892,37,488.391,36.37,26.956,24.167,231.904,12.206,12.206,0.157,7.145,155.342,546.855,29,220,64.711,26.497,123.001,123.001,17.052,2.018,23.181,17.909,1.684,0.079,11,1,8300,3.166430114
792,2.927,-2.308,2.242,-2.458,-0.151,32.166,2.071,662.934,28.608,24.861,25.678,18.904,14.898,16.053,10.627,11.852,7.038,8.192,4.405,5.28,14.384,23.075,0,11.762,22.457,14.211,573.381,0.923,1.641,2.333,0.897,-1.2,39,518.401,235200918.6,35.826,23.499,19.505,240.76,0.465,0.147,-0.336,-0.465,3.444,158.256,573.841,2,1,1,1,1,25,1,1,228,29.639,5.907,19.765,50.534,72.248,18.629,21.587,1,28.594,29.422,15.533,78.056,15.564,28.594,78.056,37.603,-0.336,7.819,11.445,0.125,0,0,3,3,0,2,1,0,1,0,3,2.884,2.243,7.988,27.454,24.367,25.184,17.992,14.897,16.052,10.488,11.712,6.832,7.987,4.247,5.181,39.269,57.305,57.119,546.395,0.73,1.297,1.892,37,488.391,36.37,26.956,24.167,231.904,12.206,12.206,0.157,7.145,155.342,546.855,29,220,64.711,26.497,123.001,123.001,17.052,2.018,23.181,17.909,1.684,0.079,11,0.5,8300,5.063104327
793,2.674,-2.308,2.241,-2.996,-0.36,35.453,0,414.533,21.09,18.641,20.214,13.492,10.581,11.736,7.436,8.66,4.674,5.829,2.796,3.526,9.589,29.575,0,11.762,12.657,14.211,455.247,0.966,1.655,2.241,0.905,-0.34,29,413.753,870080.485,30.85,20.914,18.17,187.318,1,0,-0.285,-1,-0.112,114.458,456.089,3,0,0,0,0,20,0,0,174,37.146,0,19.765,38.36,32.311,25.174,22.248,0,41.94,23.514,0,65.214,12.828,23.8,65.214,22.963,3.551,6.553,6.746,0.203,0,0,2,2,0,0,0,1,0,1,3,2.884,2.243,7.988,27.454,24.367,25.184,17.992,14.897,16.052,10.488,11.712,6.832,7.987,4.247,5.181,39.269,57.305,57.119,546.395,0.73,1.297,1.892,37,488.391,36.37,26.956,24.167,231.904,12.206,12.206,0.157,7.145,155.342,546.855,29,220,64.711,26.497,123.001,123.001,17.052,2.018,23.181,17.909,1.684,0.079,11,4,8300,0.84509804
794,2.674,-2.308,2.241,-2.996,-0.36,35.453,0,414.533,21.09,18.641,20.214,13.492,10.581,11.736,7.436,8.66,4.674,5.829,2.796,3.526,9.589,29.575,0,11.762,12.657,14.211,455.247,0.966,1.655,2.241,0.905,-0.34,29,413.753,870080.485,30.85,20.914,18.17,187.318,1,0,-0.285,-1,-0.112,114.458,456.089,3,0,0,0,0,20,0,0,174,37.146,0,19.765,38.36,32.311,25.174,22.248,0,41.94,23.514,0,65.214,12.828,23.8,65.214,22.963,3.551,6.553,6.746,0.203,0,0,2,2,0,0,0,1,0,1,3,2.884,2.243,7.988,27.454,24.367,25.184,17.992,14.897,16.052,10.488,11.712,6.832,7.987,4.247,5.181,39.269,57.305,57.119,546.395,0.73,1.297,1.892,37,488.391,36.37,26.956,24.167,231.904,12.206,12.206,0.157,7.145,155.342,546.855,29,220,64.711,26.497,123.001,123.001,17.052,2.018,23.181,17.909,1.684,0.079,11,2,8300,0.84509804
795,2.674,-2.308,2.241,-2.996,-0.36,35.453,0,414.533,21.09,18.641,20.214,13.492,10.581,11.736,7.436,8.66,4.674,5.829,2.796,3.526,9.589,29.575,0,11.762,12.657,14.211,455.247,0.966,1.655,2.241,0.905,-0.34,29,413.753,870080.485,30.85,20.914,18.17,187.318,1,0,-0.285,-1,-0.112,114.458,456.089,3,0,0,0,0,20,0,0,174,37.146,0,19.765,38.36,32.311,25.174,22.248,0,41.94,23.514,0,65.214,12.828,23.8,65.214,22.963,3.551,6.553,6.746,0.203,0,0,2,2,0,0,0,1,0,1,3,2.884,2.243,7.988,27.454,24.367,25.184,17.992,14.897,16.052,10.488,11.712,6.832,7.987,4.247,5.181,39.269,57.305,57.119,546.395,0.73,1.297,1.892,37,488.391,36.37,26.956,24.167,231.904,12.206,12.206,0.157,7.145,155.342,546.855,29,220,64.711,26.497,123.001,123.001,17.052,2.018,23.181,17.909,1.684,0.079,11,1,8300,0.477121255
796,2.674,-2.308,2.241,-2.996,-0.36,35.453,0,414.533,21.09,18.641,20.214,13.492,10.581,11.736,7.436,8.66,4.674,5.829,2.796,3.526,9.589,29.575,0,11.762,12.657,14.211,455.247,0.966,1.655,2.241,0.905,-0.34,29,413.753,870080.485,30.85,20.914,18.17,187.318,1,0,-0.285,-1,-0.112,114.458,456.089,3,0,0,0,0,20,0,0,174,37.146,0,19.765,38.36,32.311,25.174,22.248,0,41.94,23.514,0,65.214,12.828,23.8,65.214,22.963,3.551,6.553,6.746,0.203,0,0,2,2,0,0,0,1,0,1,3,2.884,2.243,7.988,27.454,24.367,25.184,17.992,14.897,16.052,10.488,11.712,6.832,7.987,4.247,5.181,39.269,57.305,57.119,546.395,0.73,1.297,1.892,37,488.391,36.37,26.956,24.167,231.904,12.206,12.206,0.157,7.145,155.342,546.855,29,220,64.711,26.497,123.001,123.001,17.052,2.018,23.181,17.909,1.684,0.079,11,0.5,8300,1.230448921
797,2.775,-2.308,2.242,-2.996,-0.4,35.453,0,538.939,24.244,20.828,22.4,15.297,11.503,12.657,8.265,9.414,5.239,6.454,3.052,3.961,14.384,48.193,7.11,6.924,10.471,14.211,513.253,0.97,1.636,2.212,0.87,-0.87,33,469.773,5204339.136,34.298,21.649,18.169,209.323,1,0,-0.359,-1,-0.571,125.395,514.125,3,0,0,0,0,21,0,0,196,41.883,0,19.765,38.36,26.558,31.491,22.501,0,51.472,29.484,0,71.256,13.485,33.331,65.214,34.388,3.426,6.18,5.428,0.16,0,0,3,3,0,0,0,1,0,1,3,2.884,2.243,7.988,27.454,24.367,25.184,17.992,14.897,16.052,10.488,11.712,6.832,7.987,4.247,5.181,39.269,57.305,57.119,546.395,0.73,1.297,1.892,37,488.391,36.37,26.956,24.167,231.904,12.206,12.206,0.157,7.145,155.342,546.855,29,220,64.711,26.497,123.001,123.001,17.052,2.018,23.181,17.909,1.684,0.079,11,4,8300,1.819543936
798,2.775,-2.308,2.242,-2.996,-0.4,35.453,0,538.939,24.244,20.828,22.4,15.297,11.503,12.657,8.265,9.414,5.239,6.454,3.052,3.961,14.384,48.193,7.11,6.924,10.471,14.211,513.253,0.97,1.636,2.212,0.87,-0.87,33,469.773,5204339.136,34.298,21.649,18.169,209.323,1,0,-0.359,-1,-0.571,125.395,514.125,3,0,0,0,0,21,0,0,196,41.883,0,19.765,38.36,26.558,31.491,22.501,0,51.472,29.484,0,71.256,13.485,33.331,65.214,34.388,3.426,6.18,5.428,0.16,0,0,3,3,0,0,0,1,0,1,3,2.884,2.243,7.988,27.454,24.367,25.184,17.992,14.897,16.052,10.488,11.712,6.832,7.987,4.247,5.181,39.269,57.305,57.119,546.395,0.73,1.297,1.892,37,488.391,36.37,26.956,24.167,231.904,12.206,12.206,0.157,7.145,155.342,546.855,29,220,64.711,26.497,123.001,123.001,17.052,2.018,23.181,17.909,1.684,0.079,11,2,8300,1.591064607
799,2.775,-2.308,2.242,-2.996,-0.4,35.453,0,538.939,24.244,20.828,22.4,15.297,11.503,12.657,8.265,9.414,5.239,6.454,3.052,3.961,14.384,48.193,7.11,6.924,10.471,14.211,513.253,0.97,1.636,2.212,0.87,-0.87,33,469.773,5204339.136,34.298,21.649,18.169,209.323,1,0,-0.359,-1,-0.571,125.395,514.125,3,0,0,0,0,21,0,0,196,41.883,0,19.765,38.36,26.558,31.491,22.501,0,51.472,29.484,0,71.256,13.485,33.331,65.214,34.388,3.426,6.18,5.428,0.16,0,0,3,3,0,0,0,1,0,1,3,2.884,2.243,7.988,27.454,24.367,25.184,17.992,14.897,16.052,10.488,11.712,6.832,7.987,4.247,5.181,39.269,57.305,57.119,546.395,0.73,1.297,1.892,37,488.391,36.37,26.956,24.167,231.904,12.206,12.206,0.157,7.145,155.342,546.855,29,220,64.711,26.497,123.001,123.001,17.052,2.018,23.181,17.909,1.684,0.079,11,1,8300,1
800,2.775,-2.308,2.242,-2.996,-0.4,35.453,0,538.939,24.244,20.828,22.4,15.297,11.503,12.657,8.265,9.414,5.239,6.454,3.052,3.961,14.384,48.193,7.11,6.924,10.471,14.211,513.253,0.97,1.636,2.212,0.87,-0.87,33,469.773,5204339.136,34.298,21.649,18.169,209.323,1,0,-0.359,-1,-0.571,125.395,514.125,3,0,0,0,0,21,0,0,196,41.883,0,19.765,38.36,26.558,31.491,22.501,0,51.472,29.484,0,71.256,13.485,33.331,65.214,34.388,3.426,6.18,5.428,0.16,0,0,3,3,0,0,0,1,0,1,3,2.884,2.243,7.988,27.454,24.367,25.184,17.992,14.897,16.052,10.488,11.712,6.832,7.987,4.247,5.181,39.269,57.305,57.119,546.395,0.73,1.297,1.892,37,488.391,36.37,26.956,24.167,231.904,12.206,12.206,0.157,7.145,155.342,546.855,29,220,64.711,26.497,123.001,123.001,17.052,2.018,23.181,17.909,1.684,0.079,11,0.5,8300,0.77815125
801,2.991,-2.308,2.243,-2.371,-0.151,32.166,3.964,687.795,32.023,28.483,29.299,20.818,17.105,18.26,11.938,13.163,7.707,8.861,4.746,5.621,14.384,23.075,38.773,11.762,30.988,14.211,630.464,0.744,1.395,2.023,0.912,-1.16,43,564.449,1101079577,41.84,29.545,25.828,268.04,0.465,0.164,-0.338,-0.465,6.831,179.82,630.977,1,0,0,1,0,32,0,0,254,29.222,5.907,46.454,89.43,39.524,18.629,28.748,0,28.594,29.422,10.217,124.007,12.791,28.594,124.007,37.989,-0.338,13.801,14.262,0.064,0,0,3,3,0,1,1,0,0,0,5,2.647,2.241,7.987,20.383,17.849,18.665,12.992,10.288,11.443,7.167,8.56,4.589,5.575,2.736,3.347,32.662,56.638,0,404.26,0.926,1.63,2.222,27,364.293,26.41,17.505,15.058,169.825,12.038,12.038,0.158,4.662,112.377,404.613,19,160,26.689,17.122,72.138,72.138,16.756,1.919,22.929,6.603,1.672,0.23,3,4,17000,1.633468456
802,2.991,-2.308,2.243,-2.371,-0.151,32.166,3.964,687.795,32.023,28.483,29.299,20.818,17.105,18.26,11.938,13.163,7.707,8.861,4.746,5.621,14.384,23.075,38.773,11.762,30.988,14.211,630.464,0.744,1.395,2.023,0.912,-1.16,43,564.449,1101079577,41.84,29.545,25.828,268.04,0.465,0.164,-0.338,-0.465,6.831,179.82,630.977,1,0,0,1,0,32,0,0,254,29.222,5.907,46.454,89.43,39.524,18.629,28.748,0,28.594,29.422,10.217,124.007,12.791,28.594,124.007,37.989,-0.338,13.801,14.262,0.064,0,0,3,3,0,1,1,0,0,0,5,2.647,2.241,7.987,20.383,17.849,18.665,12.992,10.288,11.443,7.167,8.56,4.589,5.575,2.736,3.347,32.662,56.638,0,404.26,0.926,1.63,2.222,27,364.293,26.41,17.505,15.058,169.825,12.038,12.038,0.158,4.662,112.377,404.613,19,160,26.689,17.122,72.138,72.138,16.756,1.919,22.929,6.603,1.672,0.23,3,2,17000,1.602059991
803,2.991,-2.308,2.243,-2.371,-0.151,32.166,3.964,687.795,32.023,28.483,29.299,20.818,17.105,18.26,11.938,13.163,7.707,8.861,4.746,5.621,14.384,23.075,38.773,11.762,30.988,14.211,630.464,0.744,1.395,2.023,0.912,-1.16,43,564.449,1101079577,41.84,29.545,25.828,268.04,0.465,0.164,-0.338,-0.465,6.831,179.82,630.977,1,0,0,1,0,32,0,0,254,29.222,5.907,46.454,89.43,39.524,18.629,28.748,0,28.594,29.422,10.217,124.007,12.791,28.594,124.007,37.989,-0.338,13.801,14.262,0.064,0,0,3,3,0,1,1,0,0,0,5,2.647,2.241,7.987,20.383,17.849,18.665,12.992,10.288,11.443,7.167,8.56,4.589,5.575,2.736,3.347,32.662,56.638,0,404.26,0.926,1.63,2.222,27,364.293,26.41,17.505,15.058,169.825,12.038,12.038,0.158,4.662,112.377,404.613,19,160,26.689,17.122,72.138,72.138,16.756,1.919,22.929,6.603,1.672,0.23,3,1,17000,2.51851394
804,2.991,-2.308,2.243,-2.371,-0.151,32.166,3.964,687.795,32.023,28.483,29.299,20.818,17.105,18.26,11.938,13.163,7.707,8.861,4.746,5.621,14.384,23.075,38.773,11.762,30.988,14.211,630.464,0.744,1.395,2.023,0.912,-1.16,43,564.449,1101079577,41.84,29.545,25.828,268.04,0.465,0.164,-0.338,-0.465,6.831,179.82,630.977,1,0,0,1,0,32,0,0,254,29.222,5.907,46.454,89.43,39.524,18.629,28.748,0,28.594,29.422,10.217,124.007,12.791,28.594,124.007,37.989,-0.338,13.801,14.262,0.064,0,0,3,3,0,1,1,0,0,0,5,2.647,2.241,7.987,20.383,17.849,18.665,12.992,10.288,11.443,7.167,8.56,4.589,5.575,2.736,3.347,32.662,56.638,0,404.26,0.926,1.63,2.222,27,364.293,26.41,17.505,15.058,169.825,12.038,12.038,0.158,4.662,112.377,404.613,19,160,26.689,17.122,72.138,72.138,16.756,1.919,22.929,6.603,1.672,0.23,3,0.5,17000,2.079181246
805,2.925,-2.34,2.243,-2.488,-0.151,32.166,2.127,674.022,28.772,24.756,25.572,18.853,14.76,15.914,10.632,11.856,7.206,8.36,4.54,5.414,14.384,29.682,0,16.662,11.824,19.317,574.365,0.872,1.564,2.205,0.897,-1.2,39,520.393,219846266.2,35.826,22.484,17.269,240.214,0.465,0.171,-0.344,-0.465,3.559,156.043,574.825,1,1,1,1,1,24,1,1,228,29.012,5.907,19.765,50.534,65.703,25.236,20.655,1,33.701,29.422,9.8,78.056,15.744,28.594,78.056,39.745,-0.344,7.784,9.634,0.137,1,1,3,3,1,0,1,0,1,0,3,2.647,2.241,7.987,20.383,17.849,18.665,12.992,10.288,11.443,7.167,8.56,4.589,5.575,2.736,3.347,32.662,56.638,0,404.26,0.926,1.63,2.222,27,364.293,26.41,17.505,15.058,169.825,12.038,12.038,0.158,4.662,112.377,404.613,19,160,26.689,17.122,72.138,72.138,16.756,1.919,22.929,6.603,1.672,0.23,3,4,17000,-1
806,2.925,-2.34,2.243,-2.488,-0.151,32.166,2.127,674.022,28.772,24.756,25.572,18.853,14.76,15.914,10.632,11.856,7.206,8.36,4.54,5.414,14.384,29.682,0,16.662,11.824,19.317,574.365,0.872,1.564,2.205,0.897,-1.2,39,520.393,219846266.2,35.826,22.484,17.269,240.214,0.465,0.171,-0.344,-0.465,3.559,156.043,574.825,1,1,1,1,1,24,1,1,228,29.012,5.907,19.765,50.534,65.703,25.236,20.655,1,33.701,29.422,9.8,78.056,15.744,28.594,78.056,39.745,-0.344,7.784,9.634,0.137,1,1,3,3,1,0,1,0,1,0,3,2.647,2.241,7.987,20.383,17.849,18.665,12.992,10.288,11.443,7.167,8.56,4.589,5.575,2.736,3.347,32.662,56.638,0,404.26,0.926,1.63,2.222,27,364.293,26.41,17.505,15.058,169.825,12.038,12.038,0.158,4.662,112.377,404.613,19,160,26.689,17.122,72.138,72.138,16.756,1.919,22.929,6.603,1.672,0.23,3,2,17000,-1
807,2.925,-2.34,2.243,-2.488,-0.151,32.166,2.127,674.022,28.772,24.756,25.572,18.853,14.76,15.914,10.632,11.856,7.206,8.36,4.54,5.414,14.384,29.682,0,16.662,11.824,19.317,574.365,0.872,1.564,2.205,0.897,-1.2,39,520.393,219846266.2,35.826,22.484,17.269,240.214,0.465,0.171,-0.344,-0.465,3.559,156.043,574.825,1,1,1,1,1,24,1,1,228,29.012,5.907,19.765,50.534,65.703,25.236,20.655,1,33.701,29.422,9.8,78.056,15.744,28.594,78.056,39.745,-0.344,7.784,9.634,0.137,1,1,3,3,1,0,1,0,1,0,3,2.647,2.241,7.987,20.383,17.849,18.665,12.992,10.288,11.443,7.167,8.56,4.589,5.575,2.736,3.347,32.662,56.638,0,404.26,0.926,1.63,2.222,27,364.293,26.41,17.505,15.058,169.825,12.038,12.038,0.158,4.662,112.377,404.613,19,160,26.689,17.122,72.138,72.138,16.756,1.919,22.929,6.603,1.672,0.23,3,1,17000,-1
808,2.925,-2.34,2.243,-2.488,-0.151,32.166,2.127,674.022,28.772,24.756,25.572,18.853,14.76,15.914,10.632,11.856,7.206,8.36,4.54,5.414,14.384,29.682,0,16.662,11.824,19.317,574.365,0.872,1.564,2.205,0.897,-1.2,39,520.393,219846266.2,35.826,22.484,17.269,240.214,0.465,0.171,-0.344,-0.465,3.559,156.043,574.825,1,1,1,1,1,24,1,1,228,29.012,5.907,19.765,50.534,65.703,25.236,20.655,1,33.701,29.422,9.8,78.056,15.744,28.594,78.056,39.745,-0.344,7.784,9.634,0.137,1,1,3,3,1,0,1,0,1,0,3,2.647,2.241,7.987,20.383,17.849,18.665,12.992,10.288,11.443,7.167,8.56,4.589,5.575,2.736,3.347,32.662,56.638,0,404.26,0.926,1.63,2.222,27,364.293,26.41,17.505,15.058,169.825,12.038,12.038,0.158,4.662,112.377,404.613,19,160,26.689,17.122,72.138,72.138,16.756,1.919,22.929,6.603,1.672,0.23,3,0.5,17000,-1
809,2.927,-2.308,2.242,-2.458,-0.151,32.166,2.071,662.934,28.608,24.861,25.678,18.904,14.898,16.053,10.627,11.852,7.038,8.192,4.405,5.28,14.384,23.075,0,11.762,22.457,14.211,573.381,0.923,1.641,2.333,0.897,-1.2,39,518.401,235200918.6,35.826,23.499,19.505,240.76,0.465,0.147,-0.336,-0.465,3.444,158.256,573.841,2,1,1,1,1,25,1,1,228,29.639,5.907,19.765,50.534,72.248,18.629,21.587,1,28.594,29.422,15.533,78.056,15.564,28.594,78.056,37.603,-0.336,7.819,11.445,0.125,0,0,3,3,0,2,1,0,1,0,3,2.647,2.241,7.987,20.383,17.849,18.665,12.992,10.288,11.443,7.167,8.56,4.589,5.575,2.736,3.347,32.662,56.638,0,404.26,0.926,1.63,2.222,27,364.293,26.41,17.505,15.058,169.825,12.038,12.038,0.158,4.662,112.377,404.613,19,160,26.689,17.122,72.138,72.138,16.756,1.919,22.929,6.603,1.672,0.23,3,4,17000,0.77815125
810,2.927,-2.308,2.242,-2.458,-0.151,32.166,2.071,662.934,28.608,24.861,25.678,18.904,14.898,16.053,10.627,11.852,7.038,8.192,4.405,5.28,14.384,23.075,0,11.762,22.457,14.211,573.381,0.923,1.641,2.333,0.897,-1.2,39,518.401,235200918.6,35.826,23.499,19.505,240.76,0.465,0.147,-0.336,-0.465,3.444,158.256,573.841,2,1,1,1,1,25,1,1,228,29.639,5.907,19.765,50.534,72.248,18.629,21.587,1,28.594,29.422,15.533,78.056,15.564,28.594,78.056,37.603,-0.336,7.819,11.445,0.125,0,0,3,3,0,2,1,0,1,0,3,2.647,2.241,7.987,20.383,17.849,18.665,12.992,10.288,11.443,7.167,8.56,4.589,5.575,2.736,3.347,32.662,56.638,0,404.26,0.926,1.63,2.222,27,364.293,26.41,17.505,15.058,169.825,12.038,12.038,0.158,4.662,112.377,404.613,19,160,26.689,17.122,72.138,72.138,16.756,1.919,22.929,6.603,1.672,0.23,3,2,17000,1.462397998
811,2.927,-2.308,2.242,-2.458,-0.151,32.166,2.071,662.934,28.608,24.861,25.678,18.904,14.898,16.053,10.627,11.852,7.038,8.192,4.405,5.28,14.384,23.075,0,11.762,22.457,14.211,573.381,0.923,1.641,2.333,0.897,-1.2,39,518.401,235200918.6,35.826,23.499,19.505,240.76,0.465,0.147,-0.336,-0.465,3.444,158.256,573.841,2,1,1,1,1,25,1,1,228,29.639,5.907,19.765,50.534,72.248,18.629,21.587,1,28.594,29.422,15.533,78.056,15.564,28.594,78.056,37.603,-0.336,7.819,11.445,0.125,0,0,3,3,0,2,1,0,1,0,3,2.647,2.241,7.987,20.383,17.849,18.665,12.992,10.288,11.443,7.167,8.56,4.589,5.575,2.736,3.347,32.662,56.638,0,404.26,0.926,1.63,2.222,27,364.293,26.41,17.505,15.058,169.825,12.038,12.038,0.158,4.662,112.377,404.613,19,160,26.689,17.122,72.138,72.138,16.756,1.919,22.929,6.603,1.672,0.23,3,1,17000,0.77815125
812,2.927,-2.308,2.242,-2.458,-0.151,32.166,2.071,662.934,28.608,24.861,25.678,18.904,14.898,16.053,10.627,11.852,7.038,8.192,4.405,5.28,14.384,23.075,0,11.762,22.457,14.211,573.381,0.923,1.641,2.333,0.897,-1.2,39,518.401,235200918.6,35.826,23.499,19.505,240.76,0.465,0.147,-0.336,-0.465,3.444,158.256,573.841,2,1,1,1,1,25,1,1,228,29.639,5.907,19.765,50.534,72.248,18.629,21.587,1,28.594,29.422,15.533,78.056,15.564,28.594,78.056,37.603,-0.336,7.819,11.445,0.125,0,0,3,3,0,2,1,0,1,0,3,2.647,2.241,7.987,20.383,17.849,18.665,12.992,10.288,11.443,7.167,8.56,4.589,5.575,2.736,3.347,32.662,56.638,0,404.26,0.926,1.63,2.222,27,364.293,26.41,17.505,15.058,169.825,12.038,12.038,0.158,4.662,112.377,404.613,19,160,26.689,17.122,72.138,72.138,16.756,1.919,22.929,6.603,1.672,0.23,3,0.5,17000,1.982271233
813,2.674,-2.308,2.241,-2.996,-0.36,35.453,0,414.533,21.09,18.641,20.214,13.492,10.581,11.736,7.436,8.66,4.674,5.829,2.796,3.526,9.589,29.575,0,11.762,12.657,14.211,455.247,0.966,1.655,2.241,0.905,-0.34,29,413.753,870080.485,30.85,20.914,18.17,187.318,1,0,-0.285,-1,-0.112,114.458,456.089,3,0,0,0,0,20,0,0,174,37.146,0,19.765,38.36,32.311,25.174,22.248,0,41.94,23.514,0,65.214,12.828,23.8,65.214,22.963,3.551,6.553,6.746,0.203,0,0,2,2,0,0,0,1,0,1,3,2.647,2.241,7.987,20.383,17.849,18.665,12.992,10.288,11.443,7.167,8.56,4.589,5.575,2.736,3.347,32.662,56.638,0,404.26,0.926,1.63,2.222,27,364.293,26.41,17.505,15.058,169.825,12.038,12.038,0.158,4.662,112.377,404.613,19,160,26.689,17.122,72.138,72.138,16.756,1.919,22.929,6.603,1.672,0.23,3,4,17000,0.77815125
814,2.674,-2.308,2.241,-2.996,-0.36,35.453,0,414.533,21.09,18.641,20.214,13.492,10.581,11.736,7.436,8.66,4.674,5.829,2.796,3.526,9.589,29.575,0,11.762,12.657,14.211,455.247,0.966,1.655,2.241,0.905,-0.34,29,413.753,870080.485,30.85,20.914,18.17,187.318,1,0,-0.285,-1,-0.112,114.458,456.089,3,0,0,0,0,20,0,0,174,37.146,0,19.765,38.36,32.311,25.174,22.248,0,41.94,23.514,0,65.214,12.828,23.8,65.214,22.963,3.551,6.553,6.746,0.203,0,0,2,2,0,0,0,1,0,1,3,2.647,2.241,7.987,20.383,17.849,18.665,12.992,10.288,11.443,7.167,8.56,4.589,5.575,2.736,3.347,32.662,56.638,0,404.26,0.926,1.63,2.222,27,364.293,26.41,17.505,15.058,169.825,12.038,12.038,0.158,4.662,112.377,404.613,19,160,26.689,17.122,72.138,72.138,16.756,1.919,22.929,6.603,1.672,0.23,3,2,17000,0.77815125
815,2.674,-2.308,2.241,-2.996,-0.36,35.453,0,414.533,21.09,18.641,20.214,13.492,10.581,11.736,7.436,8.66,4.674,5.829,2.796,3.526,9.589,29.575,0,11.762,12.657,14.211,455.247,0.966,1.655,2.241,0.905,-0.34,29,413.753,870080.485,30.85,20.914,18.17,187.318,1,0,-0.285,-1,-0.112,114.458,456.089,3,0,0,0,0,20,0,0,174,37.146,0,19.765,38.36,32.311,25.174,22.248,0,41.94,23.514,0,65.214,12.828,23.8,65.214,22.963,3.551,6.553,6.746,0.203,0,0,2,2,0,0,0,1,0,1,3,2.647,2.241,7.987,20.383,17.849,18.665,12.992,10.288,11.443,7.167,8.56,4.589,5.575,2.736,3.347,32.662,56.638,0,404.26,0.926,1.63,2.222,27,364.293,26.41,17.505,15.058,169.825,12.038,12.038,0.158,4.662,112.377,404.613,19,160,26.689,17.122,72.138,72.138,16.756,1.919,22.929,6.603,1.672,0.23,3,1,17000,0.477121255
816,2.674,-2.308,2.241,-2.996,-0.36,35.453,0,414.533,21.09,18.641,20.214,13.492,10.581,11.736,7.436,8.66,4.674,5.829,2.796,3.526,9.589,29.575,0,11.762,12.657,14.211,455.247,0.966,1.655,2.241,0.905,-0.34,29,413.753,870080.485,30.85,20.914,18.17,187.318,1,0,-0.285,-1,-0.112,114.458,456.089,3,0,0,0,0,20,0,0,174,37.146,0,19.765,38.36,32.311,25.174,22.248,0,41.94,23.514,0,65.214,12.828,23.8,65.214,22.963,3.551,6.553,6.746,0.203,0,0,2,2,0,0,0,1,0,1,3,2.647,2.241,7.987,20.383,17.849,18.665,12.992,10.288,11.443,7.167,8.56,4.589,5.575,2.736,3.347,32.662,56.638,0,404.26,0.926,1.63,2.222,27,364.293,26.41,17.505,15.058,169.825,12.038,12.038,0.158,4.662,112.377,404.613,19,160,26.689,17.122,72.138,72.138,16.756,1.919,22.929,6.603,1.672,0.23,3,0.5,17000,1.113943352
817,2.775,-2.308,2.242,-2.996,-0.4,35.453,0,538.939,24.244,20.828,22.4,15.297,11.503,12.657,8.265,9.414,5.239,6.454,3.052,3.961,14.384,48.193,7.11,6.924,10.471,14.211,513.253,0.97,1.636,2.212,0.87,-0.87,33,469.773,5204339.136,34.298,21.649,18.169,209.323,1,0,-0.359,-1,-0.571,125.395,514.125,3,0,0,0,0,21,0,0,196,41.883,0,19.765,38.36,26.558,31.491,22.501,0,51.472,29.484,0,71.256,13.485,33.331,65.214,34.388,3.426,6.18,5.428,0.16,0,0,3,3,0,0,0,1,0,1,3,2.647,2.241,7.987,20.383,17.849,18.665,12.992,10.288,11.443,7.167,8.56,4.589,5.575,2.736,3.347,32.662,56.638,0,404.26,0.926,1.63,2.222,27,364.293,26.41,17.505,15.058,169.825,12.038,12.038,0.158,4.662,112.377,404.613,19,160,26.689,17.122,72.138,72.138,16.756,1.919,22.929,6.603,1.672,0.23,3,4,17000,1.230448921
818,2.775,-2.308,2.242,-2.996,-0.4,35.453,0,538.939,24.244,20.828,22.4,15.297,11.503,12.657,8.265,9.414,5.239,6.454,3.052,3.961,14.384,48.193,7.11,6.924,10.471,14.211,513.253,0.97,1.636,2.212,0.87,-0.87,33,469.773,5204339.136,34.298,21.649,18.169,209.323,1,0,-0.359,-1,-0.571,125.395,514.125,3,0,0,0,0,21,0,0,196,41.883,0,19.765,38.36,26.558,31.491,22.501,0,51.472,29.484,0,71.256,13.485,33.331,65.214,34.388,3.426,6.18,5.428,0.16,0,0,3,3,0,0,0,1,0,1,3,2.647,2.241,7.987,20.383,17.849,18.665,12.992,10.288,11.443,7.167,8.56,4.589,5.575,2.736,3.347,32.662,56.638,0,404.26,0.926,1.63,2.222,27,364.293,26.41,17.505,15.058,169.825,12.038,12.038,0.158,4.662,112.377,404.613,19,160,26.689,17.122,72.138,72.138,16.756,1.919,22.929,6.603,1.672,0.23,3,2,17000,1.230448921
819,2.775,-2.308,2.242,-2.996,-0.4,35.453,0,538.939,24.244,20.828,22.4,15.297,11.503,12.657,8.265,9.414,5.239,6.454,3.052,3.961,14.384,48.193,7.11,6.924,10.471,14.211,513.253,0.97,1.636,2.212,0.87,-0.87,33,469.773,5204339.136,34.298,21.649,18.169,209.323,1,0,-0.359,-1,-0.571,125.395,514.125,3,0,0,0,0,21,0,0,196,41.883,0,19.765,38.36,26.558,31.491,22.501,0,51.472,29.484,0,71.256,13.485,33.331,65.214,34.388,3.426,6.18,5.428,0.16,0,0,3,3,0,0,0,1,0,1,3,2.647,2.241,7.987,20.383,17.849,18.665,12.992,10.288,11.443,7.167,8.56,4.589,5.575,2.736,3.347,32.662,56.638,0,404.26,0.926,1.63,2.222,27,364.293,26.41,17.505,15.058,169.825,12.038,12.038,0.158,4.662,112.377,404.613,19,160,26.689,17.122,72.138,72.138,16.756,1.919,22.929,6.603,1.672,0.23,3,1,17000,1.301029996
820,2.775,-2.308,2.242,-2.996,-0.4,35.453,0,538.939,24.244,20.828,22.4,15.297,11.503,12.657,8.265,9.414,5.239,6.454,3.052,3.961,14.384,48.193,7.11,6.924,10.471,14.211,513.253,0.97,1.636,2.212,0.87,-0.87,33,469.773,5204339.136,34.298,21.649,18.169,209.323,1,0,-0.359,-1,-0.571,125.395,514.125,3,0,0,0,0,21,0,0,196,41.883,0,19.765,38.36,26.558,31.491,22.501,0,51.472,29.484,0,71.256,13.485,33.331,65.214,34.388,3.426,6.18,5.428,0.16,0,0,3,3,0,0,0,1,0,1,3,2.647,2.241,7.987,20.383,17.849,18.665,12.992,10.288,11.443,7.167,8.56,4.589,5.575,2.736,3.347,32.662,56.638,0,404.26,0.926,1.63,2.222,27,364.293,26.41,17.505,15.058,169.825,12.038,12.038,0.158,4.662,112.377,404.613,19,160,26.689,17.122,72.138,72.138,16.756,1.919,22.929,6.603,1.672,0.23,3,0.5,17000,1.230448921
821,2.991,-2.308,2.243,-2.371,-0.151,32.166,3.964,687.795,32.023,28.483,29.299,20.818,17.105,18.26,11.938,13.163,7.707,8.861,4.746,5.621,14.384,23.075,38.773,11.762,30.988,14.211,630.464,0.744,1.395,2.023,0.912,-1.16,43,564.449,1101079577,41.84,29.545,25.828,268.04,0.465,0.164,-0.338,-0.465,6.831,179.82,630.977,1,0,0,1,0,32,0,0,254,29.222,5.907,46.454,89.43,39.524,18.629,28.748,0,28.594,29.422,10.217,124.007,12.791,28.594,124.007,37.989,-0.338,13.801,14.262,0.064,0,0,3,3,0,1,1,0,0,0,5,2.647,2.241,7.987,20.383,17.849,18.665,12.992,10.288,11.443,7.167,8.56,4.589,5.575,2.736,3.347,32.662,56.638,0,404.26,0.926,1.63,2.222,27,364.293,26.41,17.505,15.058,169.825,12.038,12.038,0.158,4.662,112.377,404.613,19,160,26.689,17.122,72.138,72.138,16.756,1.919,22.929,6.603,1.672,0.23,3,4,17000,3.352182518
822,2.991,-2.308,2.243,-2.371,-0.151,32.166,3.964,687.795,32.023,28.483,29.299,20.818,17.105,18.26,11.938,13.163,7.707,8.861,4.746,5.621,14.384,23.075,38.773,11.762,30.988,14.211,630.464,0.744,1.395,2.023,0.912,-1.16,43,564.449,1101079577,41.84,29.545,25.828,268.04,0.465,0.164,-0.338,-0.465,6.831,179.82,630.977,1,0,0,1,0,32,0,0,254,29.222,5.907,46.454,89.43,39.524,18.629,28.748,0,28.594,29.422,10.217,124.007,12.791,28.594,124.007,37.989,-0.338,13.801,14.262,0.064,0,0,3,3,0,1,1,0,0,0,5,2.647,2.241,7.987,20.383,17.849,18.665,12.992,10.288,11.443,7.167,8.56,4.589,5.575,2.736,3.347,32.662,56.638,0,404.26,0.926,1.63,2.222,27,364.293,26.41,17.505,15.058,169.825,12.038,12.038,0.158,4.662,112.377,404.613,19,160,26.689,17.122,72.138,72.138,16.756,1.919,22.929,6.603,1.672,0.23,3,2,17000,4.032860416
823,2.991,-2.308,2.243,-2.371,-0.151,32.166,3.964,687.795,32.023,28.483,29.299,20.818,17.105,18.26,11.938,13.163,7.707,8.861,4.746,5.621,14.384,23.075,38.773,11.762,30.988,14.211,630.464,0.744,1.395,2.023,0.912,-1.16,43,564.449,1101079577,41.84,29.545,25.828,268.04,0.465,0.164,-0.338,-0.465,6.831,179.82,630.977,1,0,0,1,0,32,0,0,254,29.222,5.907,46.454,89.43,39.524,18.629,28.748,0,28.594,29.422,10.217,124.007,12.791,28.594,124.007,37.989,-0.338,13.801,14.262,0.064,0,0,3,3,0,1,1,0,0,0,5,2.647,2.241,7.987,20.383,17.849,18.665,12.992,10.288,11.443,7.167,8.56,4.589,5.575,2.736,3.347,32.662,56.638,0,404.26,0.926,1.63,2.222,27,364.293,26.41,17.505,15.058,169.825,12.038,12.038,0.158,4.662,112.377,404.613,19,160,26.689,17.122,72.138,72.138,16.756,1.919,22.929,6.603,1.672,0.23,3,1,17000,3.64028263
824,2.991,-2.308,2.243,-2.371,-0.151,32.166,3.964,687.795,32.023,28.483,29.299,20.818,17.105,18.26,11.938,13.163,7.707,8.861,4.746,5.621,14.384,23.075,38.773,11.762,30.988,14.211,630.464,0.744,1.395,2.023,0.912,-1.16,43,564.449,1101079577,41.84,29.545,25.828,268.04,0.465,0.164,-0.338,-0.465,6.831,179.82,630.977,1,0,0,1,0,32,0,0,254,29.222,5.907,46.454,89.43,39.524,18.629,28.748,0,28.594,29.422,10.217,124.007,12.791,28.594,124.007,37.989,-0.338,13.801,14.262,0.064,0,0,3,3,0,1,1,0,0,0,5,2.647,2.241,7.987,20.383,17.849,18.665,12.992,10.288,11.443,7.167,8.56,4.589,5.575,2.736,3.347,32.662,56.638,0,404.26,0.926,1.63,2.222,27,364.293,26.41,17.505,15.058,169.825,12.038,12.038,0.158,4.662,112.377,404.613,19,160,26.689,17.122,72.138,72.138,16.756,1.919,22.929,6.603,1.672,0.23,3,0.5,17000,1.86332286
825,2.925,-2.34,2.243,-2.488,-0.151,32.166,2.127,674.022,28.772,24.756,25.572,18.853,14.76,15.914,10.632,11.856,7.206,8.36,4.54,5.414,14.384,29.682,0,16.662,11.824,19.317,574.365,0.872,1.564,2.205,0.897,-1.2,39,520.393,219846266.2,35.826,22.484,17.269,240.214,0.465,0.171,-0.344,-0.465,3.559,156.043,574.825,1,1,1,1,1,24,1,1,228,29.012,5.907,19.765,50.534,65.703,25.236,20.655,1,33.701,29.422,9.8,78.056,15.744,28.594,78.056,39.745,-0.344,7.784,9.634,0.137,1,1,3,3,1,0,1,0,1,0,3,2.647,2.241,7.987,20.383,17.849,18.665,12.992,10.288,11.443,7.167,8.56,4.589,5.575,2.736,3.347,32.662,56.638,0,404.26,0.926,1.63,2.222,27,364.293,26.41,17.505,15.058,169.825,12.038,12.038,0.158,4.662,112.377,404.613,19,160,26.689,17.122,72.138,72.138,16.756,1.919,22.929,6.603,1.672,0.23,3,4,17000,1.662757832
826,2.925,-2.34,2.243,-2.488,-0.151,32.166,2.127,674.022,28.772,24.756,25.572,18.853,14.76,15.914,10.632,11.856,7.206,8.36,4.54,5.414,14.384,29.682,0,16.662,11.824,19.317,574.365,0.872,1.564,2.205,0.897,-1.2,39,520.393,219846266.2,35.826,22.484,17.269,240.214,0.465,0.171,-0.344,-0.465,3.559,156.043,574.825,1,1,1,1,1,24,1,1,228,29.012,5.907,19.765,50.534,65.703,25.236,20.655,1,33.701,29.422,9.8,78.056,15.744,28.594,78.056,39.745,-0.344,7.784,9.634,0.137,1,1,3,3,1,0,1,0,1,0,3,2.647,2.241,7.987,20.383,17.849,18.665,12.992,10.288,11.443,7.167,8.56,4.589,5.575,2.736,3.347,32.662,56.638,0,404.26,0.926,1.63,2.222,27,364.293,26.41,17.505,15.058,169.825,12.038,12.038,0.158,4.662,112.377,404.613,19,160,26.689,17.122,72.138,72.138,16.756,1.919,22.929,6.603,1.672,0.23,3,2,17000,2.037426498
827,2.925,-2.34,2.243,-2.488,-0.151,32.166,2.127,674.022,28.772,24.756,25.572,18.853,14.76,15.914,10.632,11.856,7.206,8.36,4.54,5.414,14.384,29.682,0,16.662,11.824,19.317,574.365,0.872,1.564,2.205,0.897,-1.2,39,520.393,219846266.2,35.826,22.484,17.269,240.214,0.465,0.171,-0.344,-0.465,3.559,156.043,574.825,1,1,1,1,1,24,1,1,228,29.012,5.907,19.765,50.534,65.703,25.236,20.655,1,33.701,29.422,9.8,78.056,15.744,28.594,78.056,39.745,-0.344,7.784,9.634,0.137,1,1,3,3,1,0,1,0,1,0,3,2.647,2.241,7.987,20.383,17.849,18.665,12.992,10.288,11.443,7.167,8.56,4.589,5.575,2.736,3.347,32.662,56.638,0,404.26,0.926,1.63,2.222,27,364.293,26.41,17.505,15.058,169.825,12.038,12.038,0.158,4.662,112.377,404.613,19,160,26.689,17.122,72.138,72.138,16.756,1.919,22.929,6.603,1.672,0.23,3,1,17000,-1
828,2.925,-2.34,2.243,-2.488,-0.151,32.166,2.127,674.022,28.772,24.756,25.572,18.853,14.76,15.914,10.632,11.856,7.206,8.36,4.54,5.414,14.384,29.682,0,16.662,11.824,19.317,574.365,0.872,1.564,2.205,0.897,-1.2,39,520.393,219846266.2,35.826,22.484,17.269,240.214,0.465,0.171,-0.344,-0.465,3.559,156.043,574.825,1,1,1,1,1,24,1,1,228,29.012,5.907,19.765,50.534,65.703,25.236,20.655,1,33.701,29.422,9.8,78.056,15.744,28.594,78.056,39.745,-0.344,7.784,9.634,0.137,1,1,3,3,1,0,1,0,1,0,3,2.647,2.241,7.987,20.383,17.849,18.665,12.992,10.288,11.443,7.167,8.56,4.589,5.575,2.736,3.347,32.662,56.638,0,404.26,0.926,1.63,2.222,27,364.293,26.41,17.505,15.058,169.825,12.038,12.038,0.158,4.662,112.377,404.613,19,160,26.689,17.122,72.138,72.138,16.756,1.919,22.929,6.603,1.672,0.23,3,0.5,17000,-1
829,2.927,-2.308,2.242,-2.458,-0.151,32.166,2.071,662.934,28.608,24.861,25.678,18.904,14.898,16.053,10.627,11.852,7.038,8.192,4.405,5.28,14.384,23.075,0,11.762,22.457,14.211,573.381,0.923,1.641,2.333,0.897,-1.2,39,518.401,235200918.6,35.826,23.499,19.505,240.76,0.465,0.147,-0.336,-0.465,3.444,158.256,573.841,2,1,1,1,1,25,1,1,228,29.639,5.907,19.765,50.534,72.248,18.629,21.587,1,28.594,29.422,15.533,78.056,15.564,28.594,78.056,37.603,-0.336,7.819,11.445,0.125,0,0,3,3,0,2,1,0,1,0,3,2.647,2.241,7.987,20.383,17.849,18.665,12.992,10.288,11.443,7.167,8.56,4.589,5.575,2.736,3.347,32.662,56.638,0,404.26,0.926,1.63,2.222,27,364.293,26.41,17.505,15.058,169.825,12.038,12.038,0.158,4.662,112.377,404.613,19,160,26.689,17.122,72.138,72.138,16.756,1.919,22.929,6.603,1.672,0.23,3,4,17000,0.477121255
830,2.927,-2.308,2.242,-2.458,-0.151,32.166,2.071,662.934,28.608,24.861,25.678,18.904,14.898,16.053,10.627,11.852,7.038,8.192,4.405,5.28,14.384,23.075,0,11.762,22.457,14.211,573.381,0.923,1.641,2.333,0.897,-1.2,39,518.401,235200918.6,35.826,23.499,19.505,240.76,0.465,0.147,-0.336,-0.465,3.444,158.256,573.841,2,1,1,1,1,25,1,1,228,29.639,5.907,19.765,50.534,72.248,18.629,21.587,1,28.594,29.422,15.533,78.056,15.564,28.594,78.056,37.603,-0.336,7.819,11.445,0.125,0,0,3,3,0,2,1,0,1,0,3,2.647,2.241,7.987,20.383,17.849,18.665,12.992,10.288,11.443,7.167,8.56,4.589,5.575,2.736,3.347,32.662,56.638,0,404.26,0.926,1.63,2.222,27,364.293,26.41,17.505,15.058,169.825,12.038,12.038,0.158,4.662,112.377,404.613,19,160,26.689,17.122,72.138,72.138,16.756,1.919,22.929,6.603,1.672,0.23,3,2,17000,0.477121255
831,2.927,-2.308,2.242,-2.458,-0.151,32.166,2.071,662.934,28.608,24.861,25.678,18.904,14.898,16.053,10.627,11.852,7.038,8.192,4.405,5.28,14.384,23.075,0,11.762,22.457,14.211,573.381,0.923,1.641,2.333,0.897,-1.2,39,518.401,235200918.6,35.826,23.499,19.505,240.76,0.465,0.147,-0.336,-0.465,3.444,158.256,573.841,2,1,1,1,1,25,1,1,228,29.639,5.907,19.765,50.534,72.248,18.629,21.587,1,28.594,29.422,15.533,78.056,15.564,28.594,78.056,37.603,-0.336,7.819,11.445,0.125,0,0,3,3,0,2,1,0,1,0,3,2.647,2.241,7.987,20.383,17.849,18.665,12.992,10.288,11.443,7.167,8.56,4.589,5.575,2.736,3.347,32.662,56.638,0,404.26,0.926,1.63,2.222,27,364.293,26.41,17.505,15.058,169.825,12.038,12.038,0.158,4.662,112.377,404.613,19,160,26.689,17.122,72.138,72.138,16.756,1.919,22.929,6.603,1.672,0.23,3,1,17000,1.301029996
832,2.927,-2.308,2.242,-2.458,-0.151,32.166,2.071,662.934,28.608,24.861,25.678,18.904,14.898,16.053,10.627,11.852,7.038,8.192,4.405,5.28,14.384,23.075,0,11.762,22.457,14.211,573.381,0.923,1.641,2.333,0.897,-1.2,39,518.401,235200918.6,35.826,23.499,19.505,240.76,0.465,0.147,-0.336,-0.465,3.444,158.256,573.841,2,1,1,1,1,25,1,1,228,29.639,5.907,19.765,50.534,72.248,18.629,21.587,1,28.594,29.422,15.533,78.056,15.564,28.594,78.056,37.603,-0.336,7.819,11.445,0.125,0,0,3,3,0,2,1,0,1,0,3,2.647,2.241,7.987,20.383,17.849,18.665,12.992,10.288,11.443,7.167,8.56,4.589,5.575,2.736,3.347,32.662,56.638,0,404.26,0.926,1.63,2.222,27,364.293,26.41,17.505,15.058,169.825,12.038,12.038,0.158,4.662,112.377,404.613,19,160,26.689,17.122,72.138,72.138,16.756,1.919,22.929,6.603,1.672,0.23,3,0.5,17000,3.768119894
833,2.674,-2.308,2.241,-2.996,-0.36,35.453,0,414.533,21.09,18.641,20.214,13.492,10.581,11.736,7.436,8.66,4.674,5.829,2.796,3.526,9.589,29.575,0,11.762,12.657,14.211,455.247,0.966,1.655,2.241,0.905,-0.34,29,413.753,870080.485,30.85,20.914,18.17,187.318,1,0,-0.285,-1,-0.112,114.458,456.089,3,0,0,0,0,20,0,0,174,37.146,0,19.765,38.36,32.311,25.174,22.248,0,41.94,23.514,0,65.214,12.828,23.8,65.214,22.963,3.551,6.553,6.746,0.203,0,0,2,2,0,0,0,1,0,1,3,2.647,2.241,7.987,20.383,17.849,18.665,12.992,10.288,11.443,7.167,8.56,4.589,5.575,2.736,3.347,32.662,56.638,0,404.26,0.926,1.63,2.222,27,364.293,26.41,17.505,15.058,169.825,12.038,12.038,0.158,4.662,112.377,404.613,19,160,26.689,17.122,72.138,72.138,16.756,1.919,22.929,6.603,1.672,0.23,3,4,17000,1.204119983
834,2.674,-2.308,2.241,-2.996,-0.36,35.453,0,414.533,21.09,18.641,20.214,13.492,10.581,11.736,7.436,8.66,4.674,5.829,2.796,3.526,9.589,29.575,0,11.762,12.657,14.211,455.247,0.966,1.655,2.241,0.905,-0.34,29,413.753,870080.485,30.85,20.914,18.17,187.318,1,0,-0.285,-1,-0.112,114.458,456.089,3,0,0,0,0,20,0,0,174,37.146,0,19.765,38.36,32.311,25.174,22.248,0,41.94,23.514,0,65.214,12.828,23.8,65.214,22.963,3.551,6.553,6.746,0.203,0,0,2,2,0,0,0,1,0,1,3,2.647,2.241,7.987,20.383,17.849,18.665,12.992,10.288,11.443,7.167,8.56,4.589,5.575,2.736,3.347,32.662,56.638,0,404.26,0.926,1.63,2.222,27,364.293,26.41,17.505,15.058,169.825,12.038,12.038,0.158,4.662,112.377,404.613,19,160,26.689,17.122,72.138,72.138,16.756,1.919,22.929,6.603,1.672,0.23,3,2,17000,0.477121255
835,2.674,-2.308,2.241,-2.996,-0.36,35.453,0,414.533,21.09,18.641,20.214,13.492,10.581,11.736,7.436,8.66,4.674,5.829,2.796,3.526,9.589,29.575,0,11.762,12.657,14.211,455.247,0.966,1.655,2.241,0.905,-0.34,29,413.753,870080.485,30.85,20.914,18.17,187.318,1,0,-0.285,-1,-0.112,114.458,456.089,3,0,0,0,0,20,0,0,174,37.146,0,19.765,38.36,32.311,25.174,22.248,0,41.94,23.514,0,65.214,12.828,23.8,65.214,22.963,3.551,6.553,6.746,0.203,0,0,2,2,0,0,0,1,0,1,3,2.647,2.241,7.987,20.383,17.849,18.665,12.992,10.288,11.443,7.167,8.56,4.589,5.575,2.736,3.347,32.662,56.638,0,404.26,0.926,1.63,2.222,27,364.293,26.41,17.505,15.058,169.825,12.038,12.038,0.158,4.662,112.377,404.613,19,160,26.689,17.122,72.138,72.138,16.756,1.919,22.929,6.603,1.672,0.23,3,1,17000,0.77815125
836,2.674,-2.308,2.241,-2.996,-0.36,35.453,0,414.533,21.09,18.641,20.214,13.492,10.581,11.736,7.436,8.66,4.674,5.829,2.796,3.526,9.589,29.575,0,11.762,12.657,14.211,455.247,0.966,1.655,2.241,0.905,-0.34,29,413.753,870080.485,30.85,20.914,18.17,187.318,1,0,-0.285,-1,-0.112,114.458,456.089,3,0,0,0,0,20,0,0,174,37.146,0,19.765,38.36,32.311,25.174,22.248,0,41.94,23.514,0,65.214,12.828,23.8,65.214,22.963,3.551,6.553,6.746,0.203,0,0,2,2,0,0,0,1,0,1,3,2.647,2.241,7.987,20.383,17.849,18.665,12.992,10.288,11.443,7.167,8.56,4.589,5.575,2.736,3.347,32.662,56.638,0,404.26,0.926,1.63,2.222,27,364.293,26.41,17.505,15.058,169.825,12.038,12.038,0.158,4.662,112.377,404.613,19,160,26.689,17.122,72.138,72.138,16.756,1.919,22.929,6.603,1.672,0.23,3,0.5,17000,1.204119983
837,2.775,-2.308,2.242,-2.996,-0.4,35.453,0,538.939,24.244,20.828,22.4,15.297,11.503,12.657,8.265,9.414,5.239,6.454,3.052,3.961,14.384,48.193,7.11,6.924,10.471,14.211,513.253,0.97,1.636,2.212,0.87,-0.87,33,469.773,5204339.136,34.298,21.649,18.169,209.323,1,0,-0.359,-1,-0.571,125.395,514.125,3,0,0,0,0,21,0,0,196,41.883,0,19.765,38.36,26.558,31.491,22.501,0,51.472,29.484,0,71.256,13.485,33.331,65.214,34.388,3.426,6.18,5.428,0.16,0,0,3,3,0,0,0,1,0,1,3,2.647,2.241,7.987,20.383,17.849,18.665,12.992,10.288,11.443,7.167,8.56,4.589,5.575,2.736,3.347,32.662,56.638,0,404.26,0.926,1.63,2.222,27,364.293,26.41,17.505,15.058,169.825,12.038,12.038,0.158,4.662,112.377,404.613,19,160,26.689,17.122,72.138,72.138,16.756,1.919,22.929,6.603,1.672,0.23,3,4,17000,0.84509804
838,2.775,-2.308,2.242,-2.996,-0.4,35.453,0,538.939,24.244,20.828,22.4,15.297,11.503,12.657,8.265,9.414,5.239,6.454,3.052,3.961,14.384,48.193,7.11,6.924,10.471,14.211,513.253,0.97,1.636,2.212,0.87,-0.87,33,469.773,5204339.136,34.298,21.649,18.169,209.323,1,0,-0.359,-1,-0.571,125.395,514.125,3,0,0,0,0,21,0,0,196,41.883,0,19.765,38.36,26.558,31.491,22.501,0,51.472,29.484,0,71.256,13.485,33.331,65.214,34.388,3.426,6.18,5.428,0.16,0,0,3,3,0,0,0,1,0,1,3,2.647,2.241,7.987,20.383,17.849,18.665,12.992,10.288,11.443,7.167,8.56,4.589,5.575,2.736,3.347,32.662,56.638,0,404.26,0.926,1.63,2.222,27,364.293,26.41,17.505,15.058,169.825,12.038,12.038,0.158,4.662,112.377,404.613,19,160,26.689,17.122,72.138,72.138,16.756,1.919,22.929,6.603,1.672,0.23,3,2,17000,1.361727836
839,2.775,-2.308,2.242,-2.996,-0.4,35.453,0,538.939,24.244,20.828,22.4,15.297,11.503,12.657,8.265,9.414,5.239,6.454,3.052,3.961,14.384,48.193,7.11,6.924,10.471,14.211,513.253,0.97,1.636,2.212,0.87,-0.87,33,469.773,5204339.136,34.298,21.649,18.169,209.323,1,0,-0.359,-1,-0.571,125.395,514.125,3,0,0,0,0,21,0,0,196,41.883,0,19.765,38.36,26.558,31.491,22.501,0,51.472,29.484,0,71.256,13.485,33.331,65.214,34.388,3.426,6.18,5.428,0.16,0,0,3,3,0,0,0,1,0,1,3,2.647,2.241,7.987,20.383,17.849,18.665,12.992,10.288,11.443,7.167,8.56,4.589,5.575,2.736,3.347,32.662,56.638,0,404.26,0.926,1.63,2.222,27,364.293,26.41,17.505,15.058,169.825,12.038,12.038,0.158,4.662,112.377,404.613,19,160,26.689,17.122,72.138,72.138,16.756,1.919,22.929,6.603,1.672,0.23,3,1,17000,1
840,2.775,-2.308,2.242,-2.996,-0.4,35.453,0,538.939,24.244,20.828,22.4,15.297,11.503,12.657,8.265,9.414,5.239,6.454,3.052,3.961,14.384,48.193,7.11,6.924,10.471,14.211,513.253,0.97,1.636,2.212,0.87,-0.87,33,469.773,5204339.136,34.298,21.649,18.169,209.323,1,0,-0.359,-1,-0.571,125.395,514.125,3,0,0,0,0,21,0,0,196,41.883,0,19.765,38.36,26.558,31.491,22.501,0,51.472,29.484,0,71.256,13.485,33.331,65.214,34.388,3.426,6.18,5.428,0.16,0,0,3,3,0,0,0,1,0,1,3,2.647,2.241,7.987,20.383,17.849,18.665,12.992,10.288,11.443,7.167,8.56,4.589,5.575,2.736,3.347,32.662,56.638,0,404.26,0.926,1.63,2.222,27,364.293,26.41,17.505,15.058,169.825,12.038,12.038,0.158,4.662,112.377,404.613,19,160,26.689,17.122,72.138,72.138,16.756,1.919,22.929,6.603,1.672,0.23,3,0.5,17000,1.113943352
841,2.991,-2.308,2.243,-2.371,-0.151,32.166,3.964,687.795,32.023,28.483,29.299,20.818,17.105,18.26,11.938,13.163,7.707,8.861,4.746,5.621,14.384,23.075,38.773,11.762,30.988,14.211,630.464,0.744,1.395,2.023,0.912,-1.16,43,564.449,1101079577,41.84,29.545,25.828,268.04,0.465,0.164,-0.338,-0.465,6.831,179.82,630.977,1,0,0,1,0,32,0,0,254,29.222,5.907,46.454,89.43,39.524,18.629,28.748,0,28.594,29.422,10.217,124.007,12.791,28.594,124.007,37.989,-0.338,13.801,14.262,0.064,0,0,3,3,0,1,1,0,0,0,5,2.701,2.242,7.988,21.797,19.263,20.08,13.992,11.288,12.443,7.936,9.16,5.027,6.182,2.94,3.959,32.662,50.885,18.594,432.291,0.862,1.552,2.172,29,388.315,28.41,19.378,16.848,182.555,12.092,12.092,0.155,5.442,121.611,432.667,21,172,33.11,18.984,84.979,84.979,16.87,1.989,23.006,9.145,1.678,0.178,4,4,17000,4.000130269
842,2.991,-2.308,2.243,-2.371,-0.151,32.166,3.964,687.795,32.023,28.483,29.299,20.818,17.105,18.26,11.938,13.163,7.707,8.861,4.746,5.621,14.384,23.075,38.773,11.762,30.988,14.211,630.464,0.744,1.395,2.023,0.912,-1.16,43,564.449,1101079577,41.84,29.545,25.828,268.04,0.465,0.164,-0.338,-0.465,6.831,179.82,630.977,1,0,0,1,0,32,0,0,254,29.222,5.907,46.454,89.43,39.524,18.629,28.748,0,28.594,29.422,10.217,124.007,12.791,28.594,124.007,37.989,-0.338,13.801,14.262,0.064,0,0,3,3,0,1,1,0,0,0,5,2.701,2.242,7.988,21.797,19.263,20.08,13.992,11.288,12.443,7.936,9.16,5.027,6.182,2.94,3.959,32.662,50.885,18.594,432.291,0.862,1.552,2.172,29,388.315,28.41,19.378,16.848,182.555,12.092,12.092,0.155,5.442,121.611,432.667,21,172,33.11,18.984,84.979,84.979,16.87,1.989,23.006,9.145,1.678,0.178,4,2,17000,4.679827482
843,2.991,-2.308,2.243,-2.371,-0.151,32.166,3.964,687.795,32.023,28.483,29.299,20.818,17.105,18.26,11.938,13.163,7.707,8.861,4.746,5.621,14.384,23.075,38.773,11.762,30.988,14.211,630.464,0.744,1.395,2.023,0.912,-1.16,43,564.449,1101079577,41.84,29.545,25.828,268.04,0.465,0.164,-0.338,-0.465,6.831,179.82,630.977,1,0,0,1,0,32,0,0,254,29.222,5.907,46.454,89.43,39.524,18.629,28.748,0,28.594,29.422,10.217,124.007,12.791,28.594,124.007,37.989,-0.338,13.801,14.262,0.064,0,0,3,3,0,1,1,0,0,0,5,2.701,2.242,7.988,21.797,19.263,20.08,13.992,11.288,12.443,7.936,9.16,5.027,6.182,2.94,3.959,32.662,50.885,18.594,432.291,0.862,1.552,2.172,29,388.315,28.41,19.378,16.848,182.555,12.092,12.092,0.155,5.442,121.611,432.667,21,172,33.11,18.984,84.979,84.979,16.87,1.989,23.006,9.145,1.678,0.178,4,1,17000,3.707399831
844,2.991,-2.308,2.243,-2.371,-0.151,32.166,3.964,687.795,32.023,28.483,29.299,20.818,17.105,18.26,11.938,13.163,7.707,8.861,4.746,5.621,14.384,23.075,38.773,11.762,30.988,14.211,630.464,0.744,1.395,2.023,0.912,-1.16,43,564.449,1101079577,41.84,29.545,25.828,268.04,0.465,0.164,-0.338,-0.465,6.831,179.82,630.977,1,0,0,1,0,32,0,0,254,29.222,5.907,46.454,89.43,39.524,18.629,28.748,0,28.594,29.422,10.217,124.007,12.791,28.594,124.007,37.989,-0.338,13.801,14.262,0.064,0,0,3,3,0,1,1,0,0,0,5,2.701,2.242,7.988,21.797,19.263,20.08,13.992,11.288,12.443,7.936,9.16,5.027,6.182,2.94,3.959,32.662,50.885,18.594,432.291,0.862,1.552,2.172,29,388.315,28.41,19.378,16.848,182.555,12.092,12.092,0.155,5.442,121.611,432.667,21,172,33.11,18.984,84.979,84.979,16.87,1.989,23.006,9.145,1.678,0.178,4,0.5,17000,2.012837225
845,2.925,-2.34,2.243,-2.488,-0.151,32.166,2.127,674.022,28.772,24.756,25.572,18.853,14.76,15.914,10.632,11.856,7.206,8.36,4.54,5.414,14.384,29.682,0,16.662,11.824,19.317,574.365,0.872,1.564,2.205,0.897,-1.2,39,520.393,219846266.2,35.826,22.484,17.269,240.214,0.465,0.171,-0.344,-0.465,3.559,156.043,574.825,1,1,1,1,1,24,1,1,228,29.012,5.907,19.765,50.534,65.703,25.236,20.655,1,33.701,29.422,9.8,78.056,15.744,28.594,78.056,39.745,-0.344,7.784,9.634,0.137,1,1,3,3,1,0,1,0,1,0,3,2.701,2.242,7.988,21.797,19.263,20.08,13.992,11.288,12.443,7.936,9.16,5.027,6.182,2.94,3.959,32.662,50.885,18.594,432.291,0.862,1.552,2.172,29,388.315,28.41,19.378,16.848,182.555,12.092,12.092,0.155,5.442,121.611,432.667,21,172,33.11,18.984,84.979,84.979,16.87,1.989,23.006,9.145,1.678,0.178,4,4,17000,3.435685138
846,2.925,-2.34,2.243,-2.488,-0.151,32.166,2.127,674.022,28.772,24.756,25.572,18.853,14.76,15.914,10.632,11.856,7.206,8.36,4.54,5.414,14.384,29.682,0,16.662,11.824,19.317,574.365,0.872,1.564,2.205,0.897,-1.2,39,520.393,219846266.2,35.826,22.484,17.269,240.214,0.465,0.171,-0.344,-0.465,3.559,156.043,574.825,1,1,1,1,1,24,1,1,228,29.012,5.907,19.765,50.534,65.703,25.236,20.655,1,33.701,29.422,9.8,78.056,15.744,28.594,78.056,39.745,-0.344,7.784,9.634,0.137,1,1,3,3,1,0,1,0,1,0,3,2.701,2.242,7.988,21.797,19.263,20.08,13.992,11.288,12.443,7.936,9.16,5.027,6.182,2.94,3.959,32.662,50.885,18.594,432.291,0.862,1.552,2.172,29,388.315,28.41,19.378,16.848,182.555,12.092,12.092,0.155,5.442,121.611,432.667,21,172,33.11,18.984,84.979,84.979,16.87,1.989,23.006,9.145,1.678,0.178,4,2,17000,-1
847,2.925,-2.34,2.243,-2.488,-0.151,32.166,2.127,674.022,28.772,24.756,25.572,18.853,14.76,15.914,10.632,11.856,7.206,8.36,4.54,5.414,14.384,29.682,0,16.662,11.824,19.317,574.365,0.872,1.564,2.205,0.897,-1.2,39,520.393,219846266.2,35.826,22.484,17.269,240.214,0.465,0.171,-0.344,-0.465,3.559,156.043,574.825,1,1,1,1,1,24,1,1,228,29.012,5.907,19.765,50.534,65.703,25.236,20.655,1,33.701,29.422,9.8,78.056,15.744,28.594,78.056,39.745,-0.344,7.784,9.634,0.137,1,1,3,3,1,0,1,0,1,0,3,2.701,2.242,7.988,21.797,19.263,20.08,13.992,11.288,12.443,7.936,9.16,5.027,6.182,2.94,3.959,32.662,50.885,18.594,432.291,0.862,1.552,2.172,29,388.315,28.41,19.378,16.848,182.555,12.092,12.092,0.155,5.442,121.611,432.667,21,172,33.11,18.984,84.979,84.979,16.87,1.989,23.006,9.145,1.678,0.178,4,1,17000,1
848,2.925,-2.34,2.243,-2.488,-0.151,32.166,2.127,674.022,28.772,24.756,25.572,18.853,14.76,15.914,10.632,11.856,7.206,8.36,4.54,5.414,14.384,29.682,0,16.662,11.824,19.317,574.365,0.872,1.564,2.205,0.897,-1.2,39,520.393,219846266.2,35.826,22.484,17.269,240.214,0.465,0.171,-0.344,-0.465,3.559,156.043,574.825,1,1,1,1,1,24,1,1,228,29.012,5.907,19.765,50.534,65.703,25.236,20.655,1,33.701,29.422,9.8,78.056,15.744,28.594,78.056,39.745,-0.344,7.784,9.634,0.137,1,1,3,3,1,0,1,0,1,0,3,2.701,2.242,7.988,21.797,19.263,20.08,13.992,11.288,12.443,7.936,9.16,5.027,6.182,2.94,3.959,32.662,50.885,18.594,432.291,0.862,1.552,2.172,29,388.315,28.41,19.378,16.848,182.555,12.092,12.092,0.155,5.442,121.611,432.667,21,172,33.11,18.984,84.979,84.979,16.87,1.989,23.006,9.145,1.678,0.178,4,0.5,17000,2.164352856
849,2.927,-2.308,2.242,-2.458,-0.151,32.166,2.071,662.934,28.608,24.861,25.678,18.904,14.898,16.053,10.627,11.852,7.038,8.192,4.405,5.28,14.384,23.075,0,11.762,22.457,14.211,573.381,0.923,1.641,2.333,0.897,-1.2,39,518.401,235200918.6,35.826,23.499,19.505,240.76,0.465,0.147,-0.336,-0.465,3.444,158.256,573.841,2,1,1,1,1,25,1,1,228,29.639,5.907,19.765,50.534,72.248,18.629,21.587,1,28.594,29.422,15.533,78.056,15.564,28.594,78.056,37.603,-0.336,7.819,11.445,0.125,0,0,3,3,0,2,1,0,1,0,3,2.701,2.242,7.988,21.797,19.263,20.08,13.992,11.288,12.443,7.936,9.16,5.027,6.182,2.94,3.959,32.662,50.885,18.594,432.291,0.862,1.552,2.172,29,388.315,28.41,19.378,16.848,182.555,12.092,12.092,0.155,5.442,121.611,432.667,21,172,33.11,18.984,84.979,84.979,16.87,1.989,23.006,9.145,1.678,0.178,4,4,17000,1
850,2.927,-2.308,2.242,-2.458,-0.151,32.166,2.071,662.934,28.608,24.861,25.678,18.904,14.898,16.053,10.627,11.852,7.038,8.192,4.405,5.28,14.384,23.075,0,11.762,22.457,14.211,573.381,0.923,1.641,2.333,0.897,-1.2,39,518.401,235200918.6,35.826,23.499,19.505,240.76,0.465,0.147,-0.336,-0.465,3.444,158.256,573.841,2,1,1,1,1,25,1,1,228,29.639,5.907,19.765,50.534,72.248,18.629,21.587,1,28.594,29.422,15.533,78.056,15.564,28.594,78.056,37.603,-0.336,7.819,11.445,0.125,0,0,3,3,0,2,1,0,1,0,3,2.701,2.242,7.988,21.797,19.263,20.08,13.992,11.288,12.443,7.936,9.16,5.027,6.182,2.94,3.959,32.662,50.885,18.594,432.291,0.862,1.552,2.172,29,388.315,28.41,19.378,16.848,182.555,12.092,12.092,0.155,5.442,121.611,432.667,21,172,33.11,18.984,84.979,84.979,16.87,1.989,23.006,9.145,1.678,0.178,4,2,17000,0.77815125
851,2.927,-2.308,2.242,-2.458,-0.151,32.166,2.071,662.934,28.608,24.861,25.678,18.904,14.898,16.053,10.627,11.852,7.038,8.192,4.405,5.28,14.384,23.075,0,11.762,22.457,14.211,573.381,0.923,1.641,2.333,0.897,-1.2,39,518.401,235200918.6,35.826,23.499,19.505,240.76,0.465,0.147,-0.336,-0.465,3.444,158.256,573.841,2,1,1,1,1,25,1,1,228,29.639,5.907,19.765,50.534,72.248,18.629,21.587,1,28.594,29.422,15.533,78.056,15.564,28.594,78.056,37.603,-0.336,7.819,11.445,0.125,0,0,3,3,0,2,1,0,1,0,3,2.701,2.242,7.988,21.797,19.263,20.08,13.992,11.288,12.443,7.936,9.16,5.027,6.182,2.94,3.959,32.662,50.885,18.594,432.291,0.862,1.552,2.172,29,388.315,28.41,19.378,16.848,182.555,12.092,12.092,0.155,5.442,121.611,432.667,21,172,33.11,18.984,84.979,84.979,16.87,1.989,23.006,9.145,1.678,0.178,4,1,17000,0.84509804
852,2.927,-2.308,2.242,-2.458,-0.151,32.166,2.071,662.934,28.608,24.861,25.678,18.904,14.898,16.053,10.627,11.852,7.038,8.192,4.405,5.28,14.384,23.075,0,11.762,22.457,14.211,573.381,0.923,1.641,2.333,0.897,-1.2,39,518.401,235200918.6,35.826,23.499,19.505,240.76,0.465,0.147,-0.336,-0.465,3.444,158.256,573.841,2,1,1,1,1,25,1,1,228,29.639,5.907,19.765,50.534,72.248,18.629,21.587,1,28.594,29.422,15.533,78.056,15.564,28.594,78.056,37.603,-0.336,7.819,11.445,0.125,0,0,3,3,0,2,1,0,1,0,3,2.701,2.242,7.988,21.797,19.263,20.08,13.992,11.288,12.443,7.936,9.16,5.027,6.182,2.94,3.959,32.662,50.885,18.594,432.291,0.862,1.552,2.172,29,388.315,28.41,19.378,16.848,182.555,12.092,12.092,0.155,5.442,121.611,432.667,21,172,33.11,18.984,84.979,84.979,16.87,1.989,23.006,9.145,1.678,0.178,4,0.5,17000,3.25358029
853,2.674,-2.308,2.241,-2.996,-0.36,35.453,0,414.533,21.09,18.641,20.214,13.492,10.581,11.736,7.436,8.66,4.674,5.829,2.796,3.526,9.589,29.575,0,11.762,12.657,14.211,455.247,0.966,1.655,2.241,0.905,-0.34,29,413.753,870080.485,30.85,20.914,18.17,187.318,1,0,-0.285,-1,-0.112,114.458,456.089,3,0,0,0,0,20,0,0,174,37.146,0,19.765,38.36,32.311,25.174,22.248,0,41.94,23.514,0,65.214,12.828,23.8,65.214,22.963,3.551,6.553,6.746,0.203,0,0,2,2,0,0,0,1,0,1,3,2.701,2.242,7.988,21.797,19.263,20.08,13.992,11.288,12.443,7.936,9.16,5.027,6.182,2.94,3.959,32.662,50.885,18.594,432.291,0.862,1.552,2.172,29,388.315,28.41,19.378,16.848,182.555,12.092,12.092,0.155,5.442,121.611,432.667,21,172,33.11,18.984,84.979,84.979,16.87,1.989,23.006,9.145,1.678,0.178,4,4,17000,1.748188027
854,2.674,-2.308,2.241,-2.996,-0.36,35.453,0,414.533,21.09,18.641,20.214,13.492,10.581,11.736,7.436,8.66,4.674,5.829,2.796,3.526,9.589,29.575,0,11.762,12.657,14.211,455.247,0.966,1.655,2.241,0.905,-0.34,29,413.753,870080.485,30.85,20.914,18.17,187.318,1,0,-0.285,-1,-0.112,114.458,456.089,3,0,0,0,0,20,0,0,174,37.146,0,19.765,38.36,32.311,25.174,22.248,0,41.94,23.514,0,65.214,12.828,23.8,65.214,22.963,3.551,6.553,6.746,0.203,0,0,2,2,0,0,0,1,0,1,3,2.701,2.242,7.988,21.797,19.263,20.08,13.992,11.288,12.443,7.936,9.16,5.027,6.182,2.94,3.959,32.662,50.885,18.594,432.291,0.862,1.552,2.172,29,388.315,28.41,19.378,16.848,182.555,12.092,12.092,0.155,5.442,121.611,432.667,21,172,33.11,18.984,84.979,84.979,16.87,1.989,23.006,9.145,1.678,0.178,4,2,17000,1.204119983
855,2.674,-2.308,2.241,-2.996,-0.36,35.453,0,414.533,21.09,18.641,20.214,13.492,10.581,11.736,7.436,8.66,4.674,5.829,2.796,3.526,9.589,29.575,0,11.762,12.657,14.211,455.247,0.966,1.655,2.241,0.905,-0.34,29,413.753,870080.485,30.85,20.914,18.17,187.318,1,0,-0.285,-1,-0.112,114.458,456.089,3,0,0,0,0,20,0,0,174,37.146,0,19.765,38.36,32.311,25.174,22.248,0,41.94,23.514,0,65.214,12.828,23.8,65.214,22.963,3.551,6.553,6.746,0.203,0,0,2,2,0,0,0,1,0,1,3,2.701,2.242,7.988,21.797,19.263,20.08,13.992,11.288,12.443,7.936,9.16,5.027,6.182,2.94,3.959,32.662,50.885,18.594,432.291,0.862,1.552,2.172,29,388.315,28.41,19.378,16.848,182.555,12.092,12.092,0.155,5.442,121.611,432.667,21,172,33.11,18.984,84.979,84.979,16.87,1.989,23.006,9.145,1.678,0.178,4,1,17000,0.77815125
856,2.674,-2.308,2.241,-2.996,-0.36,35.453,0,414.533,21.09,18.641,20.214,13.492,10.581,11.736,7.436,8.66,4.674,5.829,2.796,3.526,9.589,29.575,0,11.762,12.657,14.211,455.247,0.966,1.655,2.241,0.905,-0.34,29,413.753,870080.485,30.85,20.914,18.17,187.318,1,0,-0.285,-1,-0.112,114.458,456.089,3,0,0,0,0,20,0,0,174,37.146,0,19.765,38.36,32.311,25.174,22.248,0,41.94,23.514,0,65.214,12.828,23.8,65.214,22.963,3.551,6.553,6.746,0.203,0,0,2,2,0,0,0,1,0,1,3,2.701,2.242,7.988,21.797,19.263,20.08,13.992,11.288,12.443,7.936,9.16,5.027,6.182,2.94,3.959,32.662,50.885,18.594,432.291,0.862,1.552,2.172,29,388.315,28.41,19.378,16.848,182.555,12.092,12.092,0.155,5.442,121.611,432.667,21,172,33.11,18.984,84.979,84.979,16.87,1.989,23.006,9.145,1.678,0.178,4,0.5,17000,0.954242509
857,2.775,-2.308,2.242,-2.996,-0.4,35.453,0,538.939,24.244,20.828,22.4,15.297,11.503,12.657,8.265,9.414,5.239,6.454,3.052,3.961,14.384,48.193,7.11,6.924,10.471,14.211,513.253,0.97,1.636,2.212,0.87,-0.87,33,469.773,5204339.136,34.298,21.649,18.169,209.323,1,0,-0.359,-1,-0.571,125.395,514.125,3,0,0,0,0,21,0,0,196,41.883,0,19.765,38.36,26.558,31.491,22.501,0,51.472,29.484,0,71.256,13.485,33.331,65.214,34.388,3.426,6.18,5.428,0.16,0,0,3,3,0,0,0,1,0,1,3,2.701,2.242,7.988,21.797,19.263,20.08,13.992,11.288,12.443,7.936,9.16,5.027,6.182,2.94,3.959,32.662,50.885,18.594,432.291,0.862,1.552,2.172,29,388.315,28.41,19.378,16.848,182.555,12.092,12.092,0.155,5.442,121.611,432.667,21,172,33.11,18.984,84.979,84.979,16.87,1.989,23.006,9.145,1.678,0.178,4,4,17000,1.477121255
858,2.775,-2.308,2.242,-2.996,-0.4,35.453,0,538.939,24.244,20.828,22.4,15.297,11.503,12.657,8.265,9.414,5.239,6.454,3.052,3.961,14.384,48.193,7.11,6.924,10.471,14.211,513.253,0.97,1.636,2.212,0.87,-0.87,33,469.773,5204339.136,34.298,21.649,18.169,209.323,1,0,-0.359,-1,-0.571,125.395,514.125,3,0,0,0,0,21,0,0,196,41.883,0,19.765,38.36,26.558,31.491,22.501,0,51.472,29.484,0,71.256,13.485,33.331,65.214,34.388,3.426,6.18,5.428,0.16,0,0,3,3,0,0,0,1,0,1,3,2.701,2.242,7.988,21.797,19.263,20.08,13.992,11.288,12.443,7.936,9.16,5.027,6.182,2.94,3.959,32.662,50.885,18.594,432.291,0.862,1.552,2.172,29,388.315,28.41,19.378,16.848,182.555,12.092,12.092,0.155,5.442,121.611,432.667,21,172,33.11,18.984,84.979,84.979,16.87,1.989,23.006,9.145,1.678,0.178,4,2,17000,0.84509804
859,2.775,-2.308,2.242,-2.996,-0.4,35.453,0,538.939,24.244,20.828,22.4,15.297,11.503,12.657,8.265,9.414,5.239,6.454,3.052,3.961,14.384,48.193,7.11,6.924,10.471,14.211,513.253,0.97,1.636,2.212,0.87,-0.87,33,469.773,5204339.136,34.298,21.649,18.169,209.323,1,0,-0.359,-1,-0.571,125.395,514.125,3,0,0,0,0,21,0,0,196,41.883,0,19.765,38.36,26.558,31.491,22.501,0,51.472,29.484,0,71.256,13.485,33.331,65.214,34.388,3.426,6.18,5.428,0.16,0,0,3,3,0,0,0,1,0,1,3,2.701,2.242,7.988,21.797,19.263,20.08,13.992,11.288,12.443,7.936,9.16,5.027,6.182,2.94,3.959,32.662,50.885,18.594,432.291,0.862,1.552,2.172,29,388.315,28.41,19.378,16.848,182.555,12.092,12.092,0.155,5.442,121.611,432.667,21,172,33.11,18.984,84.979,84.979,16.87,1.989,23.006,9.145,1.678,0.178,4,1,17000,1.301029996
860,2.775,-2.308,2.242,-2.996,-0.4,35.453,0,538.939,24.244,20.828,22.4,15.297,11.503,12.657,8.265,9.414,5.239,6.454,3.052,3.961,14.384,48.193,7.11,6.924,10.471,14.211,513.253,0.97,1.636,2.212,0.87,-0.87,33,469.773,5204339.136,34.298,21.649,18.169,209.323,1,0,-0.359,-1,-0.571,125.395,514.125,3,0,0,0,0,21,0,0,196,41.883,0,19.765,38.36,26.558,31.491,22.501,0,51.472,29.484,0,71.256,13.485,33.331,65.214,34.388,3.426,6.18,5.428,0.16,0,0,3,3,0,0,0,1,0,1,3,2.701,2.242,7.988,21.797,19.263,20.08,13.992,11.288,12.443,7.936,9.16,5.027,6.182,2.94,3.959,32.662,50.885,18.594,432.291,0.862,1.552,2.172,29,388.315,28.41,19.378,16.848,182.555,12.092,12.092,0.155,5.442,121.611,432.667,21,172,33.11,18.984,84.979,84.979,16.87,1.989,23.006,9.145,1.678,0.178,4,0.5,17000,1.431363764
861,2.991,-2.308,2.243,-2.371,-0.151,32.166,3.964,687.795,32.023,28.483,29.299,20.818,17.105,18.26,11.938,13.163,7.707,8.861,4.746,5.621,14.384,23.075,38.773,11.762,30.988,14.211,630.464,0.744,1.395,2.023,0.912,-1.16,43,564.449,1101079577,41.84,29.545,25.828,268.04,0.465,0.164,-0.338,-0.465,6.831,179.82,630.977,1,0,0,1,0,32,0,0,254,29.222,5.907,46.454,89.43,39.524,18.629,28.748,0,28.594,29.422,10.217,124.007,12.791,28.594,124.007,37.989,-0.338,13.801,14.262,0.064,0,0,3,3,0,1,1,0,0,0,5,2.701,2.242,7.988,21.797,19.263,20.08,13.992,11.288,12.443,7.936,9.16,5.027,6.182,2.94,3.959,32.662,50.885,18.594,432.291,0.862,1.552,2.172,29,388.315,28.41,19.378,16.848,182.555,12.092,12.092,0.155,5.442,121.611,432.667,21,172,33.11,18.984,84.979,84.979,16.87,1.989,23.006,9.145,1.678,0.178,4,4,17000,5.03095171
862,2.991,-2.308,2.243,-2.371,-0.151,32.166,3.964,687.795,32.023,28.483,29.299,20.818,17.105,18.26,11.938,13.163,7.707,8.861,4.746,5.621,14.384,23.075,38.773,11.762,30.988,14.211,630.464,0.744,1.395,2.023,0.912,-1.16,43,564.449,1101079577,41.84,29.545,25.828,268.04,0.465,0.164,-0.338,-0.465,6.831,179.82,630.977,1,0,0,1,0,32,0,0,254,29.222,5.907,46.454,89.43,39.524,18.629,28.748,0,28.594,29.422,10.217,124.007,12.791,28.594,124.007,37.989,-0.338,13.801,14.262,0.064,0,0,3,3,0,1,1,0,0,0,5,2.701,2.242,7.988,21.797,19.263,20.08,13.992,11.288,12.443,7.936,9.16,5.027,6.182,2.94,3.959,32.662,50.885,18.594,432.291,0.862,1.552,2.172,29,388.315,28.41,19.378,16.848,182.555,12.092,12.092,0.155,5.442,121.611,432.667,21,172,33.11,18.984,84.979,84.979,16.87,1.989,23.006,9.145,1.678,0.178,4,2,17000,5.350211179
863,2.991,-2.308,2.243,-2.371,-0.151,32.166,3.964,687.795,32.023,28.483,29.299,20.818,17.105,18.26,11.938,13.163,7.707,8.861,4.746,5.621,14.384,23.075,38.773,11.762,30.988,14.211,630.464,0.744,1.395,2.023,0.912,-1.16,43,564.449,1101079577,41.84,29.545,25.828,268.04,0.465,0.164,-0.338,-0.465,6.831,179.82,630.977,1,0,0,1,0,32,0,0,254,29.222,5.907,46.454,89.43,39.524,18.629,28.748,0,28.594,29.422,10.217,124.007,12.791,28.594,124.007,37.989,-0.338,13.801,14.262,0.064,0,0,3,3,0,1,1,0,0,0,5,2.701,2.242,7.988,21.797,19.263,20.08,13.992,11.288,12.443,7.936,9.16,5.027,6.182,2.94,3.959,32.662,50.885,18.594,432.291,0.862,1.552,2.172,29,388.315,28.41,19.378,16.848,182.555,12.092,12.092,0.155,5.442,121.611,432.667,21,172,33.11,18.984,84.979,84.979,16.87,1.989,23.006,9.145,1.678,0.178,4,1,17000,2.301029996
864,2.991,-2.308,2.243,-2.371,-0.151,32.166,3.964,687.795,32.023,28.483,29.299,20.818,17.105,18.26,11.938,13.163,7.707,8.861,4.746,5.621,14.384,23.075,38.773,11.762,30.988,14.211,630.464,0.744,1.395,2.023,0.912,-1.16,43,564.449,1101079577,41.84,29.545,25.828,268.04,0.465,0.164,-0.338,-0.465,6.831,179.82,630.977,1,0,0,1,0,32,0,0,254,29.222,5.907,46.454,89.43,39.524,18.629,28.748,0,28.594,29.422,10.217,124.007,12.791,28.594,124.007,37.989,-0.338,13.801,14.262,0.064,0,0,3,3,0,1,1,0,0,0,5,2.701,2.242,7.988,21.797,19.263,20.08,13.992,11.288,12.443,7.936,9.16,5.027,6.182,2.94,3.959,32.662,50.885,18.594,432.291,0.862,1.552,2.172,29,388.315,28.41,19.378,16.848,182.555,12.092,12.092,0.155,5.442,121.611,432.667,21,172,33.11,18.984,84.979,84.979,16.87,1.989,23.006,9.145,1.678,0.178,4,0.5,17000,2.167317335
865,2.925,-2.34,2.243,-2.488,-0.151,32.166,2.127,674.022,28.772,24.756,25.572,18.853,14.76,15.914,10.632,11.856,7.206,8.36,4.54,5.414,14.384,29.682,0,16.662,11.824,19.317,574.365,0.872,1.564,2.205,0.897,-1.2,39,520.393,219846266.2,35.826,22.484,17.269,240.214,0.465,0.171,-0.344,-0.465,3.559,156.043,574.825,1,1,1,1,1,24,1,1,228,29.012,5.907,19.765,50.534,65.703,25.236,20.655,1,33.701,29.422,9.8,78.056,15.744,28.594,78.056,39.745,-0.344,7.784,9.634,0.137,1,1,3,3,1,0,1,0,1,0,3,2.701,2.242,7.988,21.797,19.263,20.08,13.992,11.288,12.443,7.936,9.16,5.027,6.182,2.94,3.959,32.662,50.885,18.594,432.291,0.862,1.552,2.172,29,388.315,28.41,19.378,16.848,182.555,12.092,12.092,0.155,5.442,121.611,432.667,21,172,33.11,18.984,84.979,84.979,16.87,1.989,23.006,9.145,1.678,0.178,4,4,17000,1.84509804
866,2.925,-2.34,2.243,-2.488,-0.151,32.166,2.127,674.022,28.772,24.756,25.572,18.853,14.76,15.914,10.632,11.856,7.206,8.36,4.54,5.414,14.384,29.682,0,16.662,11.824,19.317,574.365,0.872,1.564,2.205,0.897,-1.2,39,520.393,219846266.2,35.826,22.484,17.269,240.214,0.465,0.171,-0.344,-0.465,3.559,156.043,574.825,1,1,1,1,1,24,1,1,228,29.012,5.907,19.765,50.534,65.703,25.236,20.655,1,33.701,29.422,9.8,78.056,15.744,28.594,78.056,39.745,-0.344,7.784,9.634,0.137,1,1,3,3,1,0,1,0,1,0,3,2.701,2.242,7.988,21.797,19.263,20.08,13.992,11.288,12.443,7.936,9.16,5.027,6.182,2.94,3.959,32.662,50.885,18.594,432.291,0.862,1.552,2.172,29,388.315,28.41,19.378,16.848,182.555,12.092,12.092,0.155,5.442,121.611,432.667,21,172,33.11,18.984,84.979,84.979,16.87,1.989,23.006,9.145,1.678,0.178,4,2,17000,0.77815125
867,2.925,-2.34,2.243,-2.488,-0.151,32.166,2.127,674.022,28.772,24.756,25.572,18.853,14.76,15.914,10.632,11.856,7.206,8.36,4.54,5.414,14.384,29.682,0,16.662,11.824,19.317,574.365,0.872,1.564,2.205,0.897,-1.2,39,520.393,219846266.2,35.826,22.484,17.269,240.214,0.465,0.171,-0.344,-0.465,3.559,156.043,574.825,1,1,1,1,1,24,1,1,228,29.012,5.907,19.765,50.534,65.703,25.236,20.655,1,33.701,29.422,9.8,78.056,15.744,28.594,78.056,39.745,-0.344,7.784,9.634,0.137,1,1,3,3,1,0,1,0,1,0,3,2.701,2.242,7.988,21.797,19.263,20.08,13.992,11.288,12.443,7.936,9.16,5.027,6.182,2.94,3.959,32.662,50.885,18.594,432.291,0.862,1.552,2.172,29,388.315,28.41,19.378,16.848,182.555,12.092,12.092,0.155,5.442,121.611,432.667,21,172,33.11,18.984,84.979,84.979,16.87,1.989,23.006,9.145,1.678,0.178,4,1,17000,-1
868,2.925,-2.34,2.243,-2.488,-0.151,32.166,2.127,674.022,28.772,24.756,25.572,18.853,14.76,15.914,10.632,11.856,7.206,8.36,4.54,5.414,14.384,29.682,0,16.662,11.824,19.317,574.365,0.872,1.564,2.205,0.897,-1.2,39,520.393,219846266.2,35.826,22.484,17.269,240.214,0.465,0.171,-0.344,-0.465,3.559,156.043,574.825,1,1,1,1,1,24,1,1,228,29.012,5.907,19.765,50.534,65.703,25.236,20.655,1,33.701,29.422,9.8,78.056,15.744,28.594,78.056,39.745,-0.344,7.784,9.634,0.137,1,1,3,3,1,0,1,0,1,0,3,2.701,2.242,7.988,21.797,19.263,20.08,13.992,11.288,12.443,7.936,9.16,5.027,6.182,2.94,3.959,32.662,50.885,18.594,432.291,0.862,1.552,2.172,29,388.315,28.41,19.378,16.848,182.555,12.092,12.092,0.155,5.442,121.611,432.667,21,172,33.11,18.984,84.979,84.979,16.87,1.989,23.006,9.145,1.678,0.178,4,0.5,17000,2.354108439
869,2.927,-2.308,2.242,-2.458,-0.151,32.166,2.071,662.934,28.608,24.861,25.678,18.904,14.898,16.053,10.627,11.852,7.038,8.192,4.405,5.28,14.384,23.075,0,11.762,22.457,14.211,573.381,0.923,1.641,2.333,0.897,-1.2,39,518.401,235200918.6,35.826,23.499,19.505,240.76,0.465,0.147,-0.336,-0.465,3.444,158.256,573.841,2,1,1,1,1,25,1,1,228,29.639,5.907,19.765,50.534,72.248,18.629,21.587,1,28.594,29.422,15.533,78.056,15.564,28.594,78.056,37.603,-0.336,7.819,11.445,0.125,0,0,3,3,0,2,1,0,1,0,3,2.701,2.242,7.988,21.797,19.263,20.08,13.992,11.288,12.443,7.936,9.16,5.027,6.182,2.94,3.959,32.662,50.885,18.594,432.291,0.862,1.552,2.172,29,388.315,28.41,19.378,16.848,182.555,12.092,12.092,0.155,5.442,121.611,432.667,21,172,33.11,18.984,84.979,84.979,16.87,1.989,23.006,9.145,1.678,0.178,4,4,17000,1.414973348
870,2.927,-2.308,2.242,-2.458,-0.151,32.166,2.071,662.934,28.608,24.861,25.678,18.904,14.898,16.053,10.627,11.852,7.038,8.192,4.405,5.28,14.384,23.075,0,11.762,22.457,14.211,573.381,0.923,1.641,2.333,0.897,-1.2,39,518.401,235200918.6,35.826,23.499,19.505,240.76,0.465,0.147,-0.336,-0.465,3.444,158.256,573.841,2,1,1,1,1,25,1,1,228,29.639,5.907,19.765,50.534,72.248,18.629,21.587,1,28.594,29.422,15.533,78.056,15.564,28.594,78.056,37.603,-0.336,7.819,11.445,0.125,0,0,3,3,0,2,1,0,1,0,3,2.701,2.242,7.988,21.797,19.263,20.08,13.992,11.288,12.443,7.936,9.16,5.027,6.182,2.94,3.959,32.662,50.885,18.594,432.291,0.862,1.552,2.172,29,388.315,28.41,19.378,16.848,182.555,12.092,12.092,0.155,5.442,121.611,432.667,21,172,33.11,18.984,84.979,84.979,16.87,1.989,23.006,9.145,1.678,0.178,4,2,17000,1.278753601
871,2.927,-2.308,2.242,-2.458,-0.151,32.166,2.071,662.934,28.608,24.861,25.678,18.904,14.898,16.053,10.627,11.852,7.038,8.192,4.405,5.28,14.384,23.075,0,11.762,22.457,14.211,573.381,0.923,1.641,2.333,0.897,-1.2,39,518.401,235200918.6,35.826,23.499,19.505,240.76,0.465,0.147,-0.336,-0.465,3.444,158.256,573.841,2,1,1,1,1,25,1,1,228,29.639,5.907,19.765,50.534,72.248,18.629,21.587,1,28.594,29.422,15.533,78.056,15.564,28.594,78.056,37.603,-0.336,7.819,11.445,0.125,0,0,3,3,0,2,1,0,1,0,3,2.701,2.242,7.988,21.797,19.263,20.08,13.992,11.288,12.443,7.936,9.16,5.027,6.182,2.94,3.959,32.662,50.885,18.594,432.291,0.862,1.552,2.172,29,388.315,28.41,19.378,16.848,182.555,12.092,12.092,0.155,5.442,121.611,432.667,21,172,33.11,18.984,84.979,84.979,16.87,1.989,23.006,9.145,1.678,0.178,4,1,17000,3.377306251
872,2.927,-2.308,2.242,-2.458,-0.151,32.166,2.071,662.934,28.608,24.861,25.678,18.904,14.898,16.053,10.627,11.852,7.038,8.192,4.405,5.28,14.384,23.075,0,11.762,22.457,14.211,573.381,0.923,1.641,2.333,0.897,-1.2,39,518.401,235200918.6,35.826,23.499,19.505,240.76,0.465,0.147,-0.336,-0.465,3.444,158.256,573.841,2,1,1,1,1,25,1,1,228,29.639,5.907,19.765,50.534,72.248,18.629,21.587,1,28.594,29.422,15.533,78.056,15.564,28.594,78.056,37.603,-0.336,7.819,11.445,0.125,0,0,3,3,0,2,1,0,1,0,3,2.701,2.242,7.988,21.797,19.263,20.08,13.992,11.288,12.443,7.936,9.16,5.027,6.182,2.94,3.959,32.662,50.885,18.594,432.291,0.862,1.552,2.172,29,388.315,28.41,19.378,16.848,182.555,12.092,12.092,0.155,5.442,121.611,432.667,21,172,33.11,18.984,84.979,84.979,16.87,1.989,23.006,9.145,1.678,0.178,4,0.5,17000,3.324282455
873,2.674,-2.308,2.241,-2.996,-0.36,35.453,0,414.533,21.09,18.641,20.214,13.492,10.581,11.736,7.436,8.66,4.674,5.829,2.796,3.526,9.589,29.575,0,11.762,12.657,14.211,455.247,0.966,1.655,2.241,0.905,-0.34,29,413.753,870080.485,30.85,20.914,18.17,187.318,1,0,-0.285,-1,-0.112,114.458,456.089,3,0,0,0,0,20,0,0,174,37.146,0,19.765,38.36,32.311,25.174,22.248,0,41.94,23.514,0,65.214,12.828,23.8,65.214,22.963,3.551,6.553,6.746,0.203,0,0,2,2,0,0,0,1,0,1,3,2.701,2.242,7.988,21.797,19.263,20.08,13.992,11.288,12.443,7.936,9.16,5.027,6.182,2.94,3.959,32.662,50.885,18.594,432.291,0.862,1.552,2.172,29,388.315,28.41,19.378,16.848,182.555,12.092,12.092,0.155,5.442,121.611,432.667,21,172,33.11,18.984,84.979,84.979,16.87,1.989,23.006,9.145,1.678,0.178,4,4,17000,1.204119983
874,2.674,-2.308,2.241,-2.996,-0.36,35.453,0,414.533,21.09,18.641,20.214,13.492,10.581,11.736,7.436,8.66,4.674,5.829,2.796,3.526,9.589,29.575,0,11.762,12.657,14.211,455.247,0.966,1.655,2.241,0.905,-0.34,29,413.753,870080.485,30.85,20.914,18.17,187.318,1,0,-0.285,-1,-0.112,114.458,456.089,3,0,0,0,0,20,0,0,174,37.146,0,19.765,38.36,32.311,25.174,22.248,0,41.94,23.514,0,65.214,12.828,23.8,65.214,22.963,3.551,6.553,6.746,0.203,0,0,2,2,0,0,0,1,0,1,3,2.701,2.242,7.988,21.797,19.263,20.08,13.992,11.288,12.443,7.936,9.16,5.027,6.182,2.94,3.959,32.662,50.885,18.594,432.291,0.862,1.552,2.172,29,388.315,28.41,19.378,16.848,182.555,12.092,12.092,0.155,5.442,121.611,432.667,21,172,33.11,18.984,84.979,84.979,16.87,1.989,23.006,9.145,1.678,0.178,4,2,17000,1.278753601
875,2.674,-2.308,2.241,-2.996,-0.36,35.453,0,414.533,21.09,18.641,20.214,13.492,10.581,11.736,7.436,8.66,4.674,5.829,2.796,3.526,9.589,29.575,0,11.762,12.657,14.211,455.247,0.966,1.655,2.241,0.905,-0.34,29,413.753,870080.485,30.85,20.914,18.17,187.318,1,0,-0.285,-1,-0.112,114.458,456.089,3,0,0,0,0,20,0,0,174,37.146,0,19.765,38.36,32.311,25.174,22.248,0,41.94,23.514,0,65.214,12.828,23.8,65.214,22.963,3.551,6.553,6.746,0.203,0,0,2,2,0,0,0,1,0,1,3,2.701,2.242,7.988,21.797,19.263,20.08,13.992,11.288,12.443,7.936,9.16,5.027,6.182,2.94,3.959,32.662,50.885,18.594,432.291,0.862,1.552,2.172,29,388.315,28.41,19.378,16.848,182.555,12.092,12.092,0.155,5.442,121.611,432.667,21,172,33.11,18.984,84.979,84.979,16.87,1.989,23.006,9.145,1.678,0.178,4,1,17000,0.84509804
876,2.674,-2.308,2.241,-2.996,-0.36,35.453,0,414.533,21.09,18.641,20.214,13.492,10.581,11.736,7.436,8.66,4.674,5.829,2.796,3.526,9.589,29.575,0,11.762,12.657,14.211,455.247,0.966,1.655,2.241,0.905,-0.34,29,413.753,870080.485,30.85,20.914,18.17,187.318,1,0,-0.285,-1,-0.112,114.458,456.089,3,0,0,0,0,20,0,0,174,37.146,0,19.765,38.36,32.311,25.174,22.248,0,41.94,23.514,0,65.214,12.828,23.8,65.214,22.963,3.551,6.553,6.746,0.203,0,0,2,2,0,0,0,1,0,1,3,2.701,2.242,7.988,21.797,19.263,20.08,13.992,11.288,12.443,7.936,9.16,5.027,6.182,2.94,3.959,32.662,50.885,18.594,432.291,0.862,1.552,2.172,29,388.315,28.41,19.378,16.848,182.555,12.092,12.092,0.155,5.442,121.611,432.667,21,172,33.11,18.984,84.979,84.979,16.87,1.989,23.006,9.145,1.678,0.178,4,0.5,17000,0.77815125
877,2.775,-2.308,2.242,-2.996,-0.4,35.453,0,538.939,24.244,20.828,22.4,15.297,11.503,12.657,8.265,9.414,5.239,6.454,3.052,3.961,14.384,48.193,7.11,6.924,10.471,14.211,513.253,0.97,1.636,2.212,0.87,-0.87,33,469.773,5204339.136,34.298,21.649,18.169,209.323,1,0,-0.359,-1,-0.571,125.395,514.125,3,0,0,0,0,21,0,0,196,41.883,0,19.765,38.36,26.558,31.491,22.501,0,51.472,29.484,0,71.256,13.485,33.331,65.214,34.388,3.426,6.18,5.428,0.16,0,0,3,3,0,0,0,1,0,1,3,2.701,2.242,7.988,21.797,19.263,20.08,13.992,11.288,12.443,7.936,9.16,5.027,6.182,2.94,3.959,32.662,50.885,18.594,432.291,0.862,1.552,2.172,29,388.315,28.41,19.378,16.848,182.555,12.092,12.092,0.155,5.442,121.611,432.667,21,172,33.11,18.984,84.979,84.979,16.87,1.989,23.006,9.145,1.678,0.178,4,4,17000,-1
878,2.775,-2.308,2.242,-2.996,-0.4,35.453,0,538.939,24.244,20.828,22.4,15.297,11.503,12.657,8.265,9.414,5.239,6.454,3.052,3.961,14.384,48.193,7.11,6.924,10.471,14.211,513.253,0.97,1.636,2.212,0.87,-0.87,33,469.773,5204339.136,34.298,21.649,18.169,209.323,1,0,-0.359,-1,-0.571,125.395,514.125,3,0,0,0,0,21,0,0,196,41.883,0,19.765,38.36,26.558,31.491,22.501,0,51.472,29.484,0,71.256,13.485,33.331,65.214,34.388,3.426,6.18,5.428,0.16,0,0,3,3,0,0,0,1,0,1,3,2.701,2.242,7.988,21.797,19.263,20.08,13.992,11.288,12.443,7.936,9.16,5.027,6.182,2.94,3.959,32.662,50.885,18.594,432.291,0.862,1.552,2.172,29,388.315,28.41,19.378,16.848,182.555,12.092,12.092,0.155,5.442,121.611,432.667,21,172,33.11,18.984,84.979,84.979,16.87,1.989,23.006,9.145,1.678,0.178,4,2,17000,1.230448921
879,2.775,-2.308,2.242,-2.996,-0.4,35.453,0,538.939,24.244,20.828,22.4,15.297,11.503,12.657,8.265,9.414,5.239,6.454,3.052,3.961,14.384,48.193,7.11,6.924,10.471,14.211,513.253,0.97,1.636,2.212,0.87,-0.87,33,469.773,5204339.136,34.298,21.649,18.169,209.323,1,0,-0.359,-1,-0.571,125.395,514.125,3,0,0,0,0,21,0,0,196,41.883,0,19.765,38.36,26.558,31.491,22.501,0,51.472,29.484,0,71.256,13.485,33.331,65.214,34.388,3.426,6.18,5.428,0.16,0,0,3,3,0,0,0,1,0,1,3,2.701,2.242,7.988,21.797,19.263,20.08,13.992,11.288,12.443,7.936,9.16,5.027,6.182,2.94,3.959,32.662,50.885,18.594,432.291,0.862,1.552,2.172,29,388.315,28.41,19.378,16.848,182.555,12.092,12.092,0.155,5.442,121.611,432.667,21,172,33.11,18.984,84.979,84.979,16.87,1.989,23.006,9.145,1.678,0.178,4,1,17000,1.230448921
880,2.775,-2.308,2.242,-2.996,-0.4,35.453,0,538.939,24.244,20.828,22.4,15.297,11.503,12.657,8.265,9.414,5.239,6.454,3.052,3.961,14.384,48.193,7.11,6.924,10.471,14.211,513.253,0.97,1.636,2.212,0.87,-0.87,33,469.773,5204339.136,34.298,21.649,18.169,209.323,1,0,-0.359,-1,-0.571,125.395,514.125,3,0,0,0,0,21,0,0,196,41.883,0,19.765,38.36,26.558,31.491,22.501,0,51.472,29.484,0,71.256,13.485,33.331,65.214,34.388,3.426,6.18,5.428,0.16,0,0,3,3,0,0,0,1,0,1,3,2.701,2.242,7.988,21.797,19.263,20.08,13.992,11.288,12.443,7.936,9.16,5.027,6.182,2.94,3.959,32.662,50.885,18.594,432.291,0.862,1.552,2.172,29,388.315,28.41,19.378,16.848,182.555,12.092,12.092,0.155,5.442,121.611,432.667,21,172,33.11,18.984,84.979,84.979,16.87,1.989,23.006,9.145,1.678,0.178,4,0.5,17000,1.230448921
881,2.991,-2.308,2.243,-2.371,-0.151,32.166,3.964,687.795,32.023,28.483,29.299,20.818,17.105,18.26,11.938,13.163,7.707,8.861,4.746,5.621,14.384,23.075,38.773,11.762,30.988,14.211,630.464,0.744,1.395,2.023,0.912,-1.16,43,564.449,1101079577,41.84,29.545,25.828,268.04,0.465,0.164,-0.338,-0.465,6.831,179.82,630.977,1,0,0,1,0,32,0,0,254,29.222,5.907,46.454,89.43,39.524,18.629,28.748,0,28.594,29.422,10.217,124.007,12.791,28.594,124.007,37.989,-0.338,13.801,14.262,0.064,0,0,3,3,0,1,1,0,0,0,5,2.701,2.242,7.988,21.797,19.263,20.08,13.992,11.288,12.443,7.936,9.16,5.027,6.182,2.94,3.959,32.662,50.885,18.594,432.291,0.862,1.552,2.172,29,388.315,28.41,19.378,16.848,182.555,12.092,12.092,0.155,5.442,121.611,432.667,21,172,33.11,18.984,84.979,84.979,16.87,1.989,23.006,9.145,1.678,0.178,4,4,17000,4.901605423
882,2.991,-2.308,2.243,-2.371,-0.151,32.166,3.964,687.795,32.023,28.483,29.299,20.818,17.105,18.26,11.938,13.163,7.707,8.861,4.746,5.621,14.384,23.075,38.773,11.762,30.988,14.211,630.464,0.744,1.395,2.023,0.912,-1.16,43,564.449,1101079577,41.84,29.545,25.828,268.04,0.465,0.164,-0.338,-0.465,6.831,179.82,630.977,1,0,0,1,0,32,0,0,254,29.222,5.907,46.454,89.43,39.524,18.629,28.748,0,28.594,29.422,10.217,124.007,12.791,28.594,124.007,37.989,-0.338,13.801,14.262,0.064,0,0,3,3,0,1,1,0,0,0,5,2.701,2.242,7.988,21.797,19.263,20.08,13.992,11.288,12.443,7.936,9.16,5.027,6.182,2.94,3.959,32.662,50.885,18.594,432.291,0.862,1.552,2.172,29,388.315,28.41,19.378,16.848,182.555,12.092,12.092,0.155,5.442,121.611,432.667,21,172,33.11,18.984,84.979,84.979,16.87,1.989,23.006,9.145,1.678,0.178,4,2,17000,5.333952817
883,2.991,-2.308,2.243,-2.371,-0.151,32.166,3.964,687.795,32.023,28.483,29.299,20.818,17.105,18.26,11.938,13.163,7.707,8.861,4.746,5.621,14.384,23.075,38.773,11.762,30.988,14.211,630.464,0.744,1.395,2.023,0.912,-1.16,43,564.449,1101079577,41.84,29.545,25.828,268.04,0.465,0.164,-0.338,-0.465,6.831,179.82,630.977,1,0,0,1,0,32,0,0,254,29.222,5.907,46.454,89.43,39.524,18.629,28.748,0,28.594,29.422,10.217,124.007,12.791,28.594,124.007,37.989,-0.338,13.801,14.262,0.064,0,0,3,3,0,1,1,0,0,0,5,2.701,2.242,7.988,21.797,19.263,20.08,13.992,11.288,12.443,7.936,9.16,5.027,6.182,2.94,3.959,32.662,50.885,18.594,432.291,0.862,1.552,2.172,29,388.315,28.41,19.378,16.848,182.555,12.092,12.092,0.155,5.442,121.611,432.667,21,172,33.11,18.984,84.979,84.979,16.87,1.989,23.006,9.145,1.678,0.178,4,1,17000,2.041392685
884,2.991,-2.308,2.243,-2.371,-0.151,32.166,3.964,687.795,32.023,28.483,29.299,20.818,17.105,18.26,11.938,13.163,7.707,8.861,4.746,5.621,14.384,23.075,38.773,11.762,30.988,14.211,630.464,0.744,1.395,2.023,0.912,-1.16,43,564.449,1101079577,41.84,29.545,25.828,268.04,0.465,0.164,-0.338,-0.465,6.831,179.82,630.977,1,0,0,1,0,32,0,0,254,29.222,5.907,46.454,89.43,39.524,18.629,28.748,0,28.594,29.422,10.217,124.007,12.791,28.594,124.007,37.989,-0.338,13.801,14.262,0.064,0,0,3,3,0,1,1,0,0,0,5,2.701,2.242,7.988,21.797,19.263,20.08,13.992,11.288,12.443,7.936,9.16,5.027,6.182,2.94,3.959,32.662,50.885,18.594,432.291,0.862,1.552,2.172,29,388.315,28.41,19.378,16.848,182.555,12.092,12.092,0.155,5.442,121.611,432.667,21,172,33.11,18.984,84.979,84.979,16.87,1.989,23.006,9.145,1.678,0.178,4,0.5,17000,2
885,2.925,-2.34,2.243,-2.488,-0.151,32.166,2.127,674.022,28.772,24.756,25.572,18.853,14.76,15.914,10.632,11.856,7.206,8.36,4.54,5.414,14.384,29.682,0,16.662,11.824,19.317,574.365,0.872,1.564,2.205,0.897,-1.2,39,520.393,219846266.2,35.826,22.484,17.269,240.214,0.465,0.171,-0.344,-0.465,3.559,156.043,574.825,1,1,1,1,1,24,1,1,228,29.012,5.907,19.765,50.534,65.703,25.236,20.655,1,33.701,29.422,9.8,78.056,15.744,28.594,78.056,39.745,-0.344,7.784,9.634,0.137,1,1,3,3,1,0,1,0,1,0,3,2.701,2.242,7.988,21.797,19.263,20.08,13.992,11.288,12.443,7.936,9.16,5.027,6.182,2.94,3.959,32.662,50.885,18.594,432.291,0.862,1.552,2.172,29,388.315,28.41,19.378,16.848,182.555,12.092,12.092,0.155,5.442,121.611,432.667,21,172,33.11,18.984,84.979,84.979,16.87,1.989,23.006,9.145,1.678,0.178,4,4,17000,-1
886,2.925,-2.34,2.243,-2.488,-0.151,32.166,2.127,674.022,28.772,24.756,25.572,18.853,14.76,15.914,10.632,11.856,7.206,8.36,4.54,5.414,14.384,29.682,0,16.662,11.824,19.317,574.365,0.872,1.564,2.205,0.897,-1.2,39,520.393,219846266.2,35.826,22.484,17.269,240.214,0.465,0.171,-0.344,-0.465,3.559,156.043,574.825,1,1,1,1,1,24,1,1,228,29.012,5.907,19.765,50.534,65.703,25.236,20.655,1,33.701,29.422,9.8,78.056,15.744,28.594,78.056,39.745,-0.344,7.784,9.634,0.137,1,1,3,3,1,0,1,0,1,0,3,2.701,2.242,7.988,21.797,19.263,20.08,13.992,11.288,12.443,7.936,9.16,5.027,6.182,2.94,3.959,32.662,50.885,18.594,432.291,0.862,1.552,2.172,29,388.315,28.41,19.378,16.848,182.555,12.092,12.092,0.155,5.442,121.611,432.667,21,172,33.11,18.984,84.979,84.979,16.87,1.989,23.006,9.145,1.678,0.178,4,2,17000,-1
887,2.925,-2.34,2.243,-2.488,-0.151,32.166,2.127,674.022,28.772,24.756,25.572,18.853,14.76,15.914,10.632,11.856,7.206,8.36,4.54,5.414,14.384,29.682,0,16.662,11.824,19.317,574.365,0.872,1.564,2.205,0.897,-1.2,39,520.393,219846266.2,35.826,22.484,17.269,240.214,0.465,0.171,-0.344,-0.465,3.559,156.043,574.825,1,1,1,1,1,24,1,1,228,29.012,5.907,19.765,50.534,65.703,25.236,20.655,1,33.701,29.422,9.8,78.056,15.744,28.594,78.056,39.745,-0.344,7.784,9.634,0.137,1,1,3,3,1,0,1,0,1,0,3,2.701,2.242,7.988,21.797,19.263,20.08,13.992,11.288,12.443,7.936,9.16,5.027,6.182,2.94,3.959,32.662,50.885,18.594,432.291,0.862,1.552,2.172,29,388.315,28.41,19.378,16.848,182.555,12.092,12.092,0.155,5.442,121.611,432.667,21,172,33.11,18.984,84.979,84.979,16.87,1.989,23.006,9.145,1.678,0.178,4,1,17000,1.301029996
888,2.925,-2.34,2.243,-2.488,-0.151,32.166,2.127,674.022,28.772,24.756,25.572,18.853,14.76,15.914,10.632,11.856,7.206,8.36,4.54,5.414,14.384,29.682,0,16.662,11.824,19.317,574.365,0.872,1.564,2.205,0.897,-1.2,39,520.393,219846266.2,35.826,22.484,17.269,240.214,0.465,0.171,-0.344,-0.465,3.559,156.043,574.825,1,1,1,1,1,24,1,1,228,29.012,5.907,19.765,50.534,65.703,25.236,20.655,1,33.701,29.422,9.8,78.056,15.744,28.594,78.056,39.745,-0.344,7.784,9.634,0.137,1,1,3,3,1,0,1,0,1,0,3,2.701,2.242,7.988,21.797,19.263,20.08,13.992,11.288,12.443,7.936,9.16,5.027,6.182,2.94,3.959,32.662,50.885,18.594,432.291,0.862,1.552,2.172,29,388.315,28.41,19.378,16.848,182.555,12.092,12.092,0.155,5.442,121.611,432.667,21,172,33.11,18.984,84.979,84.979,16.87,1.989,23.006,9.145,1.678,0.178,4,0.5,17000,-1
889,2.927,-2.308,2.242,-2.458,-0.151,32.166,2.071,662.934,28.608,24.861,25.678,18.904,14.898,16.053,10.627,11.852,7.038,8.192,4.405,5.28,14.384,23.075,0,11.762,22.457,14.211,573.381,0.923,1.641,2.333,0.897,-1.2,39,518.401,235200918.6,35.826,23.499,19.505,240.76,0.465,0.147,-0.336,-0.465,3.444,158.256,573.841,2,1,1,1,1,25,1,1,228,29.639,5.907,19.765,50.534,72.248,18.629,21.587,1,28.594,29.422,15.533,78.056,15.564,28.594,78.056,37.603,-0.336,7.819,11.445,0.125,0,0,3,3,0,2,1,0,1,0,3,2.701,2.242,7.988,21.797,19.263,20.08,13.992,11.288,12.443,7.936,9.16,5.027,6.182,2.94,3.959,32.662,50.885,18.594,432.291,0.862,1.552,2.172,29,388.315,28.41,19.378,16.848,182.555,12.092,12.092,0.155,5.442,121.611,432.667,21,172,33.11,18.984,84.979,84.979,16.87,1.989,23.006,9.145,1.678,0.178,4,4,17000,0.77815125
890,2.927,-2.308,2.242,-2.458,-0.151,32.166,2.071,662.934,28.608,24.861,25.678,18.904,14.898,16.053,10.627,11.852,7.038,8.192,4.405,5.28,14.384,23.075,0,11.762,22.457,14.211,573.381,0.923,1.641,2.333,0.897,-1.2,39,518.401,235200918.6,35.826,23.499,19.505,240.76,0.465,0.147,-0.336,-0.465,3.444,158.256,573.841,2,1,1,1,1,25,1,1,228,29.639,5.907,19.765,50.534,72.248,18.629,21.587,1,28.594,29.422,15.533,78.056,15.564,28.594,78.056,37.603,-0.336,7.819,11.445,0.125,0,0,3,3,0,2,1,0,1,0,3,2.701,2.242,7.988,21.797,19.263,20.08,13.992,11.288,12.443,7.936,9.16,5.027,6.182,2.94,3.959,32.662,50.885,18.594,432.291,0.862,1.552,2.172,29,388.315,28.41,19.378,16.848,182.555,12.092,12.092,0.155,5.442,121.611,432.667,21,172,33.11,18.984,84.979,84.979,16.87,1.989,23.006,9.145,1.678,0.178,4,2,17000,2.089905111
891,2.927,-2.308,2.242,-2.458,-0.151,32.166,2.071,662.934,28.608,24.861,25.678,18.904,14.898,16.053,10.627,11.852,7.038,8.192,4.405,5.28,14.384,23.075,0,11.762,22.457,14.211,573.381,0.923,1.641,2.333,0.897,-1.2,39,518.401,235200918.6,35.826,23.499,19.505,240.76,0.465,0.147,-0.336,-0.465,3.444,158.256,573.841,2,1,1,1,1,25,1,1,228,29.639,5.907,19.765,50.534,72.248,18.629,21.587,1,28.594,29.422,15.533,78.056,15.564,28.594,78.056,37.603,-0.336,7.819,11.445,0.125,0,0,3,3,0,2,1,0,1,0,3,2.701,2.242,7.988,21.797,19.263,20.08,13.992,11.288,12.443,7.936,9.16,5.027,6.182,2.94,3.959,32.662,50.885,18.594,432.291,0.862,1.552,2.172,29,388.315,28.41,19.378,16.848,182.555,12.092,12.092,0.155,5.442,121.611,432.667,21,172,33.11,18.984,84.979,84.979,16.87,1.989,23.006,9.145,1.678,0.178,4,1,17000,4.528453892
892,2.927,-2.308,2.242,-2.458,-0.151,32.166,2.071,662.934,28.608,24.861,25.678,18.904,14.898,16.053,10.627,11.852,7.038,8.192,4.405,5.28,14.384,23.075,0,11.762,22.457,14.211,573.381,0.923,1.641,2.333,0.897,-1.2,39,518.401,235200918.6,35.826,23.499,19.505,240.76,0.465,0.147,-0.336,-0.465,3.444,158.256,573.841,2,1,1,1,1,25,1,1,228,29.639,5.907,19.765,50.534,72.248,18.629,21.587,1,28.594,29.422,15.533,78.056,15.564,28.594,78.056,37.603,-0.336,7.819,11.445,0.125,0,0,3,3,0,2,1,0,1,0,3,2.701,2.242,7.988,21.797,19.263,20.08,13.992,11.288,12.443,7.936,9.16,5.027,6.182,2.94,3.959,32.662,50.885,18.594,432.291,0.862,1.552,2.172,29,388.315,28.41,19.378,16.848,182.555,12.092,12.092,0.155,5.442,121.611,432.667,21,172,33.11,18.984,84.979,84.979,16.87,1.989,23.006,9.145,1.678,0.178,4,0.5,17000,1.556302501
893,2.674,-2.308,2.241,-2.996,-0.36,35.453,0,414.533,21.09,18.641,20.214,13.492,10.581,11.736,7.436,8.66,4.674,5.829,2.796,3.526,9.589,29.575,0,11.762,12.657,14.211,455.247,0.966,1.655,2.241,0.905,-0.34,29,413.753,870080.485,30.85,20.914,18.17,187.318,1,0,-0.285,-1,-0.112,114.458,456.089,3,0,0,0,0,20,0,0,174,37.146,0,19.765,38.36,32.311,25.174,22.248,0,41.94,23.514,0,65.214,12.828,23.8,65.214,22.963,3.551,6.553,6.746,0.203,0,0,2,2,0,0,0,1,0,1,3,2.701,2.242,7.988,21.797,19.263,20.08,13.992,11.288,12.443,7.936,9.16,5.027,6.182,2.94,3.959,32.662,50.885,18.594,432.291,0.862,1.552,2.172,29,388.315,28.41,19.378,16.848,182.555,12.092,12.092,0.155,5.442,121.611,432.667,21,172,33.11,18.984,84.979,84.979,16.87,1.989,23.006,9.145,1.678,0.178,4,4,17000,1.204119983
894,2.674,-2.308,2.241,-2.996,-0.36,35.453,0,414.533,21.09,18.641,20.214,13.492,10.581,11.736,7.436,8.66,4.674,5.829,2.796,3.526,9.589,29.575,0,11.762,12.657,14.211,455.247,0.966,1.655,2.241,0.905,-0.34,29,413.753,870080.485,30.85,20.914,18.17,187.318,1,0,-0.285,-1,-0.112,114.458,456.089,3,0,0,0,0,20,0,0,174,37.146,0,19.765,38.36,32.311,25.174,22.248,0,41.94,23.514,0,65.214,12.828,23.8,65.214,22.963,3.551,6.553,6.746,0.203,0,0,2,2,0,0,0,1,0,1,3,2.701,2.242,7.988,21.797,19.263,20.08,13.992,11.288,12.443,7.936,9.16,5.027,6.182,2.94,3.959,32.662,50.885,18.594,432.291,0.862,1.552,2.172,29,388.315,28.41,19.378,16.848,182.555,12.092,12.092,0.155,5.442,121.611,432.667,21,172,33.11,18.984,84.979,84.979,16.87,1.989,23.006,9.145,1.678,0.178,4,2,17000,-1
895,2.674,-2.308,2.241,-2.996,-0.36,35.453,0,414.533,21.09,18.641,20.214,13.492,10.581,11.736,7.436,8.66,4.674,5.829,2.796,3.526,9.589,29.575,0,11.762,12.657,14.211,455.247,0.966,1.655,2.241,0.905,-0.34,29,413.753,870080.485,30.85,20.914,18.17,187.318,1,0,-0.285,-1,-0.112,114.458,456.089,3,0,0,0,0,20,0,0,174,37.146,0,19.765,38.36,32.311,25.174,22.248,0,41.94,23.514,0,65.214,12.828,23.8,65.214,22.963,3.551,6.553,6.746,0.203,0,0,2,2,0,0,0,1,0,1,3,2.701,2.242,7.988,21.797,19.263,20.08,13.992,11.288,12.443,7.936,9.16,5.027,6.182,2.94,3.959,32.662,50.885,18.594,432.291,0.862,1.552,2.172,29,388.315,28.41,19.378,16.848,182.555,12.092,12.092,0.155,5.442,121.611,432.667,21,172,33.11,18.984,84.979,84.979,16.87,1.989,23.006,9.145,1.678,0.178,4,1,17000,-1
896,2.674,-2.308,2.241,-2.996,-0.36,35.453,0,414.533,21.09,18.641,20.214,13.492,10.581,11.736,7.436,8.66,4.674,5.829,2.796,3.526,9.589,29.575,0,11.762,12.657,14.211,455.247,0.966,1.655,2.241,0.905,-0.34,29,413.753,870080.485,30.85,20.914,18.17,187.318,1,0,-0.285,-1,-0.112,114.458,456.089,3,0,0,0,0,20,0,0,174,37.146,0,19.765,38.36,32.311,25.174,22.248,0,41.94,23.514,0,65.214,12.828,23.8,65.214,22.963,3.551,6.553,6.746,0.203,0,0,2,2,0,0,0,1,0,1,3,2.701,2.242,7.988,21.797,19.263,20.08,13.992,11.288,12.443,7.936,9.16,5.027,6.182,2.94,3.959,32.662,50.885,18.594,432.291,0.862,1.552,2.172,29,388.315,28.41,19.378,16.848,182.555,12.092,12.092,0.155,5.442,121.611,432.667,21,172,33.11,18.984,84.979,84.979,16.87,1.989,23.006,9.145,1.678,0.178,4,0.5,17000,1.278753601
897,2.775,-2.308,2.242,-2.996,-0.4,35.453,0,538.939,24.244,20.828,22.4,15.297,11.503,12.657,8.265,9.414,5.239,6.454,3.052,3.961,14.384,48.193,7.11,6.924,10.471,14.211,513.253,0.97,1.636,2.212,0.87,-0.87,33,469.773,5204339.136,34.298,21.649,18.169,209.323,1,0,-0.359,-1,-0.571,125.395,514.125,3,0,0,0,0,21,0,0,196,41.883,0,19.765,38.36,26.558,31.491,22.501,0,51.472,29.484,0,71.256,13.485,33.331,65.214,34.388,3.426,6.18,5.428,0.16,0,0,3,3,0,0,0,1,0,1,3,2.701,2.242,7.988,21.797,19.263,20.08,13.992,11.288,12.443,7.936,9.16,5.027,6.182,2.94,3.959,32.662,50.885,18.594,432.291,0.862,1.552,2.172,29,388.315,28.41,19.378,16.848,182.555,12.092,12.092,0.155,5.442,121.611,432.667,21,172,33.11,18.984,84.979,84.979,16.87,1.989,23.006,9.145,1.678,0.178,4,4,17000,1.113943352
898,2.775,-2.308,2.242,-2.996,-0.4,35.453,0,538.939,24.244,20.828,22.4,15.297,11.503,12.657,8.265,9.414,5.239,6.454,3.052,3.961,14.384,48.193,7.11,6.924,10.471,14.211,513.253,0.97,1.636,2.212,0.87,-0.87,33,469.773,5204339.136,34.298,21.649,18.169,209.323,1,0,-0.359,-1,-0.571,125.395,514.125,3,0,0,0,0,21,0,0,196,41.883,0,19.765,38.36,26.558,31.491,22.501,0,51.472,29.484,0,71.256,13.485,33.331,65.214,34.388,3.426,6.18,5.428,0.16,0,0,3,3,0,0,0,1,0,1,3,2.701,2.242,7.988,21.797,19.263,20.08,13.992,11.288,12.443,7.936,9.16,5.027,6.182,2.94,3.959,32.662,50.885,18.594,432.291,0.862,1.552,2.172,29,388.315,28.41,19.378,16.848,182.555,12.092,12.092,0.155,5.442,121.611,432.667,21,172,33.11,18.984,84.979,84.979,16.87,1.989,23.006,9.145,1.678,0.178,4,2,17000,1.431363764
899,2.775,-2.308,2.242,-2.996,-0.4,35.453,0,538.939,24.244,20.828,22.4,15.297,11.503,12.657,8.265,9.414,5.239,6.454,3.052,3.961,14.384,48.193,7.11,6.924,10.471,14.211,513.253,0.97,1.636,2.212,0.87,-0.87,33,469.773,5204339.136,34.298,21.649,18.169,209.323,1,0,-0.359,-1,-0.571,125.395,514.125,3,0,0,0,0,21,0,0,196,41.883,0,19.765,38.36,26.558,31.491,22.501,0,51.472,29.484,0,71.256,13.485,33.331,65.214,34.388,3.426,6.18,5.428,0.16,0,0,3,3,0,0,0,1,0,1,3,2.701,2.242,7.988,21.797,19.263,20.08,13.992,11.288,12.443,7.936,9.16,5.027,6.182,2.94,3.959,32.662,50.885,18.594,432.291,0.862,1.552,2.172,29,388.315,28.41,19.378,16.848,182.555,12.092,12.092,0.155,5.442,121.611,432.667,21,172,33.11,18.984,84.979,84.979,16.87,1.989,23.006,9.145,1.678,0.178,4,1,17000,2.176091259
900,2.775,-2.308,2.242,-2.996,-0.4,35.453,0,538.939,24.244,20.828,22.4,15.297,11.503,12.657,8.265,9.414,5.239,6.454,3.052,3.961,14.384,48.193,7.11,6.924,10.471,14.211,513.253,0.97,1.636,2.212,0.87,-0.87,33,469.773,5204339.136,34.298,21.649,18.169,209.323,1,0,-0.359,-1,-0.571,125.395,514.125,3,0,0,0,0,21,0,0,196,41.883,0,19.765,38.36,26.558,31.491,22.501,0,51.472,29.484,0,71.256,13.485,33.331,65.214,34.388,3.426,6.18,5.428,0.16,0,0,3,3,0,0,0,1,0,1,3,2.701,2.242,7.988,21.797,19.263,20.08,13.992,11.288,12.443,7.936,9.16,5.027,6.182,2.94,3.959,32.662,50.885,18.594,432.291,0.862,1.552,2.172,29,388.315,28.41,19.378,16.848,182.555,12.092,12.092,0.155,5.442,121.611,432.667,21,172,33.11,18.984,84.979,84.979,16.87,1.989,23.006,9.145,1.678,0.178,4,0.5,17000,1.230448921
901,2.991,-2.308,2.243,-2.371,-0.151,32.166,3.964,687.795,32.023,28.483,29.299,20.818,17.105,18.26,11.938,13.163,7.707,8.861,4.746,5.621,14.384,23.075,38.773,11.762,30.988,14.211,630.464,0.744,1.395,2.023,0.912,-1.16,43,564.449,1101079577,41.84,29.545,25.828,268.04,0.465,0.164,-0.338,-0.465,6.831,179.82,630.977,1,0,0,1,0,32,0,0,254,29.222,5.907,46.454,89.43,39.524,18.629,28.748,0,28.594,29.422,10.217,124.007,12.791,28.594,124.007,37.989,-0.338,13.801,14.262,0.064,0,0,3,3,0,1,1,0,0,0,5,2.775,2.242,7.988,23.918,21.385,22.201,15.492,12.788,13.943,8.996,10.221,5.777,6.932,3.501,4.436,32.662,50.885,37.857,474.338,0.781,1.438,2.094,32,424.348,31.41,22.215,18.932,201.65,12.15,12.15,0.152,6.612,135.462,474.748,24,190,52.372,21.805,104.242,104.242,16.979,2.022,23.093,13.325,1.685,0.116,7,4,17000,5.652910333
902,2.991,-2.308,2.243,-2.371,-0.151,32.166,3.964,687.795,32.023,28.483,29.299,20.818,17.105,18.26,11.938,13.163,7.707,8.861,4.746,5.621,14.384,23.075,38.773,11.762,30.988,14.211,630.464,0.744,1.395,2.023,0.912,-1.16,43,564.449,1101079577,41.84,29.545,25.828,268.04,0.465,0.164,-0.338,-0.465,6.831,179.82,630.977,1,0,0,1,0,32,0,0,254,29.222,5.907,46.454,89.43,39.524,18.629,28.748,0,28.594,29.422,10.217,124.007,12.791,28.594,124.007,37.989,-0.338,13.801,14.262,0.064,0,0,3,3,0,1,1,0,0,0,5,2.775,2.242,7.988,23.918,21.385,22.201,15.492,12.788,13.943,8.996,10.221,5.777,6.932,3.501,4.436,32.662,50.885,37.857,474.338,0.781,1.438,2.094,32,424.348,31.41,22.215,18.932,201.65,12.15,12.15,0.152,6.612,135.462,474.748,24,190,52.372,21.805,104.242,104.242,16.979,2.022,23.093,13.325,1.685,0.116,7,2,17000,5.212805302
903,2.991,-2.308,2.243,-2.371,-0.151,32.166,3.964,687.795,32.023,28.483,29.299,20.818,17.105,18.26,11.938,13.163,7.707,8.861,4.746,5.621,14.384,23.075,38.773,11.762,30.988,14.211,630.464,0.744,1.395,2.023,0.912,-1.16,43,564.449,1101079577,41.84,29.545,25.828,268.04,0.465,0.164,-0.338,-0.465,6.831,179.82,630.977,1,0,0,1,0,32,0,0,254,29.222,5.907,46.454,89.43,39.524,18.629,28.748,0,28.594,29.422,10.217,124.007,12.791,28.594,124.007,37.989,-0.338,13.801,14.262,0.064,0,0,3,3,0,1,1,0,0,0,5,2.775,2.242,7.988,23.918,21.385,22.201,15.492,12.788,13.943,8.996,10.221,5.777,6.932,3.501,4.436,32.662,50.885,37.857,474.338,0.781,1.438,2.094,32,424.348,31.41,22.215,18.932,201.65,12.15,12.15,0.152,6.612,135.462,474.748,24,190,52.372,21.805,104.242,104.242,16.979,2.022,23.093,13.325,1.685,0.116,7,1,17000,4.3516997
904,2.991,-2.308,2.243,-2.371,-0.151,32.166,3.964,687.795,32.023,28.483,29.299,20.818,17.105,18.26,11.938,13.163,7.707,8.861,4.746,5.621,14.384,23.075,38.773,11.762,30.988,14.211,630.464,0.744,1.395,2.023,0.912,-1.16,43,564.449,1101079577,41.84,29.545,25.828,268.04,0.465,0.164,-0.338,-0.465,6.831,179.82,630.977,1,0,0,1,0,32,0,0,254,29.222,5.907,46.454,89.43,39.524,18.629,28.748,0,28.594,29.422,10.217,124.007,12.791,28.594,124.007,37.989,-0.338,13.801,14.262,0.064,0,0,3,3,0,1,1,0,0,0,5,2.775,2.242,7.988,23.918,21.385,22.201,15.492,12.788,13.943,8.996,10.221,5.777,6.932,3.501,4.436,32.662,50.885,37.857,474.338,0.781,1.438,2.094,32,424.348,31.41,22.215,18.932,201.65,12.15,12.15,0.152,6.612,135.462,474.748,24,190,52.372,21.805,104.242,104.242,16.979,2.022,23.093,13.325,1.685,0.116,7,0.5,17000,2.173186268
905,2.925,-2.34,2.243,-2.488,-0.151,32.166,2.127,674.022,28.772,24.756,25.572,18.853,14.76,15.914,10.632,11.856,7.206,8.36,4.54,5.414,14.384,29.682,0,16.662,11.824,19.317,574.365,0.872,1.564,2.205,0.897,-1.2,39,520.393,219846266.2,35.826,22.484,17.269,240.214,0.465,0.171,-0.344,-0.465,3.559,156.043,574.825,1,1,1,1,1,24,1,1,228,29.012,5.907,19.765,50.534,65.703,25.236,20.655,1,33.701,29.422,9.8,78.056,15.744,28.594,78.056,39.745,-0.344,7.784,9.634,0.137,1,1,3,3,1,0,1,0,1,0,3,2.775,2.242,7.988,23.918,21.385,22.201,15.492,12.788,13.943,8.996,10.221,5.777,6.932,3.501,4.436,32.662,50.885,37.857,474.338,0.781,1.438,2.094,32,424.348,31.41,22.215,18.932,201.65,12.15,12.15,0.152,6.612,135.462,474.748,24,190,52.372,21.805,104.242,104.242,16.979,2.022,23.093,13.325,1.685,0.116,7,4,17000,1
906,2.925,-2.34,2.243,-2.488,-0.151,32.166,2.127,674.022,28.772,24.756,25.572,18.853,14.76,15.914,10.632,11.856,7.206,8.36,4.54,5.414,14.384,29.682,0,16.662,11.824,19.317,574.365,0.872,1.564,2.205,0.897,-1.2,39,520.393,219846266.2,35.826,22.484,17.269,240.214,0.465,0.171,-0.344,-0.465,3.559,156.043,574.825,1,1,1,1,1,24,1,1,228,29.012,5.907,19.765,50.534,65.703,25.236,20.655,1,33.701,29.422,9.8,78.056,15.744,28.594,78.056,39.745,-0.344,7.784,9.634,0.137,1,1,3,3,1,0,1,0,1,0,3,2.775,2.242,7.988,23.918,21.385,22.201,15.492,12.788,13.943,8.996,10.221,5.777,6.932,3.501,4.436,32.662,50.885,37.857,474.338,0.781,1.438,2.094,32,424.348,31.41,22.215,18.932,201.65,12.15,12.15,0.152,6.612,135.462,474.748,24,190,52.372,21.805,104.242,104.242,16.979,2.022,23.093,13.325,1.685,0.116,7,2,17000,2.315970345
907,2.925,-2.34,2.243,-2.488,-0.151,32.166,2.127,674.022,28.772,24.756,25.572,18.853,14.76,15.914,10.632,11.856,7.206,8.36,4.54,5.414,14.384,29.682,0,16.662,11.824,19.317,574.365,0.872,1.564,2.205,0.897,-1.2,39,520.393,219846266.2,35.826,22.484,17.269,240.214,0.465,0.171,-0.344,-0.465,3.559,156.043,574.825,1,1,1,1,1,24,1,1,228,29.012,5.907,19.765,50.534,65.703,25.236,20.655,1,33.701,29.422,9.8,78.056,15.744,28.594,78.056,39.745,-0.344,7.784,9.634,0.137,1,1,3,3,1,0,1,0,1,0,3,2.775,2.242,7.988,23.918,21.385,22.201,15.492,12.788,13.943,8.996,10.221,5.777,6.932,3.501,4.436,32.662,50.885,37.857,474.338,0.781,1.438,2.094,32,424.348,31.41,22.215,18.932,201.65,12.15,12.15,0.152,6.612,135.462,474.748,24,190,52.372,21.805,104.242,104.242,16.979,2.022,23.093,13.325,1.685,0.116,7,1,17000,2.146128036
908,2.925,-2.34,2.243,-2.488,-0.151,32.166,2.127,674.022,28.772,24.756,25.572,18.853,14.76,15.914,10.632,11.856,7.206,8.36,4.54,5.414,14.384,29.682,0,16.662,11.824,19.317,574.365,0.872,1.564,2.205,0.897,-1.2,39,520.393,219846266.2,35.826,22.484,17.269,240.214,0.465,0.171,-0.344,-0.465,3.559,156.043,574.825,1,1,1,1,1,24,1,1,228,29.012,5.907,19.765,50.534,65.703,25.236,20.655,1,33.701,29.422,9.8,78.056,15.744,28.594,78.056,39.745,-0.344,7.784,9.634,0.137,1,1,3,3,1,0,1,0,1,0,3,2.775,2.242,7.988,23.918,21.385,22.201,15.492,12.788,13.943,8.996,10.221,5.777,6.932,3.501,4.436,32.662,50.885,37.857,474.338,0.781,1.438,2.094,32,424.348,31.41,22.215,18.932,201.65,12.15,12.15,0.152,6.612,135.462,474.748,24,190,52.372,21.805,104.242,104.242,16.979,2.022,23.093,13.325,1.685,0.116,7,0.5,17000,2.609594409
909,2.927,-2.308,2.242,-2.458,-0.151,32.166,2.071,662.934,28.608,24.861,25.678,18.904,14.898,16.053,10.627,11.852,7.038,8.192,4.405,5.28,14.384,23.075,0,11.762,22.457,14.211,573.381,0.923,1.641,2.333,0.897,-1.2,39,518.401,235200918.6,35.826,23.499,19.505,240.76,0.465,0.147,-0.336,-0.465,3.444,158.256,573.841,2,1,1,1,1,25,1,1,228,29.639,5.907,19.765,50.534,72.248,18.629,21.587,1,28.594,29.422,15.533,78.056,15.564,28.594,78.056,37.603,-0.336,7.819,11.445,0.125,0,0,3,3,0,2,1,0,1,0,3,2.775,2.242,7.988,23.918,21.385,22.201,15.492,12.788,13.943,8.996,10.221,5.777,6.932,3.501,4.436,32.662,50.885,37.857,474.338,0.781,1.438,2.094,32,424.348,31.41,22.215,18.932,201.65,12.15,12.15,0.152,6.612,135.462,474.748,24,190,52.372,21.805,104.242,104.242,16.979,2.022,23.093,13.325,1.685,0.116,7,4,17000,1.113943352
910,2.927,-2.308,2.242,-2.458,-0.151,32.166,2.071,662.934,28.608,24.861,25.678,18.904,14.898,16.053,10.627,11.852,7.038,8.192,4.405,5.28,14.384,23.075,0,11.762,22.457,14.211,573.381,0.923,1.641,2.333,0.897,-1.2,39,518.401,235200918.6,35.826,23.499,19.505,240.76,0.465,0.147,-0.336,-0.465,3.444,158.256,573.841,2,1,1,1,1,25,1,1,228,29.639,5.907,19.765,50.534,72.248,18.629,21.587,1,28.594,29.422,15.533,78.056,15.564,28.594,78.056,37.603,-0.336,7.819,11.445,0.125,0,0,3,3,0,2,1,0,1,0,3,2.775,2.242,7.988,23.918,21.385,22.201,15.492,12.788,13.943,8.996,10.221,5.777,6.932,3.501,4.436,32.662,50.885,37.857,474.338,0.781,1.438,2.094,32,424.348,31.41,22.215,18.932,201.65,12.15,12.15,0.152,6.612,135.462,474.748,24,190,52.372,21.805,104.242,104.242,16.979,2.022,23.093,13.325,1.685,0.116,7,2,17000,1.414973348
911,2.927,-2.308,2.242,-2.458,-0.151,32.166,2.071,662.934,28.608,24.861,25.678,18.904,14.898,16.053,10.627,11.852,7.038,8.192,4.405,5.28,14.384,23.075,0,11.762,22.457,14.211,573.381,0.923,1.641,2.333,0.897,-1.2,39,518.401,235200918.6,35.826,23.499,19.505,240.76,0.465,0.147,-0.336,-0.465,3.444,158.256,573.841,2,1,1,1,1,25,1,1,228,29.639,5.907,19.765,50.534,72.248,18.629,21.587,1,28.594,29.422,15.533,78.056,15.564,28.594,78.056,37.603,-0.336,7.819,11.445,0.125,0,0,3,3,0,2,1,0,1,0,3,2.775,2.242,7.988,23.918,21.385,22.201,15.492,12.788,13.943,8.996,10.221,5.777,6.932,3.501,4.436,32.662,50.885,37.857,474.338,0.781,1.438,2.094,32,424.348,31.41,22.215,18.932,201.65,12.15,12.15,0.152,6.612,135.462,474.748,24,190,52.372,21.805,104.242,104.242,16.979,2.022,23.093,13.325,1.685,0.116,7,1,17000,3.008600172
912,2.927,-2.308,2.242,-2.458,-0.151,32.166,2.071,662.934,28.608,24.861,25.678,18.904,14.898,16.053,10.627,11.852,7.038,8.192,4.405,5.28,14.384,23.075,0,11.762,22.457,14.211,573.381,0.923,1.641,2.333,0.897,-1.2,39,518.401,235200918.6,35.826,23.499,19.505,240.76,0.465,0.147,-0.336,-0.465,3.444,158.256,573.841,2,1,1,1,1,25,1,1,228,29.639,5.907,19.765,50.534,72.248,18.629,21.587,1,28.594,29.422,15.533,78.056,15.564,28.594,78.056,37.603,-0.336,7.819,11.445,0.125,0,0,3,3,0,2,1,0,1,0,3,2.775,2.242,7.988,23.918,21.385,22.201,15.492,12.788,13.943,8.996,10.221,5.777,6.932,3.501,4.436,32.662,50.885,37.857,474.338,0.781,1.438,2.094,32,424.348,31.41,22.215,18.932,201.65,12.15,12.15,0.152,6.612,135.462,474.748,24,190,52.372,21.805,104.242,104.242,16.979,2.022,23.093,13.325,1.685,0.116,7,0.5,17000,0.477121255
913,2.674,-2.308,2.241,-2.996,-0.36,35.453,0,414.533,21.09,18.641,20.214,13.492,10.581,11.736,7.436,8.66,4.674,5.829,2.796,3.526,9.589,29.575,0,11.762,12.657,14.211,455.247,0.966,1.655,2.241,0.905,-0.34,29,413.753,870080.485,30.85,20.914,18.17,187.318,1,0,-0.285,-1,-0.112,114.458,456.089,3,0,0,0,0,20,0,0,174,37.146,0,19.765,38.36,32.311,25.174,22.248,0,41.94,23.514,0,65.214,12.828,23.8,65.214,22.963,3.551,6.553,6.746,0.203,0,0,2,2,0,0,0,1,0,1,3,2.775,2.242,7.988,23.918,21.385,22.201,15.492,12.788,13.943,8.996,10.221,5.777,6.932,3.501,4.436,32.662,50.885,37.857,474.338,0.781,1.438,2.094,32,424.348,31.41,22.215,18.932,201.65,12.15,12.15,0.152,6.612,135.462,474.748,24,190,52.372,21.805,104.242,104.242,16.979,2.022,23.093,13.325,1.685,0.116,7,4,17000,1.113943352
914,2.674,-2.308,2.241,-2.996,-0.36,35.453,0,414.533,21.09,18.641,20.214,13.492,10.581,11.736,7.436,8.66,4.674,5.829,2.796,3.526,9.589,29.575,0,11.762,12.657,14.211,455.247,0.966,1.655,2.241,0.905,-0.34,29,413.753,870080.485,30.85,20.914,18.17,187.318,1,0,-0.285,-1,-0.112,114.458,456.089,3,0,0,0,0,20,0,0,174,37.146,0,19.765,38.36,32.311,25.174,22.248,0,41.94,23.514,0,65.214,12.828,23.8,65.214,22.963,3.551,6.553,6.746,0.203,0,0,2,2,0,0,0,1,0,1,3,2.775,2.242,7.988,23.918,21.385,22.201,15.492,12.788,13.943,8.996,10.221,5.777,6.932,3.501,4.436,32.662,50.885,37.857,474.338,0.781,1.438,2.094,32,424.348,31.41,22.215,18.932,201.65,12.15,12.15,0.152,6.612,135.462,474.748,24,190,52.372,21.805,104.242,104.242,16.979,2.022,23.093,13.325,1.685,0.116,7,2,17000,1.113943352
915,2.674,-2.308,2.241,-2.996,-0.36,35.453,0,414.533,21.09,18.641,20.214,13.492,10.581,11.736,7.436,8.66,4.674,5.829,2.796,3.526,9.589,29.575,0,11.762,12.657,14.211,455.247,0.966,1.655,2.241,0.905,-0.34,29,413.753,870080.485,30.85,20.914,18.17,187.318,1,0,-0.285,-1,-0.112,114.458,456.089,3,0,0,0,0,20,0,0,174,37.146,0,19.765,38.36,32.311,25.174,22.248,0,41.94,23.514,0,65.214,12.828,23.8,65.214,22.963,3.551,6.553,6.746,0.203,0,0,2,2,0,0,0,1,0,1,3,2.775,2.242,7.988,23.918,21.385,22.201,15.492,12.788,13.943,8.996,10.221,5.777,6.932,3.501,4.436,32.662,50.885,37.857,474.338,0.781,1.438,2.094,32,424.348,31.41,22.215,18.932,201.65,12.15,12.15,0.152,6.612,135.462,474.748,24,190,52.372,21.805,104.242,104.242,16.979,2.022,23.093,13.325,1.685,0.116,7,1,17000,2.264817823
916,2.674,-2.308,2.241,-2.996,-0.36,35.453,0,414.533,21.09,18.641,20.214,13.492,10.581,11.736,7.436,8.66,4.674,5.829,2.796,3.526,9.589,29.575,0,11.762,12.657,14.211,455.247,0.966,1.655,2.241,0.905,-0.34,29,413.753,870080.485,30.85,20.914,18.17,187.318,1,0,-0.285,-1,-0.112,114.458,456.089,3,0,0,0,0,20,0,0,174,37.146,0,19.765,38.36,32.311,25.174,22.248,0,41.94,23.514,0,65.214,12.828,23.8,65.214,22.963,3.551,6.553,6.746,0.203,0,0,2,2,0,0,0,1,0,1,3,2.775,2.242,7.988,23.918,21.385,22.201,15.492,12.788,13.943,8.996,10.221,5.777,6.932,3.501,4.436,32.662,50.885,37.857,474.338,0.781,1.438,2.094,32,424.348,31.41,22.215,18.932,201.65,12.15,12.15,0.152,6.612,135.462,474.748,24,190,52.372,21.805,104.242,104.242,16.979,2.022,23.093,13.325,1.685,0.116,7,0.5,17000,-1
917,2.775,-2.308,2.242,-2.996,-0.4,35.453,0,538.939,24.244,20.828,22.4,15.297,11.503,12.657,8.265,9.414,5.239,6.454,3.052,3.961,14.384,48.193,7.11,6.924,10.471,14.211,513.253,0.97,1.636,2.212,0.87,-0.87,33,469.773,5204339.136,34.298,21.649,18.169,209.323,1,0,-0.359,-1,-0.571,125.395,514.125,3,0,0,0,0,21,0,0,196,41.883,0,19.765,38.36,26.558,31.491,22.501,0,51.472,29.484,0,71.256,13.485,33.331,65.214,34.388,3.426,6.18,5.428,0.16,0,0,3,3,0,0,0,1,0,1,3,2.775,2.242,7.988,23.918,21.385,22.201,15.492,12.788,13.943,8.996,10.221,5.777,6.932,3.501,4.436,32.662,50.885,37.857,474.338,0.781,1.438,2.094,32,424.348,31.41,22.215,18.932,201.65,12.15,12.15,0.152,6.612,135.462,474.748,24,190,52.372,21.805,104.242,104.242,16.979,2.022,23.093,13.325,1.685,0.116,7,4,17000,-1
918,2.775,-2.308,2.242,-2.996,-0.4,35.453,0,538.939,24.244,20.828,22.4,15.297,11.503,12.657,8.265,9.414,5.239,6.454,3.052,3.961,14.384,48.193,7.11,6.924,10.471,14.211,513.253,0.97,1.636,2.212,0.87,-0.87,33,469.773,5204339.136,34.298,21.649,18.169,209.323,1,0,-0.359,-1,-0.571,125.395,514.125,3,0,0,0,0,21,0,0,196,41.883,0,19.765,38.36,26.558,31.491,22.501,0,51.472,29.484,0,71.256,13.485,33.331,65.214,34.388,3.426,6.18,5.428,0.16,0,0,3,3,0,0,0,1,0,1,3,2.775,2.242,7.988,23.918,21.385,22.201,15.492,12.788,13.943,8.996,10.221,5.777,6.932,3.501,4.436,32.662,50.885,37.857,474.338,0.781,1.438,2.094,32,424.348,31.41,22.215,18.932,201.65,12.15,12.15,0.152,6.612,135.462,474.748,24,190,52.372,21.805,104.242,104.242,16.979,2.022,23.093,13.325,1.685,0.116,7,2,17000,0.602059991
919,2.775,-2.308,2.242,-2.996,-0.4,35.453,0,538.939,24.244,20.828,22.4,15.297,11.503,12.657,8.265,9.414,5.239,6.454,3.052,3.961,14.384,48.193,7.11,6.924,10.471,14.211,513.253,0.97,1.636,2.212,0.87,-0.87,33,469.773,5204339.136,34.298,21.649,18.169,209.323,1,0,-0.359,-1,-0.571,125.395,514.125,3,0,0,0,0,21,0,0,196,41.883,0,19.765,38.36,26.558,31.491,22.501,0,51.472,29.484,0,71.256,13.485,33.331,65.214,34.388,3.426,6.18,5.428,0.16,0,0,3,3,0,0,0,1,0,1,3,2.775,2.242,7.988,23.918,21.385,22.201,15.492,12.788,13.943,8.996,10.221,5.777,6.932,3.501,4.436,32.662,50.885,37.857,474.338,0.781,1.438,2.094,32,424.348,31.41,22.215,18.932,201.65,12.15,12.15,0.152,6.612,135.462,474.748,24,190,52.372,21.805,104.242,104.242,16.979,2.022,23.093,13.325,1.685,0.116,7,1,17000,-1
920,2.775,-2.308,2.242,-2.996,-0.4,35.453,0,538.939,24.244,20.828,22.4,15.297,11.503,12.657,8.265,9.414,5.239,6.454,3.052,3.961,14.384,48.193,7.11,6.924,10.471,14.211,513.253,0.97,1.636,2.212,0.87,-0.87,33,469.773,5204339.136,34.298,21.649,18.169,209.323,1,0,-0.359,-1,-0.571,125.395,514.125,3,0,0,0,0,21,0,0,196,41.883,0,19.765,38.36,26.558,31.491,22.501,0,51.472,29.484,0,71.256,13.485,33.331,65.214,34.388,3.426,6.18,5.428,0.16,0,0,3,3,0,0,0,1,0,1,3,2.775,2.242,7.988,23.918,21.385,22.201,15.492,12.788,13.943,8.996,10.221,5.777,6.932,3.501,4.436,32.662,50.885,37.857,474.338,0.781,1.438,2.094,32,424.348,31.41,22.215,18.932,201.65,12.15,12.15,0.152,6.612,135.462,474.748,24,190,52.372,21.805,104.242,104.242,16.979,2.022,23.093,13.325,1.685,0.116,7,0.5,17000,0.602059991
921,2.991,-2.308,2.243,-2.371,-0.151,32.166,3.964,687.795,32.023,28.483,29.299,20.818,17.105,18.26,11.938,13.163,7.707,8.861,4.746,5.621,14.384,23.075,38.773,11.762,30.988,14.211,630.464,0.744,1.395,2.023,0.912,-1.16,43,564.449,1101079577,41.84,29.545,25.828,268.04,0.465,0.164,-0.338,-0.465,6.831,179.82,630.977,1,0,0,1,0,32,0,0,254,29.222,5.907,46.454,89.43,39.524,18.629,28.748,0,28.594,29.422,10.217,124.007,12.791,28.594,124.007,37.989,-0.338,13.801,14.262,0.064,0,0,3,3,0,1,1,0,0,0,5,2.798,2.243,7.988,24.625,22.092,22.908,15.992,13.288,14.443,9.35,10.575,6.027,7.182,3.678,4.613,32.662,50.885,44.278,488.354,0.758,1.394,2.061,33,436.359,32.41,23.166,20.494,208.015,12.165,12.165,0.151,7.002,140.079,488.775,25,196,58.793,22.752,110.663,110.663,17.005,2.028,23.117,14.752,1.687,0.102,8,4,17000,4.617618823
922,2.991,-2.308,2.243,-2.371,-0.151,32.166,3.964,687.795,32.023,28.483,29.299,20.818,17.105,18.26,11.938,13.163,7.707,8.861,4.746,5.621,14.384,23.075,38.773,11.762,30.988,14.211,630.464,0.744,1.395,2.023,0.912,-1.16,43,564.449,1101079577,41.84,29.545,25.828,268.04,0.465,0.164,-0.338,-0.465,6.831,179.82,630.977,1,0,0,1,0,32,0,0,254,29.222,5.907,46.454,89.43,39.524,18.629,28.748,0,28.594,29.422,10.217,124.007,12.791,28.594,124.007,37.989,-0.338,13.801,14.262,0.064,0,0,3,3,0,1,1,0,0,0,5,2.798,2.243,7.988,24.625,22.092,22.908,15.992,13.288,14.443,9.35,10.575,6.027,7.182,3.678,4.613,32.662,50.885,44.278,488.354,0.758,1.394,2.061,33,436.359,32.41,23.166,20.494,208.015,12.165,12.165,0.151,7.002,140.079,488.775,25,196,58.793,22.752,110.663,110.663,17.005,2.028,23.117,14.752,1.687,0.102,8,2,17000,2.037426498
923,2.991,-2.308,2.243,-2.371,-0.151,32.166,3.964,687.795,32.023,28.483,29.299,20.818,17.105,18.26,11.938,13.163,7.707,8.861,4.746,5.621,14.384,23.075,38.773,11.762,30.988,14.211,630.464,0.744,1.395,2.023,0.912,-1.16,43,564.449,1101079577,41.84,29.545,25.828,268.04,0.465,0.164,-0.338,-0.465,6.831,179.82,630.977,1,0,0,1,0,32,0,0,254,29.222,5.907,46.454,89.43,39.524,18.629,28.748,0,28.594,29.422,10.217,124.007,12.791,28.594,124.007,37.989,-0.338,13.801,14.262,0.064,0,0,3,3,0,1,1,0,0,0,5,2.798,2.243,7.988,24.625,22.092,22.908,15.992,13.288,14.443,9.35,10.575,6.027,7.182,3.678,4.613,32.662,50.885,44.278,488.354,0.758,1.394,2.061,33,436.359,32.41,23.166,20.494,208.015,12.165,12.165,0.151,7.002,140.079,488.775,25,196,58.793,22.752,110.663,110.663,17.005,2.028,23.117,14.752,1.687,0.102,8,1,17000,1.633468456
924,2.991,-2.308,2.243,-2.371,-0.151,32.166,3.964,687.795,32.023,28.483,29.299,20.818,17.105,18.26,11.938,13.163,7.707,8.861,4.746,5.621,14.384,23.075,38.773,11.762,30.988,14.211,630.464,0.744,1.395,2.023,0.912,-1.16,43,564.449,1101079577,41.84,29.545,25.828,268.04,0.465,0.164,-0.338,-0.465,6.831,179.82,630.977,1,0,0,1,0,32,0,0,254,29.222,5.907,46.454,89.43,39.524,18.629,28.748,0,28.594,29.422,10.217,124.007,12.791,28.594,124.007,37.989,-0.338,13.801,14.262,0.064,0,0,3,3,0,1,1,0,0,0,5,2.798,2.243,7.988,24.625,22.092,22.908,15.992,13.288,14.443,9.35,10.575,6.027,7.182,3.678,4.613,32.662,50.885,44.278,488.354,0.758,1.394,2.061,33,436.359,32.41,23.166,20.494,208.015,12.165,12.165,0.151,7.002,140.079,488.775,25,196,58.793,22.752,110.663,110.663,17.005,2.028,23.117,14.752,1.687,0.102,8,0.5,17000,1.919078092
925,2.925,-2.34,2.243,-2.488,-0.151,32.166,2.127,674.022,28.772,24.756,25.572,18.853,14.76,15.914,10.632,11.856,7.206,8.36,4.54,5.414,14.384,29.682,0,16.662,11.824,19.317,574.365,0.872,1.564,2.205,0.897,-1.2,39,520.393,219846266.2,35.826,22.484,17.269,240.214,0.465,0.171,-0.344,-0.465,3.559,156.043,574.825,1,1,1,1,1,24,1,1,228,29.012,5.907,19.765,50.534,65.703,25.236,20.655,1,33.701,29.422,9.8,78.056,15.744,28.594,78.056,39.745,-0.344,7.784,9.634,0.137,1,1,3,3,1,0,1,0,1,0,3,2.798,2.243,7.988,24.625,22.092,22.908,15.992,13.288,14.443,9.35,10.575,6.027,7.182,3.678,4.613,32.662,50.885,44.278,488.354,0.758,1.394,2.061,33,436.359,32.41,23.166,20.494,208.015,12.165,12.165,0.151,7.002,140.079,488.775,25,196,58.793,22.752,110.663,110.663,17.005,2.028,23.117,14.752,1.687,0.102,8,4,17000,2.068185862
926,2.925,-2.34,2.243,-2.488,-0.151,32.166,2.127,674.022,28.772,24.756,25.572,18.853,14.76,15.914,10.632,11.856,7.206,8.36,4.54,5.414,14.384,29.682,0,16.662,11.824,19.317,574.365,0.872,1.564,2.205,0.897,-1.2,39,520.393,219846266.2,35.826,22.484,17.269,240.214,0.465,0.171,-0.344,-0.465,3.559,156.043,574.825,1,1,1,1,1,24,1,1,228,29.012,5.907,19.765,50.534,65.703,25.236,20.655,1,33.701,29.422,9.8,78.056,15.744,28.594,78.056,39.745,-0.344,7.784,9.634,0.137,1,1,3,3,1,0,1,0,1,0,3,2.798,2.243,7.988,24.625,22.092,22.908,15.992,13.288,14.443,9.35,10.575,6.027,7.182,3.678,4.613,32.662,50.885,44.278,488.354,0.758,1.394,2.061,33,436.359,32.41,23.166,20.494,208.015,12.165,12.165,0.151,7.002,140.079,488.775,25,196,58.793,22.752,110.663,110.663,17.005,2.028,23.117,14.752,1.687,0.102,8,2,17000,2.155336037
927,2.925,-2.34,2.243,-2.488,-0.151,32.166,2.127,674.022,28.772,24.756,25.572,18.853,14.76,15.914,10.632,11.856,7.206,8.36,4.54,5.414,14.384,29.682,0,16.662,11.824,19.317,574.365,0.872,1.564,2.205,0.897,-1.2,39,520.393,219846266.2,35.826,22.484,17.269,240.214,0.465,0.171,-0.344,-0.465,3.559,156.043,574.825,1,1,1,1,1,24,1,1,228,29.012,5.907,19.765,50.534,65.703,25.236,20.655,1,33.701,29.422,9.8,78.056,15.744,28.594,78.056,39.745,-0.344,7.784,9.634,0.137,1,1,3,3,1,0,1,0,1,0,3,2.798,2.243,7.988,24.625,22.092,22.908,15.992,13.288,14.443,9.35,10.575,6.027,7.182,3.678,4.613,32.662,50.885,44.278,488.354,0.758,1.394,2.061,33,436.359,32.41,23.166,20.494,208.015,12.165,12.165,0.151,7.002,140.079,488.775,25,196,58.793,22.752,110.663,110.663,17.005,2.028,23.117,14.752,1.687,0.102,8,1,17000,2.374748346
928,2.925,-2.34,2.243,-2.488,-0.151,32.166,2.127,674.022,28.772,24.756,25.572,18.853,14.76,15.914,10.632,11.856,7.206,8.36,4.54,5.414,14.384,29.682,0,16.662,11.824,19.317,574.365,0.872,1.564,2.205,0.897,-1.2,39,520.393,219846266.2,35.826,22.484,17.269,240.214,0.465,0.171,-0.344,-0.465,3.559,156.043,574.825,1,1,1,1,1,24,1,1,228,29.012,5.907,19.765,50.534,65.703,25.236,20.655,1,33.701,29.422,9.8,78.056,15.744,28.594,78.056,39.745,-0.344,7.784,9.634,0.137,1,1,3,3,1,0,1,0,1,0,3,2.798,2.243,7.988,24.625,22.092,22.908,15.992,13.288,14.443,9.35,10.575,6.027,7.182,3.678,4.613,32.662,50.885,44.278,488.354,0.758,1.394,2.061,33,436.359,32.41,23.166,20.494,208.015,12.165,12.165,0.151,7.002,140.079,488.775,25,196,58.793,22.752,110.663,110.663,17.005,2.028,23.117,14.752,1.687,0.102,8,0.5,17000,1
929,2.927,-2.308,2.242,-2.458,-0.151,32.166,2.071,662.934,28.608,24.861,25.678,18.904,14.898,16.053,10.627,11.852,7.038,8.192,4.405,5.28,14.384,23.075,0,11.762,22.457,14.211,573.381,0.923,1.641,2.333,0.897,-1.2,39,518.401,235200918.6,35.826,23.499,19.505,240.76,0.465,0.147,-0.336,-0.465,3.444,158.256,573.841,2,1,1,1,1,25,1,1,228,29.639,5.907,19.765,50.534,72.248,18.629,21.587,1,28.594,29.422,15.533,78.056,15.564,28.594,78.056,37.603,-0.336,7.819,11.445,0.125,0,0,3,3,0,2,1,0,1,0,3,2.798,2.243,7.988,24.625,22.092,22.908,15.992,13.288,14.443,9.35,10.575,6.027,7.182,3.678,4.613,32.662,50.885,44.278,488.354,0.758,1.394,2.061,33,436.359,32.41,23.166,20.494,208.015,12.165,12.165,0.151,7.002,140.079,488.775,25,196,58.793,22.752,110.663,110.663,17.005,2.028,23.117,14.752,1.687,0.102,8,4,17000,1.230448921
930,2.927,-2.308,2.242,-2.458,-0.151,32.166,2.071,662.934,28.608,24.861,25.678,18.904,14.898,16.053,10.627,11.852,7.038,8.192,4.405,5.28,14.384,23.075,0,11.762,22.457,14.211,573.381,0.923,1.641,2.333,0.897,-1.2,39,518.401,235200918.6,35.826,23.499,19.505,240.76,0.465,0.147,-0.336,-0.465,3.444,158.256,573.841,2,1,1,1,1,25,1,1,228,29.639,5.907,19.765,50.534,72.248,18.629,21.587,1,28.594,29.422,15.533,78.056,15.564,28.594,78.056,37.603,-0.336,7.819,11.445,0.125,0,0,3,3,0,2,1,0,1,0,3,2.798,2.243,7.988,24.625,22.092,22.908,15.992,13.288,14.443,9.35,10.575,6.027,7.182,3.678,4.613,32.662,50.885,44.278,488.354,0.758,1.394,2.061,33,436.359,32.41,23.166,20.494,208.015,12.165,12.165,0.151,7.002,140.079,488.775,25,196,58.793,22.752,110.663,110.663,17.005,2.028,23.117,14.752,1.687,0.102,8,2,17000,2.522444234
931,2.927,-2.308,2.242,-2.458,-0.151,32.166,2.071,662.934,28.608,24.861,25.678,18.904,14.898,16.053,10.627,11.852,7.038,8.192,4.405,5.28,14.384,23.075,0,11.762,22.457,14.211,573.381,0.923,1.641,2.333,0.897,-1.2,39,518.401,235200918.6,35.826,23.499,19.505,240.76,0.465,0.147,-0.336,-0.465,3.444,158.256,573.841,2,1,1,1,1,25,1,1,228,29.639,5.907,19.765,50.534,72.248,18.629,21.587,1,28.594,29.422,15.533,78.056,15.564,28.594,78.056,37.603,-0.336,7.819,11.445,0.125,0,0,3,3,0,2,1,0,1,0,3,2.798,2.243,7.988,24.625,22.092,22.908,15.992,13.288,14.443,9.35,10.575,6.027,7.182,3.678,4.613,32.662,50.885,44.278,488.354,0.758,1.394,2.061,33,436.359,32.41,23.166,20.494,208.015,12.165,12.165,0.151,7.002,140.079,488.775,25,196,58.793,22.752,110.663,110.663,17.005,2.028,23.117,14.752,1.687,0.102,8,1,17000,2.563481085
932,2.927,-2.308,2.242,-2.458,-0.151,32.166,2.071,662.934,28.608,24.861,25.678,18.904,14.898,16.053,10.627,11.852,7.038,8.192,4.405,5.28,14.384,23.075,0,11.762,22.457,14.211,573.381,0.923,1.641,2.333,0.897,-1.2,39,518.401,235200918.6,35.826,23.499,19.505,240.76,0.465,0.147,-0.336,-0.465,3.444,158.256,573.841,2,1,1,1,1,25,1,1,228,29.639,5.907,19.765,50.534,72.248,18.629,21.587,1,28.594,29.422,15.533,78.056,15.564,28.594,78.056,37.603,-0.336,7.819,11.445,0.125,0,0,3,3,0,2,1,0,1,0,3,2.798,2.243,7.988,24.625,22.092,22.908,15.992,13.288,14.443,9.35,10.575,6.027,7.182,3.678,4.613,32.662,50.885,44.278,488.354,0.758,1.394,2.061,33,436.359,32.41,23.166,20.494,208.015,12.165,12.165,0.151,7.002,140.079,488.775,25,196,58.793,22.752,110.663,110.663,17.005,2.028,23.117,14.752,1.687,0.102,8,0.5,17000,1.113943352
933,2.674,-2.308,2.241,-2.996,-0.36,35.453,0,414.533,21.09,18.641,20.214,13.492,10.581,11.736,7.436,8.66,4.674,5.829,2.796,3.526,9.589,29.575,0,11.762,12.657,14.211,455.247,0.966,1.655,2.241,0.905,-0.34,29,413.753,870080.485,30.85,20.914,18.17,187.318,1,0,-0.285,-1,-0.112,114.458,456.089,3,0,0,0,0,20,0,0,174,37.146,0,19.765,38.36,32.311,25.174,22.248,0,41.94,23.514,0,65.214,12.828,23.8,65.214,22.963,3.551,6.553,6.746,0.203,0,0,2,2,0,0,0,1,0,1,3,2.798,2.243,7.988,24.625,22.092,22.908,15.992,13.288,14.443,9.35,10.575,6.027,7.182,3.678,4.613,32.662,50.885,44.278,488.354,0.758,1.394,2.061,33,436.359,32.41,23.166,20.494,208.015,12.165,12.165,0.151,7.002,140.079,488.775,25,196,58.793,22.752,110.663,110.663,17.005,2.028,23.117,14.752,1.687,0.102,8,4,17000,-1
934,2.674,-2.308,2.241,-2.996,-0.36,35.453,0,414.533,21.09,18.641,20.214,13.492,10.581,11.736,7.436,8.66,4.674,5.829,2.796,3.526,9.589,29.575,0,11.762,12.657,14.211,455.247,0.966,1.655,2.241,0.905,-0.34,29,413.753,870080.485,30.85,20.914,18.17,187.318,1,0,-0.285,-1,-0.112,114.458,456.089,3,0,0,0,0,20,0,0,174,37.146,0,19.765,38.36,32.311,25.174,22.248,0,41.94,23.514,0,65.214,12.828,23.8,65.214,22.963,3.551,6.553,6.746,0.203,0,0,2,2,0,0,0,1,0,1,3,2.798,2.243,7.988,24.625,22.092,22.908,15.992,13.288,14.443,9.35,10.575,6.027,7.182,3.678,4.613,32.662,50.885,44.278,488.354,0.758,1.394,2.061,33,436.359,32.41,23.166,20.494,208.015,12.165,12.165,0.151,7.002,140.079,488.775,25,196,58.793,22.752,110.663,110.663,17.005,2.028,23.117,14.752,1.687,0.102,8,2,17000,0.84509804
935,2.674,-2.308,2.241,-2.996,-0.36,35.453,0,414.533,21.09,18.641,20.214,13.492,10.581,11.736,7.436,8.66,4.674,5.829,2.796,3.526,9.589,29.575,0,11.762,12.657,14.211,455.247,0.966,1.655,2.241,0.905,-0.34,29,413.753,870080.485,30.85,20.914,18.17,187.318,1,0,-0.285,-1,-0.112,114.458,456.089,3,0,0,0,0,20,0,0,174,37.146,0,19.765,38.36,32.311,25.174,22.248,0,41.94,23.514,0,65.214,12.828,23.8,65.214,22.963,3.551,6.553,6.746,0.203,0,0,2,2,0,0,0,1,0,1,3,2.798,2.243,7.988,24.625,22.092,22.908,15.992,13.288,14.443,9.35,10.575,6.027,7.182,3.678,4.613,32.662,50.885,44.278,488.354,0.758,1.394,2.061,33,436.359,32.41,23.166,20.494,208.015,12.165,12.165,0.151,7.002,140.079,488.775,25,196,58.793,22.752,110.663,110.663,17.005,2.028,23.117,14.752,1.687,0.102,8,1,17000,0.477121255
936,2.674,-2.308,2.241,-2.996,-0.36,35.453,0,414.533,21.09,18.641,20.214,13.492,10.581,11.736,7.436,8.66,4.674,5.829,2.796,3.526,9.589,29.575,0,11.762,12.657,14.211,455.247,0.966,1.655,2.241,0.905,-0.34,29,413.753,870080.485,30.85,20.914,18.17,187.318,1,0,-0.285,-1,-0.112,114.458,456.089,3,0,0,0,0,20,0,0,174,37.146,0,19.765,38.36,32.311,25.174,22.248,0,41.94,23.514,0,65.214,12.828,23.8,65.214,22.963,3.551,6.553,6.746,0.203,0,0,2,2,0,0,0,1,0,1,3,2.798,2.243,7.988,24.625,22.092,22.908,15.992,13.288,14.443,9.35,10.575,6.027,7.182,3.678,4.613,32.662,50.885,44.278,488.354,0.758,1.394,2.061,33,436.359,32.41,23.166,20.494,208.015,12.165,12.165,0.151,7.002,140.079,488.775,25,196,58.793,22.752,110.663,110.663,17.005,2.028,23.117,14.752,1.687,0.102,8,0.5,17000,-1
937,2.775,-2.308,2.242,-2.996,-0.4,35.453,0,538.939,24.244,20.828,22.4,15.297,11.503,12.657,8.265,9.414,5.239,6.454,3.052,3.961,14.384,48.193,7.11,6.924,10.471,14.211,513.253,0.97,1.636,2.212,0.87,-0.87,33,469.773,5204339.136,34.298,21.649,18.169,209.323,1,0,-0.359,-1,-0.571,125.395,514.125,3,0,0,0,0,21,0,0,196,41.883,0,19.765,38.36,26.558,31.491,22.501,0,51.472,29.484,0,71.256,13.485,33.331,65.214,34.388,3.426,6.18,5.428,0.16,0,0,3,3,0,0,0,1,0,1,3,2.798,2.243,7.988,24.625,22.092,22.908,15.992,13.288,14.443,9.35,10.575,6.027,7.182,3.678,4.613,32.662,50.885,44.278,488.354,0.758,1.394,2.061,33,436.359,32.41,23.166,20.494,208.015,12.165,12.165,0.151,7.002,140.079,488.775,25,196,58.793,22.752,110.663,110.663,17.005,2.028,23.117,14.752,1.687,0.102,8,4,17000,-1
938,2.775,-2.308,2.242,-2.996,-0.4,35.453,0,538.939,24.244,20.828,22.4,15.297,11.503,12.657,8.265,9.414,5.239,6.454,3.052,3.961,14.384,48.193,7.11,6.924,10.471,14.211,513.253,0.97,1.636,2.212,0.87,-0.87,33,469.773,5204339.136,34.298,21.649,18.169,209.323,1,0,-0.359,-1,-0.571,125.395,514.125,3,0,0,0,0,21,0,0,196,41.883,0,19.765,38.36,26.558,31.491,22.501,0,51.472,29.484,0,71.256,13.485,33.331,65.214,34.388,3.426,6.18,5.428,0.16,0,0,3,3,0,0,0,1,0,1,3,2.798,2.243,7.988,24.625,22.092,22.908,15.992,13.288,14.443,9.35,10.575,6.027,7.182,3.678,4.613,32.662,50.885,44.278,488.354,0.758,1.394,2.061,33,436.359,32.41,23.166,20.494,208.015,12.165,12.165,0.151,7.002,140.079,488.775,25,196,58.793,22.752,110.663,110.663,17.005,2.028,23.117,14.752,1.687,0.102,8,2,17000,0.602059991
939,2.775,-2.308,2.242,-2.996,-0.4,35.453,0,538.939,24.244,20.828,22.4,15.297,11.503,12.657,8.265,9.414,5.239,6.454,3.052,3.961,14.384,48.193,7.11,6.924,10.471,14.211,513.253,0.97,1.636,2.212,0.87,-0.87,33,469.773,5204339.136,34.298,21.649,18.169,209.323,1,0,-0.359,-1,-0.571,125.395,514.125,3,0,0,0,0,21,0,0,196,41.883,0,19.765,38.36,26.558,31.491,22.501,0,51.472,29.484,0,71.256,13.485,33.331,65.214,34.388,3.426,6.18,5.428,0.16,0,0,3,3,0,0,0,1,0,1,3,2.798,2.243,7.988,24.625,22.092,22.908,15.992,13.288,14.443,9.35,10.575,6.027,7.182,3.678,4.613,32.662,50.885,44.278,488.354,0.758,1.394,2.061,33,436.359,32.41,23.166,20.494,208.015,12.165,12.165,0.151,7.002,140.079,488.775,25,196,58.793,22.752,110.663,110.663,17.005,2.028,23.117,14.752,1.687,0.102,8,1,17000,0.84509804
940,2.775,-2.308,2.242,-2.996,-0.4,35.453,0,538.939,24.244,20.828,22.4,15.297,11.503,12.657,8.265,9.414,5.239,6.454,3.052,3.961,14.384,48.193,7.11,6.924,10.471,14.211,513.253,0.97,1.636,2.212,0.87,-0.87,33,469.773,5204339.136,34.298,21.649,18.169,209.323,1,0,-0.359,-1,-0.571,125.395,514.125,3,0,0,0,0,21,0,0,196,41.883,0,19.765,38.36,26.558,31.491,22.501,0,51.472,29.484,0,71.256,13.485,33.331,65.214,34.388,3.426,6.18,5.428,0.16,0,0,3,3,0,0,0,1,0,1,3,2.798,2.243,7.988,24.625,22.092,22.908,15.992,13.288,14.443,9.35,10.575,6.027,7.182,3.678,4.613,32.662,50.885,44.278,488.354,0.758,1.394,2.061,33,436.359,32.41,23.166,20.494,208.015,12.165,12.165,0.151,7.002,140.079,488.775,25,196,58.793,22.752,110.663,110.663,17.005,2.028,23.117,14.752,1.687,0.102,8,0.5,17000,-1
941,2.991,-2.308,2.243,-2.371,-0.151,32.166,3.964,687.795,32.023,28.483,29.299,20.818,17.105,18.26,11.938,13.163,7.707,8.861,4.746,5.621,14.384,23.075,38.773,11.762,30.988,14.211,630.464,0.744,1.395,2.023,0.912,-1.16,43,564.449,1101079577,41.84,29.545,25.828,268.04,0.465,0.164,-0.338,-0.465,6.831,179.82,630.977,1,0,0,1,0,32,0,0,254,29.222,5.907,46.454,89.43,39.524,18.629,28.748,0,28.594,29.422,10.217,124.007,12.791,28.594,124.007,37.989,-0.338,13.801,14.262,0.064,0,0,3,3,0,1,1,0,0,0,5,2.821,2.243,7.988,25.332,22.799,23.615,16.492,13.788,14.943,9.703,10.928,6.277,7.432,3.855,4.789,32.662,50.885,50.699,502.369,0.735,1.353,2,34,448.37,33.41,24.12,20.755,214.379,12.179,12.179,0.151,7.393,144.696,502.802,26,202,65.214,23.701,117.084,117.084,17.029,2.033,23.138,16.189,1.688,0.091,9,4,17000,5.037772998
942,2.991,-2.308,2.243,-2.371,-0.151,32.166,3.964,687.795,32.023,28.483,29.299,20.818,17.105,18.26,11.938,13.163,7.707,8.861,4.746,5.621,14.384,23.075,38.773,11.762,30.988,14.211,630.464,0.744,1.395,2.023,0.912,-1.16,43,564.449,1101079577,41.84,29.545,25.828,268.04,0.465,0.164,-0.338,-0.465,6.831,179.82,630.977,1,0,0,1,0,32,0,0,254,29.222,5.907,46.454,89.43,39.524,18.629,28.748,0,28.594,29.422,10.217,124.007,12.791,28.594,124.007,37.989,-0.338,13.801,14.262,0.064,0,0,3,3,0,1,1,0,0,0,5,2.821,2.243,7.988,25.332,22.799,23.615,16.492,13.788,14.943,9.703,10.928,6.277,7.432,3.855,4.789,32.662,50.885,50.699,502.369,0.735,1.353,2,34,448.37,33.41,24.12,20.755,214.379,12.179,12.179,0.151,7.393,144.696,502.802,26,202,65.214,23.701,117.084,117.084,17.029,2.033,23.138,16.189,1.688,0.091,9,2,17000,4.524474015
943,2.991,-2.308,2.243,-2.371,-0.151,32.166,3.964,687.795,32.023,28.483,29.299,20.818,17.105,18.26,11.938,13.163,7.707,8.861,4.746,5.621,14.384,23.075,38.773,11.762,30.988,14.211,630.464,0.744,1.395,2.023,0.912,-1.16,43,564.449,1101079577,41.84,29.545,25.828,268.04,0.465,0.164,-0.338,-0.465,6.831,179.82,630.977,1,0,0,1,0,32,0,0,254,29.222,5.907,46.454,89.43,39.524,18.629,28.748,0,28.594,29.422,10.217,124.007,12.791,28.594,124.007,37.989,-0.338,13.801,14.262,0.064,0,0,3,3,0,1,1,0,0,0,5,2.821,2.243,7.988,25.332,22.799,23.615,16.492,13.788,14.943,9.703,10.928,6.277,7.432,3.855,4.789,32.662,50.885,50.699,502.369,0.735,1.353,2,34,448.37,33.41,24.12,20.755,214.379,12.179,12.179,0.151,7.393,144.696,502.802,26,202,65.214,23.701,117.084,117.084,17.029,2.033,23.138,16.189,1.688,0.091,9,1,17000,2.075546961
944,2.991,-2.308,2.243,-2.371,-0.151,32.166,3.964,687.795,32.023,28.483,29.299,20.818,17.105,18.26,11.938,13.163,7.707,8.861,4.746,5.621,14.384,23.075,38.773,11.762,30.988,14.211,630.464,0.744,1.395,2.023,0.912,-1.16,43,564.449,1101079577,41.84,29.545,25.828,268.04,0.465,0.164,-0.338,-0.465,6.831,179.82,630.977,1,0,0,1,0,32,0,0,254,29.222,5.907,46.454,89.43,39.524,18.629,28.748,0,28.594,29.422,10.217,124.007,12.791,28.594,124.007,37.989,-0.338,13.801,14.262,0.064,0,0,3,3,0,1,1,0,0,0,5,2.821,2.243,7.988,25.332,22.799,23.615,16.492,13.788,14.943,9.703,10.928,6.277,7.432,3.855,4.789,32.662,50.885,50.699,502.369,0.735,1.353,2,34,448.37,33.41,24.12,20.755,214.379,12.179,12.179,0.151,7.393,144.696,502.802,26,202,65.214,23.701,117.084,117.084,17.029,2.033,23.138,16.189,1.688,0.091,9,0.5,17000,2.012837225
945,2.925,-2.34,2.243,-2.488,-0.151,32.166,2.127,674.022,28.772,24.756,25.572,18.853,14.76,15.914,10.632,11.856,7.206,8.36,4.54,5.414,14.384,29.682,0,16.662,11.824,19.317,574.365,0.872,1.564,2.205,0.897,-1.2,39,520.393,219846266.2,35.826,22.484,17.269,240.214,0.465,0.171,-0.344,-0.465,3.559,156.043,574.825,1,1,1,1,1,24,1,1,228,29.012,5.907,19.765,50.534,65.703,25.236,20.655,1,33.701,29.422,9.8,78.056,15.744,28.594,78.056,39.745,-0.344,7.784,9.634,0.137,1,1,3,3,1,0,1,0,1,0,3,2.821,2.243,7.988,25.332,22.799,23.615,16.492,13.788,14.943,9.703,10.928,6.277,7.432,3.855,4.789,32.662,50.885,50.699,502.369,0.735,1.353,2,34,448.37,33.41,24.12,20.755,214.379,12.179,12.179,0.151,7.393,144.696,502.802,26,202,65.214,23.701,117.084,117.084,17.029,2.033,23.138,16.189,1.688,0.091,9,4,17000,2.167317335
946,2.925,-2.34,2.243,-2.488,-0.151,32.166,2.127,674.022,28.772,24.756,25.572,18.853,14.76,15.914,10.632,11.856,7.206,8.36,4.54,5.414,14.384,29.682,0,16.662,11.824,19.317,574.365,0.872,1.564,2.205,0.897,-1.2,39,520.393,219846266.2,35.826,22.484,17.269,240.214,0.465,0.171,-0.344,-0.465,3.559,156.043,574.825,1,1,1,1,1,24,1,1,228,29.012,5.907,19.765,50.534,65.703,25.236,20.655,1,33.701,29.422,9.8,78.056,15.744,28.594,78.056,39.745,-0.344,7.784,9.634,0.137,1,1,3,3,1,0,1,0,1,0,3,2.821,2.243,7.988,25.332,22.799,23.615,16.492,13.788,14.943,9.703,10.928,6.277,7.432,3.855,4.789,32.662,50.885,50.699,502.369,0.735,1.353,2,34,448.37,33.41,24.12,20.755,214.379,12.179,12.179,0.151,7.393,144.696,502.802,26,202,65.214,23.701,117.084,117.084,17.029,2.033,23.138,16.189,1.688,0.091,9,2,17000,0.84509804
947,2.925,-2.34,2.243,-2.488,-0.151,32.166,2.127,674.022,28.772,24.756,25.572,18.853,14.76,15.914,10.632,11.856,7.206,8.36,4.54,5.414,14.384,29.682,0,16.662,11.824,19.317,574.365,0.872,1.564,2.205,0.897,-1.2,39,520.393,219846266.2,35.826,22.484,17.269,240.214,0.465,0.171,-0.344,-0.465,3.559,156.043,574.825,1,1,1,1,1,24,1,1,228,29.012,5.907,19.765,50.534,65.703,25.236,20.655,1,33.701,29.422,9.8,78.056,15.744,28.594,78.056,39.745,-0.344,7.784,9.634,0.137,1,1,3,3,1,0,1,0,1,0,3,2.821,2.243,7.988,25.332,22.799,23.615,16.492,13.788,14.943,9.703,10.928,6.277,7.432,3.855,4.789,32.662,50.885,50.699,502.369,0.735,1.353,2,34,448.37,33.41,24.12,20.755,214.379,12.179,12.179,0.151,7.393,144.696,502.802,26,202,65.214,23.701,117.084,117.084,17.029,2.033,23.138,16.189,1.688,0.091,9,1,17000,0.84509804
948,2.925,-2.34,2.243,-2.488,-0.151,32.166,2.127,674.022,28.772,24.756,25.572,18.853,14.76,15.914,10.632,11.856,7.206,8.36,4.54,5.414,14.384,29.682,0,16.662,11.824,19.317,574.365,0.872,1.564,2.205,0.897,-1.2,39,520.393,219846266.2,35.826,22.484,17.269,240.214,0.465,0.171,-0.344,-0.465,3.559,156.043,574.825,1,1,1,1,1,24,1,1,228,29.012,5.907,19.765,50.534,65.703,25.236,20.655,1,33.701,29.422,9.8,78.056,15.744,28.594,78.056,39.745,-0.344,7.784,9.634,0.137,1,1,3,3,1,0,1,0,1,0,3,2.821,2.243,7.988,25.332,22.799,23.615,16.492,13.788,14.943,9.703,10.928,6.277,7.432,3.855,4.789,32.662,50.885,50.699,502.369,0.735,1.353,2,34,448.37,33.41,24.12,20.755,214.379,12.179,12.179,0.151,7.393,144.696,502.802,26,202,65.214,23.701,117.084,117.084,17.029,2.033,23.138,16.189,1.688,0.091,9,0.5,17000,1.361727836
949,2.927,-2.308,2.242,-2.458,-0.151,32.166,2.071,662.934,28.608,24.861,25.678,18.904,14.898,16.053,10.627,11.852,7.038,8.192,4.405,5.28,14.384,23.075,0,11.762,22.457,14.211,573.381,0.923,1.641,2.333,0.897,-1.2,39,518.401,235200918.6,35.826,23.499,19.505,240.76,0.465,0.147,-0.336,-0.465,3.444,158.256,573.841,2,1,1,1,1,25,1,1,228,29.639,5.907,19.765,50.534,72.248,18.629,21.587,1,28.594,29.422,15.533,78.056,15.564,28.594,78.056,37.603,-0.336,7.819,11.445,0.125,0,0,3,3,0,2,1,0,1,0,3,2.821,2.243,7.988,25.332,22.799,23.615,16.492,13.788,14.943,9.703,10.928,6.277,7.432,3.855,4.789,32.662,50.885,50.699,502.369,0.735,1.353,2,34,448.37,33.41,24.12,20.755,214.379,12.179,12.179,0.151,7.393,144.696,502.802,26,202,65.214,23.701,117.084,117.084,17.029,2.033,23.138,16.189,1.688,0.091,9,4,17000,1
950,2.927,-2.308,2.242,-2.458,-0.151,32.166,2.071,662.934,28.608,24.861,25.678,18.904,14.898,16.053,10.627,11.852,7.038,8.192,4.405,5.28,14.384,23.075,0,11.762,22.457,14.211,573.381,0.923,1.641,2.333,0.897,-1.2,39,518.401,235200918.6,35.826,23.499,19.505,240.76,0.465,0.147,-0.336,-0.465,3.444,158.256,573.841,2,1,1,1,1,25,1,1,228,29.639,5.907,19.765,50.534,72.248,18.629,21.587,1,28.594,29.422,15.533,78.056,15.564,28.594,78.056,37.603,-0.336,7.819,11.445,0.125,0,0,3,3,0,2,1,0,1,0,3,2.821,2.243,7.988,25.332,22.799,23.615,16.492,13.788,14.943,9.703,10.928,6.277,7.432,3.855,4.789,32.662,50.885,50.699,502.369,0.735,1.353,2,34,448.37,33.41,24.12,20.755,214.379,12.179,12.179,0.151,7.393,144.696,502.802,26,202,65.214,23.701,117.084,117.084,17.029,2.033,23.138,16.189,1.688,0.091,9,2,17000,1.633468456
951,2.927,-2.308,2.242,-2.458,-0.151,32.166,2.071,662.934,28.608,24.861,25.678,18.904,14.898,16.053,10.627,11.852,7.038,8.192,4.405,5.28,14.384,23.075,0,11.762,22.457,14.211,573.381,0.923,1.641,2.333,0.897,-1.2,39,518.401,235200918.6,35.826,23.499,19.505,240.76,0.465,0.147,-0.336,-0.465,3.444,158.256,573.841,2,1,1,1,1,25,1,1,228,29.639,5.907,19.765,50.534,72.248,18.629,21.587,1,28.594,29.422,15.533,78.056,15.564,28.594,78.056,37.603,-0.336,7.819,11.445,0.125,0,0,3,3,0,2,1,0,1,0,3,2.821,2.243,7.988,25.332,22.799,23.615,16.492,13.788,14.943,9.703,10.928,6.277,7.432,3.855,4.789,32.662,50.885,50.699,502.369,0.735,1.353,2,34,448.37,33.41,24.12,20.755,214.379,12.179,12.179,0.151,7.393,144.696,502.802,26,202,65.214,23.701,117.084,117.084,17.029,2.033,23.138,16.189,1.688,0.091,9,1,17000,2.462397998
952,2.927,-2.308,2.242,-2.458,-0.151,32.166,2.071,662.934,28.608,24.861,25.678,18.904,14.898,16.053,10.627,11.852,7.038,8.192,4.405,5.28,14.384,23.075,0,11.762,22.457,14.211,573.381,0.923,1.641,2.333,0.897,-1.2,39,518.401,235200918.6,35.826,23.499,19.505,240.76,0.465,0.147,-0.336,-0.465,3.444,158.256,573.841,2,1,1,1,1,25,1,1,228,29.639,5.907,19.765,50.534,72.248,18.629,21.587,1,28.594,29.422,15.533,78.056,15.564,28.594,78.056,37.603,-0.336,7.819,11.445,0.125,0,0,3,3,0,2,1,0,1,0,3,2.821,2.243,7.988,25.332,22.799,23.615,16.492,13.788,14.943,9.703,10.928,6.277,7.432,3.855,4.789,32.662,50.885,50.699,502.369,0.735,1.353,2,34,448.37,33.41,24.12,20.755,214.379,12.179,12.179,0.151,7.393,144.696,502.802,26,202,65.214,23.701,117.084,117.084,17.029,2.033,23.138,16.189,1.688,0.091,9,0.5,17000,1.361727836
953,2.674,-2.308,2.241,-2.996,-0.36,35.453,0,414.533,21.09,18.641,20.214,13.492,10.581,11.736,7.436,8.66,4.674,5.829,2.796,3.526,9.589,29.575,0,11.762,12.657,14.211,455.247,0.966,1.655,2.241,0.905,-0.34,29,413.753,870080.485,30.85,20.914,18.17,187.318,1,0,-0.285,-1,-0.112,114.458,456.089,3,0,0,0,0,20,0,0,174,37.146,0,19.765,38.36,32.311,25.174,22.248,0,41.94,23.514,0,65.214,12.828,23.8,65.214,22.963,3.551,6.553,6.746,0.203,0,0,2,2,0,0,0,1,0,1,3,2.821,2.243,7.988,25.332,22.799,23.615,16.492,13.788,14.943,9.703,10.928,6.277,7.432,3.855,4.789,32.662,50.885,50.699,502.369,0.735,1.353,2,34,448.37,33.41,24.12,20.755,214.379,12.179,12.179,0.151,7.393,144.696,502.802,26,202,65.214,23.701,117.084,117.084,17.029,2.033,23.138,16.189,1.688,0.091,9,4,17000,0.602059991
954,2.674,-2.308,2.241,-2.996,-0.36,35.453,0,414.533,21.09,18.641,20.214,13.492,10.581,11.736,7.436,8.66,4.674,5.829,2.796,3.526,9.589,29.575,0,11.762,12.657,14.211,455.247,0.966,1.655,2.241,0.905,-0.34,29,413.753,870080.485,30.85,20.914,18.17,187.318,1,0,-0.285,-1,-0.112,114.458,456.089,3,0,0,0,0,20,0,0,174,37.146,0,19.765,38.36,32.311,25.174,22.248,0,41.94,23.514,0,65.214,12.828,23.8,65.214,22.963,3.551,6.553,6.746,0.203,0,0,2,2,0,0,0,1,0,1,3,2.821,2.243,7.988,25.332,22.799,23.615,16.492,13.788,14.943,9.703,10.928,6.277,7.432,3.855,4.789,32.662,50.885,50.699,502.369,0.735,1.353,2,34,448.37,33.41,24.12,20.755,214.379,12.179,12.179,0.151,7.393,144.696,502.802,26,202,65.214,23.701,117.084,117.084,17.029,2.033,23.138,16.189,1.688,0.091,9,2,17000,1.230448921
955,2.674,-2.308,2.241,-2.996,-0.36,35.453,0,414.533,21.09,18.641,20.214,13.492,10.581,11.736,7.436,8.66,4.674,5.829,2.796,3.526,9.589,29.575,0,11.762,12.657,14.211,455.247,0.966,1.655,2.241,0.905,-0.34,29,413.753,870080.485,30.85,20.914,18.17,187.318,1,0,-0.285,-1,-0.112,114.458,456.089,3,0,0,0,0,20,0,0,174,37.146,0,19.765,38.36,32.311,25.174,22.248,0,41.94,23.514,0,65.214,12.828,23.8,65.214,22.963,3.551,6.553,6.746,0.203,0,0,2,2,0,0,0,1,0,1,3,2.821,2.243,7.988,25.332,22.799,23.615,16.492,13.788,14.943,9.703,10.928,6.277,7.432,3.855,4.789,32.662,50.885,50.699,502.369,0.735,1.353,2,34,448.37,33.41,24.12,20.755,214.379,12.179,12.179,0.151,7.393,144.696,502.802,26,202,65.214,23.701,117.084,117.084,17.029,2.033,23.138,16.189,1.688,0.091,9,1,17000,1
956,2.674,-2.308,2.241,-2.996,-0.36,35.453,0,414.533,21.09,18.641,20.214,13.492,10.581,11.736,7.436,8.66,4.674,5.829,2.796,3.526,9.589,29.575,0,11.762,12.657,14.211,455.247,0.966,1.655,2.241,0.905,-0.34,29,413.753,870080.485,30.85,20.914,18.17,187.318,1,0,-0.285,-1,-0.112,114.458,456.089,3,0,0,0,0,20,0,0,174,37.146,0,19.765,38.36,32.311,25.174,22.248,0,41.94,23.514,0,65.214,12.828,23.8,65.214,22.963,3.551,6.553,6.746,0.203,0,0,2,2,0,0,0,1,0,1,3,2.821,2.243,7.988,25.332,22.799,23.615,16.492,13.788,14.943,9.703,10.928,6.277,7.432,3.855,4.789,32.662,50.885,50.699,502.369,0.735,1.353,2,34,448.37,33.41,24.12,20.755,214.379,12.179,12.179,0.151,7.393,144.696,502.802,26,202,65.214,23.701,117.084,117.084,17.029,2.033,23.138,16.189,1.688,0.091,9,0.5,17000,0.84509804
957,2.775,-2.308,2.242,-2.996,-0.4,35.453,0,538.939,24.244,20.828,22.4,15.297,11.503,12.657,8.265,9.414,5.239,6.454,3.052,3.961,14.384,48.193,7.11,6.924,10.471,14.211,513.253,0.97,1.636,2.212,0.87,-0.87,33,469.773,5204339.136,34.298,21.649,18.169,209.323,1,0,-0.359,-1,-0.571,125.395,514.125,3,0,0,0,0,21,0,0,196,41.883,0,19.765,38.36,26.558,31.491,22.501,0,51.472,29.484,0,71.256,13.485,33.331,65.214,34.388,3.426,6.18,5.428,0.16,0,0,3,3,0,0,0,1,0,1,3,2.821,2.243,7.988,25.332,22.799,23.615,16.492,13.788,14.943,9.703,10.928,6.277,7.432,3.855,4.789,32.662,50.885,50.699,502.369,0.735,1.353,2,34,448.37,33.41,24.12,20.755,214.379,12.179,12.179,0.151,7.393,144.696,502.802,26,202,65.214,23.701,117.084,117.084,17.029,2.033,23.138,16.189,1.688,0.091,9,4,17000,0.84509804
958,2.775,-2.308,2.242,-2.996,-0.4,35.453,0,538.939,24.244,20.828,22.4,15.297,11.503,12.657,8.265,9.414,5.239,6.454,3.052,3.961,14.384,48.193,7.11,6.924,10.471,14.211,513.253,0.97,1.636,2.212,0.87,-0.87,33,469.773,5204339.136,34.298,21.649,18.169,209.323,1,0,-0.359,-1,-0.571,125.395,514.125,3,0,0,0,0,21,0,0,196,41.883,0,19.765,38.36,26.558,31.491,22.501,0,51.472,29.484,0,71.256,13.485,33.331,65.214,34.388,3.426,6.18,5.428,0.16,0,0,3,3,0,0,0,1,0,1,3,2.821,2.243,7.988,25.332,22.799,23.615,16.492,13.788,14.943,9.703,10.928,6.277,7.432,3.855,4.789,32.662,50.885,50.699,502.369,0.735,1.353,2,34,448.37,33.41,24.12,20.755,214.379,12.179,12.179,0.151,7.393,144.696,502.802,26,202,65.214,23.701,117.084,117.084,17.029,2.033,23.138,16.189,1.688,0.091,9,2,17000,2.73239376
959,2.775,-2.308,2.242,-2.996,-0.4,35.453,0,538.939,24.244,20.828,22.4,15.297,11.503,12.657,8.265,9.414,5.239,6.454,3.052,3.961,14.384,48.193,7.11,6.924,10.471,14.211,513.253,0.97,1.636,2.212,0.87,-0.87,33,469.773,5204339.136,34.298,21.649,18.169,209.323,1,0,-0.359,-1,-0.571,125.395,514.125,3,0,0,0,0,21,0,0,196,41.883,0,19.765,38.36,26.558,31.491,22.501,0,51.472,29.484,0,71.256,13.485,33.331,65.214,34.388,3.426,6.18,5.428,0.16,0,0,3,3,0,0,0,1,0,1,3,2.821,2.243,7.988,25.332,22.799,23.615,16.492,13.788,14.943,9.703,10.928,6.277,7.432,3.855,4.789,32.662,50.885,50.699,502.369,0.735,1.353,2,34,448.37,33.41,24.12,20.755,214.379,12.179,12.179,0.151,7.393,144.696,502.802,26,202,65.214,23.701,117.084,117.084,17.029,2.033,23.138,16.189,1.688,0.091,9,1,17000,-1
960,2.775,-2.308,2.242,-2.996,-0.4,35.453,0,538.939,24.244,20.828,22.4,15.297,11.503,12.657,8.265,9.414,5.239,6.454,3.052,3.961,14.384,48.193,7.11,6.924,10.471,14.211,513.253,0.97,1.636,2.212,0.87,-0.87,33,469.773,5204339.136,34.298,21.649,18.169,209.323,1,0,-0.359,-1,-0.571,125.395,514.125,3,0,0,0,0,21,0,0,196,41.883,0,19.765,38.36,26.558,31.491,22.501,0,51.472,29.484,0,71.256,13.485,33.331,65.214,34.388,3.426,6.18,5.428,0.16,0,0,3,3,0,0,0,1,0,1,3,2.821,2.243,7.988,25.332,22.799,23.615,16.492,13.788,14.943,9.703,10.928,6.277,7.432,3.855,4.789,32.662,50.885,50.699,502.369,0.735,1.353,2,34,448.37,33.41,24.12,20.755,214.379,12.179,12.179,0.151,7.393,144.696,502.802,26,202,65.214,23.701,117.084,117.084,17.029,2.033,23.138,16.189,1.688,0.091,9,0.5,17000,-1
961,2.991,-2.308,2.243,-2.371,-0.151,32.166,3.964,687.795,32.023,28.483,29.299,20.818,17.105,18.26,11.938,13.163,7.707,8.861,4.746,5.621,14.384,23.075,38.773,11.762,30.988,14.211,630.464,0.744,1.395,2.023,0.912,-1.16,43,564.449,1101079577,41.84,29.545,25.828,268.04,0.465,0.164,-0.338,-0.465,6.831,179.82,630.977,1,0,0,1,0,32,0,0,254,29.222,5.907,46.454,89.43,39.524,18.629,28.748,0,28.594,29.422,10.217,124.007,12.791,28.594,124.007,37.989,-0.338,13.801,14.262,0.064,0,0,3,3,0,1,1,0,0,0,5,2.842,2.243,7.988,26.039,23.506,24.322,16.992,14.288,15.443,10.057,11.282,6.527,7.682,4.032,4.966,32.662,50.885,57.119,516.385,0.714,1.314,1.943,35,460.381,34.41,25.076,22.342,220.744,12.192,12.192,0.15,7.783,149.313,516.829,27,208,71.635,24.653,123.504,123.504,17.049,2.036,23.158,17.634,1.69,0.082,10,4,17000,1.698970004
962,2.991,-2.308,2.243,-2.371,-0.151,32.166,3.964,687.795,32.023,28.483,29.299,20.818,17.105,18.26,11.938,13.163,7.707,8.861,4.746,5.621,14.384,23.075,38.773,11.762,30.988,14.211,630.464,0.744,1.395,2.023,0.912,-1.16,43,564.449,1101079577,41.84,29.545,25.828,268.04,0.465,0.164,-0.338,-0.465,6.831,179.82,630.977,1,0,0,1,0,32,0,0,254,29.222,5.907,46.454,89.43,39.524,18.629,28.748,0,28.594,29.422,10.217,124.007,12.791,28.594,124.007,37.989,-0.338,13.801,14.262,0.064,0,0,3,3,0,1,1,0,0,0,5,2.842,2.243,7.988,26.039,23.506,24.322,16.992,14.288,15.443,10.057,11.282,6.527,7.682,4.032,4.966,32.662,50.885,57.119,516.385,0.714,1.314,1.943,35,460.381,34.41,25.076,22.342,220.744,12.192,12.192,0.15,7.783,149.313,516.829,27,208,71.635,24.653,123.504,123.504,17.049,2.036,23.158,17.634,1.69,0.082,10,2,17000,1.748188027
963,2.991,-2.308,2.243,-2.371,-0.151,32.166,3.964,687.795,32.023,28.483,29.299,20.818,17.105,18.26,11.938,13.163,7.707,8.861,4.746,5.621,14.384,23.075,38.773,11.762,30.988,14.211,630.464,0.744,1.395,2.023,0.912,-1.16,43,564.449,1101079577,41.84,29.545,25.828,268.04,0.465,0.164,-0.338,-0.465,6.831,179.82,630.977,1,0,0,1,0,32,0,0,254,29.222,5.907,46.454,89.43,39.524,18.629,28.748,0,28.594,29.422,10.217,124.007,12.791,28.594,124.007,37.989,-0.338,13.801,14.262,0.064,0,0,3,3,0,1,1,0,0,0,5,2.842,2.243,7.988,26.039,23.506,24.322,16.992,14.288,15.443,10.057,11.282,6.527,7.682,4.032,4.966,32.662,50.885,57.119,516.385,0.714,1.314,1.943,35,460.381,34.41,25.076,22.342,220.744,12.192,12.192,0.15,7.783,149.313,516.829,27,208,71.635,24.653,123.504,123.504,17.049,2.036,23.158,17.634,1.69,0.082,10,1,17000,1.51851394
964,2.991,-2.308,2.243,-2.371,-0.151,32.166,3.964,687.795,32.023,28.483,29.299,20.818,17.105,18.26,11.938,13.163,7.707,8.861,4.746,5.621,14.384,23.075,38.773,11.762,30.988,14.211,630.464,0.744,1.395,2.023,0.912,-1.16,43,564.449,1101079577,41.84,29.545,25.828,268.04,0.465,0.164,-0.338,-0.465,6.831,179.82,630.977,1,0,0,1,0,32,0,0,254,29.222,5.907,46.454,89.43,39.524,18.629,28.748,0,28.594,29.422,10.217,124.007,12.791,28.594,124.007,37.989,-0.338,13.801,14.262,0.064,0,0,3,3,0,1,1,0,0,0,5,2.842,2.243,7.988,26.039,23.506,24.322,16.992,14.288,15.443,10.057,11.282,6.527,7.682,4.032,4.966,32.662,50.885,57.119,516.385,0.714,1.314,1.943,35,460.381,34.41,25.076,22.342,220.744,12.192,12.192,0.15,7.783,149.313,516.829,27,208,71.635,24.653,123.504,123.504,17.049,2.036,23.158,17.634,1.69,0.082,10,0.5,17000,1.770852012
965,2.925,-2.34,2.243,-2.488,-0.151,32.166,2.127,674.022,28.772,24.756,25.572,18.853,14.76,15.914,10.632,11.856,7.206,8.36,4.54,5.414,14.384,29.682,0,16.662,11.824,19.317,574.365,0.872,1.564,2.205,0.897,-1.2,39,520.393,219846266.2,35.826,22.484,17.269,240.214,0.465,0.171,-0.344,-0.465,3.559,156.043,574.825,1,1,1,1,1,24,1,1,228,29.012,5.907,19.765,50.534,65.703,25.236,20.655,1,33.701,29.422,9.8,78.056,15.744,28.594,78.056,39.745,-0.344,7.784,9.634,0.137,1,1,3,3,1,0,1,0,1,0,3,2.842,2.243,7.988,26.039,23.506,24.322,16.992,14.288,15.443,10.057,11.282,6.527,7.682,4.032,4.966,32.662,50.885,57.119,516.385,0.714,1.314,1.943,35,460.381,34.41,25.076,22.342,220.744,12.192,12.192,0.15,7.783,149.313,516.829,27,208,71.635,24.653,123.504,123.504,17.049,2.036,23.158,17.634,1.69,0.082,10,4,17000,1.361727836
966,2.925,-2.34,2.243,-2.488,-0.151,32.166,2.127,674.022,28.772,24.756,25.572,18.853,14.76,15.914,10.632,11.856,7.206,8.36,4.54,5.414,14.384,29.682,0,16.662,11.824,19.317,574.365,0.872,1.564,2.205,0.897,-1.2,39,520.393,219846266.2,35.826,22.484,17.269,240.214,0.465,0.171,-0.344,-0.465,3.559,156.043,574.825,1,1,1,1,1,24,1,1,228,29.012,5.907,19.765,50.534,65.703,25.236,20.655,1,33.701,29.422,9.8,78.056,15.744,28.594,78.056,39.745,-0.344,7.784,9.634,0.137,1,1,3,3,1,0,1,0,1,0,3,2.842,2.243,7.988,26.039,23.506,24.322,16.992,14.288,15.443,10.057,11.282,6.527,7.682,4.032,4.966,32.662,50.885,57.119,516.385,0.714,1.314,1.943,35,460.381,34.41,25.076,22.342,220.744,12.192,12.192,0.15,7.783,149.313,516.829,27,208,71.635,24.653,123.504,123.504,17.049,2.036,23.158,17.634,1.69,0.082,10,2,17000,1.301029996
967,2.925,-2.34,2.243,-2.488,-0.151,32.166,2.127,674.022,28.772,24.756,25.572,18.853,14.76,15.914,10.632,11.856,7.206,8.36,4.54,5.414,14.384,29.682,0,16.662,11.824,19.317,574.365,0.872,1.564,2.205,0.897,-1.2,39,520.393,219846266.2,35.826,22.484,17.269,240.214,0.465,0.171,-0.344,-0.465,3.559,156.043,574.825,1,1,1,1,1,24,1,1,228,29.012,5.907,19.765,50.534,65.703,25.236,20.655,1,33.701,29.422,9.8,78.056,15.744,28.594,78.056,39.745,-0.344,7.784,9.634,0.137,1,1,3,3,1,0,1,0,1,0,3,2.842,2.243,7.988,26.039,23.506,24.322,16.992,14.288,15.443,10.057,11.282,6.527,7.682,4.032,4.966,32.662,50.885,57.119,516.385,0.714,1.314,1.943,35,460.381,34.41,25.076,22.342,220.744,12.192,12.192,0.15,7.783,149.313,516.829,27,208,71.635,24.653,123.504,123.504,17.049,2.036,23.158,17.634,1.69,0.082,10,1,17000,1.230448921
968,2.925,-2.34,2.243,-2.488,-0.151,32.166,2.127,674.022,28.772,24.756,25.572,18.853,14.76,15.914,10.632,11.856,7.206,8.36,4.54,5.414,14.384,29.682,0,16.662,11.824,19.317,574.365,0.872,1.564,2.205,0.897,-1.2,39,520.393,219846266.2,35.826,22.484,17.269,240.214,0.465,0.171,-0.344,-0.465,3.559,156.043,574.825,1,1,1,1,1,24,1,1,228,29.012,5.907,19.765,50.534,65.703,25.236,20.655,1,33.701,29.422,9.8,78.056,15.744,28.594,78.056,39.745,-0.344,7.784,9.634,0.137,1,1,3,3,1,0,1,0,1,0,3,2.842,2.243,7.988,26.039,23.506,24.322,16.992,14.288,15.443,10.057,11.282,6.527,7.682,4.032,4.966,32.662,50.885,57.119,516.385,0.714,1.314,1.943,35,460.381,34.41,25.076,22.342,220.744,12.192,12.192,0.15,7.783,149.313,516.829,27,208,71.635,24.653,123.504,123.504,17.049,2.036,23.158,17.634,1.69,0.082,10,0.5,17000,1.903089987
969,2.927,-2.308,2.242,-2.458,-0.151,32.166,2.071,662.934,28.608,24.861,25.678,18.904,14.898,16.053,10.627,11.852,7.038,8.192,4.405,5.28,14.384,23.075,0,11.762,22.457,14.211,573.381,0.923,1.641,2.333,0.897,-1.2,39,518.401,235200918.6,35.826,23.499,19.505,240.76,0.465,0.147,-0.336,-0.465,3.444,158.256,573.841,2,1,1,1,1,25,1,1,228,29.639,5.907,19.765,50.534,72.248,18.629,21.587,1,28.594,29.422,15.533,78.056,15.564,28.594,78.056,37.603,-0.336,7.819,11.445,0.125,0,0,3,3,0,2,1,0,1,0,3,2.842,2.243,7.988,26.039,23.506,24.322,16.992,14.288,15.443,10.057,11.282,6.527,7.682,4.032,4.966,32.662,50.885,57.119,516.385,0.714,1.314,1.943,35,460.381,34.41,25.076,22.342,220.744,12.192,12.192,0.15,7.783,149.313,516.829,27,208,71.635,24.653,123.504,123.504,17.049,2.036,23.158,17.634,1.69,0.082,10,4,17000,1.51851394
970,2.927,-2.308,2.242,-2.458,-0.151,32.166,2.071,662.934,28.608,24.861,25.678,18.904,14.898,16.053,10.627,11.852,7.038,8.192,4.405,5.28,14.384,23.075,0,11.762,22.457,14.211,573.381,0.923,1.641,2.333,0.897,-1.2,39,518.401,235200918.6,35.826,23.499,19.505,240.76,0.465,0.147,-0.336,-0.465,3.444,158.256,573.841,2,1,1,1,1,25,1,1,228,29.639,5.907,19.765,50.534,72.248,18.629,21.587,1,28.594,29.422,15.533,78.056,15.564,28.594,78.056,37.603,-0.336,7.819,11.445,0.125,0,0,3,3,0,2,1,0,1,0,3,2.842,2.243,7.988,26.039,23.506,24.322,16.992,14.288,15.443,10.057,11.282,6.527,7.682,4.032,4.966,32.662,50.885,57.119,516.385,0.714,1.314,1.943,35,460.381,34.41,25.076,22.342,220.744,12.192,12.192,0.15,7.783,149.313,516.829,27,208,71.635,24.653,123.504,123.504,17.049,2.036,23.158,17.634,1.69,0.082,10,2,17000,2.053078443
971,2.927,-2.308,2.242,-2.458,-0.151,32.166,2.071,662.934,28.608,24.861,25.678,18.904,14.898,16.053,10.627,11.852,7.038,8.192,4.405,5.28,14.384,23.075,0,11.762,22.457,14.211,573.381,0.923,1.641,2.333,0.897,-1.2,39,518.401,235200918.6,35.826,23.499,19.505,240.76,0.465,0.147,-0.336,-0.465,3.444,158.256,573.841,2,1,1,1,1,25,1,1,228,29.639,5.907,19.765,50.534,72.248,18.629,21.587,1,28.594,29.422,15.533,78.056,15.564,28.594,78.056,37.603,-0.336,7.819,11.445,0.125,0,0,3,3,0,2,1,0,1,0,3,2.842,2.243,7.988,26.039,23.506,24.322,16.992,14.288,15.443,10.057,11.282,6.527,7.682,4.032,4.966,32.662,50.885,57.119,516.385,0.714,1.314,1.943,35,460.381,34.41,25.076,22.342,220.744,12.192,12.192,0.15,7.783,149.313,516.829,27,208,71.635,24.653,123.504,123.504,17.049,2.036,23.158,17.634,1.69,0.082,10,1,17000,2.51851394
972,2.927,-2.308,2.242,-2.458,-0.151,32.166,2.071,662.934,28.608,24.861,25.678,18.904,14.898,16.053,10.627,11.852,7.038,8.192,4.405,5.28,14.384,23.075,0,11.762,22.457,14.211,573.381,0.923,1.641,2.333,0.897,-1.2,39,518.401,235200918.6,35.826,23.499,19.505,240.76,0.465,0.147,-0.336,-0.465,3.444,158.256,573.841,2,1,1,1,1,25,1,1,228,29.639,5.907,19.765,50.534,72.248,18.629,21.587,1,28.594,29.422,15.533,78.056,15.564,28.594,78.056,37.603,-0.336,7.819,11.445,0.125,0,0,3,3,0,2,1,0,1,0,3,2.842,2.243,7.988,26.039,23.506,24.322,16.992,14.288,15.443,10.057,11.282,6.527,7.682,4.032,4.966,32.662,50.885,57.119,516.385,0.714,1.314,1.943,35,460.381,34.41,25.076,22.342,220.744,12.192,12.192,0.15,7.783,149.313,516.829,27,208,71.635,24.653,123.504,123.504,17.049,2.036,23.158,17.634,1.69,0.082,10,0.5,17000,1.113943352
973,2.674,-2.308,2.241,-2.996,-0.36,35.453,0,414.533,21.09,18.641,20.214,13.492,10.581,11.736,7.436,8.66,4.674,5.829,2.796,3.526,9.589,29.575,0,11.762,12.657,14.211,455.247,0.966,1.655,2.241,0.905,-0.34,29,413.753,870080.485,30.85,20.914,18.17,187.318,1,0,-0.285,-1,-0.112,114.458,456.089,3,0,0,0,0,20,0,0,174,37.146,0,19.765,38.36,32.311,25.174,22.248,0,41.94,23.514,0,65.214,12.828,23.8,65.214,22.963,3.551,6.553,6.746,0.203,0,0,2,2,0,0,0,1,0,1,3,2.842,2.243,7.988,26.039,23.506,24.322,16.992,14.288,15.443,10.057,11.282,6.527,7.682,4.032,4.966,32.662,50.885,57.119,516.385,0.714,1.314,1.943,35,460.381,34.41,25.076,22.342,220.744,12.192,12.192,0.15,7.783,149.313,516.829,27,208,71.635,24.653,123.504,123.504,17.049,2.036,23.158,17.634,1.69,0.082,10,4,17000,1.477121255
974,2.674,-2.308,2.241,-2.996,-0.36,35.453,0,414.533,21.09,18.641,20.214,13.492,10.581,11.736,7.436,8.66,4.674,5.829,2.796,3.526,9.589,29.575,0,11.762,12.657,14.211,455.247,0.966,1.655,2.241,0.905,-0.34,29,413.753,870080.485,30.85,20.914,18.17,187.318,1,0,-0.285,-1,-0.112,114.458,456.089,3,0,0,0,0,20,0,0,174,37.146,0,19.765,38.36,32.311,25.174,22.248,0,41.94,23.514,0,65.214,12.828,23.8,65.214,22.963,3.551,6.553,6.746,0.203,0,0,2,2,0,0,0,1,0,1,3,2.842,2.243,7.988,26.039,23.506,24.322,16.992,14.288,15.443,10.057,11.282,6.527,7.682,4.032,4.966,32.662,50.885,57.119,516.385,0.714,1.314,1.943,35,460.381,34.41,25.076,22.342,220.744,12.192,12.192,0.15,7.783,149.313,516.829,27,208,71.635,24.653,123.504,123.504,17.049,2.036,23.158,17.634,1.69,0.082,10,2,17000,0.602059991
975,2.674,-2.308,2.241,-2.996,-0.36,35.453,0,414.533,21.09,18.641,20.214,13.492,10.581,11.736,7.436,8.66,4.674,5.829,2.796,3.526,9.589,29.575,0,11.762,12.657,14.211,455.247,0.966,1.655,2.241,0.905,-0.34,29,413.753,870080.485,30.85,20.914,18.17,187.318,1,0,-0.285,-1,-0.112,114.458,456.089,3,0,0,0,0,20,0,0,174,37.146,0,19.765,38.36,32.311,25.174,22.248,0,41.94,23.514,0,65.214,12.828,23.8,65.214,22.963,3.551,6.553,6.746,0.203,0,0,2,2,0,0,0,1,0,1,3,2.842,2.243,7.988,26.039,23.506,24.322,16.992,14.288,15.443,10.057,11.282,6.527,7.682,4.032,4.966,32.662,50.885,57.119,516.385,0.714,1.314,1.943,35,460.381,34.41,25.076,22.342,220.744,12.192,12.192,0.15,7.783,149.313,516.829,27,208,71.635,24.653,123.504,123.504,17.049,2.036,23.158,17.634,1.69,0.082,10,1,17000,0.84509804
976,2.674,-2.308,2.241,-2.996,-0.36,35.453,0,414.533,21.09,18.641,20.214,13.492,10.581,11.736,7.436,8.66,4.674,5.829,2.796,3.526,9.589,29.575,0,11.762,12.657,14.211,455.247,0.966,1.655,2.241,0.905,-0.34,29,413.753,870080.485,30.85,20.914,18.17,187.318,1,0,-0.285,-1,-0.112,114.458,456.089,3,0,0,0,0,20,0,0,174,37.146,0,19.765,38.36,32.311,25.174,22.248,0,41.94,23.514,0,65.214,12.828,23.8,65.214,22.963,3.551,6.553,6.746,0.203,0,0,2,2,0,0,0,1,0,1,3,2.842,2.243,7.988,26.039,23.506,24.322,16.992,14.288,15.443,10.057,11.282,6.527,7.682,4.032,4.966,32.662,50.885,57.119,516.385,0.714,1.314,1.943,35,460.381,34.41,25.076,22.342,220.744,12.192,12.192,0.15,7.783,149.313,516.829,27,208,71.635,24.653,123.504,123.504,17.049,2.036,23.158,17.634,1.69,0.082,10,0.5,17000,1
977,2.775,-2.308,2.242,-2.996,-0.4,35.453,0,538.939,24.244,20.828,22.4,15.297,11.503,12.657,8.265,9.414,5.239,6.454,3.052,3.961,14.384,48.193,7.11,6.924,10.471,14.211,513.253,0.97,1.636,2.212,0.87,-0.87,33,469.773,5204339.136,34.298,21.649,18.169,209.323,1,0,-0.359,-1,-0.571,125.395,514.125,3,0,0,0,0,21,0,0,196,41.883,0,19.765,38.36,26.558,31.491,22.501,0,51.472,29.484,0,71.256,13.485,33.331,65.214,34.388,3.426,6.18,5.428,0.16,0,0,3,3,0,0,0,1,0,1,3,2.842,2.243,7.988,26.039,23.506,24.322,16.992,14.288,15.443,10.057,11.282,6.527,7.682,4.032,4.966,32.662,50.885,57.119,516.385,0.714,1.314,1.943,35,460.381,34.41,25.076,22.342,220.744,12.192,12.192,0.15,7.783,149.313,516.829,27,208,71.635,24.653,123.504,123.504,17.049,2.036,23.158,17.634,1.69,0.082,10,4,17000,-1
978,2.775,-2.308,2.242,-2.996,-0.4,35.453,0,538.939,24.244,20.828,22.4,15.297,11.503,12.657,8.265,9.414,5.239,6.454,3.052,3.961,14.384,48.193,7.11,6.924,10.471,14.211,513.253,0.97,1.636,2.212,0.87,-0.87,33,469.773,5204339.136,34.298,21.649,18.169,209.323,1,0,-0.359,-1,-0.571,125.395,514.125,3,0,0,0,0,21,0,0,196,41.883,0,19.765,38.36,26.558,31.491,22.501,0,51.472,29.484,0,71.256,13.485,33.331,65.214,34.388,3.426,6.18,5.428,0.16,0,0,3,3,0,0,0,1,0,1,3,2.842,2.243,7.988,26.039,23.506,24.322,16.992,14.288,15.443,10.057,11.282,6.527,7.682,4.032,4.966,32.662,50.885,57.119,516.385,0.714,1.314,1.943,35,460.381,34.41,25.076,22.342,220.744,12.192,12.192,0.15,7.783,149.313,516.829,27,208,71.635,24.653,123.504,123.504,17.049,2.036,23.158,17.634,1.69,0.082,10,2,17000,-1
979,2.775,-2.308,2.242,-2.996,-0.4,35.453,0,538.939,24.244,20.828,22.4,15.297,11.503,12.657,8.265,9.414,5.239,6.454,3.052,3.961,14.384,48.193,7.11,6.924,10.471,14.211,513.253,0.97,1.636,2.212,0.87,-0.87,33,469.773,5204339.136,34.298,21.649,18.169,209.323,1,0,-0.359,-1,-0.571,125.395,514.125,3,0,0,0,0,21,0,0,196,41.883,0,19.765,38.36,26.558,31.491,22.501,0,51.472,29.484,0,71.256,13.485,33.331,65.214,34.388,3.426,6.18,5.428,0.16,0,0,3,3,0,0,0,1,0,1,3,2.842,2.243,7.988,26.039,23.506,24.322,16.992,14.288,15.443,10.057,11.282,6.527,7.682,4.032,4.966,32.662,50.885,57.119,516.385,0.714,1.314,1.943,35,460.381,34.41,25.076,22.342,220.744,12.192,12.192,0.15,7.783,149.313,516.829,27,208,71.635,24.653,123.504,123.504,17.049,2.036,23.158,17.634,1.69,0.082,10,1,17000,-1
980,2.775,-2.308,2.242,-2.996,-0.4,35.453,0,538.939,24.244,20.828,22.4,15.297,11.503,12.657,8.265,9.414,5.239,6.454,3.052,3.961,14.384,48.193,7.11,6.924,10.471,14.211,513.253,0.97,1.636,2.212,0.87,-0.87,33,469.773,5204339.136,34.298,21.649,18.169,209.323,1,0,-0.359,-1,-0.571,125.395,514.125,3,0,0,0,0,21,0,0,196,41.883,0,19.765,38.36,26.558,31.491,22.501,0,51.472,29.484,0,71.256,13.485,33.331,65.214,34.388,3.426,6.18,5.428,0.16,0,0,3,3,0,0,0,1,0,1,3,2.842,2.243,7.988,26.039,23.506,24.322,16.992,14.288,15.443,10.057,11.282,6.527,7.682,4.032,4.966,32.662,50.885,57.119,516.385,0.714,1.314,1.943,35,460.381,34.41,25.076,22.342,220.744,12.192,12.192,0.15,7.783,149.313,516.829,27,208,71.635,24.653,123.504,123.504,17.049,2.036,23.158,17.634,1.69,0.082,10,0.5,17000,0.84509804
981,2.991,-2.308,2.243,-2.371,-0.151,32.166,3.964,687.795,32.023,28.483,29.299,20.818,17.105,18.26,11.938,13.163,7.707,8.861,4.746,5.621,14.384,23.075,38.773,11.762,30.988,14.211,630.464,0.744,1.395,2.023,0.912,-1.16,43,564.449,1101079577,41.84,29.545,25.828,268.04,0.465,0.164,-0.338,-0.465,6.831,179.82,630.977,1,0,0,1,0,32,0,0,254,29.222,5.907,46.454,89.43,39.524,18.629,28.748,0,28.594,29.422,10.217,124.007,12.791,28.594,124.007,37.989,-0.338,13.801,14.262,0.064,0,0,3,3,0,1,1,0,0,0,5,2.863,2.243,7.988,26.747,24.213,25.029,17.492,14.788,15.943,10.41,11.635,6.777,7.932,4.209,5.143,32.662,50.885,63.54,530.4,0.694,1.278,1.889,36,472.392,35.41,26.034,22.595,227.109,12.203,12.203,0.15,8.173,153.93,530.856,28,214,78.056,25.608,129.925,129.925,17.068,2.039,23.176,19.085,1.691,0.075,11,4,17000,4.191925852
982,2.991,-2.308,2.243,-2.371,-0.151,32.166,3.964,687.795,32.023,28.483,29.299,20.818,17.105,18.26,11.938,13.163,7.707,8.861,4.746,5.621,14.384,23.075,38.773,11.762,30.988,14.211,630.464,0.744,1.395,2.023,0.912,-1.16,43,564.449,1101079577,41.84,29.545,25.828,268.04,0.465,0.164,-0.338,-0.465,6.831,179.82,630.977,1,0,0,1,0,32,0,0,254,29.222,5.907,46.454,89.43,39.524,18.629,28.748,0,28.594,29.422,10.217,124.007,12.791,28.594,124.007,37.989,-0.338,13.801,14.262,0.064,0,0,3,3,0,1,1,0,0,0,5,2.863,2.243,7.988,26.747,24.213,25.029,17.492,14.788,15.943,10.41,11.635,6.777,7.932,4.209,5.143,32.662,50.885,63.54,530.4,0.694,1.278,1.889,36,472.392,35.41,26.034,22.595,227.109,12.203,12.203,0.15,8.173,153.93,530.856,28,214,78.056,25.608,129.925,129.925,17.068,2.039,23.176,19.085,1.691,0.075,11,2,17000,3.936312634
983,2.991,-2.308,2.243,-2.371,-0.151,32.166,3.964,687.795,32.023,28.483,29.299,20.818,17.105,18.26,11.938,13.163,7.707,8.861,4.746,5.621,14.384,23.075,38.773,11.762,30.988,14.211,630.464,0.744,1.395,2.023,0.912,-1.16,43,564.449,1101079577,41.84,29.545,25.828,268.04,0.465,0.164,-0.338,-0.465,6.831,179.82,630.977,1,0,0,1,0,32,0,0,254,29.222,5.907,46.454,89.43,39.524,18.629,28.748,0,28.594,29.422,10.217,124.007,12.791,28.594,124.007,37.989,-0.338,13.801,14.262,0.064,0,0,3,3,0,1,1,0,0,0,5,2.863,2.243,7.988,26.747,24.213,25.029,17.492,14.788,15.943,10.41,11.635,6.777,7.932,4.209,5.143,32.662,50.885,63.54,530.4,0.694,1.278,1.889,36,472.392,35.41,26.034,22.595,227.109,12.203,12.203,0.15,8.173,153.93,530.856,28,214,78.056,25.608,129.925,129.925,17.068,2.039,23.176,19.085,1.691,0.075,11,1,17000,1.633468456
984,2.991,-2.308,2.243,-2.371,-0.151,32.166,3.964,687.795,32.023,28.483,29.299,20.818,17.105,18.26,11.938,13.163,7.707,8.861,4.746,5.621,14.384,23.075,38.773,11.762,30.988,14.211,630.464,0.744,1.395,2.023,0.912,-1.16,43,564.449,1101079577,41.84,29.545,25.828,268.04,0.465,0.164,-0.338,-0.465,6.831,179.82,630.977,1,0,0,1,0,32,0,0,254,29.222,5.907,46.454,89.43,39.524,18.629,28.748,0,28.594,29.422,10.217,124.007,12.791,28.594,124.007,37.989,-0.338,13.801,14.262,0.064,0,0,3,3,0,1,1,0,0,0,5,2.863,2.243,7.988,26.747,24.213,25.029,17.492,14.788,15.943,10.41,11.635,6.777,7.932,4.209,5.143,32.662,50.885,63.54,530.4,0.694,1.278,1.889,36,472.392,35.41,26.034,22.595,227.109,12.203,12.203,0.15,8.173,153.93,530.856,28,214,78.056,25.608,129.925,129.925,17.068,2.039,23.176,19.085,1.691,0.075,11,0.5,17000,1.591064607
985,2.925,-2.34,2.243,-2.488,-0.151,32.166,2.127,674.022,28.772,24.756,25.572,18.853,14.76,15.914,10.632,11.856,7.206,8.36,4.54,5.414,14.384,29.682,0,16.662,11.824,19.317,574.365,0.872,1.564,2.205,0.897,-1.2,39,520.393,219846266.2,35.826,22.484,17.269,240.214,0.465,0.171,-0.344,-0.465,3.559,156.043,574.825,1,1,1,1,1,24,1,1,228,29.012,5.907,19.765,50.534,65.703,25.236,20.655,1,33.701,29.422,9.8,78.056,15.744,28.594,78.056,39.745,-0.344,7.784,9.634,0.137,1,1,3,3,1,0,1,0,1,0,3,2.863,2.243,7.988,26.747,24.213,25.029,17.492,14.788,15.943,10.41,11.635,6.777,7.932,4.209,5.143,32.662,50.885,63.54,530.4,0.694,1.278,1.889,36,472.392,35.41,26.034,22.595,227.109,12.203,12.203,0.15,8.173,153.93,530.856,28,214,78.056,25.608,129.925,129.925,17.068,2.039,23.176,19.085,1.691,0.075,11,4,17000,3.033423755
986,2.925,-2.34,2.243,-2.488,-0.151,32.166,2.127,674.022,28.772,24.756,25.572,18.853,14.76,15.914,10.632,11.856,7.206,8.36,4.54,5.414,14.384,29.682,0,16.662,11.824,19.317,574.365,0.872,1.564,2.205,0.897,-1.2,39,520.393,219846266.2,35.826,22.484,17.269,240.214,0.465,0.171,-0.344,-0.465,3.559,156.043,574.825,1,1,1,1,1,24,1,1,228,29.012,5.907,19.765,50.534,65.703,25.236,20.655,1,33.701,29.422,9.8,78.056,15.744,28.594,78.056,39.745,-0.344,7.784,9.634,0.137,1,1,3,3,1,0,1,0,1,0,3,2.863,2.243,7.988,26.747,24.213,25.029,17.492,14.788,15.943,10.41,11.635,6.777,7.932,4.209,5.143,32.662,50.885,63.54,530.4,0.694,1.278,1.889,36,472.392,35.41,26.034,22.595,227.109,12.203,12.203,0.15,8.173,153.93,530.856,28,214,78.056,25.608,129.925,129.925,17.068,2.039,23.176,19.085,1.691,0.075,11,2,17000,1.113943352
987,2.925,-2.34,2.243,-2.488,-0.151,32.166,2.127,674.022,28.772,24.756,25.572,18.853,14.76,15.914,10.632,11.856,7.206,8.36,4.54,5.414,14.384,29.682,0,16.662,11.824,19.317,574.365,0.872,1.564,2.205,0.897,-1.2,39,520.393,219846266.2,35.826,22.484,17.269,240.214,0.465,0.171,-0.344,-0.465,3.559,156.043,574.825,1,1,1,1,1,24,1,1,228,29.012,5.907,19.765,50.534,65.703,25.236,20.655,1,33.701,29.422,9.8,78.056,15.744,28.594,78.056,39.745,-0.344,7.784,9.634,0.137,1,1,3,3,1,0,1,0,1,0,3,2.863,2.243,7.988,26.747,24.213,25.029,17.492,14.788,15.943,10.41,11.635,6.777,7.932,4.209,5.143,32.662,50.885,63.54,530.4,0.694,1.278,1.889,36,472.392,35.41,26.034,22.595,227.109,12.203,12.203,0.15,8.173,153.93,530.856,28,214,78.056,25.608,129.925,129.925,17.068,2.039,23.176,19.085,1.691,0.075,11,1,17000,1.113943352
988,2.925,-2.34,2.243,-2.488,-0.151,32.166,2.127,674.022,28.772,24.756,25.572,18.853,14.76,15.914,10.632,11.856,7.206,8.36,4.54,5.414,14.384,29.682,0,16.662,11.824,19.317,574.365,0.872,1.564,2.205,0.897,-1.2,39,520.393,219846266.2,35.826,22.484,17.269,240.214,0.465,0.171,-0.344,-0.465,3.559,156.043,574.825,1,1,1,1,1,24,1,1,228,29.012,5.907,19.765,50.534,65.703,25.236,20.655,1,33.701,29.422,9.8,78.056,15.744,28.594,78.056,39.745,-0.344,7.784,9.634,0.137,1,1,3,3,1,0,1,0,1,0,3,2.863,2.243,7.988,26.747,24.213,25.029,17.492,14.788,15.943,10.41,11.635,6.777,7.932,4.209,5.143,32.662,50.885,63.54,530.4,0.694,1.278,1.889,36,472.392,35.41,26.034,22.595,227.109,12.203,12.203,0.15,8.173,153.93,530.856,28,214,78.056,25.608,129.925,129.925,17.068,2.039,23.176,19.085,1.691,0.075,11,0.5,17000,1.633468456
989,2.927,-2.308,2.242,-2.458,-0.151,32.166,2.071,662.934,28.608,24.861,25.678,18.904,14.898,16.053,10.627,11.852,7.038,8.192,4.405,5.28,14.384,23.075,0,11.762,22.457,14.211,573.381,0.923,1.641,2.333,0.897,-1.2,39,518.401,235200918.6,35.826,23.499,19.505,240.76,0.465,0.147,-0.336,-0.465,3.444,158.256,573.841,2,1,1,1,1,25,1,1,228,29.639,5.907,19.765,50.534,72.248,18.629,21.587,1,28.594,29.422,15.533,78.056,15.564,28.594,78.056,37.603,-0.336,7.819,11.445,0.125,0,0,3,3,0,2,1,0,1,0,3,2.863,2.243,7.988,26.747,24.213,25.029,17.492,14.788,15.943,10.41,11.635,6.777,7.932,4.209,5.143,32.662,50.885,63.54,530.4,0.694,1.278,1.889,36,472.392,35.41,26.034,22.595,227.109,12.203,12.203,0.15,8.173,153.93,530.856,28,214,78.056,25.608,129.925,129.925,17.068,2.039,23.176,19.085,1.691,0.075,11,4,17000,1.954242509
990,2.927,-2.308,2.242,-2.458,-0.151,32.166,2.071,662.934,28.608,24.861,25.678,18.904,14.898,16.053,10.627,11.852,7.038,8.192,4.405,5.28,14.384,23.075,0,11.762,22.457,14.211,573.381,0.923,1.641,2.333,0.897,-1.2,39,518.401,235200918.6,35.826,23.499,19.505,240.76,0.465,0.147,-0.336,-0.465,3.444,158.256,573.841,2,1,1,1,1,25,1,1,228,29.639,5.907,19.765,50.534,72.248,18.629,21.587,1,28.594,29.422,15.533,78.056,15.564,28.594,78.056,37.603,-0.336,7.819,11.445,0.125,0,0,3,3,0,2,1,0,1,0,3,2.863,2.243,7.988,26.747,24.213,25.029,17.492,14.788,15.943,10.41,11.635,6.777,7.932,4.209,5.143,32.662,50.885,63.54,530.4,0.694,1.278,1.889,36,472.392,35.41,26.034,22.595,227.109,12.203,12.203,0.15,8.173,153.93,530.856,28,214,78.056,25.608,129.925,129.925,17.068,2.039,23.176,19.085,1.691,0.075,11,2,17000,2.041392685
991,2.927,-2.308,2.242,-2.458,-0.151,32.166,2.071,662.934,28.608,24.861,25.678,18.904,14.898,16.053,10.627,11.852,7.038,8.192,4.405,5.28,14.384,23.075,0,11.762,22.457,14.211,573.381,0.923,1.641,2.333,0.897,-1.2,39,518.401,235200918.6,35.826,23.499,19.505,240.76,0.465,0.147,-0.336,-0.465,3.444,158.256,573.841,2,1,1,1,1,25,1,1,228,29.639,5.907,19.765,50.534,72.248,18.629,21.587,1,28.594,29.422,15.533,78.056,15.564,28.594,78.056,37.603,-0.336,7.819,11.445,0.125,0,0,3,3,0,2,1,0,1,0,3,2.863,2.243,7.988,26.747,24.213,25.029,17.492,14.788,15.943,10.41,11.635,6.777,7.932,4.209,5.143,32.662,50.885,63.54,530.4,0.694,1.278,1.889,36,472.392,35.41,26.034,22.595,227.109,12.203,12.203,0.15,8.173,153.93,530.856,28,214,78.056,25.608,129.925,129.925,17.068,2.039,23.176,19.085,1.691,0.075,11,1,17000,2.612783857
992,2.927,-2.308,2.242,-2.458,-0.151,32.166,2.071,662.934,28.608,24.861,25.678,18.904,14.898,16.053,10.627,11.852,7.038,8.192,4.405,5.28,14.384,23.075,0,11.762,22.457,14.211,573.381,0.923,1.641,2.333,0.897,-1.2,39,518.401,235200918.6,35.826,23.499,19.505,240.76,0.465,0.147,-0.336,-0.465,3.444,158.256,573.841,2,1,1,1,1,25,1,1,228,29.639,5.907,19.765,50.534,72.248,18.629,21.587,1,28.594,29.422,15.533,78.056,15.564,28.594,78.056,37.603,-0.336,7.819,11.445,0.125,0,0,3,3,0,2,1,0,1,0,3,2.863,2.243,7.988,26.747,24.213,25.029,17.492,14.788,15.943,10.41,11.635,6.777,7.932,4.209,5.143,32.662,50.885,63.54,530.4,0.694,1.278,1.889,36,472.392,35.41,26.034,22.595,227.109,12.203,12.203,0.15,8.173,153.93,530.856,28,214,78.056,25.608,129.925,129.925,17.068,2.039,23.176,19.085,1.691,0.075,11,0.5,17000,1
993,2.674,-2.308,2.241,-2.996,-0.36,35.453,0,414.533,21.09,18.641,20.214,13.492,10.581,11.736,7.436,8.66,4.674,5.829,2.796,3.526,9.589,29.575,0,11.762,12.657,14.211,455.247,0.966,1.655,2.241,0.905,-0.34,29,413.753,870080.485,30.85,20.914,18.17,187.318,1,0,-0.285,-1,-0.112,114.458,456.089,3,0,0,0,0,20,0,0,174,37.146,0,19.765,38.36,32.311,25.174,22.248,0,41.94,23.514,0,65.214,12.828,23.8,65.214,22.963,3.551,6.553,6.746,0.203,0,0,2,2,0,0,0,1,0,1,3,2.863,2.243,7.988,26.747,24.213,25.029,17.492,14.788,15.943,10.41,11.635,6.777,7.932,4.209,5.143,32.662,50.885,63.54,530.4,0.694,1.278,1.889,36,472.392,35.41,26.034,22.595,227.109,12.203,12.203,0.15,8.173,153.93,530.856,28,214,78.056,25.608,129.925,129.925,17.068,2.039,23.176,19.085,1.691,0.075,11,4,17000,1.146128036
994,2.674,-2.308,2.241,-2.996,-0.36,35.453,0,414.533,21.09,18.641,20.214,13.492,10.581,11.736,7.436,8.66,4.674,5.829,2.796,3.526,9.589,29.575,0,11.762,12.657,14.211,455.247,0.966,1.655,2.241,0.905,-0.34,29,413.753,870080.485,30.85,20.914,18.17,187.318,1,0,-0.285,-1,-0.112,114.458,456.089,3,0,0,0,0,20,0,0,174,37.146,0,19.765,38.36,32.311,25.174,22.248,0,41.94,23.514,0,65.214,12.828,23.8,65.214,22.963,3.551,6.553,6.746,0.203,0,0,2,2,0,0,0,1,0,1,3,2.863,2.243,7.988,26.747,24.213,25.029,17.492,14.788,15.943,10.41,11.635,6.777,7.932,4.209,5.143,32.662,50.885,63.54,530.4,0.694,1.278,1.889,36,472.392,35.41,26.034,22.595,227.109,12.203,12.203,0.15,8.173,153.93,530.856,28,214,78.056,25.608,129.925,129.925,17.068,2.039,23.176,19.085,1.691,0.075,11,2,17000,1.477121255
995,2.674,-2.308,2.241,-2.996,-0.36,35.453,0,414.533,21.09,18.641,20.214,13.492,10.581,11.736,7.436,8.66,4.674,5.829,2.796,3.526,9.589,29.575,0,11.762,12.657,14.211,455.247,0.966,1.655,2.241,0.905,-0.34,29,413.753,870080.485,30.85,20.914,18.17,187.318,1,0,-0.285,-1,-0.112,114.458,456.089,3,0,0,0,0,20,0,0,174,37.146,0,19.765,38.36,32.311,25.174,22.248,0,41.94,23.514,0,65.214,12.828,23.8,65.214,22.963,3.551,6.553,6.746,0.203,0,0,2,2,0,0,0,1,0,1,3,2.863,2.243,7.988,26.747,24.213,25.029,17.492,14.788,15.943,10.41,11.635,6.777,7.932,4.209,5.143,32.662,50.885,63.54,530.4,0.694,1.278,1.889,36,472.392,35.41,26.034,22.595,227.109,12.203,12.203,0.15,8.173,153.93,530.856,28,214,78.056,25.608,129.925,129.925,17.068,2.039,23.176,19.085,1.691,0.075,11,1,17000,1.361727836
996,2.674,-2.308,2.241,-2.996,-0.36,35.453,0,414.533,21.09,18.641,20.214,13.492,10.581,11.736,7.436,8.66,4.674,5.829,2.796,3.526,9.589,29.575,0,11.762,12.657,14.211,455.247,0.966,1.655,2.241,0.905,-0.34,29,413.753,870080.485,30.85,20.914,18.17,187.318,1,0,-0.285,-1,-0.112,114.458,456.089,3,0,0,0,0,20,0,0,174,37.146,0,19.765,38.36,32.311,25.174,22.248,0,41.94,23.514,0,65.214,12.828,23.8,65.214,22.963,3.551,6.553,6.746,0.203,0,0,2,2,0,0,0,1,0,1,3,2.863,2.243,7.988,26.747,24.213,25.029,17.492,14.788,15.943,10.41,11.635,6.777,7.932,4.209,5.143,32.662,50.885,63.54,530.4,0.694,1.278,1.889,36,472.392,35.41,26.034,22.595,227.109,12.203,12.203,0.15,8.173,153.93,530.856,28,214,78.056,25.608,129.925,129.925,17.068,2.039,23.176,19.085,1.691,0.075,11,0.5,17000,1.477121255
997,2.775,-2.308,2.242,-2.996,-0.4,35.453,0,538.939,24.244,20.828,22.4,15.297,11.503,12.657,8.265,9.414,5.239,6.454,3.052,3.961,14.384,48.193,7.11,6.924,10.471,14.211,513.253,0.97,1.636,2.212,0.87,-0.87,33,469.773,5204339.136,34.298,21.649,18.169,209.323,1,0,-0.359,-1,-0.571,125.395,514.125,3,0,0,0,0,21,0,0,196,41.883,0,19.765,38.36,26.558,31.491,22.501,0,51.472,29.484,0,71.256,13.485,33.331,65.214,34.388,3.426,6.18,5.428,0.16,0,0,3,3,0,0,0,1,0,1,3,2.863,2.243,7.988,26.747,24.213,25.029,17.492,14.788,15.943,10.41,11.635,6.777,7.932,4.209,5.143,32.662,50.885,63.54,530.4,0.694,1.278,1.889,36,472.392,35.41,26.034,22.595,227.109,12.203,12.203,0.15,8.173,153.93,530.856,28,214,78.056,25.608,129.925,129.925,17.068,2.039,23.176,19.085,1.691,0.075,11,4,17000,2.176091259
998,2.775,-2.308,2.242,-2.996,-0.4,35.453,0,538.939,24.244,20.828,22.4,15.297,11.503,12.657,8.265,9.414,5.239,6.454,3.052,3.961,14.384,48.193,7.11,6.924,10.471,14.211,513.253,0.97,1.636,2.212,0.87,-0.87,33,469.773,5204339.136,34.298,21.649,18.169,209.323,1,0,-0.359,-1,-0.571,125.395,514.125,3,0,0,0,0,21,0,0,196,41.883,0,19.765,38.36,26.558,31.491,22.501,0,51.472,29.484,0,71.256,13.485,33.331,65.214,34.388,3.426,6.18,5.428,0.16,0,0,3,3,0,0,0,1,0,1,3,2.863,2.243,7.988,26.747,24.213,25.029,17.492,14.788,15.943,10.41,11.635,6.777,7.932,4.209,5.143,32.662,50.885,63.54,530.4,0.694,1.278,1.889,36,472.392,35.41,26.034,22.595,227.109,12.203,12.203,0.15,8.173,153.93,530.856,28,214,78.056,25.608,129.925,129.925,17.068,2.039,23.176,19.085,1.691,0.075,11,2,17000,2.212187604
999,2.775,-2.308,2.242,-2.996,-0.4,35.453,0,538.939,24.244,20.828,22.4,15.297,11.503,12.657,8.265,9.414,5.239,6.454,3.052,3.961,14.384,48.193,7.11,6.924,10.471,14.211,513.253,0.97,1.636,2.212,0.87,-0.87,33,469.773,5204339.136,34.298,21.649,18.169,209.323,1,0,-0.359,-1,-0.571,125.395,514.125,3,0,0,0,0,21,0,0,196,41.883,0,19.765,38.36,26.558,31.491,22.501,0,51.472,29.484,0,71.256,13.485,33.331,65.214,34.388,3.426,6.18,5.428,0.16,0,0,3,3,0,0,0,1,0,1,3,2.863,2.243,7.988,26.747,24.213,25.029,17.492,14.788,15.943,10.41,11.635,6.777,7.932,4.209,5.143,32.662,50.885,63.54,530.4,0.694,1.278,1.889,36,472.392,35.41,26.034,22.595,227.109,12.203,12.203,0.15,8.173,153.93,530.856,28,214,78.056,25.608,129.925,129.925,17.068,2.039,23.176,19.085,1.691,0.075,11,1,17000,-1
1000,2.775,-2.308,2.242,-2.996,-0.4,35.453,0,538.939,24.244,20.828,22.4,15.297,11.503,12.657,8.265,9.414,5.239,6.454,3.052,3.961,14.384,48.193,7.11,6.924,10.471,14.211,513.253,0.97,1.636,2.212,0.87,-0.87,33,469.773,5204339.136,34.298,21.649,18.169,209.323,1,0,-0.359,-1,-0.571,125.395,514.125,3,0,0,0,0,21,0,0,196,41.883,0,19.765,38.36,26.558,31.491,22.501,0,51.472,29.484,0,71.256,13.485,33.331,65.214,34.388,3.426,6.18,5.428,0.16,0,0,3,3,0,0,0,1,0,1,3,2.863,2.243,7.988,26.747,24.213,25.029,17.492,14.788,15.943,10.41,11.635,6.777,7.932,4.209,5.143,32.662,50.885,63.54,530.4,0.694,1.278,1.889,36,472.392,35.41,26.034,22.595,227.109,12.203,12.203,0.15,8.173,153.93,530.856,28,214,78.056,25.608,129.925,129.925,17.068,2.039,23.176,19.085,1.691,0.075,11,0.5,17000,1.301029996
1001,2.991,-2.308,2.243,-2.371,-0.151,32.166,3.964,687.795,32.023,28.483,29.299,20.818,17.105,18.26,11.938,13.163,7.707,8.861,4.746,5.621,14.384,23.075,38.773,11.762,30.988,14.211,630.464,0.744,1.395,2.023,0.912,-1.16,43,564.449,1101079577,41.84,29.545,25.828,268.04,0.465,0.164,-0.338,-0.465,6.831,179.82,630.977,1,0,0,1,0,32,0,0,254,29.222,5.907,46.454,89.43,39.524,18.629,28.748,0,28.594,29.422,10.217,124.007,12.791,28.594,124.007,37.989,-0.338,13.801,14.262,0.064,0,0,3,3,0,1,1,0,0,0,5,2.884,2.243,7.988,27.454,24.92,25.737,17.992,15.288,16.443,10.764,11.989,7.027,8.182,4.385,5.32,32.662,50.885,69.961,544.416,0.676,1.243,1.838,37,484.403,36.41,26.995,24.205,233.474,12.214,12.214,0.149,8.563,158.547,544.883,29,220,84.477,26.564,136.346,136.346,17.084,2.042,23.193,20.54,1.692,0.069,12,4,17000,3.994932737
1002,2.991,-2.308,2.243,-2.371,-0.151,32.166,3.964,687.795,32.023,28.483,29.299,20.818,17.105,18.26,11.938,13.163,7.707,8.861,4.746,5.621,14.384,23.075,38.773,11.762,30.988,14.211,630.464,0.744,1.395,2.023,0.912,-1.16,43,564.449,1101079577,41.84,29.545,25.828,268.04,0.465,0.164,-0.338,-0.465,6.831,179.82,630.977,1,0,0,1,0,32,0,0,254,29.222,5.907,46.454,89.43,39.524,18.629,28.748,0,28.594,29.422,10.217,124.007,12.791,28.594,124.007,37.989,-0.338,13.801,14.262,0.064,0,0,3,3,0,1,1,0,0,0,5,2.884,2.243,7.988,27.454,24.92,25.737,17.992,15.288,16.443,10.764,11.989,7.027,8.182,4.385,5.32,32.662,50.885,69.961,544.416,0.676,1.243,1.838,37,484.403,36.41,26.995,24.205,233.474,12.214,12.214,0.149,8.563,158.547,544.883,29,220,84.477,26.564,136.346,136.346,17.084,2.042,23.193,20.54,1.692,0.069,12,2,17000,4.592842683
1003,2.991,-2.308,2.243,-2.371,-0.151,32.166,3.964,687.795,32.023,28.483,29.299,20.818,17.105,18.26,11.938,13.163,7.707,8.861,4.746,5.621,14.384,23.075,38.773,11.762,30.988,14.211,630.464,0.744,1.395,2.023,0.912,-1.16,43,564.449,1101079577,41.84,29.545,25.828,268.04,0.465,0.164,-0.338,-0.465,6.831,179.82,630.977,1,0,0,1,0,32,0,0,254,29.222,5.907,46.454,89.43,39.524,18.629,28.748,0,28.594,29.422,10.217,124.007,12.791,28.594,124.007,37.989,-0.338,13.801,14.262,0.064,0,0,3,3,0,1,1,0,0,0,5,2.884,2.243,7.988,27.454,24.92,25.737,17.992,15.288,16.443,10.764,11.989,7.027,8.182,4.385,5.32,32.662,50.885,69.961,544.416,0.676,1.243,1.838,37,484.403,36.41,26.995,24.205,233.474,12.214,12.214,0.149,8.563,158.547,544.883,29,220,84.477,26.564,136.346,136.346,17.084,2.042,23.193,20.54,1.692,0.069,12,1,17000,1.799340549
1004,2.991,-2.308,2.243,-2.371,-0.151,32.166,3.964,687.795,32.023,28.483,29.299,20.818,17.105,18.26,11.938,13.163,7.707,8.861,4.746,5.621,14.384,23.075,38.773,11.762,30.988,14.211,630.464,0.744,1.395,2.023,0.912,-1.16,43,564.449,1101079577,41.84,29.545,25.828,268.04,0.465,0.164,-0.338,-0.465,6.831,179.82,630.977,1,0,0,1,0,32,0,0,254,29.222,5.907,46.454,89.43,39.524,18.629,28.748,0,28.594,29.422,10.217,124.007,12.791,28.594,124.007,37.989,-0.338,13.801,14.262,0.064,0,0,3,3,0,1,1,0,0,0,5,2.884,2.243,7.988,27.454,24.92,25.737,17.992,15.288,16.443,10.764,11.989,7.027,8.182,4.385,5.32,32.662,50.885,69.961,544.416,0.676,1.243,1.838,37,484.403,36.41,26.995,24.205,233.474,12.214,12.214,0.149,8.563,158.547,544.883,29,220,84.477,26.564,136.346,136.346,17.084,2.042,23.193,20.54,1.692,0.069,12,0.5,17000,1.748188027
1005,2.925,-2.34,2.243,-2.488,-0.151,32.166,2.127,674.022,28.772,24.756,25.572,18.853,14.76,15.914,10.632,11.856,7.206,8.36,4.54,5.414,14.384,29.682,0,16.662,11.824,19.317,574.365,0.872,1.564,2.205,0.897,-1.2,39,520.393,219846266.2,35.826,22.484,17.269,240.214,0.465,0.171,-0.344,-0.465,3.559,156.043,574.825,1,1,1,1,1,24,1,1,228,29.012,5.907,19.765,50.534,65.703,25.236,20.655,1,33.701,29.422,9.8,78.056,15.744,28.594,78.056,39.745,-0.344,7.784,9.634,0.137,1,1,3,3,1,0,1,0,1,0,3,2.884,2.243,7.988,27.454,24.92,25.737,17.992,15.288,16.443,10.764,11.989,7.027,8.182,4.385,5.32,32.662,50.885,69.961,544.416,0.676,1.243,1.838,37,484.403,36.41,26.995,24.205,233.474,12.214,12.214,0.149,8.563,158.547,544.883,29,220,84.477,26.564,136.346,136.346,17.084,2.042,23.193,20.54,1.692,0.069,12,4,17000,1.477121255
1006,2.925,-2.34,2.243,-2.488,-0.151,32.166,2.127,674.022,28.772,24.756,25.572,18.853,14.76,15.914,10.632,11.856,7.206,8.36,4.54,5.414,14.384,29.682,0,16.662,11.824,19.317,574.365,0.872,1.564,2.205,0.897,-1.2,39,520.393,219846266.2,35.826,22.484,17.269,240.214,0.465,0.171,-0.344,-0.465,3.559,156.043,574.825,1,1,1,1,1,24,1,1,228,29.012,5.907,19.765,50.534,65.703,25.236,20.655,1,33.701,29.422,9.8,78.056,15.744,28.594,78.056,39.745,-0.344,7.784,9.634,0.137,1,1,3,3,1,0,1,0,1,0,3,2.884,2.243,7.988,27.454,24.92,25.737,17.992,15.288,16.443,10.764,11.989,7.027,8.182,4.385,5.32,32.662,50.885,69.961,544.416,0.676,1.243,1.838,37,484.403,36.41,26.995,24.205,233.474,12.214,12.214,0.149,8.563,158.547,544.883,29,220,84.477,26.564,136.346,136.346,17.084,2.042,23.193,20.54,1.692,0.069,12,2,17000,1
1007,2.925,-2.34,2.243,-2.488,-0.151,32.166,2.127,674.022,28.772,24.756,25.572,18.853,14.76,15.914,10.632,11.856,7.206,8.36,4.54,5.414,14.384,29.682,0,16.662,11.824,19.317,574.365,0.872,1.564,2.205,0.897,-1.2,39,520.393,219846266.2,35.826,22.484,17.269,240.214,0.465,0.171,-0.344,-0.465,3.559,156.043,574.825,1,1,1,1,1,24,1,1,228,29.012,5.907,19.765,50.534,65.703,25.236,20.655,1,33.701,29.422,9.8,78.056,15.744,28.594,78.056,39.745,-0.344,7.784,9.634,0.137,1,1,3,3,1,0,1,0,1,0,3,2.884,2.243,7.988,27.454,24.92,25.737,17.992,15.288,16.443,10.764,11.989,7.027,8.182,4.385,5.32,32.662,50.885,69.961,544.416,0.676,1.243,1.838,37,484.403,36.41,26.995,24.205,233.474,12.214,12.214,0.149,8.563,158.547,544.883,29,220,84.477,26.564,136.346,136.346,17.084,2.042,23.193,20.54,1.692,0.069,12,1,17000,1.301029996
1008,2.925,-2.34,2.243,-2.488,-0.151,32.166,2.127,674.022,28.772,24.756,25.572,18.853,14.76,15.914,10.632,11.856,7.206,8.36,4.54,5.414,14.384,29.682,0,16.662,11.824,19.317,574.365,0.872,1.564,2.205,0.897,-1.2,39,520.393,219846266.2,35.826,22.484,17.269,240.214,0.465,0.171,-0.344,-0.465,3.559,156.043,574.825,1,1,1,1,1,24,1,1,228,29.012,5.907,19.765,50.534,65.703,25.236,20.655,1,33.701,29.422,9.8,78.056,15.744,28.594,78.056,39.745,-0.344,7.784,9.634,0.137,1,1,3,3,1,0,1,0,1,0,3,2.884,2.243,7.988,27.454,24.92,25.737,17.992,15.288,16.443,10.764,11.989,7.027,8.182,4.385,5.32,32.662,50.885,69.961,544.416,0.676,1.243,1.838,37,484.403,36.41,26.995,24.205,233.474,12.214,12.214,0.149,8.563,158.547,544.883,29,220,84.477,26.564,136.346,136.346,17.084,2.042,23.193,20.54,1.692,0.069,12,0.5,17000,0.84509804
1009,2.927,-2.308,2.242,-2.458,-0.151,32.166,2.071,662.934,28.608,24.861,25.678,18.904,14.898,16.053,10.627,11.852,7.038,8.192,4.405,5.28,14.384,23.075,0,11.762,22.457,14.211,573.381,0.923,1.641,2.333,0.897,-1.2,39,518.401,235200918.6,35.826,23.499,19.505,240.76,0.465,0.147,-0.336,-0.465,3.444,158.256,573.841,2,1,1,1,1,25,1,1,228,29.639,5.907,19.765,50.534,72.248,18.629,21.587,1,28.594,29.422,15.533,78.056,15.564,28.594,78.056,37.603,-0.336,7.819,11.445,0.125,0,0,3,3,0,2,1,0,1,0,3,2.884,2.243,7.988,27.454,24.92,25.737,17.992,15.288,16.443,10.764,11.989,7.027,8.182,4.385,5.32,32.662,50.885,69.961,544.416,0.676,1.243,1.838,37,484.403,36.41,26.995,24.205,233.474,12.214,12.214,0.149,8.563,158.547,544.883,29,220,84.477,26.564,136.346,136.346,17.084,2.042,23.193,20.54,1.692,0.069,12,4,17000,0.477121255
1010,2.927,-2.308,2.242,-2.458,-0.151,32.166,2.071,662.934,28.608,24.861,25.678,18.904,14.898,16.053,10.627,11.852,7.038,8.192,4.405,5.28,14.384,23.075,0,11.762,22.457,14.211,573.381,0.923,1.641,2.333,0.897,-1.2,39,518.401,235200918.6,35.826,23.499,19.505,240.76,0.465,0.147,-0.336,-0.465,3.444,158.256,573.841,2,1,1,1,1,25,1,1,228,29.639,5.907,19.765,50.534,72.248,18.629,21.587,1,28.594,29.422,15.533,78.056,15.564,28.594,78.056,37.603,-0.336,7.819,11.445,0.125,0,0,3,3,0,2,1,0,1,0,3,2.884,2.243,7.988,27.454,24.92,25.737,17.992,15.288,16.443,10.764,11.989,7.027,8.182,4.385,5.32,32.662,50.885,69.961,544.416,0.676,1.243,1.838,37,484.403,36.41,26.995,24.205,233.474,12.214,12.214,0.149,8.563,158.547,544.883,29,220,84.477,26.564,136.346,136.346,17.084,2.042,23.193,20.54,1.692,0.069,12,2,17000,1.954242509
1011,2.927,-2.308,2.242,-2.458,-0.151,32.166,2.071,662.934,28.608,24.861,25.678,18.904,14.898,16.053,10.627,11.852,7.038,8.192,4.405,5.28,14.384,23.075,0,11.762,22.457,14.211,573.381,0.923,1.641,2.333,0.897,-1.2,39,518.401,235200918.6,35.826,23.499,19.505,240.76,0.465,0.147,-0.336,-0.465,3.444,158.256,573.841,2,1,1,1,1,25,1,1,228,29.639,5.907,19.765,50.534,72.248,18.629,21.587,1,28.594,29.422,15.533,78.056,15.564,28.594,78.056,37.603,-0.336,7.819,11.445,0.125,0,0,3,3,0,2,1,0,1,0,3,2.884,2.243,7.988,27.454,24.92,25.737,17.992,15.288,16.443,10.764,11.989,7.027,8.182,4.385,5.32,32.662,50.885,69.961,544.416,0.676,1.243,1.838,37,484.403,36.41,26.995,24.205,233.474,12.214,12.214,0.149,8.563,158.547,544.883,29,220,84.477,26.564,136.346,136.346,17.084,2.042,23.193,20.54,1.692,0.069,12,1,17000,2.397940009
1012,2.927,-2.308,2.242,-2.458,-0.151,32.166,2.071,662.934,28.608,24.861,25.678,18.904,14.898,16.053,10.627,11.852,7.038,8.192,4.405,5.28,14.384,23.075,0,11.762,22.457,14.211,573.381,0.923,1.641,2.333,0.897,-1.2,39,518.401,235200918.6,35.826,23.499,19.505,240.76,0.465,0.147,-0.336,-0.465,3.444,158.256,573.841,2,1,1,1,1,25,1,1,228,29.639,5.907,19.765,50.534,72.248,18.629,21.587,1,28.594,29.422,15.533,78.056,15.564,28.594,78.056,37.603,-0.336,7.819,11.445,0.125,0,0,3,3,0,2,1,0,1,0,3,2.884,2.243,7.988,27.454,24.92,25.737,17.992,15.288,16.443,10.764,11.989,7.027,8.182,4.385,5.32,32.662,50.885,69.961,544.416,0.676,1.243,1.838,37,484.403,36.41,26.995,24.205,233.474,12.214,12.214,0.149,8.563,158.547,544.883,29,220,84.477,26.564,136.346,136.346,17.084,2.042,23.193,20.54,1.692,0.069,12,0.5,17000,1.968482949
1013,2.674,-2.308,2.241,-2.996,-0.36,35.453,0,414.533,21.09,18.641,20.214,13.492,10.581,11.736,7.436,8.66,4.674,5.829,2.796,3.526,9.589,29.575,0,11.762,12.657,14.211,455.247,0.966,1.655,2.241,0.905,-0.34,29,413.753,870080.485,30.85,20.914,18.17,187.318,1,0,-0.285,-1,-0.112,114.458,456.089,3,0,0,0,0,20,0,0,174,37.146,0,19.765,38.36,32.311,25.174,22.248,0,41.94,23.514,0,65.214,12.828,23.8,65.214,22.963,3.551,6.553,6.746,0.203,0,0,2,2,0,0,0,1,0,1,3,2.884,2.243,7.988,27.454,24.92,25.737,17.992,15.288,16.443,10.764,11.989,7.027,8.182,4.385,5.32,32.662,50.885,69.961,544.416,0.676,1.243,1.838,37,484.403,36.41,26.995,24.205,233.474,12.214,12.214,0.149,8.563,158.547,544.883,29,220,84.477,26.564,136.346,136.346,17.084,2.042,23.193,20.54,1.692,0.069,12,4,17000,1
1014,2.674,-2.308,2.241,-2.996,-0.36,35.453,0,414.533,21.09,18.641,20.214,13.492,10.581,11.736,7.436,8.66,4.674,5.829,2.796,3.526,9.589,29.575,0,11.762,12.657,14.211,455.247,0.966,1.655,2.241,0.905,-0.34,29,413.753,870080.485,30.85,20.914,18.17,187.318,1,0,-0.285,-1,-0.112,114.458,456.089,3,0,0,0,0,20,0,0,174,37.146,0,19.765,38.36,32.311,25.174,22.248,0,41.94,23.514,0,65.214,12.828,23.8,65.214,22.963,3.551,6.553,6.746,0.203,0,0,2,2,0,0,0,1,0,1,3,2.884,2.243,7.988,27.454,24.92,25.737,17.992,15.288,16.443,10.764,11.989,7.027,8.182,4.385,5.32,32.662,50.885,69.961,544.416,0.676,1.243,1.838,37,484.403,36.41,26.995,24.205,233.474,12.214,12.214,0.149,8.563,158.547,544.883,29,220,84.477,26.564,136.346,136.346,17.084,2.042,23.193,20.54,1.692,0.069,12,2,17000,1.939519253
1015,2.674,-2.308,2.241,-2.996,-0.36,35.453,0,414.533,21.09,18.641,20.214,13.492,10.581,11.736,7.436,8.66,4.674,5.829,2.796,3.526,9.589,29.575,0,11.762,12.657,14.211,455.247,0.966,1.655,2.241,0.905,-0.34,29,413.753,870080.485,30.85,20.914,18.17,187.318,1,0,-0.285,-1,-0.112,114.458,456.089,3,0,0,0,0,20,0,0,174,37.146,0,19.765,38.36,32.311,25.174,22.248,0,41.94,23.514,0,65.214,12.828,23.8,65.214,22.963,3.551,6.553,6.746,0.203,0,0,2,2,0,0,0,1,0,1,3,2.884,2.243,7.988,27.454,24.92,25.737,17.992,15.288,16.443,10.764,11.989,7.027,8.182,4.385,5.32,32.662,50.885,69.961,544.416,0.676,1.243,1.838,37,484.403,36.41,26.995,24.205,233.474,12.214,12.214,0.149,8.563,158.547,544.883,29,220,84.477,26.564,136.346,136.346,17.084,2.042,23.193,20.54,1.692,0.069,12,1,17000,1.72427587
1016,2.674,-2.308,2.241,-2.996,-0.36,35.453,0,414.533,21.09,18.641,20.214,13.492,10.581,11.736,7.436,8.66,4.674,5.829,2.796,3.526,9.589,29.575,0,11.762,12.657,14.211,455.247,0.966,1.655,2.241,0.905,-0.34,29,413.753,870080.485,30.85,20.914,18.17,187.318,1,0,-0.285,-1,-0.112,114.458,456.089,3,0,0,0,0,20,0,0,174,37.146,0,19.765,38.36,32.311,25.174,22.248,0,41.94,23.514,0,65.214,12.828,23.8,65.214,22.963,3.551,6.553,6.746,0.203,0,0,2,2,0,0,0,1,0,1,3,2.884,2.243,7.988,27.454,24.92,25.737,17.992,15.288,16.443,10.764,11.989,7.027,8.182,4.385,5.32,32.662,50.885,69.961,544.416,0.676,1.243,1.838,37,484.403,36.41,26.995,24.205,233.474,12.214,12.214,0.149,8.563,158.547,544.883,29,220,84.477,26.564,136.346,136.346,17.084,2.042,23.193,20.54,1.692,0.069,12,0.5,17000,2.477121255
1017,2.775,-2.308,2.242,-2.996,-0.4,35.453,0,538.939,24.244,20.828,22.4,15.297,11.503,12.657,8.265,9.414,5.239,6.454,3.052,3.961,14.384,48.193,7.11,6.924,10.471,14.211,513.253,0.97,1.636,2.212,0.87,-0.87,33,469.773,5204339.136,34.298,21.649,18.169,209.323,1,0,-0.359,-1,-0.571,125.395,514.125,3,0,0,0,0,21,0,0,196,41.883,0,19.765,38.36,26.558,31.491,22.501,0,51.472,29.484,0,71.256,13.485,33.331,65.214,34.388,3.426,6.18,5.428,0.16,0,0,3,3,0,0,0,1,0,1,3,2.884,2.243,7.988,27.454,24.92,25.737,17.992,15.288,16.443,10.764,11.989,7.027,8.182,4.385,5.32,32.662,50.885,69.961,544.416,0.676,1.243,1.838,37,484.403,36.41,26.995,24.205,233.474,12.214,12.214,0.149,8.563,158.547,544.883,29,220,84.477,26.564,136.346,136.346,17.084,2.042,23.193,20.54,1.692,0.069,12,4,17000,1.113943352
1018,2.775,-2.308,2.242,-2.996,-0.4,35.453,0,538.939,24.244,20.828,22.4,15.297,11.503,12.657,8.265,9.414,5.239,6.454,3.052,3.961,14.384,48.193,7.11,6.924,10.471,14.211,513.253,0.97,1.636,2.212,0.87,-0.87,33,469.773,5204339.136,34.298,21.649,18.169,209.323,1,0,-0.359,-1,-0.571,125.395,514.125,3,0,0,0,0,21,0,0,196,41.883,0,19.765,38.36,26.558,31.491,22.501,0,51.472,29.484,0,71.256,13.485,33.331,65.214,34.388,3.426,6.18,5.428,0.16,0,0,3,3,0,0,0,1,0,1,3,2.884,2.243,7.988,27.454,24.92,25.737,17.992,15.288,16.443,10.764,11.989,7.027,8.182,4.385,5.32,32.662,50.885,69.961,544.416,0.676,1.243,1.838,37,484.403,36.41,26.995,24.205,233.474,12.214,12.214,0.149,8.563,158.547,544.883,29,220,84.477,26.564,136.346,136.346,17.084,2.042,23.193,20.54,1.692,0.069,12,2,17000,1.477121255
1019,2.775,-2.308,2.242,-2.996,-0.4,35.453,0,538.939,24.244,20.828,22.4,15.297,11.503,12.657,8.265,9.414,5.239,6.454,3.052,3.961,14.384,48.193,7.11,6.924,10.471,14.211,513.253,0.97,1.636,2.212,0.87,-0.87,33,469.773,5204339.136,34.298,21.649,18.169,209.323,1,0,-0.359,-1,-0.571,125.395,514.125,3,0,0,0,0,21,0,0,196,41.883,0,19.765,38.36,26.558,31.491,22.501,0,51.472,29.484,0,71.256,13.485,33.331,65.214,34.388,3.426,6.18,5.428,0.16,0,0,3,3,0,0,0,1,0,1,3,2.884,2.243,7.988,27.454,24.92,25.737,17.992,15.288,16.443,10.764,11.989,7.027,8.182,4.385,5.32,32.662,50.885,69.961,544.416,0.676,1.243,1.838,37,484.403,36.41,26.995,24.205,233.474,12.214,12.214,0.149,8.563,158.547,544.883,29,220,84.477,26.564,136.346,136.346,17.084,2.042,23.193,20.54,1.692,0.069,12,1,17000,0.477121255
1020,2.775,-2.308,2.242,-2.996,-0.4,35.453,0,538.939,24.244,20.828,22.4,15.297,11.503,12.657,8.265,9.414,5.239,6.454,3.052,3.961,14.384,48.193,7.11,6.924,10.471,14.211,513.253,0.97,1.636,2.212,0.87,-0.87,33,469.773,5204339.136,34.298,21.649,18.169,209.323,1,0,-0.359,-1,-0.571,125.395,514.125,3,0,0,0,0,21,0,0,196,41.883,0,19.765,38.36,26.558,31.491,22.501,0,51.472,29.484,0,71.256,13.485,33.331,65.214,34.388,3.426,6.18,5.428,0.16,0,0,3,3,0,0,0,1,0,1,3,2.884,2.243,7.988,27.454,24.92,25.737,17.992,15.288,16.443,10.764,11.989,7.027,8.182,4.385,5.32,32.662,50.885,69.961,544.416,0.676,1.243,1.838,37,484.403,36.41,26.995,24.205,233.474,12.214,12.214,0.149,8.563,158.547,544.883,29,220,84.477,26.564,136.346,136.346,17.084,2.042,23.193,20.54,1.692,0.069,12,0.5,17000,1.113943352
1021,2.991,-2.308,2.243,-2.371,-0.151,32.166,3.964,687.795,32.023,28.483,29.299,20.818,17.105,18.26,11.938,13.163,7.707,8.861,4.746,5.621,14.384,23.075,38.773,11.762,30.988,14.211,630.464,0.744,1.395,2.023,0.912,-1.16,43,564.449,1101079577,41.84,29.545,25.828,268.04,0.465,0.164,-0.338,-0.465,6.831,179.82,630.977,1,0,0,1,0,32,0,0,254,29.222,5.907,46.454,89.43,39.524,18.629,28.748,0,28.594,29.422,10.217,124.007,12.791,28.594,124.007,37.989,-0.338,13.801,14.262,0.064,0,0,3,3,0,1,1,0,0,0,5,2.923,2.244,7.988,28.868,26.334,27.151,18.992,16.288,17.443,11.471,12.696,7.527,8.682,4.739,5.673,32.662,50.885,82.803,572.447,0.641,1.179,1.744,39,508.425,38.41,28.921,26.08,246.204,12.232,12.232,0.148,9.343,167.781,572.937,31,232,97.318,28.484,149.188,149.188,17.112,2.046,23.222,23.465,1.694,0.061,14,4,17000,4.403926565
1022,2.991,-2.308,2.243,-2.371,-0.151,32.166,3.964,687.795,32.023,28.483,29.299,20.818,17.105,18.26,11.938,13.163,7.707,8.861,4.746,5.621,14.384,23.075,38.773,11.762,30.988,14.211,630.464,0.744,1.395,2.023,0.912,-1.16,43,564.449,1101079577,41.84,29.545,25.828,268.04,0.465,0.164,-0.338,-0.465,6.831,179.82,630.977,1,0,0,1,0,32,0,0,254,29.222,5.907,46.454,89.43,39.524,18.629,28.748,0,28.594,29.422,10.217,124.007,12.791,28.594,124.007,37.989,-0.338,13.801,14.262,0.064,0,0,3,3,0,1,1,0,0,0,5,2.923,2.244,7.988,28.868,26.334,27.151,18.992,16.288,17.443,11.471,12.696,7.527,8.682,4.739,5.673,32.662,50.885,82.803,572.447,0.641,1.179,1.744,39,508.425,38.41,28.921,26.08,246.204,12.232,12.232,0.148,9.343,167.781,572.937,31,232,97.318,28.484,149.188,149.188,17.112,2.046,23.222,23.465,1.694,0.061,14,2,17000,4.499302094
1023,2.991,-2.308,2.243,-2.371,-0.151,32.166,3.964,687.795,32.023,28.483,29.299,20.818,17.105,18.26,11.938,13.163,7.707,8.861,4.746,5.621,14.384,23.075,38.773,11.762,30.988,14.211,630.464,0.744,1.395,2.023,0.912,-1.16,43,564.449,1101079577,41.84,29.545,25.828,268.04,0.465,0.164,-0.338,-0.465,6.831,179.82,630.977,1,0,0,1,0,32,0,0,254,29.222,5.907,46.454,89.43,39.524,18.629,28.748,0,28.594,29.422,10.217,124.007,12.791,28.594,124.007,37.989,-0.338,13.801,14.262,0.064,0,0,3,3,0,1,1,0,0,0,5,2.923,2.244,7.988,28.868,26.334,27.151,18.992,16.288,17.443,11.471,12.696,7.527,8.682,4.739,5.673,32.662,50.885,82.803,572.447,0.641,1.179,1.744,39,508.425,38.41,28.921,26.08,246.204,12.232,12.232,0.148,9.343,167.781,572.937,31,232,97.318,28.484,149.188,149.188,17.112,2.046,23.222,23.465,1.694,0.061,14,1,17000,2.704150517
1024,2.991,-2.308,2.243,-2.371,-0.151,32.166,3.964,687.795,32.023,28.483,29.299,20.818,17.105,18.26,11.938,13.163,7.707,8.861,4.746,5.621,14.384,23.075,38.773,11.762,30.988,14.211,630.464,0.744,1.395,2.023,0.912,-1.16,43,564.449,1101079577,41.84,29.545,25.828,268.04,0.465,0.164,-0.338,-0.465,6.831,179.82,630.977,1,0,0,1,0,32,0,0,254,29.222,5.907,46.454,89.43,39.524,18.629,28.748,0,28.594,29.422,10.217,124.007,12.791,28.594,124.007,37.989,-0.338,13.801,14.262,0.064,0,0,3,3,0,1,1,0,0,0,5,2.923,2.244,7.988,28.868,26.334,27.151,18.992,16.288,17.443,11.471,12.696,7.527,8.682,4.739,5.673,32.662,50.885,82.803,572.447,0.641,1.179,1.744,39,508.425,38.41,28.921,26.08,246.204,12.232,12.232,0.148,9.343,167.781,572.937,31,232,97.318,28.484,149.188,149.188,17.112,2.046,23.222,23.465,1.694,0.061,14,0.5,17000,2.037426498
1025,2.925,-2.34,2.243,-2.488,-0.151,32.166,2.127,674.022,28.772,24.756,25.572,18.853,14.76,15.914,10.632,11.856,7.206,8.36,4.54,5.414,14.384,29.682,0,16.662,11.824,19.317,574.365,0.872,1.564,2.205,0.897,-1.2,39,520.393,219846266.2,35.826,22.484,17.269,240.214,0.465,0.171,-0.344,-0.465,3.559,156.043,574.825,1,1,1,1,1,24,1,1,228,29.012,5.907,19.765,50.534,65.703,25.236,20.655,1,33.701,29.422,9.8,78.056,15.744,28.594,78.056,39.745,-0.344,7.784,9.634,0.137,1,1,3,3,1,0,1,0,1,0,3,2.923,2.244,7.988,28.868,26.334,27.151,18.992,16.288,17.443,11.471,12.696,7.527,8.682,4.739,5.673,32.662,50.885,82.803,572.447,0.641,1.179,1.744,39,508.425,38.41,28.921,26.08,246.204,12.232,12.232,0.148,9.343,167.781,572.937,31,232,97.318,28.484,149.188,149.188,17.112,2.046,23.222,23.465,1.694,0.061,14,4,17000,1.301029996
1026,2.925,-2.34,2.243,-2.488,-0.151,32.166,2.127,674.022,28.772,24.756,25.572,18.853,14.76,15.914,10.632,11.856,7.206,8.36,4.54,5.414,14.384,29.682,0,16.662,11.824,19.317,574.365,0.872,1.564,2.205,0.897,-1.2,39,520.393,219846266.2,35.826,22.484,17.269,240.214,0.465,0.171,-0.344,-0.465,3.559,156.043,574.825,1,1,1,1,1,24,1,1,228,29.012,5.907,19.765,50.534,65.703,25.236,20.655,1,33.701,29.422,9.8,78.056,15.744,28.594,78.056,39.745,-0.344,7.784,9.634,0.137,1,1,3,3,1,0,1,0,1,0,3,2.923,2.244,7.988,28.868,26.334,27.151,18.992,16.288,17.443,11.471,12.696,7.527,8.682,4.739,5.673,32.662,50.885,82.803,572.447,0.641,1.179,1.744,39,508.425,38.41,28.921,26.08,246.204,12.232,12.232,0.148,9.343,167.781,572.937,31,232,97.318,28.484,149.188,149.188,17.112,2.046,23.222,23.465,1.694,0.061,14,2,17000,0.84509804
1027,2.925,-2.34,2.243,-2.488,-0.151,32.166,2.127,674.022,28.772,24.756,25.572,18.853,14.76,15.914,10.632,11.856,7.206,8.36,4.54,5.414,14.384,29.682,0,16.662,11.824,19.317,574.365,0.872,1.564,2.205,0.897,-1.2,39,520.393,219846266.2,35.826,22.484,17.269,240.214,0.465,0.171,-0.344,-0.465,3.559,156.043,574.825,1,1,1,1,1,24,1,1,228,29.012,5.907,19.765,50.534,65.703,25.236,20.655,1,33.701,29.422,9.8,78.056,15.744,28.594,78.056,39.745,-0.344,7.784,9.634,0.137,1,1,3,3,1,0,1,0,1,0,3,2.923,2.244,7.988,28.868,26.334,27.151,18.992,16.288,17.443,11.471,12.696,7.527,8.682,4.739,5.673,32.662,50.885,82.803,572.447,0.641,1.179,1.744,39,508.425,38.41,28.921,26.08,246.204,12.232,12.232,0.148,9.343,167.781,572.937,31,232,97.318,28.484,149.188,149.188,17.112,2.046,23.222,23.465,1.694,0.061,14,1,17000,1.230448921
1028,2.925,-2.34,2.243,-2.488,-0.151,32.166,2.127,674.022,28.772,24.756,25.572,18.853,14.76,15.914,10.632,11.856,7.206,8.36,4.54,5.414,14.384,29.682,0,16.662,11.824,19.317,574.365,0.872,1.564,2.205,0.897,-1.2,39,520.393,219846266.2,35.826,22.484,17.269,240.214,0.465,0.171,-0.344,-0.465,3.559,156.043,574.825,1,1,1,1,1,24,1,1,228,29.012,5.907,19.765,50.534,65.703,25.236,20.655,1,33.701,29.422,9.8,78.056,15.744,28.594,78.056,39.745,-0.344,7.784,9.634,0.137,1,1,3,3,1,0,1,0,1,0,3,2.923,2.244,7.988,28.868,26.334,27.151,18.992,16.288,17.443,11.471,12.696,7.527,8.682,4.739,5.673,32.662,50.885,82.803,572.447,0.641,1.179,1.744,39,508.425,38.41,28.921,26.08,246.204,12.232,12.232,0.148,9.343,167.781,572.937,31,232,97.318,28.484,149.188,149.188,17.112,2.046,23.222,23.465,1.694,0.061,14,0.5,17000,1.77815125
1029,2.927,-2.308,2.242,-2.458,-0.151,32.166,2.071,662.934,28.608,24.861,25.678,18.904,14.898,16.053,10.627,11.852,7.038,8.192,4.405,5.28,14.384,23.075,0,11.762,22.457,14.211,573.381,0.923,1.641,2.333,0.897,-1.2,39,518.401,235200918.6,35.826,23.499,19.505,240.76,0.465,0.147,-0.336,-0.465,3.444,158.256,573.841,2,1,1,1,1,25,1,1,228,29.639,5.907,19.765,50.534,72.248,18.629,21.587,1,28.594,29.422,15.533,78.056,15.564,28.594,78.056,37.603,-0.336,7.819,11.445,0.125,0,0,3,3,0,2,1,0,1,0,3,2.923,2.244,7.988,28.868,26.334,27.151,18.992,16.288,17.443,11.471,12.696,7.527,8.682,4.739,5.673,32.662,50.885,82.803,572.447,0.641,1.179,1.744,39,508.425,38.41,28.921,26.08,246.204,12.232,12.232,0.148,9.343,167.781,572.937,31,232,97.318,28.484,149.188,149.188,17.112,2.046,23.222,23.465,1.694,0.061,14,4,17000,1.633468456
1030,2.927,-2.308,2.242,-2.458,-0.151,32.166,2.071,662.934,28.608,24.861,25.678,18.904,14.898,16.053,10.627,11.852,7.038,8.192,4.405,5.28,14.384,23.075,0,11.762,22.457,14.211,573.381,0.923,1.641,2.333,0.897,-1.2,39,518.401,235200918.6,35.826,23.499,19.505,240.76,0.465,0.147,-0.336,-0.465,3.444,158.256,573.841,2,1,1,1,1,25,1,1,228,29.639,5.907,19.765,50.534,72.248,18.629,21.587,1,28.594,29.422,15.533,78.056,15.564,28.594,78.056,37.603,-0.336,7.819,11.445,0.125,0,0,3,3,0,2,1,0,1,0,3,2.923,2.244,7.988,28.868,26.334,27.151,18.992,16.288,17.443,11.471,12.696,7.527,8.682,4.739,5.673,32.662,50.885,82.803,572.447,0.641,1.179,1.744,39,508.425,38.41,28.921,26.08,246.204,12.232,12.232,0.148,9.343,167.781,572.937,31,232,97.318,28.484,149.188,149.188,17.112,2.046,23.222,23.465,1.694,0.061,14,2,17000,2.068185862
1031,2.927,-2.308,2.242,-2.458,-0.151,32.166,2.071,662.934,28.608,24.861,25.678,18.904,14.898,16.053,10.627,11.852,7.038,8.192,4.405,5.28,14.384,23.075,0,11.762,22.457,14.211,573.381,0.923,1.641,2.333,0.897,-1.2,39,518.401,235200918.6,35.826,23.499,19.505,240.76,0.465,0.147,-0.336,-0.465,3.444,158.256,573.841,2,1,1,1,1,25,1,1,228,29.639,5.907,19.765,50.534,72.248,18.629,21.587,1,28.594,29.422,15.533,78.056,15.564,28.594,78.056,37.603,-0.336,7.819,11.445,0.125,0,0,3,3,0,2,1,0,1,0,3,2.923,2.244,7.988,28.868,26.334,27.151,18.992,16.288,17.443,11.471,12.696,7.527,8.682,4.739,5.673,32.662,50.885,82.803,572.447,0.641,1.179,1.744,39,508.425,38.41,28.921,26.08,246.204,12.232,12.232,0.148,9.343,167.781,572.937,31,232,97.318,28.484,149.188,149.188,17.112,2.046,23.222,23.465,1.694,0.061,14,1,17000,1.477121255
1032,2.927,-2.308,2.242,-2.458,-0.151,32.166,2.071,662.934,28.608,24.861,25.678,18.904,14.898,16.053,10.627,11.852,7.038,8.192,4.405,5.28,14.384,23.075,0,11.762,22.457,14.211,573.381,0.923,1.641,2.333,0.897,-1.2,39,518.401,235200918.6,35.826,23.499,19.505,240.76,0.465,0.147,-0.336,-0.465,3.444,158.256,573.841,2,1,1,1,1,25,1,1,228,29.639,5.907,19.765,50.534,72.248,18.629,21.587,1,28.594,29.422,15.533,78.056,15.564,28.594,78.056,37.603,-0.336,7.819,11.445,0.125,0,0,3,3,0,2,1,0,1,0,3,2.923,2.244,7.988,28.868,26.334,27.151,18.992,16.288,17.443,11.471,12.696,7.527,8.682,4.739,5.673,32.662,50.885,82.803,572.447,0.641,1.179,1.744,39,508.425,38.41,28.921,26.08,246.204,12.232,12.232,0.148,9.343,167.781,572.937,31,232,97.318,28.484,149.188,149.188,17.112,2.046,23.222,23.465,1.694,0.061,14,0.5,17000,0.84509804
1033,2.674,-2.308,2.241,-2.996,-0.36,35.453,0,414.533,21.09,18.641,20.214,13.492,10.581,11.736,7.436,8.66,4.674,5.829,2.796,3.526,9.589,29.575,0,11.762,12.657,14.211,455.247,0.966,1.655,2.241,0.905,-0.34,29,413.753,870080.485,30.85,20.914,18.17,187.318,1,0,-0.285,-1,-0.112,114.458,456.089,3,0,0,0,0,20,0,0,174,37.146,0,19.765,38.36,32.311,25.174,22.248,0,41.94,23.514,0,65.214,12.828,23.8,65.214,22.963,3.551,6.553,6.746,0.203,0,0,2,2,0,0,0,1,0,1,3,2.923,2.244,7.988,28.868,26.334,27.151,18.992,16.288,17.443,11.471,12.696,7.527,8.682,4.739,5.673,32.662,50.885,82.803,572.447,0.641,1.179,1.744,39,508.425,38.41,28.921,26.08,246.204,12.232,12.232,0.148,9.343,167.781,572.937,31,232,97.318,28.484,149.188,149.188,17.112,2.046,23.222,23.465,1.694,0.061,14,4,17000,1.301029996
1034,2.674,-2.308,2.241,-2.996,-0.36,35.453,0,414.533,21.09,18.641,20.214,13.492,10.581,11.736,7.436,8.66,4.674,5.829,2.796,3.526,9.589,29.575,0,11.762,12.657,14.211,455.247,0.966,1.655,2.241,0.905,-0.34,29,413.753,870080.485,30.85,20.914,18.17,187.318,1,0,-0.285,-1,-0.112,114.458,456.089,3,0,0,0,0,20,0,0,174,37.146,0,19.765,38.36,32.311,25.174,22.248,0,41.94,23.514,0,65.214,12.828,23.8,65.214,22.963,3.551,6.553,6.746,0.203,0,0,2,2,0,0,0,1,0,1,3,2.923,2.244,7.988,28.868,26.334,27.151,18.992,16.288,17.443,11.471,12.696,7.527,8.682,4.739,5.673,32.662,50.885,82.803,572.447,0.641,1.179,1.744,39,508.425,38.41,28.921,26.08,246.204,12.232,12.232,0.148,9.343,167.781,572.937,31,232,97.318,28.484,149.188,149.188,17.112,2.046,23.222,23.465,1.694,0.061,14,2,17000,1.301029996
1035,2.674,-2.308,2.241,-2.996,-0.36,35.453,0,414.533,21.09,18.641,20.214,13.492,10.581,11.736,7.436,8.66,4.674,5.829,2.796,3.526,9.589,29.575,0,11.762,12.657,14.211,455.247,0.966,1.655,2.241,0.905,-0.34,29,413.753,870080.485,30.85,20.914,18.17,187.318,1,0,-0.285,-1,-0.112,114.458,456.089,3,0,0,0,0,20,0,0,174,37.146,0,19.765,38.36,32.311,25.174,22.248,0,41.94,23.514,0,65.214,12.828,23.8,65.214,22.963,3.551,6.553,6.746,0.203,0,0,2,2,0,0,0,1,0,1,3,2.923,2.244,7.988,28.868,26.334,27.151,18.992,16.288,17.443,11.471,12.696,7.527,8.682,4.739,5.673,32.662,50.885,82.803,572.447,0.641,1.179,1.744,39,508.425,38.41,28.921,26.08,246.204,12.232,12.232,0.148,9.343,167.781,572.937,31,232,97.318,28.484,149.188,149.188,17.112,2.046,23.222,23.465,1.694,0.061,14,1,17000,1.361727836
1036,2.674,-2.308,2.241,-2.996,-0.36,35.453,0,414.533,21.09,18.641,20.214,13.492,10.581,11.736,7.436,8.66,4.674,5.829,2.796,3.526,9.589,29.575,0,11.762,12.657,14.211,455.247,0.966,1.655,2.241,0.905,-0.34,29,413.753,870080.485,30.85,20.914,18.17,187.318,1,0,-0.285,-1,-0.112,114.458,456.089,3,0,0,0,0,20,0,0,174,37.146,0,19.765,38.36,32.311,25.174,22.248,0,41.94,23.514,0,65.214,12.828,23.8,65.214,22.963,3.551,6.553,6.746,0.203,0,0,2,2,0,0,0,1,0,1,3,2.923,2.244,7.988,28.868,26.334,27.151,18.992,16.288,17.443,11.471,12.696,7.527,8.682,4.739,5.673,32.662,50.885,82.803,572.447,0.641,1.179,1.744,39,508.425,38.41,28.921,26.08,246.204,12.232,12.232,0.148,9.343,167.781,572.937,31,232,97.318,28.484,149.188,149.188,17.112,2.046,23.222,23.465,1.694,0.061,14,0.5,17000,1
1037,2.775,-2.308,2.242,-2.996,-0.4,35.453,0,538.939,24.244,20.828,22.4,15.297,11.503,12.657,8.265,9.414,5.239,6.454,3.052,3.961,14.384,48.193,7.11,6.924,10.471,14.211,513.253,0.97,1.636,2.212,0.87,-0.87,33,469.773,5204339.136,34.298,21.649,18.169,209.323,1,0,-0.359,-1,-0.571,125.395,514.125,3,0,0,0,0,21,0,0,196,41.883,0,19.765,38.36,26.558,31.491,22.501,0,51.472,29.484,0,71.256,13.485,33.331,65.214,34.388,3.426,6.18,5.428,0.16,0,0,3,3,0,0,0,1,0,1,3,2.923,2.244,7.988,28.868,26.334,27.151,18.992,16.288,17.443,11.471,12.696,7.527,8.682,4.739,5.673,32.662,50.885,82.803,572.447,0.641,1.179,1.744,39,508.425,38.41,28.921,26.08,246.204,12.232,12.232,0.148,9.343,167.781,572.937,31,232,97.318,28.484,149.188,149.188,17.112,2.046,23.222,23.465,1.694,0.061,14,4,17000,2.380211242
1038,2.775,-2.308,2.242,-2.996,-0.4,35.453,0,538.939,24.244,20.828,22.4,15.297,11.503,12.657,8.265,9.414,5.239,6.454,3.052,3.961,14.384,48.193,7.11,6.924,10.471,14.211,513.253,0.97,1.636,2.212,0.87,-0.87,33,469.773,5204339.136,34.298,21.649,18.169,209.323,1,0,-0.359,-1,-0.571,125.395,514.125,3,0,0,0,0,21,0,0,196,41.883,0,19.765,38.36,26.558,31.491,22.501,0,51.472,29.484,0,71.256,13.485,33.331,65.214,34.388,3.426,6.18,5.428,0.16,0,0,3,3,0,0,0,1,0,1,3,2.923,2.244,7.988,28.868,26.334,27.151,18.992,16.288,17.443,11.471,12.696,7.527,8.682,4.739,5.673,32.662,50.885,82.803,572.447,0.641,1.179,1.744,39,508.425,38.41,28.921,26.08,246.204,12.232,12.232,0.148,9.343,167.781,572.937,31,232,97.318,28.484,149.188,149.188,17.112,2.046,23.222,23.465,1.694,0.061,14,2,17000,2.636487896
1039,2.775,-2.308,2.242,-2.996,-0.4,35.453,0,538.939,24.244,20.828,22.4,15.297,11.503,12.657,8.265,9.414,5.239,6.454,3.052,3.961,14.384,48.193,7.11,6.924,10.471,14.211,513.253,0.97,1.636,2.212,0.87,-0.87,33,469.773,5204339.136,34.298,21.649,18.169,209.323,1,0,-0.359,-1,-0.571,125.395,514.125,3,0,0,0,0,21,0,0,196,41.883,0,19.765,38.36,26.558,31.491,22.501,0,51.472,29.484,0,71.256,13.485,33.331,65.214,34.388,3.426,6.18,5.428,0.16,0,0,3,3,0,0,0,1,0,1,3,2.923,2.244,7.988,28.868,26.334,27.151,18.992,16.288,17.443,11.471,12.696,7.527,8.682,4.739,5.673,32.662,50.885,82.803,572.447,0.641,1.179,1.744,39,508.425,38.41,28.921,26.08,246.204,12.232,12.232,0.148,9.343,167.781,572.937,31,232,97.318,28.484,149.188,149.188,17.112,2.046,23.222,23.465,1.694,0.061,14,1,17000,2.184691431
1040,2.775,-2.308,2.242,-2.996,-0.4,35.453,0,538.939,24.244,20.828,22.4,15.297,11.503,12.657,8.265,9.414,5.239,6.454,3.052,3.961,14.384,48.193,7.11,6.924,10.471,14.211,513.253,0.97,1.636,2.212,0.87,-0.87,33,469.773,5204339.136,34.298,21.649,18.169,209.323,1,0,-0.359,-1,-0.571,125.395,514.125,3,0,0,0,0,21,0,0,196,41.883,0,19.765,38.36,26.558,31.491,22.501,0,51.472,29.484,0,71.256,13.485,33.331,65.214,34.388,3.426,6.18,5.428,0.16,0,0,3,3,0,0,0,1,0,1,3,2.923,2.244,7.988,28.868,26.334,27.151,18.992,16.288,17.443,11.471,12.696,7.527,8.682,4.739,5.673,32.662,50.885,82.803,572.447,0.641,1.179,1.744,39,508.425,38.41,28.921,26.08,246.204,12.232,12.232,0.148,9.343,167.781,572.937,31,232,97.318,28.484,149.188,149.188,17.112,2.046,23.222,23.465,1.694,0.061,14,0.5,17000,1.113943352
1041,2.991,-2.308,2.243,-2.371,-0.151,32.166,3.964,687.795,32.023,28.483,29.299,20.818,17.105,18.26,11.938,13.163,7.707,8.861,4.746,5.621,14.384,23.075,38.773,11.762,30.988,14.211,630.464,0.744,1.395,2.023,0.912,-1.16,43,564.449,1101079577,41.84,29.545,25.828,268.04,0.465,0.164,-0.338,-0.465,6.831,179.82,630.977,1,0,0,1,0,32,0,0,254,29.222,5.907,46.454,89.43,39.524,18.629,28.748,0,28.594,29.422,10.217,124.007,12.791,28.594,124.007,37.989,-0.338,13.801,14.262,0.064,0,0,3,3,0,1,1,0,0,0,5,2.961,2.244,7.988,30.282,27.748,28.565,19.992,17.288,18.443,12.178,13.403,8.027,9.182,5.092,6.027,32.662,50.885,95.644,600.479,0.61,1.122,1.659,41,532.447,40.41,30.854,27.965,258.934,12.248,12.248,0.148,10.123,177.015,600.991,33,244,110.16,30.41,162.029,162.029,17.136,2.049,23.248,26.401,1.696,0.055,16,4,17000,4.505678952
1042,2.991,-2.308,2.243,-2.371,-0.151,32.166,3.964,687.795,32.023,28.483,29.299,20.818,17.105,18.26,11.938,13.163,7.707,8.861,4.746,5.621,14.384,23.075,38.773,11.762,30.988,14.211,630.464,0.744,1.395,2.023,0.912,-1.16,43,564.449,1101079577,41.84,29.545,25.828,268.04,0.465,0.164,-0.338,-0.465,6.831,179.82,630.977,1,0,0,1,0,32,0,0,254,29.222,5.907,46.454,89.43,39.524,18.629,28.748,0,28.594,29.422,10.217,124.007,12.791,28.594,124.007,37.989,-0.338,13.801,14.262,0.064,0,0,3,3,0,1,1,0,0,0,5,2.961,2.244,7.988,30.282,27.748,28.565,19.992,17.288,18.443,12.178,13.403,8.027,9.182,5.092,6.027,32.662,50.885,95.644,600.479,0.61,1.122,1.659,41,532.447,40.41,30.854,27.965,258.934,12.248,12.248,0.148,10.123,177.015,600.991,33,244,110.16,30.41,162.029,162.029,17.136,2.049,23.248,26.401,1.696,0.055,16,2,17000,3.310268367
1043,2.991,-2.308,2.243,-2.371,-0.151,32.166,3.964,687.795,32.023,28.483,29.299,20.818,17.105,18.26,11.938,13.163,7.707,8.861,4.746,5.621,14.384,23.075,38.773,11.762,30.988,14.211,630.464,0.744,1.395,2.023,0.912,-1.16,43,564.449,1101079577,41.84,29.545,25.828,268.04,0.465,0.164,-0.338,-0.465,6.831,179.82,630.977,1,0,0,1,0,32,0,0,254,29.222,5.907,46.454,89.43,39.524,18.629,28.748,0,28.594,29.422,10.217,124.007,12.791,28.594,124.007,37.989,-0.338,13.801,14.262,0.064,0,0,3,3,0,1,1,0,0,0,5,2.961,2.244,7.988,30.282,27.748,28.565,19.992,17.288,18.443,12.178,13.403,8.027,9.182,5.092,6.027,32.662,50.885,95.644,600.479,0.61,1.122,1.659,41,532.447,40.41,30.854,27.965,258.934,12.248,12.248,0.148,10.123,177.015,600.991,33,244,110.16,30.41,162.029,162.029,17.136,2.049,23.248,26.401,1.696,0.055,16,1,17000,1.278753601
1044,2.991,-2.308,2.243,-2.371,-0.151,32.166,3.964,687.795,32.023,28.483,29.299,20.818,17.105,18.26,11.938,13.163,7.707,8.861,4.746,5.621,14.384,23.075,38.773,11.762,30.988,14.211,630.464,0.744,1.395,2.023,0.912,-1.16,43,564.449,1101079577,41.84,29.545,25.828,268.04,0.465,0.164,-0.338,-0.465,6.831,179.82,630.977,1,0,0,1,0,32,0,0,254,29.222,5.907,46.454,89.43,39.524,18.629,28.748,0,28.594,29.422,10.217,124.007,12.791,28.594,124.007,37.989,-0.338,13.801,14.262,0.064,0,0,3,3,0,1,1,0,0,0,5,2.961,2.244,7.988,30.282,27.748,28.565,19.992,17.288,18.443,12.178,13.403,8.027,9.182,5.092,6.027,32.662,50.885,95.644,600.479,0.61,1.122,1.659,41,532.447,40.41,30.854,27.965,258.934,12.248,12.248,0.148,10.123,177.015,600.991,33,244,110.16,30.41,162.029,162.029,17.136,2.049,23.248,26.401,1.696,0.055,16,0.5,17000,1.556302501
1045,2.925,-2.34,2.243,-2.488,-0.151,32.166,2.127,674.022,28.772,24.756,25.572,18.853,14.76,15.914,10.632,11.856,7.206,8.36,4.54,5.414,14.384,29.682,0,16.662,11.824,19.317,574.365,0.872,1.564,2.205,0.897,-1.2,39,520.393,219846266.2,35.826,22.484,17.269,240.214,0.465,0.171,-0.344,-0.465,3.559,156.043,574.825,1,1,1,1,1,24,1,1,228,29.012,5.907,19.765,50.534,65.703,25.236,20.655,1,33.701,29.422,9.8,78.056,15.744,28.594,78.056,39.745,-0.344,7.784,9.634,0.137,1,1,3,3,1,0,1,0,1,0,3,2.961,2.244,7.988,30.282,27.748,28.565,19.992,17.288,18.443,12.178,13.403,8.027,9.182,5.092,6.027,32.662,50.885,95.644,600.479,0.61,1.122,1.659,41,532.447,40.41,30.854,27.965,258.934,12.248,12.248,0.148,10.123,177.015,600.991,33,244,110.16,30.41,162.029,162.029,17.136,2.049,23.248,26.401,1.696,0.055,16,4,17000,1.72427587
1046,2.925,-2.34,2.243,-2.488,-0.151,32.166,2.127,674.022,28.772,24.756,25.572,18.853,14.76,15.914,10.632,11.856,7.206,8.36,4.54,5.414,14.384,29.682,0,16.662,11.824,19.317,574.365,0.872,1.564,2.205,0.897,-1.2,39,520.393,219846266.2,35.826,22.484,17.269,240.214,0.465,0.171,-0.344,-0.465,3.559,156.043,574.825,1,1,1,1,1,24,1,1,228,29.012,5.907,19.765,50.534,65.703,25.236,20.655,1,33.701,29.422,9.8,78.056,15.744,28.594,78.056,39.745,-0.344,7.784,9.634,0.137,1,1,3,3,1,0,1,0,1,0,3,2.961,2.244,7.988,30.282,27.748,28.565,19.992,17.288,18.443,12.178,13.403,8.027,9.182,5.092,6.027,32.662,50.885,95.644,600.479,0.61,1.122,1.659,41,532.447,40.41,30.854,27.965,258.934,12.248,12.248,0.148,10.123,177.015,600.991,33,244,110.16,30.41,162.029,162.029,17.136,2.049,23.248,26.401,1.696,0.055,16,2,17000,1.602059991
1047,2.925,-2.34,2.243,-2.488,-0.151,32.166,2.127,674.022,28.772,24.756,25.572,18.853,14.76,15.914,10.632,11.856,7.206,8.36,4.54,5.414,14.384,29.682,0,16.662,11.824,19.317,574.365,0.872,1.564,2.205,0.897,-1.2,39,520.393,219846266.2,35.826,22.484,17.269,240.214,0.465,0.171,-0.344,-0.465,3.559,156.043,574.825,1,1,1,1,1,24,1,1,228,29.012,5.907,19.765,50.534,65.703,25.236,20.655,1,33.701,29.422,9.8,78.056,15.744,28.594,78.056,39.745,-0.344,7.784,9.634,0.137,1,1,3,3,1,0,1,0,1,0,3,2.961,2.244,7.988,30.282,27.748,28.565,19.992,17.288,18.443,12.178,13.403,8.027,9.182,5.092,6.027,32.662,50.885,95.644,600.479,0.61,1.122,1.659,41,532.447,40.41,30.854,27.965,258.934,12.248,12.248,0.148,10.123,177.015,600.991,33,244,110.16,30.41,162.029,162.029,17.136,2.049,23.248,26.401,1.696,0.055,16,1,17000,1.361727836
1048,2.925,-2.34,2.243,-2.488,-0.151,32.166,2.127,674.022,28.772,24.756,25.572,18.853,14.76,15.914,10.632,11.856,7.206,8.36,4.54,5.414,14.384,29.682,0,16.662,11.824,19.317,574.365,0.872,1.564,2.205,0.897,-1.2,39,520.393,219846266.2,35.826,22.484,17.269,240.214,0.465,0.171,-0.344,-0.465,3.559,156.043,574.825,1,1,1,1,1,24,1,1,228,29.012,5.907,19.765,50.534,65.703,25.236,20.655,1,33.701,29.422,9.8,78.056,15.744,28.594,78.056,39.745,-0.344,7.784,9.634,0.137,1,1,3,3,1,0,1,0,1,0,3,2.961,2.244,7.988,30.282,27.748,28.565,19.992,17.288,18.443,12.178,13.403,8.027,9.182,5.092,6.027,32.662,50.885,95.644,600.479,0.61,1.122,1.659,41,532.447,40.41,30.854,27.965,258.934,12.248,12.248,0.148,10.123,177.015,600.991,33,244,110.16,30.41,162.029,162.029,17.136,2.049,23.248,26.401,1.696,0.055,16,0.5,17000,1.51851394
1049,2.927,-2.308,2.242,-2.458,-0.151,32.166,2.071,662.934,28.608,24.861,25.678,18.904,14.898,16.053,10.627,11.852,7.038,8.192,4.405,5.28,14.384,23.075,0,11.762,22.457,14.211,573.381,0.923,1.641,2.333,0.897,-1.2,39,518.401,235200918.6,35.826,23.499,19.505,240.76,0.465,0.147,-0.336,-0.465,3.444,158.256,573.841,2,1,1,1,1,25,1,1,228,29.639,5.907,19.765,50.534,72.248,18.629,21.587,1,28.594,29.422,15.533,78.056,15.564,28.594,78.056,37.603,-0.336,7.819,11.445,0.125,0,0,3,3,0,2,1,0,1,0,3,2.961,2.244,7.988,30.282,27.748,28.565,19.992,17.288,18.443,12.178,13.403,8.027,9.182,5.092,6.027,32.662,50.885,95.644,600.479,0.61,1.122,1.659,41,532.447,40.41,30.854,27.965,258.934,12.248,12.248,0.148,10.123,177.015,600.991,33,244,110.16,30.41,162.029,162.029,17.136,2.049,23.248,26.401,1.696,0.055,16,4,17000,2.336459734
1050,2.927,-2.308,2.242,-2.458,-0.151,32.166,2.071,662.934,28.608,24.861,25.678,18.904,14.898,16.053,10.627,11.852,7.038,8.192,4.405,5.28,14.384,23.075,0,11.762,22.457,14.211,573.381,0.923,1.641,2.333,0.897,-1.2,39,518.401,235200918.6,35.826,23.499,19.505,240.76,0.465,0.147,-0.336,-0.465,3.444,158.256,573.841,2,1,1,1,1,25,1,1,228,29.639,5.907,19.765,50.534,72.248,18.629,21.587,1,28.594,29.422,15.533,78.056,15.564,28.594,78.056,37.603,-0.336,7.819,11.445,0.125,0,0,3,3,0,2,1,0,1,0,3,2.961,2.244,7.988,30.282,27.748,28.565,19.992,17.288,18.443,12.178,13.403,8.027,9.182,5.092,6.027,32.662,50.885,95.644,600.479,0.61,1.122,1.659,41,532.447,40.41,30.854,27.965,258.934,12.248,12.248,0.148,10.123,177.015,600.991,33,244,110.16,30.41,162.029,162.029,17.136,2.049,23.248,26.401,1.696,0.055,16,2,17000,2.598790507
1051,2.927,-2.308,2.242,-2.458,-0.151,32.166,2.071,662.934,28.608,24.861,25.678,18.904,14.898,16.053,10.627,11.852,7.038,8.192,4.405,5.28,14.384,23.075,0,11.762,22.457,14.211,573.381,0.923,1.641,2.333,0.897,-1.2,39,518.401,235200918.6,35.826,23.499,19.505,240.76,0.465,0.147,-0.336,-0.465,3.444,158.256,573.841,2,1,1,1,1,25,1,1,228,29.639,5.907,19.765,50.534,72.248,18.629,21.587,1,28.594,29.422,15.533,78.056,15.564,28.594,78.056,37.603,-0.336,7.819,11.445,0.125,0,0,3,3,0,2,1,0,1,0,3,2.961,2.244,7.988,30.282,27.748,28.565,19.992,17.288,18.443,12.178,13.403,8.027,9.182,5.092,6.027,32.662,50.885,95.644,600.479,0.61,1.122,1.659,41,532.447,40.41,30.854,27.965,258.934,12.248,12.248,0.148,10.123,177.015,600.991,33,244,110.16,30.41,162.029,162.029,17.136,2.049,23.248,26.401,1.696,0.055,16,1,17000,1.146128036
1052,2.927,-2.308,2.242,-2.458,-0.151,32.166,2.071,662.934,28.608,24.861,25.678,18.904,14.898,16.053,10.627,11.852,7.038,8.192,4.405,5.28,14.384,23.075,0,11.762,22.457,14.211,573.381,0.923,1.641,2.333,0.897,-1.2,39,518.401,235200918.6,35.826,23.499,19.505,240.76,0.465,0.147,-0.336,-0.465,3.444,158.256,573.841,2,1,1,1,1,25,1,1,228,29.639,5.907,19.765,50.534,72.248,18.629,21.587,1,28.594,29.422,15.533,78.056,15.564,28.594,78.056,37.603,-0.336,7.819,11.445,0.125,0,0,3,3,0,2,1,0,1,0,3,2.961,2.244,7.988,30.282,27.748,28.565,19.992,17.288,18.443,12.178,13.403,8.027,9.182,5.092,6.027,32.662,50.885,95.644,600.479,0.61,1.122,1.659,41,532.447,40.41,30.854,27.965,258.934,12.248,12.248,0.148,10.123,177.015,600.991,33,244,110.16,30.41,162.029,162.029,17.136,2.049,23.248,26.401,1.696,0.055,16,0.5,17000,-1
1053,2.674,-2.308,2.241,-2.996,-0.36,35.453,0,414.533,21.09,18.641,20.214,13.492,10.581,11.736,7.436,8.66,4.674,5.829,2.796,3.526,9.589,29.575,0,11.762,12.657,14.211,455.247,0.966,1.655,2.241,0.905,-0.34,29,413.753,870080.485,30.85,20.914,18.17,187.318,1,0,-0.285,-1,-0.112,114.458,456.089,3,0,0,0,0,20,0,0,174,37.146,0,19.765,38.36,32.311,25.174,22.248,0,41.94,23.514,0,65.214,12.828,23.8,65.214,22.963,3.551,6.553,6.746,0.203,0,0,2,2,0,0,0,1,0,1,3,2.961,2.244,7.988,30.282,27.748,28.565,19.992,17.288,18.443,12.178,13.403,8.027,9.182,5.092,6.027,32.662,50.885,95.644,600.479,0.61,1.122,1.659,41,532.447,40.41,30.854,27.965,258.934,12.248,12.248,0.148,10.123,177.015,600.991,33,244,110.16,30.41,162.029,162.029,17.136,2.049,23.248,26.401,1.696,0.055,16,4,17000,1.602059991
1054,2.674,-2.308,2.241,-2.996,-0.36,35.453,0,414.533,21.09,18.641,20.214,13.492,10.581,11.736,7.436,8.66,4.674,5.829,2.796,3.526,9.589,29.575,0,11.762,12.657,14.211,455.247,0.966,1.655,2.241,0.905,-0.34,29,413.753,870080.485,30.85,20.914,18.17,187.318,1,0,-0.285,-1,-0.112,114.458,456.089,3,0,0,0,0,20,0,0,174,37.146,0,19.765,38.36,32.311,25.174,22.248,0,41.94,23.514,0,65.214,12.828,23.8,65.214,22.963,3.551,6.553,6.746,0.203,0,0,2,2,0,0,0,1,0,1,3,2.961,2.244,7.988,30.282,27.748,28.565,19.992,17.288,18.443,12.178,13.403,8.027,9.182,5.092,6.027,32.662,50.885,95.644,600.479,0.61,1.122,1.659,41,532.447,40.41,30.854,27.965,258.934,12.248,12.248,0.148,10.123,177.015,600.991,33,244,110.16,30.41,162.029,162.029,17.136,2.049,23.248,26.401,1.696,0.055,16,2,17000,2.146128036
1055,2.674,-2.308,2.241,-2.996,-0.36,35.453,0,414.533,21.09,18.641,20.214,13.492,10.581,11.736,7.436,8.66,4.674,5.829,2.796,3.526,9.589,29.575,0,11.762,12.657,14.211,455.247,0.966,1.655,2.241,0.905,-0.34,29,413.753,870080.485,30.85,20.914,18.17,187.318,1,0,-0.285,-1,-0.112,114.458,456.089,3,0,0,0,0,20,0,0,174,37.146,0,19.765,38.36,32.311,25.174,22.248,0,41.94,23.514,0,65.214,12.828,23.8,65.214,22.963,3.551,6.553,6.746,0.203,0,0,2,2,0,0,0,1,0,1,3,2.961,2.244,7.988,30.282,27.748,28.565,19.992,17.288,18.443,12.178,13.403,8.027,9.182,5.092,6.027,32.662,50.885,95.644,600.479,0.61,1.122,1.659,41,532.447,40.41,30.854,27.965,258.934,12.248,12.248,0.148,10.123,177.015,600.991,33,244,110.16,30.41,162.029,162.029,17.136,2.049,23.248,26.401,1.696,0.055,16,1,17000,1.113943352
1056,2.674,-2.308,2.241,-2.996,-0.36,35.453,0,414.533,21.09,18.641,20.214,13.492,10.581,11.736,7.436,8.66,4.674,5.829,2.796,3.526,9.589,29.575,0,11.762,12.657,14.211,455.247,0.966,1.655,2.241,0.905,-0.34,29,413.753,870080.485,30.85,20.914,18.17,187.318,1,0,-0.285,-1,-0.112,114.458,456.089,3,0,0,0,0,20,0,0,174,37.146,0,19.765,38.36,32.311,25.174,22.248,0,41.94,23.514,0,65.214,12.828,23.8,65.214,22.963,3.551,6.553,6.746,0.203,0,0,2,2,0,0,0,1,0,1,3,2.961,2.244,7.988,30.282,27.748,28.565,19.992,17.288,18.443,12.178,13.403,8.027,9.182,5.092,6.027,32.662,50.885,95.644,600.479,0.61,1.122,1.659,41,532.447,40.41,30.854,27.965,258.934,12.248,12.248,0.148,10.123,177.015,600.991,33,244,110.16,30.41,162.029,162.029,17.136,2.049,23.248,26.401,1.696,0.055,16,0.5,17000,1.755874856
1057,2.775,-2.308,2.242,-2.996,-0.4,35.453,0,538.939,24.244,20.828,22.4,15.297,11.503,12.657,8.265,9.414,5.239,6.454,3.052,3.961,14.384,48.193,7.11,6.924,10.471,14.211,513.253,0.97,1.636,2.212,0.87,-0.87,33,469.773,5204339.136,34.298,21.649,18.169,209.323,1,0,-0.359,-1,-0.571,125.395,514.125,3,0,0,0,0,21,0,0,196,41.883,0,19.765,38.36,26.558,31.491,22.501,0,51.472,29.484,0,71.256,13.485,33.331,65.214,34.388,3.426,6.18,5.428,0.16,0,0,3,3,0,0,0,1,0,1,3,2.961,2.244,7.988,30.282,27.748,28.565,19.992,17.288,18.443,12.178,13.403,8.027,9.182,5.092,6.027,32.662,50.885,95.644,600.479,0.61,1.122,1.659,41,532.447,40.41,30.854,27.965,258.934,12.248,12.248,0.148,10.123,177.015,600.991,33,244,110.16,30.41,162.029,162.029,17.136,2.049,23.248,26.401,1.696,0.055,16,4,17000,1.77815125
1058,2.775,-2.308,2.242,-2.996,-0.4,35.453,0,538.939,24.244,20.828,22.4,15.297,11.503,12.657,8.265,9.414,5.239,6.454,3.052,3.961,14.384,48.193,7.11,6.924,10.471,14.211,513.253,0.97,1.636,2.212,0.87,-0.87,33,469.773,5204339.136,34.298,21.649,18.169,209.323,1,0,-0.359,-1,-0.571,125.395,514.125,3,0,0,0,0,21,0,0,196,41.883,0,19.765,38.36,26.558,31.491,22.501,0,51.472,29.484,0,71.256,13.485,33.331,65.214,34.388,3.426,6.18,5.428,0.16,0,0,3,3,0,0,0,1,0,1,3,2.961,2.244,7.988,30.282,27.748,28.565,19.992,17.288,18.443,12.178,13.403,8.027,9.182,5.092,6.027,32.662,50.885,95.644,600.479,0.61,1.122,1.659,41,532.447,40.41,30.854,27.965,258.934,12.248,12.248,0.148,10.123,177.015,600.991,33,244,110.16,30.41,162.029,162.029,17.136,2.049,23.248,26.401,1.696,0.055,16,2,17000,1.301029996
1059,2.775,-2.308,2.242,-2.996,-0.4,35.453,0,538.939,24.244,20.828,22.4,15.297,11.503,12.657,8.265,9.414,5.239,6.454,3.052,3.961,14.384,48.193,7.11,6.924,10.471,14.211,513.253,0.97,1.636,2.212,0.87,-0.87,33,469.773,5204339.136,34.298,21.649,18.169,209.323,1,0,-0.359,-1,-0.571,125.395,514.125,3,0,0,0,0,21,0,0,196,41.883,0,19.765,38.36,26.558,31.491,22.501,0,51.472,29.484,0,71.256,13.485,33.331,65.214,34.388,3.426,6.18,5.428,0.16,0,0,3,3,0,0,0,1,0,1,3,2.961,2.244,7.988,30.282,27.748,28.565,19.992,17.288,18.443,12.178,13.403,8.027,9.182,5.092,6.027,32.662,50.885,95.644,600.479,0.61,1.122,1.659,41,532.447,40.41,30.854,27.965,258.934,12.248,12.248,0.148,10.123,177.015,600.991,33,244,110.16,30.41,162.029,162.029,17.136,2.049,23.248,26.401,1.696,0.055,16,1,17000,1.414973348
1060,2.775,-2.308,2.242,-2.996,-0.4,35.453,0,538.939,24.244,20.828,22.4,15.297,11.503,12.657,8.265,9.414,5.239,6.454,3.052,3.961,14.384,48.193,7.11,6.924,10.471,14.211,513.253,0.97,1.636,2.212,0.87,-0.87,33,469.773,5204339.136,34.298,21.649,18.169,209.323,1,0,-0.359,-1,-0.571,125.395,514.125,3,0,0,0,0,21,0,0,196,41.883,0,19.765,38.36,26.558,31.491,22.501,0,51.472,29.484,0,71.256,13.485,33.331,65.214,34.388,3.426,6.18,5.428,0.16,0,0,3,3,0,0,0,1,0,1,3,2.961,2.244,7.988,30.282,27.748,28.565,19.992,17.288,18.443,12.178,13.403,8.027,9.182,5.092,6.027,32.662,50.885,95.644,600.479,0.61,1.122,1.659,41,532.447,40.41,30.854,27.965,258.934,12.248,12.248,0.148,10.123,177.015,600.991,33,244,110.16,30.41,162.029,162.029,17.136,2.049,23.248,26.401,1.696,0.055,16,0.5,17000,1
1061,2.991,-2.308,2.243,-2.371,-0.151,32.166,3.964,687.795,32.023,28.483,29.299,20.818,17.105,18.26,11.938,13.163,7.707,8.861,4.746,5.621,14.384,23.075,38.773,11.762,30.988,14.211,630.464,0.744,1.395,2.023,0.912,-1.16,43,564.449,1101079577,41.84,29.545,25.828,268.04,0.465,0.164,-0.338,-0.465,6.831,179.82,630.977,1,0,0,1,0,32,0,0,254,29.222,5.907,46.454,89.43,39.524,18.629,28.748,0,28.594,29.422,10.217,124.007,12.791,28.594,124.007,37.989,-0.338,13.801,14.262,0.064,0,0,3,3,0,1,1,0,0,0,5,2.996,2.244,7.988,31.696,29.163,29.979,20.992,18.288,19.443,12.885,14.11,8.527,9.682,5.446,6.38,32.662,50.885,108.486,628.51,0.581,1.07,1.581,43,556.469,42.41,32.793,29.86,271.664,12.261,12.261,0.147,10.903,186.249,629.045,35,256,123.001,32.343,174.871,174.871,17.156,2.051,23.271,29.348,1.697,0.051,18,4,17000,1.995635195
1062,2.991,-2.308,2.243,-2.371,-0.151,32.166,3.964,687.795,32.023,28.483,29.299,20.818,17.105,18.26,11.938,13.163,7.707,8.861,4.746,5.621,14.384,23.075,38.773,11.762,30.988,14.211,630.464,0.744,1.395,2.023,0.912,-1.16,43,564.449,1101079577,41.84,29.545,25.828,268.04,0.465,0.164,-0.338,-0.465,6.831,179.82,630.977,1,0,0,1,0,32,0,0,254,29.222,5.907,46.454,89.43,39.524,18.629,28.748,0,28.594,29.422,10.217,124.007,12.791,28.594,124.007,37.989,-0.338,13.801,14.262,0.064,0,0,3,3,0,1,1,0,0,0,5,2.996,2.244,7.988,31.696,29.163,29.979,20.992,18.288,19.443,12.885,14.11,8.527,9.682,5.446,6.38,32.662,50.885,108.486,628.51,0.581,1.07,1.581,43,556.469,42.41,32.793,29.86,271.664,12.261,12.261,0.147,10.903,186.249,629.045,35,256,123.001,32.343,174.871,174.871,17.156,2.051,23.271,29.348,1.697,0.051,18,2,17000,1.69019608
1063,2.991,-2.308,2.243,-2.371,-0.151,32.166,3.964,687.795,32.023,28.483,29.299,20.818,17.105,18.26,11.938,13.163,7.707,8.861,4.746,5.621,14.384,23.075,38.773,11.762,30.988,14.211,630.464,0.744,1.395,2.023,0.912,-1.16,43,564.449,1101079577,41.84,29.545,25.828,268.04,0.465,0.164,-0.338,-0.465,6.831,179.82,630.977,1,0,0,1,0,32,0,0,254,29.222,5.907,46.454,89.43,39.524,18.629,28.748,0,28.594,29.422,10.217,124.007,12.791,28.594,124.007,37.989,-0.338,13.801,14.262,0.064,0,0,3,3,0,1,1,0,0,0,5,2.996,2.244,7.988,31.696,29.163,29.979,20.992,18.288,19.443,12.885,14.11,8.527,9.682,5.446,6.38,32.662,50.885,108.486,628.51,0.581,1.07,1.581,43,556.469,42.41,32.793,29.86,271.664,12.261,12.261,0.147,10.903,186.249,629.045,35,256,123.001,32.343,174.871,174.871,17.156,2.051,23.271,29.348,1.697,0.051,18,1,17000,2.424881637
1064,2.991,-2.308,2.243,-2.371,-0.151,32.166,3.964,687.795,32.023,28.483,29.299,20.818,17.105,18.26,11.938,13.163,7.707,8.861,4.746,5.621,14.384,23.075,38.773,11.762,30.988,14.211,630.464,0.744,1.395,2.023,0.912,-1.16,43,564.449,1101079577,41.84,29.545,25.828,268.04,0.465,0.164,-0.338,-0.465,6.831,179.82,630.977,1,0,0,1,0,32,0,0,254,29.222,5.907,46.454,89.43,39.524,18.629,28.748,0,28.594,29.422,10.217,124.007,12.791,28.594,124.007,37.989,-0.338,13.801,14.262,0.064,0,0,3,3,0,1,1,0,0,0,5,2.996,2.244,7.988,31.696,29.163,29.979,20.992,18.288,19.443,12.885,14.11,8.527,9.682,5.446,6.38,32.662,50.885,108.486,628.51,0.581,1.07,1.581,43,556.469,42.41,32.793,29.86,271.664,12.261,12.261,0.147,10.903,186.249,629.045,35,256,123.001,32.343,174.871,174.871,17.156,2.051,23.271,29.348,1.697,0.051,18,0.5,17000,1.633468456
1065,2.925,-2.34,2.243,-2.488,-0.151,32.166,2.127,674.022,28.772,24.756,25.572,18.853,14.76,15.914,10.632,11.856,7.206,8.36,4.54,5.414,14.384,29.682,0,16.662,11.824,19.317,574.365,0.872,1.564,2.205,0.897,-1.2,39,520.393,219846266.2,35.826,22.484,17.269,240.214,0.465,0.171,-0.344,-0.465,3.559,156.043,574.825,1,1,1,1,1,24,1,1,228,29.012,5.907,19.765,50.534,65.703,25.236,20.655,1,33.701,29.422,9.8,78.056,15.744,28.594,78.056,39.745,-0.344,7.784,9.634,0.137,1,1,3,3,1,0,1,0,1,0,3,2.996,2.244,7.988,31.696,29.163,29.979,20.992,18.288,19.443,12.885,14.11,8.527,9.682,5.446,6.38,32.662,50.885,108.486,628.51,0.581,1.07,1.581,43,556.469,42.41,32.793,29.86,271.664,12.261,12.261,0.147,10.903,186.249,629.045,35,256,123.001,32.343,174.871,174.871,17.156,2.051,23.271,29.348,1.697,0.051,18,4,17000,1.86332286
1066,2.925,-2.34,2.243,-2.488,-0.151,32.166,2.127,674.022,28.772,24.756,25.572,18.853,14.76,15.914,10.632,11.856,7.206,8.36,4.54,5.414,14.384,29.682,0,16.662,11.824,19.317,574.365,0.872,1.564,2.205,0.897,-1.2,39,520.393,219846266.2,35.826,22.484,17.269,240.214,0.465,0.171,-0.344,-0.465,3.559,156.043,574.825,1,1,1,1,1,24,1,1,228,29.012,5.907,19.765,50.534,65.703,25.236,20.655,1,33.701,29.422,9.8,78.056,15.744,28.594,78.056,39.745,-0.344,7.784,9.634,0.137,1,1,3,3,1,0,1,0,1,0,3,2.996,2.244,7.988,31.696,29.163,29.979,20.992,18.288,19.443,12.885,14.11,8.527,9.682,5.446,6.38,32.662,50.885,108.486,628.51,0.581,1.07,1.581,43,556.469,42.41,32.793,29.86,271.664,12.261,12.261,0.147,10.903,186.249,629.045,35,256,123.001,32.343,174.871,174.871,17.156,2.051,23.271,29.348,1.697,0.051,18,2,17000,2.806179974
1067,2.925,-2.34,2.243,-2.488,-0.151,32.166,2.127,674.022,28.772,24.756,25.572,18.853,14.76,15.914,10.632,11.856,7.206,8.36,4.54,5.414,14.384,29.682,0,16.662,11.824,19.317,574.365,0.872,1.564,2.205,0.897,-1.2,39,520.393,219846266.2,35.826,22.484,17.269,240.214,0.465,0.171,-0.344,-0.465,3.559,156.043,574.825,1,1,1,1,1,24,1,1,228,29.012,5.907,19.765,50.534,65.703,25.236,20.655,1,33.701,29.422,9.8,78.056,15.744,28.594,78.056,39.745,-0.344,7.784,9.634,0.137,1,1,3,3,1,0,1,0,1,0,3,2.996,2.244,7.988,31.696,29.163,29.979,20.992,18.288,19.443,12.885,14.11,8.527,9.682,5.446,6.38,32.662,50.885,108.486,628.51,0.581,1.07,1.581,43,556.469,42.41,32.793,29.86,271.664,12.261,12.261,0.147,10.903,186.249,629.045,35,256,123.001,32.343,174.871,174.871,17.156,2.051,23.271,29.348,1.697,0.051,18,1,17000,3.636888907
1068,2.925,-2.34,2.243,-2.488,-0.151,32.166,2.127,674.022,28.772,24.756,25.572,18.853,14.76,15.914,10.632,11.856,7.206,8.36,4.54,5.414,14.384,29.682,0,16.662,11.824,19.317,574.365,0.872,1.564,2.205,0.897,-1.2,39,520.393,219846266.2,35.826,22.484,17.269,240.214,0.465,0.171,-0.344,-0.465,3.559,156.043,574.825,1,1,1,1,1,24,1,1,228,29.012,5.907,19.765,50.534,65.703,25.236,20.655,1,33.701,29.422,9.8,78.056,15.744,28.594,78.056,39.745,-0.344,7.784,9.634,0.137,1,1,3,3,1,0,1,0,1,0,3,2.996,2.244,7.988,31.696,29.163,29.979,20.992,18.288,19.443,12.885,14.11,8.527,9.682,5.446,6.38,32.662,50.885,108.486,628.51,0.581,1.07,1.581,43,556.469,42.41,32.793,29.86,271.664,12.261,12.261,0.147,10.903,186.249,629.045,35,256,123.001,32.343,174.871,174.871,17.156,2.051,23.271,29.348,1.697,0.051,18,0.5,17000,2.646403726
1069,2.927,-2.308,2.242,-2.458,-0.151,32.166,2.071,662.934,28.608,24.861,25.678,18.904,14.898,16.053,10.627,11.852,7.038,8.192,4.405,5.28,14.384,23.075,0,11.762,22.457,14.211,573.381,0.923,1.641,2.333,0.897,-1.2,39,518.401,235200918.6,35.826,23.499,19.505,240.76,0.465,0.147,-0.336,-0.465,3.444,158.256,573.841,2,1,1,1,1,25,1,1,228,29.639,5.907,19.765,50.534,72.248,18.629,21.587,1,28.594,29.422,15.533,78.056,15.564,28.594,78.056,37.603,-0.336,7.819,11.445,0.125,0,0,3,3,0,2,1,0,1,0,3,2.996,2.244,7.988,31.696,29.163,29.979,20.992,18.288,19.443,12.885,14.11,8.527,9.682,5.446,6.38,32.662,50.885,108.486,628.51,0.581,1.07,1.581,43,556.469,42.41,32.793,29.86,271.664,12.261,12.261,0.147,10.903,186.249,629.045,35,256,123.001,32.343,174.871,174.871,17.156,2.051,23.271,29.348,1.697,0.051,18,4,17000,1.301029996
1070,2.927,-2.308,2.242,-2.458,-0.151,32.166,2.071,662.934,28.608,24.861,25.678,18.904,14.898,16.053,10.627,11.852,7.038,8.192,4.405,5.28,14.384,23.075,0,11.762,22.457,14.211,573.381,0.923,1.641,2.333,0.897,-1.2,39,518.401,235200918.6,35.826,23.499,19.505,240.76,0.465,0.147,-0.336,-0.465,3.444,158.256,573.841,2,1,1,1,1,25,1,1,228,29.639,5.907,19.765,50.534,72.248,18.629,21.587,1,28.594,29.422,15.533,78.056,15.564,28.594,78.056,37.603,-0.336,7.819,11.445,0.125,0,0,3,3,0,2,1,0,1,0,3,2.996,2.244,7.988,31.696,29.163,29.979,20.992,18.288,19.443,12.885,14.11,8.527,9.682,5.446,6.38,32.662,50.885,108.486,628.51,0.581,1.07,1.581,43,556.469,42.41,32.793,29.86,271.664,12.261,12.261,0.147,10.903,186.249,629.045,35,256,123.001,32.343,174.871,174.871,17.156,2.051,23.271,29.348,1.697,0.051,18,2,17000,0.84509804
1071,2.927,-2.308,2.242,-2.458,-0.151,32.166,2.071,662.934,28.608,24.861,25.678,18.904,14.898,16.053,10.627,11.852,7.038,8.192,4.405,5.28,14.384,23.075,0,11.762,22.457,14.211,573.381,0.923,1.641,2.333,0.897,-1.2,39,518.401,235200918.6,35.826,23.499,19.505,240.76,0.465,0.147,-0.336,-0.465,3.444,158.256,573.841,2,1,1,1,1,25,1,1,228,29.639,5.907,19.765,50.534,72.248,18.629,21.587,1,28.594,29.422,15.533,78.056,15.564,28.594,78.056,37.603,-0.336,7.819,11.445,0.125,0,0,3,3,0,2,1,0,1,0,3,2.996,2.244,7.988,31.696,29.163,29.979,20.992,18.288,19.443,12.885,14.11,8.527,9.682,5.446,6.38,32.662,50.885,108.486,628.51,0.581,1.07,1.581,43,556.469,42.41,32.793,29.86,271.664,12.261,12.261,0.147,10.903,186.249,629.045,35,256,123.001,32.343,174.871,174.871,17.156,2.051,23.271,29.348,1.697,0.051,18,1,17000,1
1072,2.927,-2.308,2.242,-2.458,-0.151,32.166,2.071,662.934,28.608,24.861,25.678,18.904,14.898,16.053,10.627,11.852,7.038,8.192,4.405,5.28,14.384,23.075,0,11.762,22.457,14.211,573.381,0.923,1.641,2.333,0.897,-1.2,39,518.401,235200918.6,35.826,23.499,19.505,240.76,0.465,0.147,-0.336,-0.465,3.444,158.256,573.841,2,1,1,1,1,25,1,1,228,29.639,5.907,19.765,50.534,72.248,18.629,21.587,1,28.594,29.422,15.533,78.056,15.564,28.594,78.056,37.603,-0.336,7.819,11.445,0.125,0,0,3,3,0,2,1,0,1,0,3,2.996,2.244,7.988,31.696,29.163,29.979,20.992,18.288,19.443,12.885,14.11,8.527,9.682,5.446,6.38,32.662,50.885,108.486,628.51,0.581,1.07,1.581,43,556.469,42.41,32.793,29.86,271.664,12.261,12.261,0.147,10.903,186.249,629.045,35,256,123.001,32.343,174.871,174.871,17.156,2.051,23.271,29.348,1.697,0.051,18,0.5,17000,1.230448921
1073,2.674,-2.308,2.241,-2.996,-0.36,35.453,0,414.533,21.09,18.641,20.214,13.492,10.581,11.736,7.436,8.66,4.674,5.829,2.796,3.526,9.589,29.575,0,11.762,12.657,14.211,455.247,0.966,1.655,2.241,0.905,-0.34,29,413.753,870080.485,30.85,20.914,18.17,187.318,1,0,-0.285,-1,-0.112,114.458,456.089,3,0,0,0,0,20,0,0,174,37.146,0,19.765,38.36,32.311,25.174,22.248,0,41.94,23.514,0,65.214,12.828,23.8,65.214,22.963,3.551,6.553,6.746,0.203,0,0,2,2,0,0,0,1,0,1,3,2.996,2.244,7.988,31.696,29.163,29.979,20.992,18.288,19.443,12.885,14.11,8.527,9.682,5.446,6.38,32.662,50.885,108.486,628.51,0.581,1.07,1.581,43,556.469,42.41,32.793,29.86,271.664,12.261,12.261,0.147,10.903,186.249,629.045,35,256,123.001,32.343,174.871,174.871,17.156,2.051,23.271,29.348,1.697,0.051,18,4,17000,0.84509804
1074,2.674,-2.308,2.241,-2.996,-0.36,35.453,0,414.533,21.09,18.641,20.214,13.492,10.581,11.736,7.436,8.66,4.674,5.829,2.796,3.526,9.589,29.575,0,11.762,12.657,14.211,455.247,0.966,1.655,2.241,0.905,-0.34,29,413.753,870080.485,30.85,20.914,18.17,187.318,1,0,-0.285,-1,-0.112,114.458,456.089,3,0,0,0,0,20,0,0,174,37.146,0,19.765,38.36,32.311,25.174,22.248,0,41.94,23.514,0,65.214,12.828,23.8,65.214,22.963,3.551,6.553,6.746,0.203,0,0,2,2,0,0,0,1,0,1,3,2.996,2.244,7.988,31.696,29.163,29.979,20.992,18.288,19.443,12.885,14.11,8.527,9.682,5.446,6.38,32.662,50.885,108.486,628.51,0.581,1.07,1.581,43,556.469,42.41,32.793,29.86,271.664,12.261,12.261,0.147,10.903,186.249,629.045,35,256,123.001,32.343,174.871,174.871,17.156,2.051,23.271,29.348,1.697,0.051,18,2,17000,2.385606274
1075,2.674,-2.308,2.241,-2.996,-0.36,35.453,0,414.533,21.09,18.641,20.214,13.492,10.581,11.736,7.436,8.66,4.674,5.829,2.796,3.526,9.589,29.575,0,11.762,12.657,14.211,455.247,0.966,1.655,2.241,0.905,-0.34,29,413.753,870080.485,30.85,20.914,18.17,187.318,1,0,-0.285,-1,-0.112,114.458,456.089,3,0,0,0,0,20,0,0,174,37.146,0,19.765,38.36,32.311,25.174,22.248,0,41.94,23.514,0,65.214,12.828,23.8,65.214,22.963,3.551,6.553,6.746,0.203,0,0,2,2,0,0,0,1,0,1,3,2.996,2.244,7.988,31.696,29.163,29.979,20.992,18.288,19.443,12.885,14.11,8.527,9.682,5.446,6.38,32.662,50.885,108.486,628.51,0.581,1.07,1.581,43,556.469,42.41,32.793,29.86,271.664,12.261,12.261,0.147,10.903,186.249,629.045,35,256,123.001,32.343,174.871,174.871,17.156,2.051,23.271,29.348,1.697,0.051,18,1,17000,2.113943352
1076,2.674,-2.308,2.241,-2.996,-0.36,35.453,0,414.533,21.09,18.641,20.214,13.492,10.581,11.736,7.436,8.66,4.674,5.829,2.796,3.526,9.589,29.575,0,11.762,12.657,14.211,455.247,0.966,1.655,2.241,0.905,-0.34,29,413.753,870080.485,30.85,20.914,18.17,187.318,1,0,-0.285,-1,-0.112,114.458,456.089,3,0,0,0,0,20,0,0,174,37.146,0,19.765,38.36,32.311,25.174,22.248,0,41.94,23.514,0,65.214,12.828,23.8,65.214,22.963,3.551,6.553,6.746,0.203,0,0,2,2,0,0,0,1,0,1,3,2.996,2.244,7.988,31.696,29.163,29.979,20.992,18.288,19.443,12.885,14.11,8.527,9.682,5.446,6.38,32.662,50.885,108.486,628.51,0.581,1.07,1.581,43,556.469,42.41,32.793,29.86,271.664,12.261,12.261,0.147,10.903,186.249,629.045,35,256,123.001,32.343,174.871,174.871,17.156,2.051,23.271,29.348,1.697,0.051,18,0.5,17000,2.204119983
1077,2.775,-2.308,2.242,-2.996,-0.4,35.453,0,538.939,24.244,20.828,22.4,15.297,11.503,12.657,8.265,9.414,5.239,6.454,3.052,3.961,14.384,48.193,7.11,6.924,10.471,14.211,513.253,0.97,1.636,2.212,0.87,-0.87,33,469.773,5204339.136,34.298,21.649,18.169,209.323,1,0,-0.359,-1,-0.571,125.395,514.125,3,0,0,0,0,21,0,0,196,41.883,0,19.765,38.36,26.558,31.491,22.501,0,51.472,29.484,0,71.256,13.485,33.331,65.214,34.388,3.426,6.18,5.428,0.16,0,0,3,3,0,0,0,1,0,1,3,2.996,2.244,7.988,31.696,29.163,29.979,20.992,18.288,19.443,12.885,14.11,8.527,9.682,5.446,6.38,32.662,50.885,108.486,628.51,0.581,1.07,1.581,43,556.469,42.41,32.793,29.86,271.664,12.261,12.261,0.147,10.903,186.249,629.045,35,256,123.001,32.343,174.871,174.871,17.156,2.051,23.271,29.348,1.697,0.051,18,4,17000,2.544068044
1078,2.775,-2.308,2.242,-2.996,-0.4,35.453,0,538.939,24.244,20.828,22.4,15.297,11.503,12.657,8.265,9.414,5.239,6.454,3.052,3.961,14.384,48.193,7.11,6.924,10.471,14.211,513.253,0.97,1.636,2.212,0.87,-0.87,33,469.773,5204339.136,34.298,21.649,18.169,209.323,1,0,-0.359,-1,-0.571,125.395,514.125,3,0,0,0,0,21,0,0,196,41.883,0,19.765,38.36,26.558,31.491,22.501,0,51.472,29.484,0,71.256,13.485,33.331,65.214,34.388,3.426,6.18,5.428,0.16,0,0,3,3,0,0,0,1,0,1,3,2.996,2.244,7.988,31.696,29.163,29.979,20.992,18.288,19.443,12.885,14.11,8.527,9.682,5.446,6.38,32.662,50.885,108.486,628.51,0.581,1.07,1.581,43,556.469,42.41,32.793,29.86,271.664,12.261,12.261,0.147,10.903,186.249,629.045,35,256,123.001,32.343,174.871,174.871,17.156,2.051,23.271,29.348,1.697,0.051,18,2,17000,2.31386722
1079,2.775,-2.308,2.242,-2.996,-0.4,35.453,0,538.939,24.244,20.828,22.4,15.297,11.503,12.657,8.265,9.414,5.239,6.454,3.052,3.961,14.384,48.193,7.11,6.924,10.471,14.211,513.253,0.97,1.636,2.212,0.87,-0.87,33,469.773,5204339.136,34.298,21.649,18.169,209.323,1,0,-0.359,-1,-0.571,125.395,514.125,3,0,0,0,0,21,0,0,196,41.883,0,19.765,38.36,26.558,31.491,22.501,0,51.472,29.484,0,71.256,13.485,33.331,65.214,34.388,3.426,6.18,5.428,0.16,0,0,3,3,0,0,0,1,0,1,3,2.996,2.244,7.988,31.696,29.163,29.979,20.992,18.288,19.443,12.885,14.11,8.527,9.682,5.446,6.38,32.662,50.885,108.486,628.51,0.581,1.07,1.581,43,556.469,42.41,32.793,29.86,271.664,12.261,12.261,0.147,10.903,186.249,629.045,35,256,123.001,32.343,174.871,174.871,17.156,2.051,23.271,29.348,1.697,0.051,18,1,17000,1.301029996
1080,2.775,-2.308,2.242,-2.996,-0.4,35.453,0,538.939,24.244,20.828,22.4,15.297,11.503,12.657,8.265,9.414,5.239,6.454,3.052,3.961,14.384,48.193,7.11,6.924,10.471,14.211,513.253,0.97,1.636,2.212,0.87,-0.87,33,469.773,5204339.136,34.298,21.649,18.169,209.323,1,0,-0.359,-1,-0.571,125.395,514.125,3,0,0,0,0,21,0,0,196,41.883,0,19.765,38.36,26.558,31.491,22.501,0,51.472,29.484,0,71.256,13.485,33.331,65.214,34.388,3.426,6.18,5.428,0.16,0,0,3,3,0,0,0,1,0,1,3,2.996,2.244,7.988,31.696,29.163,29.979,20.992,18.288,19.443,12.885,14.11,8.527,9.682,5.446,6.38,32.662,50.885,108.486,628.51,0.581,1.07,1.581,43,556.469,42.41,32.793,29.86,271.664,12.261,12.261,0.147,10.903,186.249,629.045,35,256,123.001,32.343,174.871,174.871,17.156,2.051,23.271,29.348,1.697,0.051,18,0.5,17000,1.556302501
1081,2.991,-2.308,2.243,-2.371,-0.151,32.166,3.964,687.795,32.023,28.483,29.299,20.818,17.105,18.26,11.938,13.163,7.707,8.861,4.746,5.621,14.384,23.075,38.773,11.762,30.988,14.211,630.464,0.744,1.395,2.023,0.912,-1.16,43,564.449,1101079577,41.84,29.545,25.828,268.04,0.465,0.164,-0.338,-0.465,6.831,179.82,630.977,1,0,0,1,0,32,0,0,254,29.222,5.907,46.454,89.43,39.524,18.629,28.748,0,28.594,29.422,10.217,124.007,12.791,28.594,124.007,37.989,-0.338,13.801,14.262,0.064,0,0,3,3,0,1,1,0,0,0,5,2.671,2.242,7.988,21.96,19.426,20.243,13.848,11.144,12.299,8.438,9.588,4.836,6.316,2.911,3.871,32.662,56.803,5.753,432.291,0.966,1.655,2.241,29,388.315,28.41,18.201,16.848,182.555,12.093,12.093,0.157,5.298,121.541,432.667,20,172,33.613,17.83,79.062,79.062,16.869,1.972,23.008,6.595,1.676,0.192,3,4,17000,4.25224605
1082,2.991,-2.308,2.243,-2.371,-0.151,32.166,3.964,687.795,32.023,28.483,29.299,20.818,17.105,18.26,11.938,13.163,7.707,8.861,4.746,5.621,14.384,23.075,38.773,11.762,30.988,14.211,630.464,0.744,1.395,2.023,0.912,-1.16,43,564.449,1101079577,41.84,29.545,25.828,268.04,0.465,0.164,-0.338,-0.465,6.831,179.82,630.977,1,0,0,1,0,32,0,0,254,29.222,5.907,46.454,89.43,39.524,18.629,28.748,0,28.594,29.422,10.217,124.007,12.791,28.594,124.007,37.989,-0.338,13.801,14.262,0.064,0,0,3,3,0,1,1,0,0,0,5,2.671,2.242,7.988,21.96,19.426,20.243,13.848,11.144,12.299,8.438,9.588,4.836,6.316,2.911,3.871,32.662,56.803,5.753,432.291,0.966,1.655,2.241,29,388.315,28.41,18.201,16.848,182.555,12.093,12.093,0.157,5.298,121.541,432.667,20,172,33.613,17.83,79.062,79.062,16.869,1.972,23.008,6.595,1.676,0.192,3,2,17000,4.57774449
1083,2.991,-2.308,2.243,-2.371,-0.151,32.166,3.964,687.795,32.023,28.483,29.299,20.818,17.105,18.26,11.938,13.163,7.707,8.861,4.746,5.621,14.384,23.075,38.773,11.762,30.988,14.211,630.464,0.744,1.395,2.023,0.912,-1.16,43,564.449,1101079577,41.84,29.545,25.828,268.04,0.465,0.164,-0.338,-0.465,6.831,179.82,630.977,1,0,0,1,0,32,0,0,254,29.222,5.907,46.454,89.43,39.524,18.629,28.748,0,28.594,29.422,10.217,124.007,12.791,28.594,124.007,37.989,-0.338,13.801,14.262,0.064,0,0,3,3,0,1,1,0,0,0,5,2.671,2.242,7.988,21.96,19.426,20.243,13.848,11.144,12.299,8.438,9.588,4.836,6.316,2.911,3.871,32.662,56.803,5.753,432.291,0.966,1.655,2.241,29,388.315,28.41,18.201,16.848,182.555,12.093,12.093,0.157,5.298,121.541,432.667,20,172,33.613,17.83,79.062,79.062,16.869,1.972,23.008,6.595,1.676,0.192,3,1,17000,3.649821463
1084,2.991,-2.308,2.243,-2.371,-0.151,32.166,3.964,687.795,32.023,28.483,29.299,20.818,17.105,18.26,11.938,13.163,7.707,8.861,4.746,5.621,14.384,23.075,38.773,11.762,30.988,14.211,630.464,0.744,1.395,2.023,0.912,-1.16,43,564.449,1101079577,41.84,29.545,25.828,268.04,0.465,0.164,-0.338,-0.465,6.831,179.82,630.977,1,0,0,1,0,32,0,0,254,29.222,5.907,46.454,89.43,39.524,18.629,28.748,0,28.594,29.422,10.217,124.007,12.791,28.594,124.007,37.989,-0.338,13.801,14.262,0.064,0,0,3,3,0,1,1,0,0,0,5,2.671,2.242,7.988,21.96,19.426,20.243,13.848,11.144,12.299,8.438,9.588,4.836,6.316,2.911,3.871,32.662,56.803,5.753,432.291,0.966,1.655,2.241,29,388.315,28.41,18.201,16.848,182.555,12.093,12.093,0.157,5.298,121.541,432.667,20,172,33.613,17.83,79.062,79.062,16.869,1.972,23.008,6.595,1.676,0.192,3,0.5,17000,1.462397998
1085,2.925,-2.34,2.243,-2.488,-0.151,32.166,2.127,674.022,28.772,24.756,25.572,18.853,14.76,15.914,10.632,11.856,7.206,8.36,4.54,5.414,14.384,29.682,0,16.662,11.824,19.317,574.365,0.872,1.564,2.205,0.897,-1.2,39,520.393,219846266.2,35.826,22.484,17.269,240.214,0.465,0.171,-0.344,-0.465,3.559,156.043,574.825,1,1,1,1,1,24,1,1,228,29.012,5.907,19.765,50.534,65.703,25.236,20.655,1,33.701,29.422,9.8,78.056,15.744,28.594,78.056,39.745,-0.344,7.784,9.634,0.137,1,1,3,3,1,0,1,0,1,0,3,2.671,2.242,7.988,21.96,19.426,20.243,13.848,11.144,12.299,8.438,9.588,4.836,6.316,2.911,3.871,32.662,56.803,5.753,432.291,0.966,1.655,2.241,29,388.315,28.41,18.201,16.848,182.555,12.093,12.093,0.157,5.298,121.541,432.667,20,172,33.613,17.83,79.062,79.062,16.869,1.972,23.008,6.595,1.676,0.192,3,4,17000,2.846955325
1086,2.925,-2.34,2.243,-2.488,-0.151,32.166,2.127,674.022,28.772,24.756,25.572,18.853,14.76,15.914,10.632,11.856,7.206,8.36,4.54,5.414,14.384,29.682,0,16.662,11.824,19.317,574.365,0.872,1.564,2.205,0.897,-1.2,39,520.393,219846266.2,35.826,22.484,17.269,240.214,0.465,0.171,-0.344,-0.465,3.559,156.043,574.825,1,1,1,1,1,24,1,1,228,29.012,5.907,19.765,50.534,65.703,25.236,20.655,1,33.701,29.422,9.8,78.056,15.744,28.594,78.056,39.745,-0.344,7.784,9.634,0.137,1,1,3,3,1,0,1,0,1,0,3,2.671,2.242,7.988,21.96,19.426,20.243,13.848,11.144,12.299,8.438,9.588,4.836,6.316,2.911,3.871,32.662,56.803,5.753,432.291,0.966,1.655,2.241,29,388.315,28.41,18.201,16.848,182.555,12.093,12.093,0.157,5.298,121.541,432.667,20,172,33.613,17.83,79.062,79.062,16.869,1.972,23.008,6.595,1.676,0.192,3,2,17000,1.230448921
1087,2.925,-2.34,2.243,-2.488,-0.151,32.166,2.127,674.022,28.772,24.756,25.572,18.853,14.76,15.914,10.632,11.856,7.206,8.36,4.54,5.414,14.384,29.682,0,16.662,11.824,19.317,574.365,0.872,1.564,2.205,0.897,-1.2,39,520.393,219846266.2,35.826,22.484,17.269,240.214,0.465,0.171,-0.344,-0.465,3.559,156.043,574.825,1,1,1,1,1,24,1,1,228,29.012,5.907,19.765,50.534,65.703,25.236,20.655,1,33.701,29.422,9.8,78.056,15.744,28.594,78.056,39.745,-0.344,7.784,9.634,0.137,1,1,3,3,1,0,1,0,1,0,3,2.671,2.242,7.988,21.96,19.426,20.243,13.848,11.144,12.299,8.438,9.588,4.836,6.316,2.911,3.871,32.662,56.803,5.753,432.291,0.966,1.655,2.241,29,388.315,28.41,18.201,16.848,182.555,12.093,12.093,0.157,5.298,121.541,432.667,20,172,33.613,17.83,79.062,79.062,16.869,1.972,23.008,6.595,1.676,0.192,3,1,17000,1.113943352
1088,2.925,-2.34,2.243,-2.488,-0.151,32.166,2.127,674.022,28.772,24.756,25.572,18.853,14.76,15.914,10.632,11.856,7.206,8.36,4.54,5.414,14.384,29.682,0,16.662,11.824,19.317,574.365,0.872,1.564,2.205,0.897,-1.2,39,520.393,219846266.2,35.826,22.484,17.269,240.214,0.465,0.171,-0.344,-0.465,3.559,156.043,574.825,1,1,1,1,1,24,1,1,228,29.012,5.907,19.765,50.534,65.703,25.236,20.655,1,33.701,29.422,9.8,78.056,15.744,28.594,78.056,39.745,-0.344,7.784,9.634,0.137,1,1,3,3,1,0,1,0,1,0,3,2.671,2.242,7.988,21.96,19.426,20.243,13.848,11.144,12.299,8.438,9.588,4.836,6.316,2.911,3.871,32.662,56.803,5.753,432.291,0.966,1.655,2.241,29,388.315,28.41,18.201,16.848,182.555,12.093,12.093,0.157,5.298,121.541,432.667,20,172,33.613,17.83,79.062,79.062,16.869,1.972,23.008,6.595,1.676,0.192,3,0.5,17000,1.113943352
1089,2.927,-2.308,2.242,-2.458,-0.151,32.166,2.071,662.934,28.608,24.861,25.678,18.904,14.898,16.053,10.627,11.852,7.038,8.192,4.405,5.28,14.384,23.075,0,11.762,22.457,14.211,573.381,0.923,1.641,2.333,0.897,-1.2,39,518.401,235200918.6,35.826,23.499,19.505,240.76,0.465,0.147,-0.336,-0.465,3.444,158.256,573.841,2,1,1,1,1,25,1,1,228,29.639,5.907,19.765,50.534,72.248,18.629,21.587,1,28.594,29.422,15.533,78.056,15.564,28.594,78.056,37.603,-0.336,7.819,11.445,0.125,0,0,3,3,0,2,1,0,1,0,3,2.671,2.242,7.988,21.96,19.426,20.243,13.848,11.144,12.299,8.438,9.588,4.836,6.316,2.911,3.871,32.662,56.803,5.753,432.291,0.966,1.655,2.241,29,388.315,28.41,18.201,16.848,182.555,12.093,12.093,0.157,5.298,121.541,432.667,20,172,33.613,17.83,79.062,79.062,16.869,1.972,23.008,6.595,1.676,0.192,3,4,17000,-1
1090,2.927,-2.308,2.242,-2.458,-0.151,32.166,2.071,662.934,28.608,24.861,25.678,18.904,14.898,16.053,10.627,11.852,7.038,8.192,4.405,5.28,14.384,23.075,0,11.762,22.457,14.211,573.381,0.923,1.641,2.333,0.897,-1.2,39,518.401,235200918.6,35.826,23.499,19.505,240.76,0.465,0.147,-0.336,-0.465,3.444,158.256,573.841,2,1,1,1,1,25,1,1,228,29.639,5.907,19.765,50.534,72.248,18.629,21.587,1,28.594,29.422,15.533,78.056,15.564,28.594,78.056,37.603,-0.336,7.819,11.445,0.125,0,0,3,3,0,2,1,0,1,0,3,2.671,2.242,7.988,21.96,19.426,20.243,13.848,11.144,12.299,8.438,9.588,4.836,6.316,2.911,3.871,32.662,56.803,5.753,432.291,0.966,1.655,2.241,29,388.315,28.41,18.201,16.848,182.555,12.093,12.093,0.157,5.298,121.541,432.667,20,172,33.613,17.83,79.062,79.062,16.869,1.972,23.008,6.595,1.676,0.192,3,2,17000,-1
1091,2.927,-2.308,2.242,-2.458,-0.151,32.166,2.071,662.934,28.608,24.861,25.678,18.904,14.898,16.053,10.627,11.852,7.038,8.192,4.405,5.28,14.384,23.075,0,11.762,22.457,14.211,573.381,0.923,1.641,2.333,0.897,-1.2,39,518.401,235200918.6,35.826,23.499,19.505,240.76,0.465,0.147,-0.336,-0.465,3.444,158.256,573.841,2,1,1,1,1,25,1,1,228,29.639,5.907,19.765,50.534,72.248,18.629,21.587,1,28.594,29.422,15.533,78.056,15.564,28.594,78.056,37.603,-0.336,7.819,11.445,0.125,0,0,3,3,0,2,1,0,1,0,3,2.671,2.242,7.988,21.96,19.426,20.243,13.848,11.144,12.299,8.438,9.588,4.836,6.316,2.911,3.871,32.662,56.803,5.753,432.291,0.966,1.655,2.241,29,388.315,28.41,18.201,16.848,182.555,12.093,12.093,0.157,5.298,121.541,432.667,20,172,33.613,17.83,79.062,79.062,16.869,1.972,23.008,6.595,1.676,0.192,3,1,17000,0
1092,2.927,-2.308,2.242,-2.458,-0.151,32.166,2.071,662.934,28.608,24.861,25.678,18.904,14.898,16.053,10.627,11.852,7.038,8.192,4.405,5.28,14.384,23.075,0,11.762,22.457,14.211,573.381,0.923,1.641,2.333,0.897,-1.2,39,518.401,235200918.6,35.826,23.499,19.505,240.76,0.465,0.147,-0.336,-0.465,3.444,158.256,573.841,2,1,1,1,1,25,1,1,228,29.639,5.907,19.765,50.534,72.248,18.629,21.587,1,28.594,29.422,15.533,78.056,15.564,28.594,78.056,37.603,-0.336,7.819,11.445,0.125,0,0,3,3,0,2,1,0,1,0,3,2.671,2.242,7.988,21.96,19.426,20.243,13.848,11.144,12.299,8.438,9.588,4.836,6.316,2.911,3.871,32.662,56.803,5.753,432.291,0.966,1.655,2.241,29,388.315,28.41,18.201,16.848,182.555,12.093,12.093,0.157,5.298,121.541,432.667,20,172,33.613,17.83,79.062,79.062,16.869,1.972,23.008,6.595,1.676,0.192,3,0.5,17000,1.698970004
1093,2.674,-2.308,2.241,-2.996,-0.36,35.453,0,414.533,21.09,18.641,20.214,13.492,10.581,11.736,7.436,8.66,4.674,5.829,2.796,3.526,9.589,29.575,0,11.762,12.657,14.211,455.247,0.966,1.655,2.241,0.905,-0.34,29,413.753,870080.485,30.85,20.914,18.17,187.318,1,0,-0.285,-1,-0.112,114.458,456.089,3,0,0,0,0,20,0,0,174,37.146,0,19.765,38.36,32.311,25.174,22.248,0,41.94,23.514,0,65.214,12.828,23.8,65.214,22.963,3.551,6.553,6.746,0.203,0,0,2,2,0,0,0,1,0,1,3,2.671,2.242,7.988,21.96,19.426,20.243,13.848,11.144,12.299,8.438,9.588,4.836,6.316,2.911,3.871,32.662,56.803,5.753,432.291,0.966,1.655,2.241,29,388.315,28.41,18.201,16.848,182.555,12.093,12.093,0.157,5.298,121.541,432.667,20,172,33.613,17.83,79.062,79.062,16.869,1.972,23.008,6.595,1.676,0.192,3,4,17000,0.84509804
1094,2.674,-2.308,2.241,-2.996,-0.36,35.453,0,414.533,21.09,18.641,20.214,13.492,10.581,11.736,7.436,8.66,4.674,5.829,2.796,3.526,9.589,29.575,0,11.762,12.657,14.211,455.247,0.966,1.655,2.241,0.905,-0.34,29,413.753,870080.485,30.85,20.914,18.17,187.318,1,0,-0.285,-1,-0.112,114.458,456.089,3,0,0,0,0,20,0,0,174,37.146,0,19.765,38.36,32.311,25.174,22.248,0,41.94,23.514,0,65.214,12.828,23.8,65.214,22.963,3.551,6.553,6.746,0.203,0,0,2,2,0,0,0,1,0,1,3,2.671,2.242,7.988,21.96,19.426,20.243,13.848,11.144,12.299,8.438,9.588,4.836,6.316,2.911,3.871,32.662,56.803,5.753,432.291,0.966,1.655,2.241,29,388.315,28.41,18.201,16.848,182.555,12.093,12.093,0.157,5.298,121.541,432.667,20,172,33.613,17.83,79.062,79.062,16.869,1.972,23.008,6.595,1.676,0.192,3,2,17000,1.568201724
1095,2.674,-2.308,2.241,-2.996,-0.36,35.453,0,414.533,21.09,18.641,20.214,13.492,10.581,11.736,7.436,8.66,4.674,5.829,2.796,3.526,9.589,29.575,0,11.762,12.657,14.211,455.247,0.966,1.655,2.241,0.905,-0.34,29,413.753,870080.485,30.85,20.914,18.17,187.318,1,0,-0.285,-1,-0.112,114.458,456.089,3,0,0,0,0,20,0,0,174,37.146,0,19.765,38.36,32.311,25.174,22.248,0,41.94,23.514,0,65.214,12.828,23.8,65.214,22.963,3.551,6.553,6.746,0.203,0,0,2,2,0,0,0,1,0,1,3,2.671,2.242,7.988,21.96,19.426,20.243,13.848,11.144,12.299,8.438,9.588,4.836,6.316,2.911,3.871,32.662,56.803,5.753,432.291,0.966,1.655,2.241,29,388.315,28.41,18.201,16.848,182.555,12.093,12.093,0.157,5.298,121.541,432.667,20,172,33.613,17.83,79.062,79.062,16.869,1.972,23.008,6.595,1.676,0.192,3,1,17000,0.602059991
1096,2.674,-2.308,2.241,-2.996,-0.36,35.453,0,414.533,21.09,18.641,20.214,13.492,10.581,11.736,7.436,8.66,4.674,5.829,2.796,3.526,9.589,29.575,0,11.762,12.657,14.211,455.247,0.966,1.655,2.241,0.905,-0.34,29,413.753,870080.485,30.85,20.914,18.17,187.318,1,0,-0.285,-1,-0.112,114.458,456.089,3,0,0,0,0,20,0,0,174,37.146,0,19.765,38.36,32.311,25.174,22.248,0,41.94,23.514,0,65.214,12.828,23.8,65.214,22.963,3.551,6.553,6.746,0.203,0,0,2,2,0,0,0,1,0,1,3,2.671,2.242,7.988,21.96,19.426,20.243,13.848,11.144,12.299,8.438,9.588,4.836,6.316,2.911,3.871,32.662,56.803,5.753,432.291,0.966,1.655,2.241,29,388.315,28.41,18.201,16.848,182.555,12.093,12.093,0.157,5.298,121.541,432.667,20,172,33.613,17.83,79.062,79.062,16.869,1.972,23.008,6.595,1.676,0.192,3,0.5,17000,0.477121255
1097,2.775,-2.308,2.242,-2.996,-0.4,35.453,0,538.939,24.244,20.828,22.4,15.297,11.503,12.657,8.265,9.414,5.239,6.454,3.052,3.961,14.384,48.193,7.11,6.924,10.471,14.211,513.253,0.97,1.636,2.212,0.87,-0.87,33,469.773,5204339.136,34.298,21.649,18.169,209.323,1,0,-0.359,-1,-0.571,125.395,514.125,3,0,0,0,0,21,0,0,196,41.883,0,19.765,38.36,26.558,31.491,22.501,0,51.472,29.484,0,71.256,13.485,33.331,65.214,34.388,3.426,6.18,5.428,0.16,0,0,3,3,0,0,0,1,0,1,3,2.671,2.242,7.988,21.96,19.426,20.243,13.848,11.144,12.299,8.438,9.588,4.836,6.316,2.911,3.871,32.662,56.803,5.753,432.291,0.966,1.655,2.241,29,388.315,28.41,18.201,16.848,182.555,12.093,12.093,0.157,5.298,121.541,432.667,20,172,33.613,17.83,79.062,79.062,16.869,1.972,23.008,6.595,1.676,0.192,3,4,17000,0.477121255
1098,2.775,-2.308,2.242,-2.996,-0.4,35.453,0,538.939,24.244,20.828,22.4,15.297,11.503,12.657,8.265,9.414,5.239,6.454,3.052,3.961,14.384,48.193,7.11,6.924,10.471,14.211,513.253,0.97,1.636,2.212,0.87,-0.87,33,469.773,5204339.136,34.298,21.649,18.169,209.323,1,0,-0.359,-1,-0.571,125.395,514.125,3,0,0,0,0,21,0,0,196,41.883,0,19.765,38.36,26.558,31.491,22.501,0,51.472,29.484,0,71.256,13.485,33.331,65.214,34.388,3.426,6.18,5.428,0.16,0,0,3,3,0,0,0,1,0,1,3,2.671,2.242,7.988,21.96,19.426,20.243,13.848,11.144,12.299,8.438,9.588,4.836,6.316,2.911,3.871,32.662,56.803,5.753,432.291,0.966,1.655,2.241,29,388.315,28.41,18.201,16.848,182.555,12.093,12.093,0.157,5.298,121.541,432.667,20,172,33.613,17.83,79.062,79.062,16.869,1.972,23.008,6.595,1.676,0.192,3,2,17000,-1
1099,2.775,-2.308,2.242,-2.996,-0.4,35.453,0,538.939,24.244,20.828,22.4,15.297,11.503,12.657,8.265,9.414,5.239,6.454,3.052,3.961,14.384,48.193,7.11,6.924,10.471,14.211,513.253,0.97,1.636,2.212,0.87,-0.87,33,469.773,5204339.136,34.298,21.649,18.169,209.323,1,0,-0.359,-1,-0.571,125.395,514.125,3,0,0,0,0,21,0,0,196,41.883,0,19.765,38.36,26.558,31.491,22.501,0,51.472,29.484,0,71.256,13.485,33.331,65.214,34.388,3.426,6.18,5.428,0.16,0,0,3,3,0,0,0,1,0,1,3,2.671,2.242,7.988,21.96,19.426,20.243,13.848,11.144,12.299,8.438,9.588,4.836,6.316,2.911,3.871,32.662,56.803,5.753,432.291,0.966,1.655,2.241,29,388.315,28.41,18.201,16.848,182.555,12.093,12.093,0.157,5.298,121.541,432.667,20,172,33.613,17.83,79.062,79.062,16.869,1.972,23.008,6.595,1.676,0.192,3,1,17000,0.477121255
1100,2.775,-2.308,2.242,-2.996,-0.4,35.453,0,538.939,24.244,20.828,22.4,15.297,11.503,12.657,8.265,9.414,5.239,6.454,3.052,3.961,14.384,48.193,7.11,6.924,10.471,14.211,513.253,0.97,1.636,2.212,0.87,-0.87,33,469.773,5204339.136,34.298,21.649,18.169,209.323,1,0,-0.359,-1,-0.571,125.395,514.125,3,0,0,0,0,21,0,0,196,41.883,0,19.765,38.36,26.558,31.491,22.501,0,51.472,29.484,0,71.256,13.485,33.331,65.214,34.388,3.426,6.18,5.428,0.16,0,0,3,3,0,0,0,1,0,1,3,2.671,2.242,7.988,21.96,19.426,20.243,13.848,11.144,12.299,8.438,9.588,4.836,6.316,2.911,3.871,32.662,56.803,5.753,432.291,0.966,1.655,2.241,29,388.315,28.41,18.201,16.848,182.555,12.093,12.093,0.157,5.298,121.541,432.667,20,172,33.613,17.83,79.062,79.062,16.869,1.972,23.008,6.595,1.676,0.192,3,0.5,17000,0.84509804
1101,2.991,-2.308,2.243,-2.371,-0.151,32.166,3.964,687.795,32.023,28.483,29.299,20.818,17.105,18.26,11.938,13.163,7.707,8.861,4.746,5.621,14.384,23.075,38.773,11.762,30.988,14.211,630.464,0.744,1.395,2.023,0.912,-1.16,43,564.449,1101079577,41.84,29.545,25.828,268.04,0.465,0.164,-0.338,-0.465,6.831,179.82,630.977,1,0,0,1,0,32,0,0,254,29.222,5.907,46.454,89.43,39.524,18.629,28.748,0,28.594,29.422,10.217,124.007,12.791,28.594,124.007,37.989,-0.338,13.801,14.262,0.064,0,0,3,3,0,1,1,0,0,0,5,2.698,2.242,7.988,22.667,20.133,20.95,14.348,11.644,12.799,8.765,9.989,5.225,6.326,3.013,4.177,32.662,56.803,12.174,446.307,0.933,1.633,2.233,30,400.326,29.41,19.122,17.127,188.92,12.115,12.115,0.156,5.688,126.158,446.694,21,178,33.613,18.746,85.482,85.482,16.911,1.993,23.04,7.869,1.679,0.167,3,4,17000,4.355413204
1102,2.991,-2.308,2.243,-2.371,-0.151,32.166,3.964,687.795,32.023,28.483,29.299,20.818,17.105,18.26,11.938,13.163,7.707,8.861,4.746,5.621,14.384,23.075,38.773,11.762,30.988,14.211,630.464,0.744,1.395,2.023,0.912,-1.16,43,564.449,1101079577,41.84,29.545,25.828,268.04,0.465,0.164,-0.338,-0.465,6.831,179.82,630.977,1,0,0,1,0,32,0,0,254,29.222,5.907,46.454,89.43,39.524,18.629,28.748,0,28.594,29.422,10.217,124.007,12.791,28.594,124.007,37.989,-0.338,13.801,14.262,0.064,0,0,3,3,0,1,1,0,0,0,5,2.698,2.242,7.988,22.667,20.133,20.95,14.348,11.644,12.799,8.765,9.989,5.225,6.326,3.013,4.177,32.662,56.803,12.174,446.307,0.933,1.633,2.233,30,400.326,29.41,19.122,17.127,188.92,12.115,12.115,0.156,5.688,126.158,446.694,21,178,33.613,18.746,85.482,85.482,16.911,1.993,23.04,7.869,1.679,0.167,3,2,17000,4.876812278
1103,2.991,-2.308,2.243,-2.371,-0.151,32.166,3.964,687.795,32.023,28.483,29.299,20.818,17.105,18.26,11.938,13.163,7.707,8.861,4.746,5.621,14.384,23.075,38.773,11.762,30.988,14.211,630.464,0.744,1.395,2.023,0.912,-1.16,43,564.449,1101079577,41.84,29.545,25.828,268.04,0.465,0.164,-0.338,-0.465,6.831,179.82,630.977,1,0,0,1,0,32,0,0,254,29.222,5.907,46.454,89.43,39.524,18.629,28.748,0,28.594,29.422,10.217,124.007,12.791,28.594,124.007,37.989,-0.338,13.801,14.262,0.064,0,0,3,3,0,1,1,0,0,0,5,2.698,2.242,7.988,22.667,20.133,20.95,14.348,11.644,12.799,8.765,9.989,5.225,6.326,3.013,4.177,32.662,56.803,12.174,446.307,0.933,1.633,2.233,30,400.326,29.41,19.122,17.127,188.92,12.115,12.115,0.156,5.688,126.158,446.694,21,178,33.613,18.746,85.482,85.482,16.911,1.993,23.04,7.869,1.679,0.167,3,1,17000,4.487506026
1104,2.991,-2.308,2.243,-2.371,-0.151,32.166,3.964,687.795,32.023,28.483,29.299,20.818,17.105,18.26,11.938,13.163,7.707,8.861,4.746,5.621,14.384,23.075,38.773,11.762,30.988,14.211,630.464,0.744,1.395,2.023,0.912,-1.16,43,564.449,1101079577,41.84,29.545,25.828,268.04,0.465,0.164,-0.338,-0.465,6.831,179.82,630.977,1,0,0,1,0,32,0,0,254,29.222,5.907,46.454,89.43,39.524,18.629,28.748,0,28.594,29.422,10.217,124.007,12.791,28.594,124.007,37.989,-0.338,13.801,14.262,0.064,0,0,3,3,0,1,1,0,0,0,5,2.698,2.242,7.988,22.667,20.133,20.95,14.348,11.644,12.799,8.765,9.989,5.225,6.326,3.013,4.177,32.662,56.803,12.174,446.307,0.933,1.633,2.233,30,400.326,29.41,19.122,17.127,188.92,12.115,12.115,0.156,5.688,126.158,446.694,21,178,33.613,18.746,85.482,85.482,16.911,1.993,23.04,7.869,1.679,0.167,3,0.5,17000,2.939019776
1105,2.925,-2.34,2.243,-2.488,-0.151,32.166,2.127,674.022,28.772,24.756,25.572,18.853,14.76,15.914,10.632,11.856,7.206,8.36,4.54,5.414,14.384,29.682,0,16.662,11.824,19.317,574.365,0.872,1.564,2.205,0.897,-1.2,39,520.393,219846266.2,35.826,22.484,17.269,240.214,0.465,0.171,-0.344,-0.465,3.559,156.043,574.825,1,1,1,1,1,24,1,1,228,29.012,5.907,19.765,50.534,65.703,25.236,20.655,1,33.701,29.422,9.8,78.056,15.744,28.594,78.056,39.745,-0.344,7.784,9.634,0.137,1,1,3,3,1,0,1,0,1,0,3,2.698,2.242,7.988,22.667,20.133,20.95,14.348,11.644,12.799,8.765,9.989,5.225,6.326,3.013,4.177,32.662,56.803,12.174,446.307,0.933,1.633,2.233,30,400.326,29.41,19.122,17.127,188.92,12.115,12.115,0.156,5.688,126.158,446.694,21,178,33.613,18.746,85.482,85.482,16.911,1.993,23.04,7.869,1.679,0.167,3,4,17000,1
1106,2.925,-2.34,2.243,-2.488,-0.151,32.166,2.127,674.022,28.772,24.756,25.572,18.853,14.76,15.914,10.632,11.856,7.206,8.36,4.54,5.414,14.384,29.682,0,16.662,11.824,19.317,574.365,0.872,1.564,2.205,0.897,-1.2,39,520.393,219846266.2,35.826,22.484,17.269,240.214,0.465,0.171,-0.344,-0.465,3.559,156.043,574.825,1,1,1,1,1,24,1,1,228,29.012,5.907,19.765,50.534,65.703,25.236,20.655,1,33.701,29.422,9.8,78.056,15.744,28.594,78.056,39.745,-0.344,7.784,9.634,0.137,1,1,3,3,1,0,1,0,1,0,3,2.698,2.242,7.988,22.667,20.133,20.95,14.348,11.644,12.799,8.765,9.989,5.225,6.326,3.013,4.177,32.662,56.803,12.174,446.307,0.933,1.633,2.233,30,400.326,29.41,19.122,17.127,188.92,12.115,12.115,0.156,5.688,126.158,446.694,21,178,33.613,18.746,85.482,85.482,16.911,1.993,23.04,7.869,1.679,0.167,3,2,17000,0.477121255
1107,2.925,-2.34,2.243,-2.488,-0.151,32.166,2.127,674.022,28.772,24.756,25.572,18.853,14.76,15.914,10.632,11.856,7.206,8.36,4.54,5.414,14.384,29.682,0,16.662,11.824,19.317,574.365,0.872,1.564,2.205,0.897,-1.2,39,520.393,219846266.2,35.826,22.484,17.269,240.214,0.465,0.171,-0.344,-0.465,3.559,156.043,574.825,1,1,1,1,1,24,1,1,228,29.012,5.907,19.765,50.534,65.703,25.236,20.655,1,33.701,29.422,9.8,78.056,15.744,28.594,78.056,39.745,-0.344,7.784,9.634,0.137,1,1,3,3,1,0,1,0,1,0,3,2.698,2.242,7.988,22.667,20.133,20.95,14.348,11.644,12.799,8.765,9.989,5.225,6.326,3.013,4.177,32.662,56.803,12.174,446.307,0.933,1.633,2.233,30,400.326,29.41,19.122,17.127,188.92,12.115,12.115,0.156,5.688,126.158,446.694,21,178,33.613,18.746,85.482,85.482,16.911,1.993,23.04,7.869,1.679,0.167,3,1,17000,-1
1108,2.925,-2.34,2.243,-2.488,-0.151,32.166,2.127,674.022,28.772,24.756,25.572,18.853,14.76,15.914,10.632,11.856,7.206,8.36,4.54,5.414,14.384,29.682,0,16.662,11.824,19.317,574.365,0.872,1.564,2.205,0.897,-1.2,39,520.393,219846266.2,35.826,22.484,17.269,240.214,0.465,0.171,-0.344,-0.465,3.559,156.043,574.825,1,1,1,1,1,24,1,1,228,29.012,5.907,19.765,50.534,65.703,25.236,20.655,1,33.701,29.422,9.8,78.056,15.744,28.594,78.056,39.745,-0.344,7.784,9.634,0.137,1,1,3,3,1,0,1,0,1,0,3,2.698,2.242,7.988,22.667,20.133,20.95,14.348,11.644,12.799,8.765,9.989,5.225,6.326,3.013,4.177,32.662,56.803,12.174,446.307,0.933,1.633,2.233,30,400.326,29.41,19.122,17.127,188.92,12.115,12.115,0.156,5.688,126.158,446.694,21,178,33.613,18.746,85.482,85.482,16.911,1.993,23.04,7.869,1.679,0.167,3,0.5,17000,0.602059991
1109,2.927,-2.308,2.242,-2.458,-0.151,32.166,2.071,662.934,28.608,24.861,25.678,18.904,14.898,16.053,10.627,11.852,7.038,8.192,4.405,5.28,14.384,23.075,0,11.762,22.457,14.211,573.381,0.923,1.641,2.333,0.897,-1.2,39,518.401,235200918.6,35.826,23.499,19.505,240.76,0.465,0.147,-0.336,-0.465,3.444,158.256,573.841,2,1,1,1,1,25,1,1,228,29.639,5.907,19.765,50.534,72.248,18.629,21.587,1,28.594,29.422,15.533,78.056,15.564,28.594,78.056,37.603,-0.336,7.819,11.445,0.125,0,0,3,3,0,2,1,0,1,0,3,2.698,2.242,7.988,22.667,20.133,20.95,14.348,11.644,12.799,8.765,9.989,5.225,6.326,3.013,4.177,32.662,56.803,12.174,446.307,0.933,1.633,2.233,30,400.326,29.41,19.122,17.127,188.92,12.115,12.115,0.156,5.688,126.158,446.694,21,178,33.613,18.746,85.482,85.482,16.911,1.993,23.04,7.869,1.679,0.167,3,4,17000,0.84509804
1110,2.927,-2.308,2.242,-2.458,-0.151,32.166,2.071,662.934,28.608,24.861,25.678,18.904,14.898,16.053,10.627,11.852,7.038,8.192,4.405,5.28,14.384,23.075,0,11.762,22.457,14.211,573.381,0.923,1.641,2.333,0.897,-1.2,39,518.401,235200918.6,35.826,23.499,19.505,240.76,0.465,0.147,-0.336,-0.465,3.444,158.256,573.841,2,1,1,1,1,25,1,1,228,29.639,5.907,19.765,50.534,72.248,18.629,21.587,1,28.594,29.422,15.533,78.056,15.564,28.594,78.056,37.603,-0.336,7.819,11.445,0.125,0,0,3,3,0,2,1,0,1,0,3,2.698,2.242,7.988,22.667,20.133,20.95,14.348,11.644,12.799,8.765,9.989,5.225,6.326,3.013,4.177,32.662,56.803,12.174,446.307,0.933,1.633,2.233,30,400.326,29.41,19.122,17.127,188.92,12.115,12.115,0.156,5.688,126.158,446.694,21,178,33.613,18.746,85.482,85.482,16.911,1.993,23.04,7.869,1.679,0.167,3,2,17000,1
1111,2.927,-2.308,2.242,-2.458,-0.151,32.166,2.071,662.934,28.608,24.861,25.678,18.904,14.898,16.053,10.627,11.852,7.038,8.192,4.405,5.28,14.384,23.075,0,11.762,22.457,14.211,573.381,0.923,1.641,2.333,0.897,-1.2,39,518.401,235200918.6,35.826,23.499,19.505,240.76,0.465,0.147,-0.336,-0.465,3.444,158.256,573.841,2,1,1,1,1,25,1,1,228,29.639,5.907,19.765,50.534,72.248,18.629,21.587,1,28.594,29.422,15.533,78.056,15.564,28.594,78.056,37.603,-0.336,7.819,11.445,0.125,0,0,3,3,0,2,1,0,1,0,3,2.698,2.242,7.988,22.667,20.133,20.95,14.348,11.644,12.799,8.765,9.989,5.225,6.326,3.013,4.177,32.662,56.803,12.174,446.307,0.933,1.633,2.233,30,400.326,29.41,19.122,17.127,188.92,12.115,12.115,0.156,5.688,126.158,446.694,21,178,33.613,18.746,85.482,85.482,16.911,1.993,23.04,7.869,1.679,0.167,3,1,17000,3.598899887
1112,2.927,-2.308,2.242,-2.458,-0.151,32.166,2.071,662.934,28.608,24.861,25.678,18.904,14.898,16.053,10.627,11.852,7.038,8.192,4.405,5.28,14.384,23.075,0,11.762,22.457,14.211,573.381,0.923,1.641,2.333,0.897,-1.2,39,518.401,235200918.6,35.826,23.499,19.505,240.76,0.465,0.147,-0.336,-0.465,3.444,158.256,573.841,2,1,1,1,1,25,1,1,228,29.639,5.907,19.765,50.534,72.248,18.629,21.587,1,28.594,29.422,15.533,78.056,15.564,28.594,78.056,37.603,-0.336,7.819,11.445,0.125,0,0,3,3,0,2,1,0,1,0,3,2.698,2.242,7.988,22.667,20.133,20.95,14.348,11.644,12.799,8.765,9.989,5.225,6.326,3.013,4.177,32.662,56.803,12.174,446.307,0.933,1.633,2.233,30,400.326,29.41,19.122,17.127,188.92,12.115,12.115,0.156,5.688,126.158,446.694,21,178,33.613,18.746,85.482,85.482,16.911,1.993,23.04,7.869,1.679,0.167,3,0.5,17000,1.113943352
1113,2.674,-2.308,2.241,-2.996,-0.36,35.453,0,414.533,21.09,18.641,20.214,13.492,10.581,11.736,7.436,8.66,4.674,5.829,2.796,3.526,9.589,29.575,0,11.762,12.657,14.211,455.247,0.966,1.655,2.241,0.905,-0.34,29,413.753,870080.485,30.85,20.914,18.17,187.318,1,0,-0.285,-1,-0.112,114.458,456.089,3,0,0,0,0,20,0,0,174,37.146,0,19.765,38.36,32.311,25.174,22.248,0,41.94,23.514,0,65.214,12.828,23.8,65.214,22.963,3.551,6.553,6.746,0.203,0,0,2,2,0,0,0,1,0,1,3,2.698,2.242,7.988,22.667,20.133,20.95,14.348,11.644,12.799,8.765,9.989,5.225,6.326,3.013,4.177,32.662,56.803,12.174,446.307,0.933,1.633,2.233,30,400.326,29.41,19.122,17.127,188.92,12.115,12.115,0.156,5.688,126.158,446.694,21,178,33.613,18.746,85.482,85.482,16.911,1.993,23.04,7.869,1.679,0.167,3,4,17000,-1
1114,2.674,-2.308,2.241,-2.996,-0.36,35.453,0,414.533,21.09,18.641,20.214,13.492,10.581,11.736,7.436,8.66,4.674,5.829,2.796,3.526,9.589,29.575,0,11.762,12.657,14.211,455.247,0.966,1.655,2.241,0.905,-0.34,29,413.753,870080.485,30.85,20.914,18.17,187.318,1,0,-0.285,-1,-0.112,114.458,456.089,3,0,0,0,0,20,0,0,174,37.146,0,19.765,38.36,32.311,25.174,22.248,0,41.94,23.514,0,65.214,12.828,23.8,65.214,22.963,3.551,6.553,6.746,0.203,0,0,2,2,0,0,0,1,0,1,3,2.698,2.242,7.988,22.667,20.133,20.95,14.348,11.644,12.799,8.765,9.989,5.225,6.326,3.013,4.177,32.662,56.803,12.174,446.307,0.933,1.633,2.233,30,400.326,29.41,19.122,17.127,188.92,12.115,12.115,0.156,5.688,126.158,446.694,21,178,33.613,18.746,85.482,85.482,16.911,1.993,23.04,7.869,1.679,0.167,3,2,17000,-1
1115,2.674,-2.308,2.241,-2.996,-0.36,35.453,0,414.533,21.09,18.641,20.214,13.492,10.581,11.736,7.436,8.66,4.674,5.829,2.796,3.526,9.589,29.575,0,11.762,12.657,14.211,455.247,0.966,1.655,2.241,0.905,-0.34,29,413.753,870080.485,30.85,20.914,18.17,187.318,1,0,-0.285,-1,-0.112,114.458,456.089,3,0,0,0,0,20,0,0,174,37.146,0,19.765,38.36,32.311,25.174,22.248,0,41.94,23.514,0,65.214,12.828,23.8,65.214,22.963,3.551,6.553,6.746,0.203,0,0,2,2,0,0,0,1,0,1,3,2.698,2.242,7.988,22.667,20.133,20.95,14.348,11.644,12.799,8.765,9.989,5.225,6.326,3.013,4.177,32.662,56.803,12.174,446.307,0.933,1.633,2.233,30,400.326,29.41,19.122,17.127,188.92,12.115,12.115,0.156,5.688,126.158,446.694,21,178,33.613,18.746,85.482,85.482,16.911,1.993,23.04,7.869,1.679,0.167,3,1,17000,0
1116,2.674,-2.308,2.241,-2.996,-0.36,35.453,0,414.533,21.09,18.641,20.214,13.492,10.581,11.736,7.436,8.66,4.674,5.829,2.796,3.526,9.589,29.575,0,11.762,12.657,14.211,455.247,0.966,1.655,2.241,0.905,-0.34,29,413.753,870080.485,30.85,20.914,18.17,187.318,1,0,-0.285,-1,-0.112,114.458,456.089,3,0,0,0,0,20,0,0,174,37.146,0,19.765,38.36,32.311,25.174,22.248,0,41.94,23.514,0,65.214,12.828,23.8,65.214,22.963,3.551,6.553,6.746,0.203,0,0,2,2,0,0,0,1,0,1,3,2.698,2.242,7.988,22.667,20.133,20.95,14.348,11.644,12.799,8.765,9.989,5.225,6.326,3.013,4.177,32.662,56.803,12.174,446.307,0.933,1.633,2.233,30,400.326,29.41,19.122,17.127,188.92,12.115,12.115,0.156,5.688,126.158,446.694,21,178,33.613,18.746,85.482,85.482,16.911,1.993,23.04,7.869,1.679,0.167,3,0.5,17000,-1
1117,2.775,-2.308,2.242,-2.996,-0.4,35.453,0,538.939,24.244,20.828,22.4,15.297,11.503,12.657,8.265,9.414,5.239,6.454,3.052,3.961,14.384,48.193,7.11,6.924,10.471,14.211,513.253,0.97,1.636,2.212,0.87,-0.87,33,469.773,5204339.136,34.298,21.649,18.169,209.323,1,0,-0.359,-1,-0.571,125.395,514.125,3,0,0,0,0,21,0,0,196,41.883,0,19.765,38.36,26.558,31.491,22.501,0,51.472,29.484,0,71.256,13.485,33.331,65.214,34.388,3.426,6.18,5.428,0.16,0,0,3,3,0,0,0,1,0,1,3,2.698,2.242,7.988,22.667,20.133,20.95,14.348,11.644,12.799,8.765,9.989,5.225,6.326,3.013,4.177,32.662,56.803,12.174,446.307,0.933,1.633,2.233,30,400.326,29.41,19.122,17.127,188.92,12.115,12.115,0.156,5.688,126.158,446.694,21,178,33.613,18.746,85.482,85.482,16.911,1.993,23.04,7.869,1.679,0.167,3,4,17000,1.431363764
1118,2.775,-2.308,2.242,-2.996,-0.4,35.453,0,538.939,24.244,20.828,22.4,15.297,11.503,12.657,8.265,9.414,5.239,6.454,3.052,3.961,14.384,48.193,7.11,6.924,10.471,14.211,513.253,0.97,1.636,2.212,0.87,-0.87,33,469.773,5204339.136,34.298,21.649,18.169,209.323,1,0,-0.359,-1,-0.571,125.395,514.125,3,0,0,0,0,21,0,0,196,41.883,0,19.765,38.36,26.558,31.491,22.501,0,51.472,29.484,0,71.256,13.485,33.331,65.214,34.388,3.426,6.18,5.428,0.16,0,0,3,3,0,0,0,1,0,1,3,2.698,2.242,7.988,22.667,20.133,20.95,14.348,11.644,12.799,8.765,9.989,5.225,6.326,3.013,4.177,32.662,56.803,12.174,446.307,0.933,1.633,2.233,30,400.326,29.41,19.122,17.127,188.92,12.115,12.115,0.156,5.688,126.158,446.694,21,178,33.613,18.746,85.482,85.482,16.911,1.993,23.04,7.869,1.679,0.167,3,2,17000,0.84509804
1119,2.775,-2.308,2.242,-2.996,-0.4,35.453,0,538.939,24.244,20.828,22.4,15.297,11.503,12.657,8.265,9.414,5.239,6.454,3.052,3.961,14.384,48.193,7.11,6.924,10.471,14.211,513.253,0.97,1.636,2.212,0.87,-0.87,33,469.773,5204339.136,34.298,21.649,18.169,209.323,1,0,-0.359,-1,-0.571,125.395,514.125,3,0,0,0,0,21,0,0,196,41.883,0,19.765,38.36,26.558,31.491,22.501,0,51.472,29.484,0,71.256,13.485,33.331,65.214,34.388,3.426,6.18,5.428,0.16,0,0,3,3,0,0,0,1,0,1,3,2.698,2.242,7.988,22.667,20.133,20.95,14.348,11.644,12.799,8.765,9.989,5.225,6.326,3.013,4.177,32.662,56.803,12.174,446.307,0.933,1.633,2.233,30,400.326,29.41,19.122,17.127,188.92,12.115,12.115,0.156,5.688,126.158,446.694,21,178,33.613,18.746,85.482,85.482,16.911,1.993,23.04,7.869,1.679,0.167,3,1,17000,1.51851394
1120,2.775,-2.308,2.242,-2.996,-0.4,35.453,0,538.939,24.244,20.828,22.4,15.297,11.503,12.657,8.265,9.414,5.239,6.454,3.052,3.961,14.384,48.193,7.11,6.924,10.471,14.211,513.253,0.97,1.636,2.212,0.87,-0.87,33,469.773,5204339.136,34.298,21.649,18.169,209.323,1,0,-0.359,-1,-0.571,125.395,514.125,3,0,0,0,0,21,0,0,196,41.883,0,19.765,38.36,26.558,31.491,22.501,0,51.472,29.484,0,71.256,13.485,33.331,65.214,34.388,3.426,6.18,5.428,0.16,0,0,3,3,0,0,0,1,0,1,3,2.698,2.242,7.988,22.667,20.133,20.95,14.348,11.644,12.799,8.765,9.989,5.225,6.326,3.013,4.177,32.662,56.803,12.174,446.307,0.933,1.633,2.233,30,400.326,29.41,19.122,17.127,188.92,12.115,12.115,0.156,5.688,126.158,446.694,21,178,33.613,18.746,85.482,85.482,16.911,1.993,23.04,7.869,1.679,0.167,3,0.5,17000,1.230448921
1121,2.991,-2.308,2.243,-2.371,-0.151,32.166,3.964,687.795,32.023,28.483,29.299,20.818,17.105,18.26,11.938,13.163,7.707,8.861,4.746,5.621,14.384,23.075,38.773,11.762,30.988,14.211,630.464,0.744,1.395,2.023,0.912,-1.16,43,564.449,1101079577,41.84,29.545,25.828,268.04,0.465,0.164,-0.338,-0.465,6.831,179.82,630.977,1,0,0,1,0,32,0,0,254,29.222,5.907,46.454,89.43,39.524,18.629,28.748,0,28.594,29.422,10.217,124.007,12.791,28.594,124.007,37.989,-0.338,13.801,14.262,0.064,0,0,3,3,0,1,1,0,0,0,5,2.803,2.246,7.988,24.788,22.255,23.071,15.924,13.22,14.375,9.461,10.611,6.282,7.566,3.74,4.964,32.662,56.803,31.436,488.354,0.909,1.636,2.242,33,436.359,32.41,21.911,18.415,208.015,12.184,12.184,0.152,6.858,140.009,488.775,24,196,52.875,21.519,104.745,104.745,17.05,2.047,23.142,11.866,1.687,0.109,4,4,17000,6.325767629
1122,2.991,-2.308,2.243,-2.371,-0.151,32.166,3.964,687.795,32.023,28.483,29.299,20.818,17.105,18.26,11.938,13.163,7.707,8.861,4.746,5.621,14.384,23.075,38.773,11.762,30.988,14.211,630.464,0.744,1.395,2.023,0.912,-1.16,43,564.449,1101079577,41.84,29.545,25.828,268.04,0.465,0.164,-0.338,-0.465,6.831,179.82,630.977,1,0,0,1,0,32,0,0,254,29.222,5.907,46.454,89.43,39.524,18.629,28.748,0,28.594,29.422,10.217,124.007,12.791,28.594,124.007,37.989,-0.338,13.801,14.262,0.064,0,0,3,3,0,1,1,0,0,0,5,2.803,2.246,7.988,24.788,22.255,23.071,15.924,13.22,14.375,9.461,10.611,6.282,7.566,3.74,4.964,32.662,56.803,31.436,488.354,0.909,1.636,2.242,33,436.359,32.41,21.911,18.415,208.015,12.184,12.184,0.152,6.858,140.009,488.775,24,196,52.875,21.519,104.745,104.745,17.05,2.047,23.142,11.866,1.687,0.109,4,2,17000,4.082246655
1123,2.991,-2.308,2.243,-2.371,-0.151,32.166,3.964,687.795,32.023,28.483,29.299,20.818,17.105,18.26,11.938,13.163,7.707,8.861,4.746,5.621,14.384,23.075,38.773,11.762,30.988,14.211,630.464,0.744,1.395,2.023,0.912,-1.16,43,564.449,1101079577,41.84,29.545,25.828,268.04,0.465,0.164,-0.338,-0.465,6.831,179.82,630.977,1,0,0,1,0,32,0,0,254,29.222,5.907,46.454,89.43,39.524,18.629,28.748,0,28.594,29.422,10.217,124.007,12.791,28.594,124.007,37.989,-0.338,13.801,14.262,0.064,0,0,3,3,0,1,1,0,0,0,5,2.803,2.246,7.988,24.788,22.255,23.071,15.924,13.22,14.375,9.461,10.611,6.282,7.566,3.74,4.964,32.662,56.803,31.436,488.354,0.909,1.636,2.242,33,436.359,32.41,21.911,18.415,208.015,12.184,12.184,0.152,6.858,140.009,488.775,24,196,52.875,21.519,104.745,104.745,17.05,2.047,23.142,11.866,1.687,0.109,4,1,17000,2.619093331
1124,2.991,-2.308,2.243,-2.371,-0.151,32.166,3.964,687.795,32.023,28.483,29.299,20.818,17.105,18.26,11.938,13.163,7.707,8.861,4.746,5.621,14.384,23.075,38.773,11.762,30.988,14.211,630.464,0.744,1.395,2.023,0.912,-1.16,43,564.449,1101079577,41.84,29.545,25.828,268.04,0.465,0.164,-0.338,-0.465,6.831,179.82,630.977,1,0,0,1,0,32,0,0,254,29.222,5.907,46.454,89.43,39.524,18.629,28.748,0,28.594,29.422,10.217,124.007,12.791,28.594,124.007,37.989,-0.338,13.801,14.262,0.064,0,0,3,3,0,1,1,0,0,0,5,2.803,2.246,7.988,24.788,22.255,23.071,15.924,13.22,14.375,9.461,10.611,6.282,7.566,3.74,4.964,32.662,56.803,31.436,488.354,0.909,1.636,2.242,33,436.359,32.41,21.911,18.415,208.015,12.184,12.184,0.152,6.858,140.009,488.775,24,196,52.875,21.519,104.745,104.745,17.05,2.047,23.142,11.866,1.687,0.109,4,0.5,17000,2.307496038
1125,2.925,-2.34,2.243,-2.488,-0.151,32.166,2.127,674.022,28.772,24.756,25.572,18.853,14.76,15.914,10.632,11.856,7.206,8.36,4.54,5.414,14.384,29.682,0,16.662,11.824,19.317,574.365,0.872,1.564,2.205,0.897,-1.2,39,520.393,219846266.2,35.826,22.484,17.269,240.214,0.465,0.171,-0.344,-0.465,3.559,156.043,574.825,1,1,1,1,1,24,1,1,228,29.012,5.907,19.765,50.534,65.703,25.236,20.655,1,33.701,29.422,9.8,78.056,15.744,28.594,78.056,39.745,-0.344,7.784,9.634,0.137,1,1,3,3,1,0,1,0,1,0,3,2.803,2.246,7.988,24.788,22.255,23.071,15.924,13.22,14.375,9.461,10.611,6.282,7.566,3.74,4.964,32.662,56.803,31.436,488.354,0.909,1.636,2.242,33,436.359,32.41,21.911,18.415,208.015,12.184,12.184,0.152,6.858,140.009,488.775,24,196,52.875,21.519,104.745,104.745,17.05,2.047,23.142,11.866,1.687,0.109,4,4,17000,0.477121255
1126,2.925,-2.34,2.243,-2.488,-0.151,32.166,2.127,674.022,28.772,24.756,25.572,18.853,14.76,15.914,10.632,11.856,7.206,8.36,4.54,5.414,14.384,29.682,0,16.662,11.824,19.317,574.365,0.872,1.564,2.205,0.897,-1.2,39,520.393,219846266.2,35.826,22.484,17.269,240.214,0.465,0.171,-0.344,-0.465,3.559,156.043,574.825,1,1,1,1,1,24,1,1,228,29.012,5.907,19.765,50.534,65.703,25.236,20.655,1,33.701,29.422,9.8,78.056,15.744,28.594,78.056,39.745,-0.344,7.784,9.634,0.137,1,1,3,3,1,0,1,0,1,0,3,2.803,2.246,7.988,24.788,22.255,23.071,15.924,13.22,14.375,9.461,10.611,6.282,7.566,3.74,4.964,32.662,56.803,31.436,488.354,0.909,1.636,2.242,33,436.359,32.41,21.911,18.415,208.015,12.184,12.184,0.152,6.858,140.009,488.775,24,196,52.875,21.519,104.745,104.745,17.05,2.047,23.142,11.866,1.687,0.109,4,2,17000,1.602059991
1127,2.925,-2.34,2.243,-2.488,-0.151,32.166,2.127,674.022,28.772,24.756,25.572,18.853,14.76,15.914,10.632,11.856,7.206,8.36,4.54,5.414,14.384,29.682,0,16.662,11.824,19.317,574.365,0.872,1.564,2.205,0.897,-1.2,39,520.393,219846266.2,35.826,22.484,17.269,240.214,0.465,0.171,-0.344,-0.465,3.559,156.043,574.825,1,1,1,1,1,24,1,1,228,29.012,5.907,19.765,50.534,65.703,25.236,20.655,1,33.701,29.422,9.8,78.056,15.744,28.594,78.056,39.745,-0.344,7.784,9.634,0.137,1,1,3,3,1,0,1,0,1,0,3,2.803,2.246,7.988,24.788,22.255,23.071,15.924,13.22,14.375,9.461,10.611,6.282,7.566,3.74,4.964,32.662,56.803,31.436,488.354,0.909,1.636,2.242,33,436.359,32.41,21.911,18.415,208.015,12.184,12.184,0.152,6.858,140.009,488.775,24,196,52.875,21.519,104.745,104.745,17.05,2.047,23.142,11.866,1.687,0.109,4,1,17000,2.424881637
1128,2.925,-2.34,2.243,-2.488,-0.151,32.166,2.127,674.022,28.772,24.756,25.572,18.853,14.76,15.914,10.632,11.856,7.206,8.36,4.54,5.414,14.384,29.682,0,16.662,11.824,19.317,574.365,0.872,1.564,2.205,0.897,-1.2,39,520.393,219846266.2,35.826,22.484,17.269,240.214,0.465,0.171,-0.344,-0.465,3.559,156.043,574.825,1,1,1,1,1,24,1,1,228,29.012,5.907,19.765,50.534,65.703,25.236,20.655,1,33.701,29.422,9.8,78.056,15.744,28.594,78.056,39.745,-0.344,7.784,9.634,0.137,1,1,3,3,1,0,1,0,1,0,3,2.803,2.246,7.988,24.788,22.255,23.071,15.924,13.22,14.375,9.461,10.611,6.282,7.566,3.74,4.964,32.662,56.803,31.436,488.354,0.909,1.636,2.242,33,436.359,32.41,21.911,18.415,208.015,12.184,12.184,0.152,6.858,140.009,488.775,24,196,52.875,21.519,104.745,104.745,17.05,2.047,23.142,11.866,1.687,0.109,4,0.5,17000,1.230448921
1129,2.927,-2.308,2.242,-2.458,-0.151,32.166,2.071,662.934,28.608,24.861,25.678,18.904,14.898,16.053,10.627,11.852,7.038,8.192,4.405,5.28,14.384,23.075,0,11.762,22.457,14.211,573.381,0.923,1.641,2.333,0.897,-1.2,39,518.401,235200918.6,35.826,23.499,19.505,240.76,0.465,0.147,-0.336,-0.465,3.444,158.256,573.841,2,1,1,1,1,25,1,1,228,29.639,5.907,19.765,50.534,72.248,18.629,21.587,1,28.594,29.422,15.533,78.056,15.564,28.594,78.056,37.603,-0.336,7.819,11.445,0.125,0,0,3,3,0,2,1,0,1,0,3,2.803,2.246,7.988,24.788,22.255,23.071,15.924,13.22,14.375,9.461,10.611,6.282,7.566,3.74,4.964,32.662,56.803,31.436,488.354,0.909,1.636,2.242,33,436.359,32.41,21.911,18.415,208.015,12.184,12.184,0.152,6.858,140.009,488.775,24,196,52.875,21.519,104.745,104.745,17.05,2.047,23.142,11.866,1.687,0.109,4,4,17000,0.84509804
1130,2.927,-2.308,2.242,-2.458,-0.151,32.166,2.071,662.934,28.608,24.861,25.678,18.904,14.898,16.053,10.627,11.852,7.038,8.192,4.405,5.28,14.384,23.075,0,11.762,22.457,14.211,573.381,0.923,1.641,2.333,0.897,-1.2,39,518.401,235200918.6,35.826,23.499,19.505,240.76,0.465,0.147,-0.336,-0.465,3.444,158.256,573.841,2,1,1,1,1,25,1,1,228,29.639,5.907,19.765,50.534,72.248,18.629,21.587,1,28.594,29.422,15.533,78.056,15.564,28.594,78.056,37.603,-0.336,7.819,11.445,0.125,0,0,3,3,0,2,1,0,1,0,3,2.803,2.246,7.988,24.788,22.255,23.071,15.924,13.22,14.375,9.461,10.611,6.282,7.566,3.74,4.964,32.662,56.803,31.436,488.354,0.909,1.636,2.242,33,436.359,32.41,21.911,18.415,208.015,12.184,12.184,0.152,6.858,140.009,488.775,24,196,52.875,21.519,104.745,104.745,17.05,2.047,23.142,11.866,1.687,0.109,4,2,17000,-1
1131,2.927,-2.308,2.242,-2.458,-0.151,32.166,2.071,662.934,28.608,24.861,25.678,18.904,14.898,16.053,10.627,11.852,7.038,8.192,4.405,5.28,14.384,23.075,0,11.762,22.457,14.211,573.381,0.923,1.641,2.333,0.897,-1.2,39,518.401,235200918.6,35.826,23.499,19.505,240.76,0.465,0.147,-0.336,-0.465,3.444,158.256,573.841,2,1,1,1,1,25,1,1,228,29.639,5.907,19.765,50.534,72.248,18.629,21.587,1,28.594,29.422,15.533,78.056,15.564,28.594,78.056,37.603,-0.336,7.819,11.445,0.125,0,0,3,3,0,2,1,0,1,0,3,2.803,2.246,7.988,24.788,22.255,23.071,15.924,13.22,14.375,9.461,10.611,6.282,7.566,3.74,4.964,32.662,56.803,31.436,488.354,0.909,1.636,2.242,33,436.359,32.41,21.911,18.415,208.015,12.184,12.184,0.152,6.858,140.009,488.775,24,196,52.875,21.519,104.745,104.745,17.05,2.047,23.142,11.866,1.687,0.109,4,1,17000,3.437274797
1132,2.927,-2.308,2.242,-2.458,-0.151,32.166,2.071,662.934,28.608,24.861,25.678,18.904,14.898,16.053,10.627,11.852,7.038,8.192,4.405,5.28,14.384,23.075,0,11.762,22.457,14.211,573.381,0.923,1.641,2.333,0.897,-1.2,39,518.401,235200918.6,35.826,23.499,19.505,240.76,0.465,0.147,-0.336,-0.465,3.444,158.256,573.841,2,1,1,1,1,25,1,1,228,29.639,5.907,19.765,50.534,72.248,18.629,21.587,1,28.594,29.422,15.533,78.056,15.564,28.594,78.056,37.603,-0.336,7.819,11.445,0.125,0,0,3,3,0,2,1,0,1,0,3,2.803,2.246,7.988,24.788,22.255,23.071,15.924,13.22,14.375,9.461,10.611,6.282,7.566,3.74,4.964,32.662,56.803,31.436,488.354,0.909,1.636,2.242,33,436.359,32.41,21.911,18.415,208.015,12.184,12.184,0.152,6.858,140.009,488.775,24,196,52.875,21.519,104.745,104.745,17.05,2.047,23.142,11.866,1.687,0.109,4,0.5,17000,1.903089987
1133,2.674,-2.308,2.241,-2.996,-0.36,35.453,0,414.533,21.09,18.641,20.214,13.492,10.581,11.736,7.436,8.66,4.674,5.829,2.796,3.526,9.589,29.575,0,11.762,12.657,14.211,455.247,0.966,1.655,2.241,0.905,-0.34,29,413.753,870080.485,30.85,20.914,18.17,187.318,1,0,-0.285,-1,-0.112,114.458,456.089,3,0,0,0,0,20,0,0,174,37.146,0,19.765,38.36,32.311,25.174,22.248,0,41.94,23.514,0,65.214,12.828,23.8,65.214,22.963,3.551,6.553,6.746,0.203,0,0,2,2,0,0,0,1,0,1,3,2.803,2.246,7.988,24.788,22.255,23.071,15.924,13.22,14.375,9.461,10.611,6.282,7.566,3.74,4.964,32.662,56.803,31.436,488.354,0.909,1.636,2.242,33,436.359,32.41,21.911,18.415,208.015,12.184,12.184,0.152,6.858,140.009,488.775,24,196,52.875,21.519,104.745,104.745,17.05,2.047,23.142,11.866,1.687,0.109,4,4,17000,1
1134,2.674,-2.308,2.241,-2.996,-0.36,35.453,0,414.533,21.09,18.641,20.214,13.492,10.581,11.736,7.436,8.66,4.674,5.829,2.796,3.526,9.589,29.575,0,11.762,12.657,14.211,455.247,0.966,1.655,2.241,0.905,-0.34,29,413.753,870080.485,30.85,20.914,18.17,187.318,1,0,-0.285,-1,-0.112,114.458,456.089,3,0,0,0,0,20,0,0,174,37.146,0,19.765,38.36,32.311,25.174,22.248,0,41.94,23.514,0,65.214,12.828,23.8,65.214,22.963,3.551,6.553,6.746,0.203,0,0,2,2,0,0,0,1,0,1,3,2.803,2.246,7.988,24.788,22.255,23.071,15.924,13.22,14.375,9.461,10.611,6.282,7.566,3.74,4.964,32.662,56.803,31.436,488.354,0.909,1.636,2.242,33,436.359,32.41,21.911,18.415,208.015,12.184,12.184,0.152,6.858,140.009,488.775,24,196,52.875,21.519,104.745,104.745,17.05,2.047,23.142,11.866,1.687,0.109,4,2,17000,-1
1135,2.674,-2.308,2.241,-2.996,-0.36,35.453,0,414.533,21.09,18.641,20.214,13.492,10.581,11.736,7.436,8.66,4.674,5.829,2.796,3.526,9.589,29.575,0,11.762,12.657,14.211,455.247,0.966,1.655,2.241,0.905,-0.34,29,413.753,870080.485,30.85,20.914,18.17,187.318,1,0,-0.285,-1,-0.112,114.458,456.089,3,0,0,0,0,20,0,0,174,37.146,0,19.765,38.36,32.311,25.174,22.248,0,41.94,23.514,0,65.214,12.828,23.8,65.214,22.963,3.551,6.553,6.746,0.203,0,0,2,2,0,0,0,1,0,1,3,2.803,2.246,7.988,24.788,22.255,23.071,15.924,13.22,14.375,9.461,10.611,6.282,7.566,3.74,4.964,32.662,56.803,31.436,488.354,0.909,1.636,2.242,33,436.359,32.41,21.911,18.415,208.015,12.184,12.184,0.152,6.858,140.009,488.775,24,196,52.875,21.519,104.745,104.745,17.05,2.047,23.142,11.866,1.687,0.109,4,1,17000,1.477121255
1136,2.674,-2.308,2.241,-2.996,-0.36,35.453,0,414.533,21.09,18.641,20.214,13.492,10.581,11.736,7.436,8.66,4.674,5.829,2.796,3.526,9.589,29.575,0,11.762,12.657,14.211,455.247,0.966,1.655,2.241,0.905,-0.34,29,413.753,870080.485,30.85,20.914,18.17,187.318,1,0,-0.285,-1,-0.112,114.458,456.089,3,0,0,0,0,20,0,0,174,37.146,0,19.765,38.36,32.311,25.174,22.248,0,41.94,23.514,0,65.214,12.828,23.8,65.214,22.963,3.551,6.553,6.746,0.203,0,0,2,2,0,0,0,1,0,1,3,2.803,2.246,7.988,24.788,22.255,23.071,15.924,13.22,14.375,9.461,10.611,6.282,7.566,3.74,4.964,32.662,56.803,31.436,488.354,0.909,1.636,2.242,33,436.359,32.41,21.911,18.415,208.015,12.184,12.184,0.152,6.858,140.009,488.775,24,196,52.875,21.519,104.745,104.745,17.05,2.047,23.142,11.866,1.687,0.109,4,0.5,17000,1
1137,2.775,-2.308,2.242,-2.996,-0.4,35.453,0,538.939,24.244,20.828,22.4,15.297,11.503,12.657,8.265,9.414,5.239,6.454,3.052,3.961,14.384,48.193,7.11,6.924,10.471,14.211,513.253,0.97,1.636,2.212,0.87,-0.87,33,469.773,5204339.136,34.298,21.649,18.169,209.323,1,0,-0.359,-1,-0.571,125.395,514.125,3,0,0,0,0,21,0,0,196,41.883,0,19.765,38.36,26.558,31.491,22.501,0,51.472,29.484,0,71.256,13.485,33.331,65.214,34.388,3.426,6.18,5.428,0.16,0,0,3,3,0,0,0,1,0,1,3,2.803,2.246,7.988,24.788,22.255,23.071,15.924,13.22,14.375,9.461,10.611,6.282,7.566,3.74,4.964,32.662,56.803,31.436,488.354,0.909,1.636,2.242,33,436.359,32.41,21.911,18.415,208.015,12.184,12.184,0.152,6.858,140.009,488.775,24,196,52.875,21.519,104.745,104.745,17.05,2.047,23.142,11.866,1.687,0.109,4,4,17000,1.113943352
1138,2.775,-2.308,2.242,-2.996,-0.4,35.453,0,538.939,24.244,20.828,22.4,15.297,11.503,12.657,8.265,9.414,5.239,6.454,3.052,3.961,14.384,48.193,7.11,6.924,10.471,14.211,513.253,0.97,1.636,2.212,0.87,-0.87,33,469.773,5204339.136,34.298,21.649,18.169,209.323,1,0,-0.359,-1,-0.571,125.395,514.125,3,0,0,0,0,21,0,0,196,41.883,0,19.765,38.36,26.558,31.491,22.501,0,51.472,29.484,0,71.256,13.485,33.331,65.214,34.388,3.426,6.18,5.428,0.16,0,0,3,3,0,0,0,1,0,1,3,2.803,2.246,7.988,24.788,22.255,23.071,15.924,13.22,14.375,9.461,10.611,6.282,7.566,3.74,4.964,32.662,56.803,31.436,488.354,0.909,1.636,2.242,33,436.359,32.41,21.911,18.415,208.015,12.184,12.184,0.152,6.858,140.009,488.775,24,196,52.875,21.519,104.745,104.745,17.05,2.047,23.142,11.866,1.687,0.109,4,2,17000,1.431363764
1139,2.775,-2.308,2.242,-2.996,-0.4,35.453,0,538.939,24.244,20.828,22.4,15.297,11.503,12.657,8.265,9.414,5.239,6.454,3.052,3.961,14.384,48.193,7.11,6.924,10.471,14.211,513.253,0.97,1.636,2.212,0.87,-0.87,33,469.773,5204339.136,34.298,21.649,18.169,209.323,1,0,-0.359,-1,-0.571,125.395,514.125,3,0,0,0,0,21,0,0,196,41.883,0,19.765,38.36,26.558,31.491,22.501,0,51.472,29.484,0,71.256,13.485,33.331,65.214,34.388,3.426,6.18,5.428,0.16,0,0,3,3,0,0,0,1,0,1,3,2.803,2.246,7.988,24.788,22.255,23.071,15.924,13.22,14.375,9.461,10.611,6.282,7.566,3.74,4.964,32.662,56.803,31.436,488.354,0.909,1.636,2.242,33,436.359,32.41,21.911,18.415,208.015,12.184,12.184,0.152,6.858,140.009,488.775,24,196,52.875,21.519,104.745,104.745,17.05,2.047,23.142,11.866,1.687,0.109,4,1,17000,1.361727836
1140,2.775,-2.308,2.242,-2.996,-0.4,35.453,0,538.939,24.244,20.828,22.4,15.297,11.503,12.657,8.265,9.414,5.239,6.454,3.052,3.961,14.384,48.193,7.11,6.924,10.471,14.211,513.253,0.97,1.636,2.212,0.87,-0.87,33,469.773,5204339.136,34.298,21.649,18.169,209.323,1,0,-0.359,-1,-0.571,125.395,514.125,3,0,0,0,0,21,0,0,196,41.883,0,19.765,38.36,26.558,31.491,22.501,0,51.472,29.484,0,71.256,13.485,33.331,65.214,34.388,3.426,6.18,5.428,0.16,0,0,3,3,0,0,0,1,0,1,3,2.803,2.246,7.988,24.788,22.255,23.071,15.924,13.22,14.375,9.461,10.611,6.282,7.566,3.74,4.964,32.662,56.803,31.436,488.354,0.909,1.636,2.242,33,436.359,32.41,21.911,18.415,208.015,12.184,12.184,0.152,6.858,140.009,488.775,24,196,52.875,21.519,104.745,104.745,17.05,2.047,23.142,11.866,1.687,0.109,4,0.5,17000,0.84509804
1141,2.991,-2.308,2.243,-2.371,-0.151,32.166,3.964,687.795,32.023,28.483,29.299,20.818,17.105,18.26,11.938,13.163,7.707,8.861,4.746,5.621,14.384,23.075,38.773,11.762,30.988,14.211,630.464,0.744,1.395,2.023,0.912,-1.16,43,564.449,1101079577,41.84,29.545,25.828,268.04,0.465,0.164,-0.338,-0.465,6.831,179.82,630.977,1,0,0,1,0,32,0,0,254,29.222,5.907,46.454,89.43,39.524,18.629,28.748,0,28.594,29.422,10.217,124.007,12.791,28.594,124.007,37.989,-0.338,13.801,14.262,0.064,0,0,3,3,0,1,1,0,0,0,5,2.815,2.242,7.988,24.203,20.943,21.759,16.01,12.345,13.5,8.818,10.042,5.763,6.833,3.528,4.435,39.269,56.451,5.563,480.291,0.909,1.636,2.303,33,436.359,29.662,18.991,15.209,204.882,12.169,12.169,0.162,5.885,136.849,480.711,21,188,50.097,17.07,71.635,70.777,16.988,1.959,23.122,7.628,1.677,0.162,3,4,17000,3.609274172
1142,2.991,-2.308,2.243,-2.371,-0.151,32.166,3.964,687.795,32.023,28.483,29.299,20.818,17.105,18.26,11.938,13.163,7.707,8.861,4.746,5.621,14.384,23.075,38.773,11.762,30.988,14.211,630.464,0.744,1.395,2.023,0.912,-1.16,43,564.449,1101079577,41.84,29.545,25.828,268.04,0.465,0.164,-0.338,-0.465,6.831,179.82,630.977,1,0,0,1,0,32,0,0,254,29.222,5.907,46.454,89.43,39.524,18.629,28.748,0,28.594,29.422,10.217,124.007,12.791,28.594,124.007,37.989,-0.338,13.801,14.262,0.064,0,0,3,3,0,1,1,0,0,0,5,2.815,2.242,7.988,24.203,20.943,21.759,16.01,12.345,13.5,8.818,10.042,5.763,6.833,3.528,4.435,39.269,56.451,5.563,480.291,0.909,1.636,2.303,33,436.359,29.662,18.991,15.209,204.882,12.169,12.169,0.162,5.885,136.849,480.711,21,188,50.097,17.07,71.635,70.777,16.988,1.959,23.122,7.628,1.677,0.162,3,2,17000,1.86332286
1143,2.991,-2.308,2.243,-2.371,-0.151,32.166,3.964,687.795,32.023,28.483,29.299,20.818,17.105,18.26,11.938,13.163,7.707,8.861,4.746,5.621,14.384,23.075,38.773,11.762,30.988,14.211,630.464,0.744,1.395,2.023,0.912,-1.16,43,564.449,1101079577,41.84,29.545,25.828,268.04,0.465,0.164,-0.338,-0.465,6.831,179.82,630.977,1,0,0,1,0,32,0,0,254,29.222,5.907,46.454,89.43,39.524,18.629,28.748,0,28.594,29.422,10.217,124.007,12.791,28.594,124.007,37.989,-0.338,13.801,14.262,0.064,0,0,3,3,0,1,1,0,0,0,5,2.815,2.242,7.988,24.203,20.943,21.759,16.01,12.345,13.5,8.818,10.042,5.763,6.833,3.528,4.435,39.269,56.451,5.563,480.291,0.909,1.636,2.303,33,436.359,29.662,18.991,15.209,204.882,12.169,12.169,0.162,5.885,136.849,480.711,21,188,50.097,17.07,71.635,70.777,16.988,1.959,23.122,7.628,1.677,0.162,3,1,17000,3.73045926
1144,2.991,-2.308,2.243,-2.371,-0.151,32.166,3.964,687.795,32.023,28.483,29.299,20.818,17.105,18.26,11.938,13.163,7.707,8.861,4.746,5.621,14.384,23.075,38.773,11.762,30.988,14.211,630.464,0.744,1.395,2.023,0.912,-1.16,43,564.449,1101079577,41.84,29.545,25.828,268.04,0.465,0.164,-0.338,-0.465,6.831,179.82,630.977,1,0,0,1,0,32,0,0,254,29.222,5.907,46.454,89.43,39.524,18.629,28.748,0,28.594,29.422,10.217,124.007,12.791,28.594,124.007,37.989,-0.338,13.801,14.262,0.064,0,0,3,3,0,1,1,0,0,0,5,2.815,2.242,7.988,24.203,20.943,21.759,16.01,12.345,13.5,8.818,10.042,5.763,6.833,3.528,4.435,39.269,56.451,5.563,480.291,0.909,1.636,2.303,33,436.359,29.662,18.991,15.209,204.882,12.169,12.169,0.162,5.885,136.849,480.711,21,188,50.097,17.07,71.635,70.777,16.988,1.959,23.122,7.628,1.677,0.162,3,0.5,17000,2.164352856
1145,2.925,-2.34,2.243,-2.488,-0.151,32.166,2.127,674.022,28.772,24.756,25.572,18.853,14.76,15.914,10.632,11.856,7.206,8.36,4.54,5.414,14.384,29.682,0,16.662,11.824,19.317,574.365,0.872,1.564,2.205,0.897,-1.2,39,520.393,219846266.2,35.826,22.484,17.269,240.214,0.465,0.171,-0.344,-0.465,3.559,156.043,574.825,1,1,1,1,1,24,1,1,228,29.012,5.907,19.765,50.534,65.703,25.236,20.655,1,33.701,29.422,9.8,78.056,15.744,28.594,78.056,39.745,-0.344,7.784,9.634,0.137,1,1,3,3,1,0,1,0,1,0,3,2.815,2.242,7.988,24.203,20.943,21.759,16.01,12.345,13.5,8.818,10.042,5.763,6.833,3.528,4.435,39.269,56.451,5.563,480.291,0.909,1.636,2.303,33,436.359,29.662,18.991,15.209,204.882,12.169,12.169,0.162,5.885,136.849,480.711,21,188,50.097,17.07,71.635,70.777,16.988,1.959,23.122,7.628,1.677,0.162,3,4,17000,1.77815125
1146,2.925,-2.34,2.243,-2.488,-0.151,32.166,2.127,674.022,28.772,24.756,25.572,18.853,14.76,15.914,10.632,11.856,7.206,8.36,4.54,5.414,14.384,29.682,0,16.662,11.824,19.317,574.365,0.872,1.564,2.205,0.897,-1.2,39,520.393,219846266.2,35.826,22.484,17.269,240.214,0.465,0.171,-0.344,-0.465,3.559,156.043,574.825,1,1,1,1,1,24,1,1,228,29.012,5.907,19.765,50.534,65.703,25.236,20.655,1,33.701,29.422,9.8,78.056,15.744,28.594,78.056,39.745,-0.344,7.784,9.634,0.137,1,1,3,3,1,0,1,0,1,0,3,2.815,2.242,7.988,24.203,20.943,21.759,16.01,12.345,13.5,8.818,10.042,5.763,6.833,3.528,4.435,39.269,56.451,5.563,480.291,0.909,1.636,2.303,33,436.359,29.662,18.991,15.209,204.882,12.169,12.169,0.162,5.885,136.849,480.711,21,188,50.097,17.07,71.635,70.777,16.988,1.959,23.122,7.628,1.677,0.162,3,2,17000,1.954242509
1147,2.925,-2.34,2.243,-2.488,-0.151,32.166,2.127,674.022,28.772,24.756,25.572,18.853,14.76,15.914,10.632,11.856,7.206,8.36,4.54,5.414,14.384,29.682,0,16.662,11.824,19.317,574.365,0.872,1.564,2.205,0.897,-1.2,39,520.393,219846266.2,35.826,22.484,17.269,240.214,0.465,0.171,-0.344,-0.465,3.559,156.043,574.825,1,1,1,1,1,24,1,1,228,29.012,5.907,19.765,50.534,65.703,25.236,20.655,1,33.701,29.422,9.8,78.056,15.744,28.594,78.056,39.745,-0.344,7.784,9.634,0.137,1,1,3,3,1,0,1,0,1,0,3,2.815,2.242,7.988,24.203,20.943,21.759,16.01,12.345,13.5,8.818,10.042,5.763,6.833,3.528,4.435,39.269,56.451,5.563,480.291,0.909,1.636,2.303,33,436.359,29.662,18.991,15.209,204.882,12.169,12.169,0.162,5.885,136.849,480.711,21,188,50.097,17.07,71.635,70.777,16.988,1.959,23.122,7.628,1.677,0.162,3,1,17000,1.662757832
1148,2.925,-2.34,2.243,-2.488,-0.151,32.166,2.127,674.022,28.772,24.756,25.572,18.853,14.76,15.914,10.632,11.856,7.206,8.36,4.54,5.414,14.384,29.682,0,16.662,11.824,19.317,574.365,0.872,1.564,2.205,0.897,-1.2,39,520.393,219846266.2,35.826,22.484,17.269,240.214,0.465,0.171,-0.344,-0.465,3.559,156.043,574.825,1,1,1,1,1,24,1,1,228,29.012,5.907,19.765,50.534,65.703,25.236,20.655,1,33.701,29.422,9.8,78.056,15.744,28.594,78.056,39.745,-0.344,7.784,9.634,0.137,1,1,3,3,1,0,1,0,1,0,3,2.815,2.242,7.988,24.203,20.943,21.759,16.01,12.345,13.5,8.818,10.042,5.763,6.833,3.528,4.435,39.269,56.451,5.563,480.291,0.909,1.636,2.303,33,436.359,29.662,18.991,15.209,204.882,12.169,12.169,0.162,5.885,136.849,480.711,21,188,50.097,17.07,71.635,70.777,16.988,1.959,23.122,7.628,1.677,0.162,3,0.5,17000,0.477121255
1149,2.927,-2.308,2.242,-2.458,-0.151,32.166,2.071,662.934,28.608,24.861,25.678,18.904,14.898,16.053,10.627,11.852,7.038,8.192,4.405,5.28,14.384,23.075,0,11.762,22.457,14.211,573.381,0.923,1.641,2.333,0.897,-1.2,39,518.401,235200918.6,35.826,23.499,19.505,240.76,0.465,0.147,-0.336,-0.465,3.444,158.256,573.841,2,1,1,1,1,25,1,1,228,29.639,5.907,19.765,50.534,72.248,18.629,21.587,1,28.594,29.422,15.533,78.056,15.564,28.594,78.056,37.603,-0.336,7.819,11.445,0.125,0,0,3,3,0,2,1,0,1,0,3,2.815,2.242,7.988,24.203,20.943,21.759,16.01,12.345,13.5,8.818,10.042,5.763,6.833,3.528,4.435,39.269,56.451,5.563,480.291,0.909,1.636,2.303,33,436.359,29.662,18.991,15.209,204.882,12.169,12.169,0.162,5.885,136.849,480.711,21,188,50.097,17.07,71.635,70.777,16.988,1.959,23.122,7.628,1.677,0.162,3,4,17000,-1
1150,2.927,-2.308,2.242,-2.458,-0.151,32.166,2.071,662.934,28.608,24.861,25.678,18.904,14.898,16.053,10.627,11.852,7.038,8.192,4.405,5.28,14.384,23.075,0,11.762,22.457,14.211,573.381,0.923,1.641,2.333,0.897,-1.2,39,518.401,235200918.6,35.826,23.499,19.505,240.76,0.465,0.147,-0.336,-0.465,3.444,158.256,573.841,2,1,1,1,1,25,1,1,228,29.639,5.907,19.765,50.534,72.248,18.629,21.587,1,28.594,29.422,15.533,78.056,15.564,28.594,78.056,37.603,-0.336,7.819,11.445,0.125,0,0,3,3,0,2,1,0,1,0,3,2.815,2.242,7.988,24.203,20.943,21.759,16.01,12.345,13.5,8.818,10.042,5.763,6.833,3.528,4.435,39.269,56.451,5.563,480.291,0.909,1.636,2.303,33,436.359,29.662,18.991,15.209,204.882,12.169,12.169,0.162,5.885,136.849,480.711,21,188,50.097,17.07,71.635,70.777,16.988,1.959,23.122,7.628,1.677,0.162,3,2,17000,2.247973266
1151,2.927,-2.308,2.242,-2.458,-0.151,32.166,2.071,662.934,28.608,24.861,25.678,18.904,14.898,16.053,10.627,11.852,7.038,8.192,4.405,5.28,14.384,23.075,0,11.762,22.457,14.211,573.381,0.923,1.641,2.333,0.897,-1.2,39,518.401,235200918.6,35.826,23.499,19.505,240.76,0.465,0.147,-0.336,-0.465,3.444,158.256,573.841,2,1,1,1,1,25,1,1,228,29.639,5.907,19.765,50.534,72.248,18.629,21.587,1,28.594,29.422,15.533,78.056,15.564,28.594,78.056,37.603,-0.336,7.819,11.445,0.125,0,0,3,3,0,2,1,0,1,0,3,2.815,2.242,7.988,24.203,20.943,21.759,16.01,12.345,13.5,8.818,10.042,5.763,6.833,3.528,4.435,39.269,56.451,5.563,480.291,0.909,1.636,2.303,33,436.359,29.662,18.991,15.209,204.882,12.169,12.169,0.162,5.885,136.849,480.711,21,188,50.097,17.07,71.635,70.777,16.988,1.959,23.122,7.628,1.677,0.162,3,1,17000,2.403120521
1152,2.927,-2.308,2.242,-2.458,-0.151,32.166,2.071,662.934,28.608,24.861,25.678,18.904,14.898,16.053,10.627,11.852,7.038,8.192,4.405,5.28,14.384,23.075,0,11.762,22.457,14.211,573.381,0.923,1.641,2.333,0.897,-1.2,39,518.401,235200918.6,35.826,23.499,19.505,240.76,0.465,0.147,-0.336,-0.465,3.444,158.256,573.841,2,1,1,1,1,25,1,1,228,29.639,5.907,19.765,50.534,72.248,18.629,21.587,1,28.594,29.422,15.533,78.056,15.564,28.594,78.056,37.603,-0.336,7.819,11.445,0.125,0,0,3,3,0,2,1,0,1,0,3,2.815,2.242,7.988,24.203,20.943,21.759,16.01,12.345,13.5,8.818,10.042,5.763,6.833,3.528,4.435,39.269,56.451,5.563,480.291,0.909,1.636,2.303,33,436.359,29.662,18.991,15.209,204.882,12.169,12.169,0.162,5.885,136.849,480.711,21,188,50.097,17.07,71.635,70.777,16.988,1.959,23.122,7.628,1.677,0.162,3,0.5,17000,-1
1153,2.674,-2.308,2.241,-2.996,-0.36,35.453,0,414.533,21.09,18.641,20.214,13.492,10.581,11.736,7.436,8.66,4.674,5.829,2.796,3.526,9.589,29.575,0,11.762,12.657,14.211,455.247,0.966,1.655,2.241,0.905,-0.34,29,413.753,870080.485,30.85,20.914,18.17,187.318,1,0,-0.285,-1,-0.112,114.458,456.089,3,0,0,0,0,20,0,0,174,37.146,0,19.765,38.36,32.311,25.174,22.248,0,41.94,23.514,0,65.214,12.828,23.8,65.214,22.963,3.551,6.553,6.746,0.203,0,0,2,2,0,0,0,1,0,1,3,2.815,2.242,7.988,24.203,20.943,21.759,16.01,12.345,13.5,8.818,10.042,5.763,6.833,3.528,4.435,39.269,56.451,5.563,480.291,0.909,1.636,2.303,33,436.359,29.662,18.991,15.209,204.882,12.169,12.169,0.162,5.885,136.849,480.711,21,188,50.097,17.07,71.635,70.777,16.988,1.959,23.122,7.628,1.677,0.162,3,4,17000,1.230448921
1154,2.674,-2.308,2.241,-2.996,-0.36,35.453,0,414.533,21.09,18.641,20.214,13.492,10.581,11.736,7.436,8.66,4.674,5.829,2.796,3.526,9.589,29.575,0,11.762,12.657,14.211,455.247,0.966,1.655,2.241,0.905,-0.34,29,413.753,870080.485,30.85,20.914,18.17,187.318,1,0,-0.285,-1,-0.112,114.458,456.089,3,0,0,0,0,20,0,0,174,37.146,0,19.765,38.36,32.311,25.174,22.248,0,41.94,23.514,0,65.214,12.828,23.8,65.214,22.963,3.551,6.553,6.746,0.203,0,0,2,2,0,0,0,1,0,1,3,2.815,2.242,7.988,24.203,20.943,21.759,16.01,12.345,13.5,8.818,10.042,5.763,6.833,3.528,4.435,39.269,56.451,5.563,480.291,0.909,1.636,2.303,33,436.359,29.662,18.991,15.209,204.882,12.169,12.169,0.162,5.885,136.849,480.711,21,188,50.097,17.07,71.635,70.777,16.988,1.959,23.122,7.628,1.677,0.162,3,2,17000,-1
1155,2.674,-2.308,2.241,-2.996,-0.36,35.453,0,414.533,21.09,18.641,20.214,13.492,10.581,11.736,7.436,8.66,4.674,5.829,2.796,3.526,9.589,29.575,0,11.762,12.657,14.211,455.247,0.966,1.655,2.241,0.905,-0.34,29,413.753,870080.485,30.85,20.914,18.17,187.318,1,0,-0.285,-1,-0.112,114.458,456.089,3,0,0,0,0,20,0,0,174,37.146,0,19.765,38.36,32.311,25.174,22.248,0,41.94,23.514,0,65.214,12.828,23.8,65.214,22.963,3.551,6.553,6.746,0.203,0,0,2,2,0,0,0,1,0,1,3,2.815,2.242,7.988,24.203,20.943,21.759,16.01,12.345,13.5,8.818,10.042,5.763,6.833,3.528,4.435,39.269,56.451,5.563,480.291,0.909,1.636,2.303,33,436.359,29.662,18.991,15.209,204.882,12.169,12.169,0.162,5.885,136.849,480.711,21,188,50.097,17.07,71.635,70.777,16.988,1.959,23.122,7.628,1.677,0.162,3,1,17000,1.146128036
1156,2.674,-2.308,2.241,-2.996,-0.36,35.453,0,414.533,21.09,18.641,20.214,13.492,10.581,11.736,7.436,8.66,4.674,5.829,2.796,3.526,9.589,29.575,0,11.762,12.657,14.211,455.247,0.966,1.655,2.241,0.905,-0.34,29,413.753,870080.485,30.85,20.914,18.17,187.318,1,0,-0.285,-1,-0.112,114.458,456.089,3,0,0,0,0,20,0,0,174,37.146,0,19.765,38.36,32.311,25.174,22.248,0,41.94,23.514,0,65.214,12.828,23.8,65.214,22.963,3.551,6.553,6.746,0.203,0,0,2,2,0,0,0,1,0,1,3,2.815,2.242,7.988,24.203,20.943,21.759,16.01,12.345,13.5,8.818,10.042,5.763,6.833,3.528,4.435,39.269,56.451,5.563,480.291,0.909,1.636,2.303,33,436.359,29.662,18.991,15.209,204.882,12.169,12.169,0.162,5.885,136.849,480.711,21,188,50.097,17.07,71.635,70.777,16.988,1.959,23.122,7.628,1.677,0.162,3,0.5,17000,1.113943352
1157,2.775,-2.308,2.242,-2.996,-0.4,35.453,0,538.939,24.244,20.828,22.4,15.297,11.503,12.657,8.265,9.414,5.239,6.454,3.052,3.961,14.384,48.193,7.11,6.924,10.471,14.211,513.253,0.97,1.636,2.212,0.87,-0.87,33,469.773,5204339.136,34.298,21.649,18.169,209.323,1,0,-0.359,-1,-0.571,125.395,514.125,3,0,0,0,0,21,0,0,196,41.883,0,19.765,38.36,26.558,31.491,22.501,0,51.472,29.484,0,71.256,13.485,33.331,65.214,34.388,3.426,6.18,5.428,0.16,0,0,3,3,0,0,0,1,0,1,3,2.815,2.242,7.988,24.203,20.943,21.759,16.01,12.345,13.5,8.818,10.042,5.763,6.833,3.528,4.435,39.269,56.451,5.563,480.291,0.909,1.636,2.303,33,436.359,29.662,18.991,15.209,204.882,12.169,12.169,0.162,5.885,136.849,480.711,21,188,50.097,17.07,71.635,70.777,16.988,1.959,23.122,7.628,1.677,0.162,3,4,17000,1.431363764
1158,2.775,-2.308,2.242,-2.996,-0.4,35.453,0,538.939,24.244,20.828,22.4,15.297,11.503,12.657,8.265,9.414,5.239,6.454,3.052,3.961,14.384,48.193,7.11,6.924,10.471,14.211,513.253,0.97,1.636,2.212,0.87,-0.87,33,469.773,5204339.136,34.298,21.649,18.169,209.323,1,0,-0.359,-1,-0.571,125.395,514.125,3,0,0,0,0,21,0,0,196,41.883,0,19.765,38.36,26.558,31.491,22.501,0,51.472,29.484,0,71.256,13.485,33.331,65.214,34.388,3.426,6.18,5.428,0.16,0,0,3,3,0,0,0,1,0,1,3,2.815,2.242,7.988,24.203,20.943,21.759,16.01,12.345,13.5,8.818,10.042,5.763,6.833,3.528,4.435,39.269,56.451,5.563,480.291,0.909,1.636,2.303,33,436.359,29.662,18.991,15.209,204.882,12.169,12.169,0.162,5.885,136.849,480.711,21,188,50.097,17.07,71.635,70.777,16.988,1.959,23.122,7.628,1.677,0.162,3,2,17000,1.230448921
1159,2.775,-2.308,2.242,-2.996,-0.4,35.453,0,538.939,24.244,20.828,22.4,15.297,11.503,12.657,8.265,9.414,5.239,6.454,3.052,3.961,14.384,48.193,7.11,6.924,10.471,14.211,513.253,0.97,1.636,2.212,0.87,-0.87,33,469.773,5204339.136,34.298,21.649,18.169,209.323,1,0,-0.359,-1,-0.571,125.395,514.125,3,0,0,0,0,21,0,0,196,41.883,0,19.765,38.36,26.558,31.491,22.501,0,51.472,29.484,0,71.256,13.485,33.331,65.214,34.388,3.426,6.18,5.428,0.16,0,0,3,3,0,0,0,1,0,1,3,2.815,2.242,7.988,24.203,20.943,21.759,16.01,12.345,13.5,8.818,10.042,5.763,6.833,3.528,4.435,39.269,56.451,5.563,480.291,0.909,1.636,2.303,33,436.359,29.662,18.991,15.209,204.882,12.169,12.169,0.162,5.885,136.849,480.711,21,188,50.097,17.07,71.635,70.777,16.988,1.959,23.122,7.628,1.677,0.162,3,1,17000,1.431363764
1160,2.775,-2.308,2.242,-2.996,-0.4,35.453,0,538.939,24.244,20.828,22.4,15.297,11.503,12.657,8.265,9.414,5.239,6.454,3.052,3.961,14.384,48.193,7.11,6.924,10.471,14.211,513.253,0.97,1.636,2.212,0.87,-0.87,33,469.773,5204339.136,34.298,21.649,18.169,209.323,1,0,-0.359,-1,-0.571,125.395,514.125,3,0,0,0,0,21,0,0,196,41.883,0,19.765,38.36,26.558,31.491,22.501,0,51.472,29.484,0,71.256,13.485,33.331,65.214,34.388,3.426,6.18,5.428,0.16,0,0,3,3,0,0,0,1,0,1,3,2.815,2.242,7.988,24.203,20.943,21.759,16.01,12.345,13.5,8.818,10.042,5.763,6.833,3.528,4.435,39.269,56.451,5.563,480.291,0.909,1.636,2.303,33,436.359,29.662,18.991,15.209,204.882,12.169,12.169,0.162,5.885,136.849,480.711,21,188,50.097,17.07,71.635,70.777,16.988,1.959,23.122,7.628,1.677,0.162,3,0.5,17000,1.113943352
1161,2.991,-2.308,2.243,-2.371,-0.151,32.166,3.964,687.795,32.023,28.483,29.299,20.818,17.105,18.26,11.938,13.163,7.707,8.861,4.746,5.621,14.384,23.075,38.773,11.762,30.988,14.211,630.464,0.744,1.395,2.023,0.912,-1.16,43,564.449,1101079577,41.84,29.545,25.828,268.04,0.465,0.164,-0.338,-0.465,6.831,179.82,630.977,1,0,0,1,0,32,0,0,254,29.222,5.907,46.454,89.43,39.524,18.629,28.748,0,28.594,29.422,10.217,124.007,12.791,28.594,124.007,37.989,-0.338,13.801,14.262,0.064,0,0,3,3,0,1,1,0,0,0,5,2.775,2.242,7.988,23.918,20.832,21.648,15.492,12.397,13.552,8.72,9.945,5.582,6.737,3.363,4.298,45.876,57.119,18.594,476.317,0.844,1.5,2.156,32,428.336,31.37,22.177,18.895,200.079,12.137,12.137,0.166,5.195,132.257,476.72,24,190,32.607,21.74,90.897,90.897,16.92,1.96,23.075,10.943,1.671,0.151,6,4,17000,2.123851641
1162,2.991,-2.308,2.243,-2.371,-0.151,32.166,3.964,687.795,32.023,28.483,29.299,20.818,17.105,18.26,11.938,13.163,7.707,8.861,4.746,5.621,14.384,23.075,38.773,11.762,30.988,14.211,630.464,0.744,1.395,2.023,0.912,-1.16,43,564.449,1101079577,41.84,29.545,25.828,268.04,0.465,0.164,-0.338,-0.465,6.831,179.82,630.977,1,0,0,1,0,32,0,0,254,29.222,5.907,46.454,89.43,39.524,18.629,28.748,0,28.594,29.422,10.217,124.007,12.791,28.594,124.007,37.989,-0.338,13.801,14.262,0.064,0,0,3,3,0,1,1,0,0,0,5,2.775,2.242,7.988,23.918,20.832,21.648,15.492,12.397,13.552,8.72,9.945,5.582,6.737,3.363,4.298,45.876,57.119,18.594,476.317,0.844,1.5,2.156,32,428.336,31.37,22.177,18.895,200.079,12.137,12.137,0.166,5.195,132.257,476.72,24,190,32.607,21.74,90.897,90.897,16.92,1.96,23.075,10.943,1.671,0.151,6,2,17000,2.11058971
1163,2.991,-2.308,2.243,-2.371,-0.151,32.166,3.964,687.795,32.023,28.483,29.299,20.818,17.105,18.26,11.938,13.163,7.707,8.861,4.746,5.621,14.384,23.075,38.773,11.762,30.988,14.211,630.464,0.744,1.395,2.023,0.912,-1.16,43,564.449,1101079577,41.84,29.545,25.828,268.04,0.465,0.164,-0.338,-0.465,6.831,179.82,630.977,1,0,0,1,0,32,0,0,254,29.222,5.907,46.454,89.43,39.524,18.629,28.748,0,28.594,29.422,10.217,124.007,12.791,28.594,124.007,37.989,-0.338,13.801,14.262,0.064,0,0,3,3,0,1,1,0,0,0,5,2.775,2.242,7.988,23.918,20.832,21.648,15.492,12.397,13.552,8.72,9.945,5.582,6.737,3.363,4.298,45.876,57.119,18.594,476.317,0.844,1.5,2.156,32,428.336,31.37,22.177,18.895,200.079,12.137,12.137,0.166,5.195,132.257,476.72,24,190,32.607,21.74,90.897,90.897,16.92,1.96,23.075,10.943,1.671,0.151,6,1,17000,2.889861721
1164,2.991,-2.308,2.243,-2.371,-0.151,32.166,3.964,687.795,32.023,28.483,29.299,20.818,17.105,18.26,11.938,13.163,7.707,8.861,4.746,5.621,14.384,23.075,38.773,11.762,30.988,14.211,630.464,0.744,1.395,2.023,0.912,-1.16,43,564.449,1101079577,41.84,29.545,25.828,268.04,0.465,0.164,-0.338,-0.465,6.831,179.82,630.977,1,0,0,1,0,32,0,0,254,29.222,5.907,46.454,89.43,39.524,18.629,28.748,0,28.594,29.422,10.217,124.007,12.791,28.594,124.007,37.989,-0.338,13.801,14.262,0.064,0,0,3,3,0,1,1,0,0,0,5,2.775,2.242,7.988,23.918,20.832,21.648,15.492,12.397,13.552,8.72,9.945,5.582,6.737,3.363,4.298,45.876,57.119,18.594,476.317,0.844,1.5,2.156,32,428.336,31.37,22.177,18.895,200.079,12.137,12.137,0.166,5.195,132.257,476.72,24,190,32.607,21.74,90.897,90.897,16.92,1.96,23.075,10.943,1.671,0.151,6,0.5,17000,2.915399835
1165,2.925,-2.34,2.243,-2.488,-0.151,32.166,2.127,674.022,28.772,24.756,25.572,18.853,14.76,15.914,10.632,11.856,7.206,8.36,4.54,5.414,14.384,29.682,0,16.662,11.824,19.317,574.365,0.872,1.564,2.205,0.897,-1.2,39,520.393,219846266.2,35.826,22.484,17.269,240.214,0.465,0.171,-0.344,-0.465,3.559,156.043,574.825,1,1,1,1,1,24,1,1,228,29.012,5.907,19.765,50.534,65.703,25.236,20.655,1,33.701,29.422,9.8,78.056,15.744,28.594,78.056,39.745,-0.344,7.784,9.634,0.137,1,1,3,3,1,0,1,0,1,0,3,2.775,2.242,7.988,23.918,20.832,21.648,15.492,12.397,13.552,8.72,9.945,5.582,6.737,3.363,4.298,45.876,57.119,18.594,476.317,0.844,1.5,2.156,32,428.336,31.37,22.177,18.895,200.079,12.137,12.137,0.166,5.195,132.257,476.72,24,190,32.607,21.74,90.897,90.897,16.92,1.96,23.075,10.943,1.671,0.151,6,4,17000,2.089905111
1166,2.925,-2.34,2.243,-2.488,-0.151,32.166,2.127,674.022,28.772,24.756,25.572,18.853,14.76,15.914,10.632,11.856,7.206,8.36,4.54,5.414,14.384,29.682,0,16.662,11.824,19.317,574.365,0.872,1.564,2.205,0.897,-1.2,39,520.393,219846266.2,35.826,22.484,17.269,240.214,0.465,0.171,-0.344,-0.465,3.559,156.043,574.825,1,1,1,1,1,24,1,1,228,29.012,5.907,19.765,50.534,65.703,25.236,20.655,1,33.701,29.422,9.8,78.056,15.744,28.594,78.056,39.745,-0.344,7.784,9.634,0.137,1,1,3,3,1,0,1,0,1,0,3,2.775,2.242,7.988,23.918,20.832,21.648,15.492,12.397,13.552,8.72,9.945,5.582,6.737,3.363,4.298,45.876,57.119,18.594,476.317,0.844,1.5,2.156,32,428.336,31.37,22.177,18.895,200.079,12.137,12.137,0.166,5.195,132.257,476.72,24,190,32.607,21.74,90.897,90.897,16.92,1.96,23.075,10.943,1.671,0.151,6,2,17000,1.84509804
1167,2.925,-2.34,2.243,-2.488,-0.151,32.166,2.127,674.022,28.772,24.756,25.572,18.853,14.76,15.914,10.632,11.856,7.206,8.36,4.54,5.414,14.384,29.682,0,16.662,11.824,19.317,574.365,0.872,1.564,2.205,0.897,-1.2,39,520.393,219846266.2,35.826,22.484,17.269,240.214,0.465,0.171,-0.344,-0.465,3.559,156.043,574.825,1,1,1,1,1,24,1,1,228,29.012,5.907,19.765,50.534,65.703,25.236,20.655,1,33.701,29.422,9.8,78.056,15.744,28.594,78.056,39.745,-0.344,7.784,9.634,0.137,1,1,3,3,1,0,1,0,1,0,3,2.775,2.242,7.988,23.918,20.832,21.648,15.492,12.397,13.552,8.72,9.945,5.582,6.737,3.363,4.298,45.876,57.119,18.594,476.317,0.844,1.5,2.156,32,428.336,31.37,22.177,18.895,200.079,12.137,12.137,0.166,5.195,132.257,476.72,24,190,32.607,21.74,90.897,90.897,16.92,1.96,23.075,10.943,1.671,0.151,6,1,17000,1.968482949
1168,2.925,-2.34,2.243,-2.488,-0.151,32.166,2.127,674.022,28.772,24.756,25.572,18.853,14.76,15.914,10.632,11.856,7.206,8.36,4.54,5.414,14.384,29.682,0,16.662,11.824,19.317,574.365,0.872,1.564,2.205,0.897,-1.2,39,520.393,219846266.2,35.826,22.484,17.269,240.214,0.465,0.171,-0.344,-0.465,3.559,156.043,574.825,1,1,1,1,1,24,1,1,228,29.012,5.907,19.765,50.534,65.703,25.236,20.655,1,33.701,29.422,9.8,78.056,15.744,28.594,78.056,39.745,-0.344,7.784,9.634,0.137,1,1,3,3,1,0,1,0,1,0,3,2.775,2.242,7.988,23.918,20.832,21.648,15.492,12.397,13.552,8.72,9.945,5.582,6.737,3.363,4.298,45.876,57.119,18.594,476.317,0.844,1.5,2.156,32,428.336,31.37,22.177,18.895,200.079,12.137,12.137,0.166,5.195,132.257,476.72,24,190,32.607,21.74,90.897,90.897,16.92,1.96,23.075,10.943,1.671,0.151,6,0.5,17000,3.125806458
1169,2.927,-2.308,2.242,-2.458,-0.151,32.166,2.071,662.934,28.608,24.861,25.678,18.904,14.898,16.053,10.627,11.852,7.038,8.192,4.405,5.28,14.384,23.075,0,11.762,22.457,14.211,573.381,0.923,1.641,2.333,0.897,-1.2,39,518.401,235200918.6,35.826,23.499,19.505,240.76,0.465,0.147,-0.336,-0.465,3.444,158.256,573.841,2,1,1,1,1,25,1,1,228,29.639,5.907,19.765,50.534,72.248,18.629,21.587,1,28.594,29.422,15.533,78.056,15.564,28.594,78.056,37.603,-0.336,7.819,11.445,0.125,0,0,3,3,0,2,1,0,1,0,3,2.775,2.242,7.988,23.918,20.832,21.648,15.492,12.397,13.552,8.72,9.945,5.582,6.737,3.363,4.298,45.876,57.119,18.594,476.317,0.844,1.5,2.156,32,428.336,31.37,22.177,18.895,200.079,12.137,12.137,0.166,5.195,132.257,476.72,24,190,32.607,21.74,90.897,90.897,16.92,1.96,23.075,10.943,1.671,0.151,6,4,17000,1
1170,2.927,-2.308,2.242,-2.458,-0.151,32.166,2.071,662.934,28.608,24.861,25.678,18.904,14.898,16.053,10.627,11.852,7.038,8.192,4.405,5.28,14.384,23.075,0,11.762,22.457,14.211,573.381,0.923,1.641,2.333,0.897,-1.2,39,518.401,235200918.6,35.826,23.499,19.505,240.76,0.465,0.147,-0.336,-0.465,3.444,158.256,573.841,2,1,1,1,1,25,1,1,228,29.639,5.907,19.765,50.534,72.248,18.629,21.587,1,28.594,29.422,15.533,78.056,15.564,28.594,78.056,37.603,-0.336,7.819,11.445,0.125,0,0,3,3,0,2,1,0,1,0,3,2.775,2.242,7.988,23.918,20.832,21.648,15.492,12.397,13.552,8.72,9.945,5.582,6.737,3.363,4.298,45.876,57.119,18.594,476.317,0.844,1.5,2.156,32,428.336,31.37,22.177,18.895,200.079,12.137,12.137,0.166,5.195,132.257,476.72,24,190,32.607,21.74,90.897,90.897,16.92,1.96,23.075,10.943,1.671,0.151,6,2,17000,-1
1171,2.927,-2.308,2.242,-2.458,-0.151,32.166,2.071,662.934,28.608,24.861,25.678,18.904,14.898,16.053,10.627,11.852,7.038,8.192,4.405,5.28,14.384,23.075,0,11.762,22.457,14.211,573.381,0.923,1.641,2.333,0.897,-1.2,39,518.401,235200918.6,35.826,23.499,19.505,240.76,0.465,0.147,-0.336,-0.465,3.444,158.256,573.841,2,1,1,1,1,25,1,1,228,29.639,5.907,19.765,50.534,72.248,18.629,21.587,1,28.594,29.422,15.533,78.056,15.564,28.594,78.056,37.603,-0.336,7.819,11.445,0.125,0,0,3,3,0,2,1,0,1,0,3,2.775,2.242,7.988,23.918,20.832,21.648,15.492,12.397,13.552,8.72,9.945,5.582,6.737,3.363,4.298,45.876,57.119,18.594,476.317,0.844,1.5,2.156,32,428.336,31.37,22.177,18.895,200.079,12.137,12.137,0.166,5.195,132.257,476.72,24,190,32.607,21.74,90.897,90.897,16.92,1.96,23.075,10.943,1.671,0.151,6,1,17000,-1
1172,2.927,-2.308,2.242,-2.458,-0.151,32.166,2.071,662.934,28.608,24.861,25.678,18.904,14.898,16.053,10.627,11.852,7.038,8.192,4.405,5.28,14.384,23.075,0,11.762,22.457,14.211,573.381,0.923,1.641,2.333,0.897,-1.2,39,518.401,235200918.6,35.826,23.499,19.505,240.76,0.465,0.147,-0.336,-0.465,3.444,158.256,573.841,2,1,1,1,1,25,1,1,228,29.639,5.907,19.765,50.534,72.248,18.629,21.587,1,28.594,29.422,15.533,78.056,15.564,28.594,78.056,37.603,-0.336,7.819,11.445,0.125,0,0,3,3,0,2,1,0,1,0,3,2.775,2.242,7.988,23.918,20.832,21.648,15.492,12.397,13.552,8.72,9.945,5.582,6.737,3.363,4.298,45.876,57.119,18.594,476.317,0.844,1.5,2.156,32,428.336,31.37,22.177,18.895,200.079,12.137,12.137,0.166,5.195,132.257,476.72,24,190,32.607,21.74,90.897,90.897,16.92,1.96,23.075,10.943,1.671,0.151,6,0.5,17000,1.361727836
1173,2.674,-2.308,2.241,-2.996,-0.36,35.453,0,414.533,21.09,18.641,20.214,13.492,10.581,11.736,7.436,8.66,4.674,5.829,2.796,3.526,9.589,29.575,0,11.762,12.657,14.211,455.247,0.966,1.655,2.241,0.905,-0.34,29,413.753,870080.485,30.85,20.914,18.17,187.318,1,0,-0.285,-1,-0.112,114.458,456.089,3,0,0,0,0,20,0,0,174,37.146,0,19.765,38.36,32.311,25.174,22.248,0,41.94,23.514,0,65.214,12.828,23.8,65.214,22.963,3.551,6.553,6.746,0.203,0,0,2,2,0,0,0,1,0,1,3,2.775,2.242,7.988,23.918,20.832,21.648,15.492,12.397,13.552,8.72,9.945,5.582,6.737,3.363,4.298,45.876,57.119,18.594,476.317,0.844,1.5,2.156,32,428.336,31.37,22.177,18.895,200.079,12.137,12.137,0.166,5.195,132.257,476.72,24,190,32.607,21.74,90.897,90.897,16.92,1.96,23.075,10.943,1.671,0.151,6,4,17000,-1
1174,2.674,-2.308,2.241,-2.996,-0.36,35.453,0,414.533,21.09,18.641,20.214,13.492,10.581,11.736,7.436,8.66,4.674,5.829,2.796,3.526,9.589,29.575,0,11.762,12.657,14.211,455.247,0.966,1.655,2.241,0.905,-0.34,29,413.753,870080.485,30.85,20.914,18.17,187.318,1,0,-0.285,-1,-0.112,114.458,456.089,3,0,0,0,0,20,0,0,174,37.146,0,19.765,38.36,32.311,25.174,22.248,0,41.94,23.514,0,65.214,12.828,23.8,65.214,22.963,3.551,6.553,6.746,0.203,0,0,2,2,0,0,0,1,0,1,3,2.775,2.242,7.988,23.918,20.832,21.648,15.492,12.397,13.552,8.72,9.945,5.582,6.737,3.363,4.298,45.876,57.119,18.594,476.317,0.844,1.5,2.156,32,428.336,31.37,22.177,18.895,200.079,12.137,12.137,0.166,5.195,132.257,476.72,24,190,32.607,21.74,90.897,90.897,16.92,1.96,23.075,10.943,1.671,0.151,6,2,17000,0.84509804
1175,2.674,-2.308,2.241,-2.996,-0.36,35.453,0,414.533,21.09,18.641,20.214,13.492,10.581,11.736,7.436,8.66,4.674,5.829,2.796,3.526,9.589,29.575,0,11.762,12.657,14.211,455.247,0.966,1.655,2.241,0.905,-0.34,29,413.753,870080.485,30.85,20.914,18.17,187.318,1,0,-0.285,-1,-0.112,114.458,456.089,3,0,0,0,0,20,0,0,174,37.146,0,19.765,38.36,32.311,25.174,22.248,0,41.94,23.514,0,65.214,12.828,23.8,65.214,22.963,3.551,6.553,6.746,0.203,0,0,2,2,0,0,0,1,0,1,3,2.775,2.242,7.988,23.918,20.832,21.648,15.492,12.397,13.552,8.72,9.945,5.582,6.737,3.363,4.298,45.876,57.119,18.594,476.317,0.844,1.5,2.156,32,428.336,31.37,22.177,18.895,200.079,12.137,12.137,0.166,5.195,132.257,476.72,24,190,32.607,21.74,90.897,90.897,16.92,1.96,23.075,10.943,1.671,0.151,6,1,17000,1
1176,2.674,-2.308,2.241,-2.996,-0.36,35.453,0,414.533,21.09,18.641,20.214,13.492,10.581,11.736,7.436,8.66,4.674,5.829,2.796,3.526,9.589,29.575,0,11.762,12.657,14.211,455.247,0.966,1.655,2.241,0.905,-0.34,29,413.753,870080.485,30.85,20.914,18.17,187.318,1,0,-0.285,-1,-0.112,114.458,456.089,3,0,0,0,0,20,0,0,174,37.146,0,19.765,38.36,32.311,25.174,22.248,0,41.94,23.514,0,65.214,12.828,23.8,65.214,22.963,3.551,6.553,6.746,0.203,0,0,2,2,0,0,0,1,0,1,3,2.775,2.242,7.988,23.918,20.832,21.648,15.492,12.397,13.552,8.72,9.945,5.582,6.737,3.363,4.298,45.876,57.119,18.594,476.317,0.844,1.5,2.156,32,428.336,31.37,22.177,18.895,200.079,12.137,12.137,0.166,5.195,132.257,476.72,24,190,32.607,21.74,90.897,90.897,16.92,1.96,23.075,10.943,1.671,0.151,6,0.5,17000,0.84509804
1177,2.775,-2.308,2.242,-2.996,-0.4,35.453,0,538.939,24.244,20.828,22.4,15.297,11.503,12.657,8.265,9.414,5.239,6.454,3.052,3.961,14.384,48.193,7.11,6.924,10.471,14.211,513.253,0.97,1.636,2.212,0.87,-0.87,33,469.773,5204339.136,34.298,21.649,18.169,209.323,1,0,-0.359,-1,-0.571,125.395,514.125,3,0,0,0,0,21,0,0,196,41.883,0,19.765,38.36,26.558,31.491,22.501,0,51.472,29.484,0,71.256,13.485,33.331,65.214,34.388,3.426,6.18,5.428,0.16,0,0,3,3,0,0,0,1,0,1,3,2.775,2.242,7.988,23.918,20.832,21.648,15.492,12.397,13.552,8.72,9.945,5.582,6.737,3.363,4.298,45.876,57.119,18.594,476.317,0.844,1.5,2.156,32,428.336,31.37,22.177,18.895,200.079,12.137,12.137,0.166,5.195,132.257,476.72,24,190,32.607,21.74,90.897,90.897,16.92,1.96,23.075,10.943,1.671,0.151,6,4,17000,1
1178,2.775,-2.308,2.242,-2.996,-0.4,35.453,0,538.939,24.244,20.828,22.4,15.297,11.503,12.657,8.265,9.414,5.239,6.454,3.052,3.961,14.384,48.193,7.11,6.924,10.471,14.211,513.253,0.97,1.636,2.212,0.87,-0.87,33,469.773,5204339.136,34.298,21.649,18.169,209.323,1,0,-0.359,-1,-0.571,125.395,514.125,3,0,0,0,0,21,0,0,196,41.883,0,19.765,38.36,26.558,31.491,22.501,0,51.472,29.484,0,71.256,13.485,33.331,65.214,34.388,3.426,6.18,5.428,0.16,0,0,3,3,0,0,0,1,0,1,3,2.775,2.242,7.988,23.918,20.832,21.648,15.492,12.397,13.552,8.72,9.945,5.582,6.737,3.363,4.298,45.876,57.119,18.594,476.317,0.844,1.5,2.156,32,428.336,31.37,22.177,18.895,200.079,12.137,12.137,0.166,5.195,132.257,476.72,24,190,32.607,21.74,90.897,90.897,16.92,1.96,23.075,10.943,1.671,0.151,6,2,17000,1.301029996
1179,2.775,-2.308,2.242,-2.996,-0.4,35.453,0,538.939,24.244,20.828,22.4,15.297,11.503,12.657,8.265,9.414,5.239,6.454,3.052,3.961,14.384,48.193,7.11,6.924,10.471,14.211,513.253,0.97,1.636,2.212,0.87,-0.87,33,469.773,5204339.136,34.298,21.649,18.169,209.323,1,0,-0.359,-1,-0.571,125.395,514.125,3,0,0,0,0,21,0,0,196,41.883,0,19.765,38.36,26.558,31.491,22.501,0,51.472,29.484,0,71.256,13.485,33.331,65.214,34.388,3.426,6.18,5.428,0.16,0,0,3,3,0,0,0,1,0,1,3,2.775,2.242,7.988,23.918,20.832,21.648,15.492,12.397,13.552,8.72,9.945,5.582,6.737,3.363,4.298,45.876,57.119,18.594,476.317,0.844,1.5,2.156,32,428.336,31.37,22.177,18.895,200.079,12.137,12.137,0.166,5.195,132.257,476.72,24,190,32.607,21.74,90.897,90.897,16.92,1.96,23.075,10.943,1.671,0.151,6,1,17000,1.62324929
1180,2.775,-2.308,2.242,-2.996,-0.4,35.453,0,538.939,24.244,20.828,22.4,15.297,11.503,12.657,8.265,9.414,5.239,6.454,3.052,3.961,14.384,48.193,7.11,6.924,10.471,14.211,513.253,0.97,1.636,2.212,0.87,-0.87,33,469.773,5204339.136,34.298,21.649,18.169,209.323,1,0,-0.359,-1,-0.571,125.395,514.125,3,0,0,0,0,21,0,0,196,41.883,0,19.765,38.36,26.558,31.491,22.501,0,51.472,29.484,0,71.256,13.485,33.331,65.214,34.388,3.426,6.18,5.428,0.16,0,0,3,3,0,0,0,1,0,1,3,2.775,2.242,7.988,23.918,20.832,21.648,15.492,12.397,13.552,8.72,9.945,5.582,6.737,3.363,4.298,45.876,57.119,18.594,476.317,0.844,1.5,2.156,32,428.336,31.37,22.177,18.895,200.079,12.137,12.137,0.166,5.195,132.257,476.72,24,190,32.607,21.74,90.897,90.897,16.92,1.96,23.075,10.943,1.671,0.151,6,0.5,17000,1
1181,2.991,-2.308,2.243,-2.371,-0.151,32.166,3.964,687.795,32.023,28.483,29.299,20.818,17.105,18.26,11.938,13.163,7.707,8.861,4.746,5.621,14.384,23.075,38.773,11.762,30.988,14.211,630.464,0.744,1.395,2.023,0.912,-1.16,43,564.449,1101079577,41.84,29.545,25.828,268.04,0.465,0.164,-0.338,-0.465,6.831,179.82,630.977,1,0,0,1,0,32,0,0,254,29.222,5.907,46.454,89.43,39.524,18.629,28.748,0,28.594,29.422,10.217,124.007,12.791,28.594,124.007,37.989,-0.338,13.801,14.262,0.064,0,0,3,3,0,1,1,0,0,0,5,2.884,2.243,7.988,27.454,24.367,25.184,17.992,14.897,16.052,10.488,11.712,6.832,7.987,4.247,5.181,39.269,57.305,57.119,546.395,0.73,1.297,1.892,37,488.391,36.37,26.956,24.167,231.904,12.206,12.206,0.157,7.145,155.342,546.855,29,220,64.711,26.497,123.001,123.001,17.052,2.018,23.181,17.909,1.684,0.079,11,4,17000,2.31386722
1182,2.991,-2.308,2.243,-2.371,-0.151,32.166,3.964,687.795,32.023,28.483,29.299,20.818,17.105,18.26,11.938,13.163,7.707,8.861,4.746,5.621,14.384,23.075,38.773,11.762,30.988,14.211,630.464,0.744,1.395,2.023,0.912,-1.16,43,564.449,1101079577,41.84,29.545,25.828,268.04,0.465,0.164,-0.338,-0.465,6.831,179.82,630.977,1,0,0,1,0,32,0,0,254,29.222,5.907,46.454,89.43,39.524,18.629,28.748,0,28.594,29.422,10.217,124.007,12.791,28.594,124.007,37.989,-0.338,13.801,14.262,0.064,0,0,3,3,0,1,1,0,0,0,5,2.884,2.243,7.988,27.454,24.367,25.184,17.992,14.897,16.052,10.488,11.712,6.832,7.987,4.247,5.181,39.269,57.305,57.119,546.395,0.73,1.297,1.892,37,488.391,36.37,26.956,24.167,231.904,12.206,12.206,0.157,7.145,155.342,546.855,29,220,64.711,26.497,123.001,123.001,17.052,2.018,23.181,17.909,1.684,0.079,11,2,17000,2.252853031
1183,2.991,-2.308,2.243,-2.371,-0.151,32.166,3.964,687.795,32.023,28.483,29.299,20.818,17.105,18.26,11.938,13.163,7.707,8.861,4.746,5.621,14.384,23.075,38.773,11.762,30.988,14.211,630.464,0.744,1.395,2.023,0.912,-1.16,43,564.449,1101079577,41.84,29.545,25.828,268.04,0.465,0.164,-0.338,-0.465,6.831,179.82,630.977,1,0,0,1,0,32,0,0,254,29.222,5.907,46.454,89.43,39.524,18.629,28.748,0,28.594,29.422,10.217,124.007,12.791,28.594,124.007,37.989,-0.338,13.801,14.262,0.064,0,0,3,3,0,1,1,0,0,0,5,2.884,2.243,7.988,27.454,24.367,25.184,17.992,14.897,16.052,10.488,11.712,6.832,7.987,4.247,5.181,39.269,57.305,57.119,546.395,0.73,1.297,1.892,37,488.391,36.37,26.956,24.167,231.904,12.206,12.206,0.157,7.145,155.342,546.855,29,220,64.711,26.497,123.001,123.001,17.052,2.018,23.181,17.909,1.684,0.079,11,1,17000,1.982271233
1184,2.991,-2.308,2.243,-2.371,-0.151,32.166,3.964,687.795,32.023,28.483,29.299,20.818,17.105,18.26,11.938,13.163,7.707,8.861,4.746,5.621,14.384,23.075,38.773,11.762,30.988,14.211,630.464,0.744,1.395,2.023,0.912,-1.16,43,564.449,1101079577,41.84,29.545,25.828,268.04,0.465,0.164,-0.338,-0.465,6.831,179.82,630.977,1,0,0,1,0,32,0,0,254,29.222,5.907,46.454,89.43,39.524,18.629,28.748,0,28.594,29.422,10.217,124.007,12.791,28.594,124.007,37.989,-0.338,13.801,14.262,0.064,0,0,3,3,0,1,1,0,0,0,5,2.884,2.243,7.988,27.454,24.367,25.184,17.992,14.897,16.052,10.488,11.712,6.832,7.987,4.247,5.181,39.269,57.305,57.119,546.395,0.73,1.297,1.892,37,488.391,36.37,26.956,24.167,231.904,12.206,12.206,0.157,7.145,155.342,546.855,29,220,64.711,26.497,123.001,123.001,17.052,2.018,23.181,17.909,1.684,0.079,11,0.5,17000,1.748188027
1185,2.925,-2.34,2.243,-2.488,-0.151,32.166,2.127,674.022,28.772,24.756,25.572,18.853,14.76,15.914,10.632,11.856,7.206,8.36,4.54,5.414,14.384,29.682,0,16.662,11.824,19.317,574.365,0.872,1.564,2.205,0.897,-1.2,39,520.393,219846266.2,35.826,22.484,17.269,240.214,0.465,0.171,-0.344,-0.465,3.559,156.043,574.825,1,1,1,1,1,24,1,1,228,29.012,5.907,19.765,50.534,65.703,25.236,20.655,1,33.701,29.422,9.8,78.056,15.744,28.594,78.056,39.745,-0.344,7.784,9.634,0.137,1,1,3,3,1,0,1,0,1,0,3,2.884,2.243,7.988,27.454,24.367,25.184,17.992,14.897,16.052,10.488,11.712,6.832,7.987,4.247,5.181,39.269,57.305,57.119,546.395,0.73,1.297,1.892,37,488.391,36.37,26.956,24.167,231.904,12.206,12.206,0.157,7.145,155.342,546.855,29,220,64.711,26.497,123.001,123.001,17.052,2.018,23.181,17.909,1.684,0.079,11,4,17000,1.602059991
1186,2.925,-2.34,2.243,-2.488,-0.151,32.166,2.127,674.022,28.772,24.756,25.572,18.853,14.76,15.914,10.632,11.856,7.206,8.36,4.54,5.414,14.384,29.682,0,16.662,11.824,19.317,574.365,0.872,1.564,2.205,0.897,-1.2,39,520.393,219846266.2,35.826,22.484,17.269,240.214,0.465,0.171,-0.344,-0.465,3.559,156.043,574.825,1,1,1,1,1,24,1,1,228,29.012,5.907,19.765,50.534,65.703,25.236,20.655,1,33.701,29.422,9.8,78.056,15.744,28.594,78.056,39.745,-0.344,7.784,9.634,0.137,1,1,3,3,1,0,1,0,1,0,3,2.884,2.243,7.988,27.454,24.367,25.184,17.992,14.897,16.052,10.488,11.712,6.832,7.987,4.247,5.181,39.269,57.305,57.119,546.395,0.73,1.297,1.892,37,488.391,36.37,26.956,24.167,231.904,12.206,12.206,0.157,7.145,155.342,546.855,29,220,64.711,26.497,123.001,123.001,17.052,2.018,23.181,17.909,1.684,0.079,11,2,17000,2.053078443
1187,2.925,-2.34,2.243,-2.488,-0.151,32.166,2.127,674.022,28.772,24.756,25.572,18.853,14.76,15.914,10.632,11.856,7.206,8.36,4.54,5.414,14.384,29.682,0,16.662,11.824,19.317,574.365,0.872,1.564,2.205,0.897,-1.2,39,520.393,219846266.2,35.826,22.484,17.269,240.214,0.465,0.171,-0.344,-0.465,3.559,156.043,574.825,1,1,1,1,1,24,1,1,228,29.012,5.907,19.765,50.534,65.703,25.236,20.655,1,33.701,29.422,9.8,78.056,15.744,28.594,78.056,39.745,-0.344,7.784,9.634,0.137,1,1,3,3,1,0,1,0,1,0,3,2.884,2.243,7.988,27.454,24.367,25.184,17.992,14.897,16.052,10.488,11.712,6.832,7.987,4.247,5.181,39.269,57.305,57.119,546.395,0.73,1.297,1.892,37,488.391,36.37,26.956,24.167,231.904,12.206,12.206,0.157,7.145,155.342,546.855,29,220,64.711,26.497,123.001,123.001,17.052,2.018,23.181,17.909,1.684,0.079,11,1,17000,1
1188,2.925,-2.34,2.243,-2.488,-0.151,32.166,2.127,674.022,28.772,24.756,25.572,18.853,14.76,15.914,10.632,11.856,7.206,8.36,4.54,5.414,14.384,29.682,0,16.662,11.824,19.317,574.365,0.872,1.564,2.205,0.897,-1.2,39,520.393,219846266.2,35.826,22.484,17.269,240.214,0.465,0.171,-0.344,-0.465,3.559,156.043,574.825,1,1,1,1,1,24,1,1,228,29.012,5.907,19.765,50.534,65.703,25.236,20.655,1,33.701,29.422,9.8,78.056,15.744,28.594,78.056,39.745,-0.344,7.784,9.634,0.137,1,1,3,3,1,0,1,0,1,0,3,2.884,2.243,7.988,27.454,24.367,25.184,17.992,14.897,16.052,10.488,11.712,6.832,7.987,4.247,5.181,39.269,57.305,57.119,546.395,0.73,1.297,1.892,37,488.391,36.37,26.956,24.167,231.904,12.206,12.206,0.157,7.145,155.342,546.855,29,220,64.711,26.497,123.001,123.001,17.052,2.018,23.181,17.909,1.684,0.079,11,0.5,17000,1.431363764
1189,2.927,-2.308,2.242,-2.458,-0.151,32.166,2.071,662.934,28.608,24.861,25.678,18.904,14.898,16.053,10.627,11.852,7.038,8.192,4.405,5.28,14.384,23.075,0,11.762,22.457,14.211,573.381,0.923,1.641,2.333,0.897,-1.2,39,518.401,235200918.6,35.826,23.499,19.505,240.76,0.465,0.147,-0.336,-0.465,3.444,158.256,573.841,2,1,1,1,1,25,1,1,228,29.639,5.907,19.765,50.534,72.248,18.629,21.587,1,28.594,29.422,15.533,78.056,15.564,28.594,78.056,37.603,-0.336,7.819,11.445,0.125,0,0,3,3,0,2,1,0,1,0,3,2.884,2.243,7.988,27.454,24.367,25.184,17.992,14.897,16.052,10.488,11.712,6.832,7.987,4.247,5.181,39.269,57.305,57.119,546.395,0.73,1.297,1.892,37,488.391,36.37,26.956,24.167,231.904,12.206,12.206,0.157,7.145,155.342,546.855,29,220,64.711,26.497,123.001,123.001,17.052,2.018,23.181,17.909,1.684,0.079,11,4,17000,1.568201724
1190,2.927,-2.308,2.242,-2.458,-0.151,32.166,2.071,662.934,28.608,24.861,25.678,18.904,14.898,16.053,10.627,11.852,7.038,8.192,4.405,5.28,14.384,23.075,0,11.762,22.457,14.211,573.381,0.923,1.641,2.333,0.897,-1.2,39,518.401,235200918.6,35.826,23.499,19.505,240.76,0.465,0.147,-0.336,-0.465,3.444,158.256,573.841,2,1,1,1,1,25,1,1,228,29.639,5.907,19.765,50.534,72.248,18.629,21.587,1,28.594,29.422,15.533,78.056,15.564,28.594,78.056,37.603,-0.336,7.819,11.445,0.125,0,0,3,3,0,2,1,0,1,0,3,2.884,2.243,7.988,27.454,24.367,25.184,17.992,14.897,16.052,10.488,11.712,6.832,7.987,4.247,5.181,39.269,57.305,57.119,546.395,0.73,1.297,1.892,37,488.391,36.37,26.956,24.167,231.904,12.206,12.206,0.157,7.145,155.342,546.855,29,220,64.711,26.497,123.001,123.001,17.052,2.018,23.181,17.909,1.684,0.079,11,2,17000,1.633468456
1191,2.927,-2.308,2.242,-2.458,-0.151,32.166,2.071,662.934,28.608,24.861,25.678,18.904,14.898,16.053,10.627,11.852,7.038,8.192,4.405,5.28,14.384,23.075,0,11.762,22.457,14.211,573.381,0.923,1.641,2.333,0.897,-1.2,39,518.401,235200918.6,35.826,23.499,19.505,240.76,0.465,0.147,-0.336,-0.465,3.444,158.256,573.841,2,1,1,1,1,25,1,1,228,29.639,5.907,19.765,50.534,72.248,18.629,21.587,1,28.594,29.422,15.533,78.056,15.564,28.594,78.056,37.603,-0.336,7.819,11.445,0.125,0,0,3,3,0,2,1,0,1,0,3,2.884,2.243,7.988,27.454,24.367,25.184,17.992,14.897,16.052,10.488,11.712,6.832,7.987,4.247,5.181,39.269,57.305,57.119,546.395,0.73,1.297,1.892,37,488.391,36.37,26.956,24.167,231.904,12.206,12.206,0.157,7.145,155.342,546.855,29,220,64.711,26.497,123.001,123.001,17.052,2.018,23.181,17.909,1.684,0.079,11,1,17000,1.568201724
1192,2.927,-2.308,2.242,-2.458,-0.151,32.166,2.071,662.934,28.608,24.861,25.678,18.904,14.898,16.053,10.627,11.852,7.038,8.192,4.405,5.28,14.384,23.075,0,11.762,22.457,14.211,573.381,0.923,1.641,2.333,0.897,-1.2,39,518.401,235200918.6,35.826,23.499,19.505,240.76,0.465,0.147,-0.336,-0.465,3.444,158.256,573.841,2,1,1,1,1,25,1,1,228,29.639,5.907,19.765,50.534,72.248,18.629,21.587,1,28.594,29.422,15.533,78.056,15.564,28.594,78.056,37.603,-0.336,7.819,11.445,0.125,0,0,3,3,0,2,1,0,1,0,3,2.884,2.243,7.988,27.454,24.367,25.184,17.992,14.897,16.052,10.488,11.712,6.832,7.987,4.247,5.181,39.269,57.305,57.119,546.395,0.73,1.297,1.892,37,488.391,36.37,26.956,24.167,231.904,12.206,12.206,0.157,7.145,155.342,546.855,29,220,64.711,26.497,123.001,123.001,17.052,2.018,23.181,17.909,1.684,0.079,11,0.5,17000,1.826074803
1193,2.674,-2.308,2.241,-2.996,-0.36,35.453,0,414.533,21.09,18.641,20.214,13.492,10.581,11.736,7.436,8.66,4.674,5.829,2.796,3.526,9.589,29.575,0,11.762,12.657,14.211,455.247,0.966,1.655,2.241,0.905,-0.34,29,413.753,870080.485,30.85,20.914,18.17,187.318,1,0,-0.285,-1,-0.112,114.458,456.089,3,0,0,0,0,20,0,0,174,37.146,0,19.765,38.36,32.311,25.174,22.248,0,41.94,23.514,0,65.214,12.828,23.8,65.214,22.963,3.551,6.553,6.746,0.203,0,0,2,2,0,0,0,1,0,1,3,2.884,2.243,7.988,27.454,24.367,25.184,17.992,14.897,16.052,10.488,11.712,6.832,7.987,4.247,5.181,39.269,57.305,57.119,546.395,0.73,1.297,1.892,37,488.391,36.37,26.956,24.167,231.904,12.206,12.206,0.157,7.145,155.342,546.855,29,220,64.711,26.497,123.001,123.001,17.052,2.018,23.181,17.909,1.684,0.079,11,4,17000,-1
1194,2.674,-2.308,2.241,-2.996,-0.36,35.453,0,414.533,21.09,18.641,20.214,13.492,10.581,11.736,7.436,8.66,4.674,5.829,2.796,3.526,9.589,29.575,0,11.762,12.657,14.211,455.247,0.966,1.655,2.241,0.905,-0.34,29,413.753,870080.485,30.85,20.914,18.17,187.318,1,0,-0.285,-1,-0.112,114.458,456.089,3,0,0,0,0,20,0,0,174,37.146,0,19.765,38.36,32.311,25.174,22.248,0,41.94,23.514,0,65.214,12.828,23.8,65.214,22.963,3.551,6.553,6.746,0.203,0,0,2,2,0,0,0,1,0,1,3,2.884,2.243,7.988,27.454,24.367,25.184,17.992,14.897,16.052,10.488,11.712,6.832,7.987,4.247,5.181,39.269,57.305,57.119,546.395,0.73,1.297,1.892,37,488.391,36.37,26.956,24.167,231.904,12.206,12.206,0.157,7.145,155.342,546.855,29,220,64.711,26.497,123.001,123.001,17.052,2.018,23.181,17.909,1.684,0.079,11,2,17000,1
1195,2.674,-2.308,2.241,-2.996,-0.36,35.453,0,414.533,21.09,18.641,20.214,13.492,10.581,11.736,7.436,8.66,4.674,5.829,2.796,3.526,9.589,29.575,0,11.762,12.657,14.211,455.247,0.966,1.655,2.241,0.905,-0.34,29,413.753,870080.485,30.85,20.914,18.17,187.318,1,0,-0.285,-1,-0.112,114.458,456.089,3,0,0,0,0,20,0,0,174,37.146,0,19.765,38.36,32.311,25.174,22.248,0,41.94,23.514,0,65.214,12.828,23.8,65.214,22.963,3.551,6.553,6.746,0.203,0,0,2,2,0,0,0,1,0,1,3,2.884,2.243,7.988,27.454,24.367,25.184,17.992,14.897,16.052,10.488,11.712,6.832,7.987,4.247,5.181,39.269,57.305,57.119,546.395,0.73,1.297,1.892,37,488.391,36.37,26.956,24.167,231.904,12.206,12.206,0.157,7.145,155.342,546.855,29,220,64.711,26.497,123.001,123.001,17.052,2.018,23.181,17.909,1.684,0.079,11,1,17000,-1
1196,2.674,-2.308,2.241,-2.996,-0.36,35.453,0,414.533,21.09,18.641,20.214,13.492,10.581,11.736,7.436,8.66,4.674,5.829,2.796,3.526,9.589,29.575,0,11.762,12.657,14.211,455.247,0.966,1.655,2.241,0.905,-0.34,29,413.753,870080.485,30.85,20.914,18.17,187.318,1,0,-0.285,-1,-0.112,114.458,456.089,3,0,0,0,0,20,0,0,174,37.146,0,19.765,38.36,32.311,25.174,22.248,0,41.94,23.514,0,65.214,12.828,23.8,65.214,22.963,3.551,6.553,6.746,0.203,0,0,2,2,0,0,0,1,0,1,3,2.884,2.243,7.988,27.454,24.367,25.184,17.992,14.897,16.052,10.488,11.712,6.832,7.987,4.247,5.181,39.269,57.305,57.119,546.395,0.73,1.297,1.892,37,488.391,36.37,26.956,24.167,231.904,12.206,12.206,0.157,7.145,155.342,546.855,29,220,64.711,26.497,123.001,123.001,17.052,2.018,23.181,17.909,1.684,0.079,11,0.5,17000,0.84509804
1197,2.775,-2.308,2.242,-2.996,-0.4,35.453,0,538.939,24.244,20.828,22.4,15.297,11.503,12.657,8.265,9.414,5.239,6.454,3.052,3.961,14.384,48.193,7.11,6.924,10.471,14.211,513.253,0.97,1.636,2.212,0.87,-0.87,33,469.773,5204339.136,34.298,21.649,18.169,209.323,1,0,-0.359,-1,-0.571,125.395,514.125,3,0,0,0,0,21,0,0,196,41.883,0,19.765,38.36,26.558,31.491,22.501,0,51.472,29.484,0,71.256,13.485,33.331,65.214,34.388,3.426,6.18,5.428,0.16,0,0,3,3,0,0,0,1,0,1,3,2.884,2.243,7.988,27.454,24.367,25.184,17.992,14.897,16.052,10.488,11.712,6.832,7.987,4.247,5.181,39.269,57.305,57.119,546.395,0.73,1.297,1.892,37,488.391,36.37,26.956,24.167,231.904,12.206,12.206,0.157,7.145,155.342,546.855,29,220,64.711,26.497,123.001,123.001,17.052,2.018,23.181,17.909,1.684,0.079,11,4,17000,0.77815125
1198,2.775,-2.308,2.242,-2.996,-0.4,35.453,0,538.939,24.244,20.828,22.4,15.297,11.503,12.657,8.265,9.414,5.239,6.454,3.052,3.961,14.384,48.193,7.11,6.924,10.471,14.211,513.253,0.97,1.636,2.212,0.87,-0.87,33,469.773,5204339.136,34.298,21.649,18.169,209.323,1,0,-0.359,-1,-0.571,125.395,514.125,3,0,0,0,0,21,0,0,196,41.883,0,19.765,38.36,26.558,31.491,22.501,0,51.472,29.484,0,71.256,13.485,33.331,65.214,34.388,3.426,6.18,5.428,0.16,0,0,3,3,0,0,0,1,0,1,3,2.884,2.243,7.988,27.454,24.367,25.184,17.992,14.897,16.052,10.488,11.712,6.832,7.987,4.247,5.181,39.269,57.305,57.119,546.395,0.73,1.297,1.892,37,488.391,36.37,26.956,24.167,231.904,12.206,12.206,0.157,7.145,155.342,546.855,29,220,64.711,26.497,123.001,123.001,17.052,2.018,23.181,17.909,1.684,0.079,11,2,17000,1.176091259
1199,2.775,-2.308,2.242,-2.996,-0.4,35.453,0,538.939,24.244,20.828,22.4,15.297,11.503,12.657,8.265,9.414,5.239,6.454,3.052,3.961,14.384,48.193,7.11,6.924,10.471,14.211,513.253,0.97,1.636,2.212,0.87,-0.87,33,469.773,5204339.136,34.298,21.649,18.169,209.323,1,0,-0.359,-1,-0.571,125.395,514.125,3,0,0,0,0,21,0,0,196,41.883,0,19.765,38.36,26.558,31.491,22.501,0,51.472,29.484,0,71.256,13.485,33.331,65.214,34.388,3.426,6.18,5.428,0.16,0,0,3,3,0,0,0,1,0,1,3,2.884,2.243,7.988,27.454,24.367,25.184,17.992,14.897,16.052,10.488,11.712,6.832,7.987,4.247,5.181,39.269,57.305,57.119,546.395,0.73,1.297,1.892,37,488.391,36.37,26.956,24.167,231.904,12.206,12.206,0.157,7.145,155.342,546.855,29,220,64.711,26.497,123.001,123.001,17.052,2.018,23.181,17.909,1.684,0.079,11,1,17000,1
1200,2.775,-2.308,2.242,-2.996,-0.4,35.453,0,538.939,24.244,20.828,22.4,15.297,11.503,12.657,8.265,9.414,5.239,6.454,3.052,3.961,14.384,48.193,7.11,6.924,10.471,14.211,513.253,0.97,1.636,2.212,0.87,-0.87,33,469.773,5204339.136,34.298,21.649,18.169,209.323,1,0,-0.359,-1,-0.571,125.395,514.125,3,0,0,0,0,21,0,0,196,41.883,0,19.765,38.36,26.558,31.491,22.501,0,51.472,29.484,0,71.256,13.485,33.331,65.214,34.388,3.426,6.18,5.428,0.16,0,0,3,3,0,0,0,1,0,1,3,2.884,2.243,7.988,27.454,24.367,25.184,17.992,14.897,16.052,10.488,11.712,6.832,7.987,4.247,5.181,39.269,57.305,57.119,546.395,0.73,1.297,1.892,37,488.391,36.37,26.956,24.167,231.904,12.206,12.206,0.157,7.145,155.342,546.855,29,220,64.711,26.497,123.001,123.001,17.052,2.018,23.181,17.909,1.684,0.079,11,0.5,17000,1.176091259