ID,input2_BCUT2D_CHGHI,input2_BCUT2D_MRLOW,input2_EState_VSA2,input2_EState_VSA3,input2_EState_VSA4,input2_EState_VSA5,input2_EState_VSA8,input2_EState_VSA9,input2_FpDensityMorgan1,input2_FpDensityMorgan2,input2_FpDensityMorgan3,input2_MolLogP,input2_NHOHCount,input2_NOCount,input2_NumAliphaticHeterocycles,input2_NumAliphaticRings,input2_NumAromaticCarbocycles,input2_NumHAcceptors,input2_NumHDonors,input2_NumHeteroatoms,input2_NumHeterocycles,input2_NumSaturatedHeterocycles,input2_NumSaturatedRings,input2_PEOE_VSA2,input2_PEOE_VSA6,input2_PEOE_VSA7,input2_PEOE_VSA8,input2_SMR_VSA1,input2_SMR_VSA3,input2_SMR_VSA5,input2_SPS,input2_SlogP_VSA10,input2_SlogP_VSA3,input2_SlogP_VSA5,input2_TPSA,input2_VSA_EState1,input2_VSA_EState10,input2_VSA_EState3,input2_VSA_EState4,input2_VSA_EState5,input2_VSA_EState6,input2_VSA_EState9,input2_fr_Al_OH,input2_fr_Al_OH_noTert,input2_fr_HOCCN,input2_fr_aniline,input2_fr_benzene,input2_fr_ether,input2_fr_morpholine,input2_fr_para_hydroxylation,input2_fr_piperzine,input2_fr_unbrch_alkane,R_ratio,Polymer_MW,Target_norm
1,2.305,-0.151,23.075,45.69,75.962,0,17.14,14.211,0.865,1.568,2.216,4.49,1,8,0,0,0,8,1,9,0,0,0,9.589,19.765,77.594,39.524,28.594,10.217,84.477,12.919,0,28.594,84.477,94.17,16.964,1.852,2.978,-0.334,2.147,0,5.729,0,0,0,0,0,3,0,0,0,3,4,4200,2.176091259
2,2.305,-0.151,23.075,45.69,75.962,0,17.14,14.211,0.865,1.568,2.216,4.49,1,8,0,0,0,8,1,9,0,0,0,9.589,19.765,77.594,39.524,28.594,10.217,84.477,12.919,0,28.594,84.477,94.17,16.964,1.852,2.978,-0.334,2.147,0,5.729,0,0,0,0,0,3,0,0,0,3,2,4200,2.176091259
3,2.305,-0.151,23.075,45.69,75.962,0,17.14,14.211,0.865,1.568,2.216,4.49,1,8,0,0,0,8,1,9,0,0,0,9.589,19.765,77.594,39.524,28.594,10.217,84.477,12.919,0,28.594,84.477,94.17,16.964,1.852,2.978,-0.334,2.147,0,5.729,0,0,0,0,0,3,0,0,0,3,1,4200,2.176091259
4,2.305,-0.151,23.075,45.69,75.962,0,17.14,14.211,0.865,1.568,2.216,4.49,1,8,0,0,0,8,1,9,0,0,0,9.589,19.765,77.594,39.524,28.594,10.217,84.477,12.919,0,28.594,84.477,94.17,16.964,1.852,2.978,-0.334,2.147,0,5.729,0,0,0,0,0,3,0,0,0,3,0.5,4200,2.176091259
5,2.305,-0.151,23.075,45.69,75.962,0,17.14,14.211,0.865,1.568,2.216,4.49,1,8,0,0,0,8,1,9,0,0,0,9.589,19.765,77.594,39.524,28.594,10.217,84.477,12.919,0,28.594,84.477,94.17,16.964,1.852,2.978,-0.334,2.147,0,5.729,0,0,0,0,0,3,0,0,0,3,4,4200,2.176091259
6,2.305,-0.151,23.075,45.69,75.962,0,17.14,14.211,0.865,1.568,2.216,4.49,1,8,0,0,0,8,1,9,0,0,0,9.589,19.765,77.594,39.524,28.594,10.217,84.477,12.919,0,28.594,84.477,94.17,16.964,1.852,2.978,-0.334,2.147,0,5.729,0,0,0,0,0,3,0,0,0,3,2,4200,3.217483944
7,2.305,-0.151,23.075,45.69,75.962,0,17.14,14.211,0.865,1.568,2.216,4.49,1,8,0,0,0,8,1,9,0,0,0,9.589,19.765,77.594,39.524,28.594,10.217,84.477,12.919,0,28.594,84.477,94.17,16.964,1.852,2.978,-0.334,2.147,0,5.729,0,0,0,0,0,3,0,0,0,3,1,4200,3.217483944
8,2.305,-0.151,23.075,45.69,75.962,0,17.14,14.211,0.865,1.568,2.216,4.49,1,8,0,0,0,8,1,9,0,0,0,9.589,19.765,77.594,39.524,28.594,10.217,84.477,12.919,0,28.594,84.477,94.17,16.964,1.852,2.978,-0.334,2.147,0,5.729,0,0,0,0,0,3,0,0,0,3,0.5,4200,2.176091259
9,2.305,-0.151,23.075,45.69,75.962,0,17.14,14.211,0.865,1.568,2.216,4.49,1,8,0,0,0,8,1,9,0,0,0,9.589,19.765,77.594,39.524,28.594,10.217,84.477,12.919,0,28.594,84.477,94.17,16.964,1.852,2.978,-0.334,2.147,0,5.729,0,0,0,0,0,3,0,0,0,3,4,4200,3.217483944
10,2.305,-0.151,23.075,45.69,75.962,0,17.14,14.211,0.865,1.568,2.216,4.49,1,8,0,0,0,8,1,9,0,0,0,9.589,19.765,77.594,39.524,28.594,10.217,84.477,12.919,0,28.594,84.477,94.17,16.964,1.852,2.978,-0.334,2.147,0,5.729,0,0,0,0,0,3,0,0,0,3,2,4200,3.217483944
11,2.305,-0.151,23.075,45.69,75.962,0,17.14,14.211,0.865,1.568,2.216,4.49,1,8,0,0,0,8,1,9,0,0,0,9.589,19.765,77.594,39.524,28.594,10.217,84.477,12.919,0,28.594,84.477,94.17,16.964,1.852,2.978,-0.334,2.147,0,5.729,0,0,0,0,0,3,0,0,0,3,1,4200,3.217483944
12,2.305,-0.151,23.075,45.69,75.962,0,17.14,14.211,0.865,1.568,2.216,4.49,1,8,0,0,0,8,1,9,0,0,0,9.589,19.765,77.594,39.524,28.594,10.217,84.477,12.919,0,28.594,84.477,94.17,16.964,1.852,2.978,-0.334,2.147,0,5.729,0,0,0,0,0,3,0,0,0,3,0.5,4200,3.217483944
13,2.305,-0.151,23.075,45.69,89.051,0,30.988,14.211,0.821,1.513,2.154,5.27,1,8,0,0,0,8,1,9,0,0,0,9.589,33.613,76.589,39.524,28.594,10.217,98.324,12.872,0,28.594,98.324,94.17,17.001,1.858,3.026,-0.336,2.161,0,1.663,0,0,0,0,0,3,0,0,0,3,4,4200,2.176091259
14,2.305,-0.151,23.075,45.69,89.051,0,30.988,14.211,0.821,1.513,2.154,5.27,1,8,0,0,0,8,1,9,0,0,0,9.589,33.613,76.589,39.524,28.594,10.217,98.324,12.872,0,28.594,98.324,94.17,17.001,1.858,3.026,-0.336,2.161,0,1.663,0,0,0,0,0,3,0,0,0,3,2,4200,2.176091259
15,2.305,-0.151,23.075,45.69,89.051,0,30.988,14.211,0.821,1.513,2.154,5.27,1,8,0,0,0,8,1,9,0,0,0,9.589,33.613,76.589,39.524,28.594,10.217,98.324,12.872,0,28.594,98.324,94.17,17.001,1.858,3.026,-0.336,2.161,0,1.663,0,0,0,0,0,3,0,0,0,3,1,4200,2.176091259
16,2.305,-0.151,23.075,45.69,89.051,0,30.988,14.211,0.821,1.513,2.154,5.27,1,8,0,0,0,8,1,9,0,0,0,9.589,33.613,76.589,39.524,28.594,10.217,98.324,12.872,0,28.594,98.324,94.17,17.001,1.858,3.026,-0.336,2.161,0,1.663,0,0,0,0,0,3,0,0,0,3,0.5,4200,2.176091259
17,2.305,-0.151,23.075,45.69,89.051,0,30.988,14.211,0.821,1.513,2.154,5.27,1,8,0,0,0,8,1,9,0,0,0,9.589,33.613,76.589,39.524,28.594,10.217,98.324,12.872,0,28.594,98.324,94.17,17.001,1.858,3.026,-0.336,2.161,0,1.663,0,0,0,0,0,3,0,0,0,3,4,4200,3.217483944
18,2.305,-0.151,23.075,45.69,89.051,0,30.988,14.211,0.821,1.513,2.154,5.27,1,8,0,0,0,8,1,9,0,0,0,9.589,33.613,76.589,39.524,28.594,10.217,98.324,12.872,0,28.594,98.324,94.17,17.001,1.858,3.026,-0.336,2.161,0,1.663,0,0,0,0,0,3,0,0,0,3,2,4200,4.217483944
19,2.305,-0.151,23.075,45.69,89.051,0,30.988,14.211,0.821,1.513,2.154,5.27,1,8,0,0,0,8,1,9,0,0,0,9.589,33.613,76.589,39.524,28.594,10.217,98.324,12.872,0,28.594,98.324,94.17,17.001,1.858,3.026,-0.336,2.161,0,1.663,0,0,0,0,0,3,0,0,0,3,1,4200,3.217483944
20,2.305,-0.151,23.075,45.69,89.051,0,30.988,14.211,0.821,1.513,2.154,5.27,1,8,0,0,0,8,1,9,0,0,0,9.589,33.613,76.589,39.524,28.594,10.217,98.324,12.872,0,28.594,98.324,94.17,17.001,1.858,3.026,-0.336,2.161,0,1.663,0,0,0,0,0,3,0,0,0,3,0.5,4200,2.176091259
21,2.305,-0.151,23.075,45.69,89.051,0,30.988,14.211,0.821,1.513,2.154,5.27,1,8,0,0,0,8,1,9,0,0,0,9.589,33.613,76.589,39.524,28.594,10.217,98.324,12.872,0,28.594,98.324,94.17,17.001,1.858,3.026,-0.336,2.161,0,1.663,0,0,0,0,0,3,0,0,0,3,4,4200,3.217483944
22,2.305,-0.151,23.075,45.69,89.051,0,30.988,14.211,0.821,1.513,2.154,5.27,1,8,0,0,0,8,1,9,0,0,0,9.589,33.613,76.589,39.524,28.594,10.217,98.324,12.872,0,28.594,98.324,94.17,17.001,1.858,3.026,-0.336,2.161,0,1.663,0,0,0,0,0,3,0,0,0,3,2,4200,3.217483944
23,2.305,-0.151,23.075,45.69,89.051,0,30.988,14.211,0.821,1.513,2.154,5.27,1,8,0,0,0,8,1,9,0,0,0,9.589,33.613,76.589,39.524,28.594,10.217,98.324,12.872,0,28.594,98.324,94.17,17.001,1.858,3.026,-0.336,2.161,0,1.663,0,0,0,0,0,3,0,0,0,3,1,4200,2.176091259
24,2.305,-0.151,23.075,45.69,89.051,0,30.988,14.211,0.821,1.513,2.154,5.27,1,8,0,0,0,8,1,9,0,0,0,9.589,33.613,76.589,39.524,28.594,10.217,98.324,12.872,0,28.594,98.324,94.17,17.001,1.858,3.026,-0.336,2.161,0,1.663,0,0,0,0,0,3,0,0,0,3,0.5,4200,3.217483944
25,2.305,-0.151,23.075,45.69,75.962,38.773,30.988,14.211,0.744,1.395,2.023,6.831,1,8,0,0,0,8,1,9,0,0,0,9.589,46.454,89.43,39.524,28.594,10.217,124.007,12.791,0,28.594,124.007,94.17,17.063,1.867,3.09,-0.338,2.181,0,1.668,0,0,0,0,0,3,0,0,0,5,4,4200,3.217483944
26,2.305,-0.151,23.075,45.69,75.962,38.773,30.988,14.211,0.744,1.395,2.023,6.831,1,8,0,0,0,8,1,9,0,0,0,9.589,46.454,89.43,39.524,28.594,10.217,124.007,12.791,0,28.594,124.007,94.17,17.063,1.867,3.09,-0.338,2.181,0,1.668,0,0,0,0,0,3,0,0,0,5,2,4200,2.176091259
27,2.305,-0.151,23.075,45.69,75.962,38.773,30.988,14.211,0.744,1.395,2.023,6.831,1,8,0,0,0,8,1,9,0,0,0,9.589,46.454,89.43,39.524,28.594,10.217,124.007,12.791,0,28.594,124.007,94.17,17.063,1.867,3.09,-0.338,2.181,0,1.668,0,0,0,0,0,3,0,0,0,5,1,4200,2.176091259
28,2.305,-0.151,23.075,45.69,75.962,38.773,30.988,14.211,0.744,1.395,2.023,6.831,1,8,0,0,0,8,1,9,0,0,0,9.589,46.454,89.43,39.524,28.594,10.217,124.007,12.791,0,28.594,124.007,94.17,17.063,1.867,3.09,-0.338,2.181,0,1.668,0,0,0,0,0,3,0,0,0,5,0.5,4200,2.176091259
29,2.305,-0.151,23.075,45.69,75.962,38.773,30.988,14.211,0.744,1.395,2.023,6.831,1,8,0,0,0,8,1,9,0,0,0,9.589,46.454,89.43,39.524,28.594,10.217,124.007,12.791,0,28.594,124.007,94.17,17.063,1.867,3.09,-0.338,2.181,0,1.668,0,0,0,0,0,3,0,0,0,5,4,4200,2.176091259
30,2.305,-0.151,23.075,45.69,75.962,38.773,30.988,14.211,0.744,1.395,2.023,6.831,1,8,0,0,0,8,1,9,0,0,0,9.589,46.454,89.43,39.524,28.594,10.217,124.007,12.791,0,28.594,124.007,94.17,17.063,1.867,3.09,-0.338,2.181,0,1.668,0,0,0,0,0,3,0,0,0,5,2,4200,2.176091259
31,2.305,-0.151,23.075,45.69,75.962,38.773,30.988,14.211,0.744,1.395,2.023,6.831,1,8,0,0,0,8,1,9,0,0,0,9.589,46.454,89.43,39.524,28.594,10.217,124.007,12.791,0,28.594,124.007,94.17,17.063,1.867,3.09,-0.338,2.181,0,1.668,0,0,0,0,0,3,0,0,0,5,1,4200,3.217483944
32,2.305,-0.151,23.075,45.69,75.962,38.773,30.988,14.211,0.744,1.395,2.023,6.831,1,8,0,0,0,8,1,9,0,0,0,9.589,46.454,89.43,39.524,28.594,10.217,124.007,12.791,0,28.594,124.007,94.17,17.063,1.867,3.09,-0.338,2.181,0,1.668,0,0,0,0,0,3,0,0,0,5,0.5,4200,3.217483944
33,2.305,-0.151,23.075,45.69,75.962,38.773,30.988,14.211,0.744,1.395,2.023,6.831,1,8,0,0,0,8,1,9,0,0,0,9.589,46.454,89.43,39.524,28.594,10.217,124.007,12.791,0,28.594,124.007,94.17,17.063,1.867,3.09,-0.338,2.181,0,1.668,0,0,0,0,0,3,0,0,0,5,4,4200,2.176091259
34,2.305,-0.151,23.075,45.69,75.962,38.773,30.988,14.211,0.744,1.395,2.023,6.831,1,8,0,0,0,8,1,9,0,0,0,9.589,46.454,89.43,39.524,28.594,10.217,124.007,12.791,0,28.594,124.007,94.17,17.063,1.867,3.09,-0.338,2.181,0,1.668,0,0,0,0,0,3,0,0,0,5,2,4200,2.176091259
35,2.305,-0.151,23.075,45.69,75.962,38.773,30.988,14.211,0.744,1.395,2.023,6.831,1,8,0,0,0,8,1,9,0,0,0,9.589,46.454,89.43,39.524,28.594,10.217,124.007,12.791,0,28.594,124.007,94.17,17.063,1.867,3.09,-0.338,2.181,0,1.668,0,0,0,0,0,3,0,0,0,5,1,4200,4.217483944
36,2.305,-0.151,23.075,45.69,75.962,38.773,30.988,14.211,0.744,1.395,2.023,6.831,1,8,0,0,0,8,1,9,0,0,0,9.589,46.454,89.43,39.524,28.594,10.217,124.007,12.791,0,28.594,124.007,94.17,17.063,1.867,3.09,-0.338,2.181,0,1.668,0,0,0,0,0,3,0,0,0,5,0.5,4200,2.176091259
37,2.305,-0.151,42.895,58.717,69.417,0,12.241,24.424,0.829,1.512,2.146,3.215,3,10,0,0,0,10,3,11,0,0,0,14.489,19.765,63.499,52.613,38.807,10.217,84.477,12.829,0,28.594,84.477,134.63,16.969,1.816,20.996,-0.359,1.951,0,1.649,2,2,0,0,0,3,0,0,0,3,4,4200,3.217483944
38,2.305,-0.151,42.895,58.717,69.417,0,12.241,24.424,0.829,1.512,2.146,3.215,3,10,0,0,0,10,3,11,0,0,0,14.489,19.765,63.499,52.613,38.807,10.217,84.477,12.829,0,28.594,84.477,134.63,16.969,1.816,20.996,-0.359,1.951,0,1.649,2,2,0,0,0,3,0,0,0,3,2,4200,3.217483944
39,2.305,-0.151,42.895,58.717,69.417,0,12.241,24.424,0.829,1.512,2.146,3.215,3,10,0,0,0,10,3,11,0,0,0,14.489,19.765,63.499,52.613,38.807,10.217,84.477,12.829,0,28.594,84.477,134.63,16.969,1.816,20.996,-0.359,1.951,0,1.649,2,2,0,0,0,3,0,0,0,3,1,4200,2.176091259
40,2.305,-0.151,42.895,58.717,69.417,0,12.241,24.424,0.829,1.512,2.146,3.215,3,10,0,0,0,10,3,11,0,0,0,14.489,19.765,63.499,52.613,38.807,10.217,84.477,12.829,0,28.594,84.477,134.63,16.969,1.816,20.996,-0.359,1.951,0,1.649,2,2,0,0,0,3,0,0,0,3,0.5,4200,2.176091259
41,2.305,-0.151,42.895,58.717,69.417,0,12.241,24.424,0.829,1.512,2.146,3.215,3,10,0,0,0,10,3,11,0,0,0,14.489,19.765,63.499,52.613,38.807,10.217,84.477,12.829,0,28.594,84.477,134.63,16.969,1.816,20.996,-0.359,1.951,0,1.649,2,2,0,0,0,3,0,0,0,3,4,4200,4.217483944
42,2.305,-0.151,42.895,58.717,69.417,0,12.241,24.424,0.829,1.512,2.146,3.215,3,10,0,0,0,10,3,11,0,0,0,14.489,19.765,63.499,52.613,38.807,10.217,84.477,12.829,0,28.594,84.477,134.63,16.969,1.816,20.996,-0.359,1.951,0,1.649,2,2,0,0,0,3,0,0,0,3,2,4200,4.217483944
43,2.305,-0.151,42.895,58.717,69.417,0,12.241,24.424,0.829,1.512,2.146,3.215,3,10,0,0,0,10,3,11,0,0,0,14.489,19.765,63.499,52.613,38.807,10.217,84.477,12.829,0,28.594,84.477,134.63,16.969,1.816,20.996,-0.359,1.951,0,1.649,2,2,0,0,0,3,0,0,0,3,1,4200,2.176091259
44,2.305,-0.151,42.895,58.717,69.417,0,12.241,24.424,0.829,1.512,2.146,3.215,3,10,0,0,0,10,3,11,0,0,0,14.489,19.765,63.499,52.613,38.807,10.217,84.477,12.829,0,28.594,84.477,134.63,16.969,1.816,20.996,-0.359,1.951,0,1.649,2,2,0,0,0,3,0,0,0,3,0.5,4200,2.176091259
45,2.305,-0.151,42.895,58.717,69.417,0,12.241,24.424,0.829,1.512,2.146,3.215,3,10,0,0,0,10,3,11,0,0,0,14.489,19.765,63.499,52.613,38.807,10.217,84.477,12.829,0,28.594,84.477,134.63,16.969,1.816,20.996,-0.359,1.951,0,1.649,2,2,0,0,0,3,0,0,0,3,4,4200,4.217483944
46,2.305,-0.151,42.895,58.717,69.417,0,12.241,24.424,0.829,1.512,2.146,3.215,3,10,0,0,0,10,3,11,0,0,0,14.489,19.765,63.499,52.613,38.807,10.217,84.477,12.829,0,28.594,84.477,134.63,16.969,1.816,20.996,-0.359,1.951,0,1.649,2,2,0,0,0,3,0,0,0,3,2,4200,3.217483944
47,2.305,-0.151,42.895,58.717,69.417,0,12.241,24.424,0.829,1.512,2.146,3.215,3,10,0,0,0,10,3,11,0,0,0,14.489,19.765,63.499,52.613,38.807,10.217,84.477,12.829,0,28.594,84.477,134.63,16.969,1.816,20.996,-0.359,1.951,0,1.649,2,2,0,0,0,3,0,0,0,3,1,4200,3.217483944
48,2.305,-0.151,42.895,58.717,69.417,0,12.241,24.424,0.829,1.512,2.146,3.215,3,10,0,0,0,10,3,11,0,0,0,14.489,19.765,63.499,52.613,38.807,10.217,84.477,12.829,0,28.594,84.477,134.63,16.969,1.816,20.996,-0.359,1.951,0,1.649,2,2,0,0,0,3,0,0,0,3,0.5,4200,2.176091259
49,2.306,-0.151,29.682,52.235,82.63,0,11.824,19.317,0.872,1.564,2.205,3.559,1,9,1,1,0,9,1,10,1,1,1,14.489,19.765,50.534,65.703,33.701,9.8,78.056,15.744,0,28.594,78.056,105.61,17.005,1.853,9.03,-0.344,2.218,0,1.659,1,1,1,0,0,3,0,0,1,3,4,4200,2.176091259
50,2.306,-0.151,29.682,52.235,82.63,0,11.824,19.317,0.872,1.564,2.205,3.559,1,9,1,1,0,9,1,10,1,1,1,14.489,19.765,50.534,65.703,33.701,9.8,78.056,15.744,0,28.594,78.056,105.61,17.005,1.853,9.03,-0.344,2.218,0,1.659,1,1,1,0,0,3,0,0,1,3,2,4200,2.176091259
51,2.306,-0.151,29.682,52.235,82.63,0,11.824,19.317,0.872,1.564,2.205,3.559,1,9,1,1,0,9,1,10,1,1,1,14.489,19.765,50.534,65.703,33.701,9.8,78.056,15.744,0,28.594,78.056,105.61,17.005,1.853,9.03,-0.344,2.218,0,1.659,1,1,1,0,0,3,0,0,1,3,1,4200,3.217483944
52,2.306,-0.151,29.682,52.235,82.63,0,11.824,19.317,0.872,1.564,2.205,3.559,1,9,1,1,0,9,1,10,1,1,1,14.489,19.765,50.534,65.703,33.701,9.8,78.056,15.744,0,28.594,78.056,105.61,17.005,1.853,9.03,-0.344,2.218,0,1.659,1,1,1,0,0,3,0,0,1,3,0.5,4200,3.217483944
53,2.306,-0.151,29.682,52.235,82.63,0,11.824,19.317,0.872,1.564,2.205,3.559,1,9,1,1,0,9,1,10,1,1,1,14.489,19.765,50.534,65.703,33.701,9.8,78.056,15.744,0,28.594,78.056,105.61,17.005,1.853,9.03,-0.344,2.218,0,1.659,1,1,1,0,0,3,0,0,1,3,4,4200,2.176091259
54,2.306,-0.151,29.682,52.235,82.63,0,11.824,19.317,0.872,1.564,2.205,3.559,1,9,1,1,0,9,1,10,1,1,1,14.489,19.765,50.534,65.703,33.701,9.8,78.056,15.744,0,28.594,78.056,105.61,17.005,1.853,9.03,-0.344,2.218,0,1.659,1,1,1,0,0,3,0,0,1,3,2,4200,3.217483944
55,2.306,-0.151,29.682,52.235,82.63,0,11.824,19.317,0.872,1.564,2.205,3.559,1,9,1,1,0,9,1,10,1,1,1,14.489,19.765,50.534,65.703,33.701,9.8,78.056,15.744,0,28.594,78.056,105.61,17.005,1.853,9.03,-0.344,2.218,0,1.659,1,1,1,0,0,3,0,0,1,3,1,4200,4.217483944
56,2.306,-0.151,29.682,52.235,82.63,0,11.824,19.317,0.872,1.564,2.205,3.559,1,9,1,1,0,9,1,10,1,1,1,14.489,19.765,50.534,65.703,33.701,9.8,78.056,15.744,0,28.594,78.056,105.61,17.005,1.853,9.03,-0.344,2.218,0,1.659,1,1,1,0,0,3,0,0,1,3,0.5,4200,4.217483944
57,2.306,-0.151,29.682,52.235,82.63,0,11.824,19.317,0.872,1.564,2.205,3.559,1,9,1,1,0,9,1,10,1,1,1,14.489,19.765,50.534,65.703,33.701,9.8,78.056,15.744,0,28.594,78.056,105.61,17.005,1.853,9.03,-0.344,2.218,0,1.659,1,1,1,0,0,3,0,0,1,3,4,4200,2.176091259
58,2.306,-0.151,29.682,52.235,82.63,0,11.824,19.317,0.872,1.564,2.205,3.559,1,9,1,1,0,9,1,10,1,1,1,14.489,19.765,50.534,65.703,33.701,9.8,78.056,15.744,0,28.594,78.056,105.61,17.005,1.853,9.03,-0.344,2.218,0,1.659,1,1,1,0,0,3,0,0,1,3,2,4200,3.217483944
59,2.306,-0.151,29.682,52.235,82.63,0,11.824,19.317,0.872,1.564,2.205,3.559,1,9,1,1,0,9,1,10,1,1,1,14.489,19.765,50.534,65.703,33.701,9.8,78.056,15.744,0,28.594,78.056,105.61,17.005,1.853,9.03,-0.344,2.218,0,1.659,1,1,1,0,0,3,0,0,1,3,1,4200,4.217483944
60,2.306,-0.151,29.682,52.235,82.63,0,11.824,19.317,0.872,1.564,2.205,3.559,1,9,1,1,0,9,1,10,1,1,1,14.489,19.765,50.534,65.703,33.701,9.8,78.056,15.744,0,28.594,78.056,105.61,17.005,1.853,9.03,-0.344,2.218,0,1.659,1,1,1,0,0,3,0,0,1,3,0.5,4200,4.217483944
61,2.305,-0.151,23.075,45.69,95.72,0,22.457,14.211,0.923,1.641,2.333,3.444,2,9,1,1,0,9,2,10,1,1,1,14.489,19.765,50.534,72.248,28.594,15.533,78.056,15.564,0,28.594,78.056,106.2,17.004,1.858,6.372,-0.336,2.155,0,1.663,0,0,0,0,0,3,0,0,1,3,4,4200,4.217483944
62,2.305,-0.151,23.075,45.69,95.72,0,22.457,14.211,0.923,1.641,2.333,3.444,2,9,1,1,0,9,2,10,1,1,1,14.489,19.765,50.534,72.248,28.594,15.533,78.056,15.564,0,28.594,78.056,106.2,17.004,1.858,6.372,-0.336,2.155,0,1.663,0,0,0,0,0,3,0,0,1,3,2,4200,4.217483944
63,2.305,-0.151,23.075,45.69,95.72,0,22.457,14.211,0.923,1.641,2.333,3.444,2,9,1,1,0,9,2,10,1,1,1,14.489,19.765,50.534,72.248,28.594,15.533,78.056,15.564,0,28.594,78.056,106.2,17.004,1.858,6.372,-0.336,2.155,0,1.663,0,0,0,0,0,3,0,0,1,3,1,4200,2.176091259
64,2.305,-0.151,23.075,45.69,95.72,0,22.457,14.211,0.923,1.641,2.333,3.444,2,9,1,1,0,9,2,10,1,1,1,14.489,19.765,50.534,72.248,28.594,15.533,78.056,15.564,0,28.594,78.056,106.2,17.004,1.858,6.372,-0.336,2.155,0,1.663,0,0,0,0,0,3,0,0,1,3,0.5,4200,4.653212514
65,2.305,-0.151,23.075,45.69,95.72,0,22.457,14.211,0.923,1.641,2.333,3.444,2,9,1,1,0,9,2,10,1,1,1,14.489,19.765,50.534,72.248,28.594,15.533,78.056,15.564,0,28.594,78.056,106.2,17.004,1.858,6.372,-0.336,2.155,0,1.663,0,0,0,0,0,3,0,0,1,3,4,4200,2.176091259
66,2.305,-0.151,23.075,45.69,95.72,0,22.457,14.211,0.923,1.641,2.333,3.444,2,9,1,1,0,9,2,10,1,1,1,14.489,19.765,50.534,72.248,28.594,15.533,78.056,15.564,0,28.594,78.056,106.2,17.004,1.858,6.372,-0.336,2.155,0,1.663,0,0,0,0,0,3,0,0,1,3,2,4200,3.217483944
67,2.305,-0.151,23.075,45.69,95.72,0,22.457,14.211,0.923,1.641,2.333,3.444,2,9,1,1,0,9,2,10,1,1,1,14.489,19.765,50.534,72.248,28.594,15.533,78.056,15.564,0,28.594,78.056,106.2,17.004,1.858,6.372,-0.336,2.155,0,1.663,0,0,0,0,0,3,0,0,1,3,1,4200,2.176091259
68,2.305,-0.151,23.075,45.69,95.72,0,22.457,14.211,0.923,1.641,2.333,3.444,2,9,1,1,0,9,2,10,1,1,1,14.489,19.765,50.534,72.248,28.594,15.533,78.056,15.564,0,28.594,78.056,106.2,17.004,1.858,6.372,-0.336,2.155,0,1.663,0,0,0,0,0,3,0,0,1,3,0.5,4200,4.653212514
69,2.305,-0.151,23.075,45.69,95.72,0,22.457,14.211,0.923,1.641,2.333,3.444,2,9,1,1,0,9,2,10,1,1,1,14.489,19.765,50.534,72.248,28.594,15.533,78.056,15.564,0,28.594,78.056,106.2,17.004,1.858,6.372,-0.336,2.155,0,1.663,0,0,0,0,0,3,0,0,1,3,4,4200,4.217483944
70,2.305,-0.151,23.075,45.69,95.72,0,22.457,14.211,0.923,1.641,2.333,3.444,2,9,1,1,0,9,2,10,1,1,1,14.489,19.765,50.534,72.248,28.594,15.533,78.056,15.564,0,28.594,78.056,106.2,17.004,1.858,6.372,-0.336,2.155,0,1.663,0,0,0,0,0,3,0,0,1,3,2,4200,3.217483944
71,2.305,-0.151,23.075,45.69,95.72,0,22.457,14.211,0.923,1.641,2.333,3.444,2,9,1,1,0,9,2,10,1,1,1,14.489,19.765,50.534,72.248,28.594,15.533,78.056,15.564,0,28.594,78.056,106.2,17.004,1.858,6.372,-0.336,2.155,0,1.663,0,0,0,0,0,3,0,0,1,3,1,4200,3.217483944
72,2.305,-0.151,23.075,45.69,95.72,0,22.457,14.211,0.923,1.641,2.333,3.444,2,9,1,1,0,9,2,10,1,1,1,14.489,19.765,50.534,72.248,28.594,15.533,78.056,15.564,0,28.594,78.056,106.2,17.004,1.858,6.372,-0.336,2.155,0,1.663,0,0,0,0,0,3,0,0,1,3,0.5,4200,3.217483944
73,2.305,-0.151,23.075,45.69,82.63,0,18.871,14.211,0.838,1.514,2.162,4.196,0,8,1,1,0,8,0,9,1,1,1,9.589,19.765,57.581,59.158,28.594,9.8,78.056,15.946,0,28.594,78.056,85.38,17.001,1.874,0,-0.331,2.334,0,3.764,0,0,0,0,0,3,0,0,1,3,4,4200,2.176091259
74,2.305,-0.151,23.075,45.69,82.63,0,18.871,14.211,0.838,1.514,2.162,4.196,0,8,1,1,0,8,0,9,1,1,1,9.589,19.765,57.581,59.158,28.594,9.8,78.056,15.946,0,28.594,78.056,85.38,17.001,1.874,0,-0.331,2.334,0,3.764,0,0,0,0,0,3,0,0,1,3,2,4200,2.176091259
75,2.305,-0.151,23.075,45.69,82.63,0,18.871,14.211,0.838,1.514,2.162,4.196,0,8,1,1,0,8,0,9,1,1,1,9.589,19.765,57.581,59.158,28.594,9.8,78.056,15.946,0,28.594,78.056,85.38,17.001,1.874,0,-0.331,2.334,0,3.764,0,0,0,0,0,3,0,0,1,3,1,4200,2.176091259
76,2.305,-0.151,23.075,45.69,82.63,0,18.871,14.211,0.838,1.514,2.162,4.196,0,8,1,1,0,8,0,9,1,1,1,9.589,19.765,57.581,59.158,28.594,9.8,78.056,15.946,0,28.594,78.056,85.38,17.001,1.874,0,-0.331,2.334,0,3.764,0,0,0,0,0,3,0,0,1,3,0.5,4200,2.176091259
77,2.305,-0.151,23.075,45.69,82.63,0,18.871,14.211,0.838,1.514,2.162,4.196,0,8,1,1,0,8,0,9,1,1,1,9.589,19.765,57.581,59.158,28.594,9.8,78.056,15.946,0,28.594,78.056,85.38,17.001,1.874,0,-0.331,2.334,0,3.764,0,0,0,0,0,3,0,0,1,3,4,4200,2.176091259
78,2.305,-0.151,23.075,45.69,82.63,0,18.871,14.211,0.838,1.514,2.162,4.196,0,8,1,1,0,8,0,9,1,1,1,9.589,19.765,57.581,59.158,28.594,9.8,78.056,15.946,0,28.594,78.056,85.38,17.001,1.874,0,-0.331,2.334,0,3.764,0,0,0,0,0,3,0,0,1,3,2,4200,3.217483944
79,2.305,-0.151,23.075,45.69,82.63,0,18.871,14.211,0.838,1.514,2.162,4.196,0,8,1,1,0,8,0,9,1,1,1,9.589,19.765,57.581,59.158,28.594,9.8,78.056,15.946,0,28.594,78.056,85.38,17.001,1.874,0,-0.331,2.334,0,3.764,0,0,0,0,0,3,0,0,1,3,1,4200,3.217483944
80,2.305,-0.151,23.075,45.69,82.63,0,18.871,14.211,0.838,1.514,2.162,4.196,0,8,1,1,0,8,0,9,1,1,1,9.589,19.765,57.581,59.158,28.594,9.8,78.056,15.946,0,28.594,78.056,85.38,17.001,1.874,0,-0.331,2.334,0,3.764,0,0,0,0,0,3,0,0,1,3,0.5,4200,3.217483944
81,2.305,-0.151,23.075,45.69,82.63,0,18.871,14.211,0.838,1.514,2.162,4.196,0,8,1,1,0,8,0,9,1,1,1,9.589,19.765,57.581,59.158,28.594,9.8,78.056,15.946,0,28.594,78.056,85.38,17.001,1.874,0,-0.331,2.334,0,3.764,0,0,0,0,0,3,0,0,1,3,4,4200,2.176091259
82,2.305,-0.151,23.075,45.69,82.63,0,18.871,14.211,0.838,1.514,2.162,4.196,0,8,1,1,0,8,0,9,1,1,1,9.589,19.765,57.581,59.158,28.594,9.8,78.056,15.946,0,28.594,78.056,85.38,17.001,1.874,0,-0.331,2.334,0,3.764,0,0,0,0,0,3,0,0,1,3,2,4200,2.176091259
83,2.305,-0.151,23.075,45.69,82.63,0,18.871,14.211,0.838,1.514,2.162,4.196,0,8,1,1,0,8,0,9,1,1,1,9.589,19.765,57.581,59.158,28.594,9.8,78.056,15.946,0,28.594,78.056,85.38,17.001,1.874,0,-0.331,2.334,0,3.764,0,0,0,0,0,3,0,0,1,3,1,4200,3.217483944
84,2.305,-0.151,23.075,45.69,82.63,0,18.871,14.211,0.838,1.514,2.162,4.196,0,8,1,1,0,8,0,9,1,1,1,9.589,19.765,57.581,59.158,28.594,9.8,78.056,15.946,0,28.594,78.056,85.38,17.001,1.874,0,-0.331,2.334,0,3.764,0,0,0,0,0,3,0,0,1,3,0.5,4200,3.217483944
85,2.306,-0.151,17.168,51.597,95.72,0,30.819,14.211,0.854,1.537,2.171,4.128,0,9,1,1,0,9,0,10,1,1,1,14.489,19.765,64.629,72.248,28.594,14.7,78.056,15.707,0,28.594,78.056,88.62,17.064,1.879,0,-0.336,2.329,0,5.859,0,0,0,0,0,3,0,0,1,3,4,4200,2.176091259
86,2.306,-0.151,17.168,51.597,95.72,0,30.819,14.211,0.854,1.537,2.171,4.128,0,9,1,1,0,9,0,10,1,1,1,14.489,19.765,64.629,72.248,28.594,14.7,78.056,15.707,0,28.594,78.056,88.62,17.064,1.879,0,-0.336,2.329,0,5.859,0,0,0,0,0,3,0,0,1,3,2,4200,2.176091259
87,2.306,-0.151,17.168,51.597,95.72,0,30.819,14.211,0.854,1.537,2.171,4.128,0,9,1,1,0,9,0,10,1,1,1,14.489,19.765,64.629,72.248,28.594,14.7,78.056,15.707,0,28.594,78.056,88.62,17.064,1.879,0,-0.336,2.329,0,5.859,0,0,0,0,0,3,0,0,1,3,1,4200,2.176091259
88,2.306,-0.151,17.168,51.597,95.72,0,30.819,14.211,0.854,1.537,2.171,4.128,0,9,1,1,0,9,0,10,1,1,1,14.489,19.765,64.629,72.248,28.594,14.7,78.056,15.707,0,28.594,78.056,88.62,17.064,1.879,0,-0.336,2.329,0,5.859,0,0,0,0,0,3,0,0,1,3,0.5,4200,2.176091259
89,2.306,-0.151,17.168,51.597,95.72,0,30.819,14.211,0.854,1.537,2.171,4.128,0,9,1,1,0,9,0,10,1,1,1,14.489,19.765,64.629,72.248,28.594,14.7,78.056,15.707,0,28.594,78.056,88.62,17.064,1.879,0,-0.336,2.329,0,5.859,0,0,0,0,0,3,0,0,1,3,4,4200,2.176091259
90,2.306,-0.151,17.168,51.597,95.72,0,30.819,14.211,0.854,1.537,2.171,4.128,0,9,1,1,0,9,0,10,1,1,1,14.489,19.765,64.629,72.248,28.594,14.7,78.056,15.707,0,28.594,78.056,88.62,17.064,1.879,0,-0.336,2.329,0,5.859,0,0,0,0,0,3,0,0,1,3,2,4200,2.176091259
91,2.306,-0.151,17.168,51.597,95.72,0,30.819,14.211,0.854,1.537,2.171,4.128,0,9,1,1,0,9,0,10,1,1,1,14.489,19.765,64.629,72.248,28.594,14.7,78.056,15.707,0,28.594,78.056,88.62,17.064,1.879,0,-0.336,2.329,0,5.859,0,0,0,0,0,3,0,0,1,3,1,4200,2.176091259
92,2.306,-0.151,17.168,51.597,95.72,0,30.819,14.211,0.854,1.537,2.171,4.128,0,9,1,1,0,9,0,10,1,1,1,14.489,19.765,64.629,72.248,28.594,14.7,78.056,15.707,0,28.594,78.056,88.62,17.064,1.879,0,-0.336,2.329,0,5.859,0,0,0,0,0,3,0,0,1,3,0.5,4200,2.176091259
93,2.306,-0.151,17.168,51.597,95.72,0,30.819,14.211,0.854,1.537,2.171,4.128,0,9,1,1,0,9,0,10,1,1,1,14.489,19.765,64.629,72.248,28.594,14.7,78.056,15.707,0,28.594,78.056,88.62,17.064,1.879,0,-0.336,2.329,0,5.859,0,0,0,0,0,3,0,0,1,3,4,4200,2.176091259
94,2.306,-0.151,17.168,51.597,95.72,0,30.819,14.211,0.854,1.537,2.171,4.128,0,9,1,1,0,9,0,10,1,1,1,14.489,19.765,64.629,72.248,28.594,14.7,78.056,15.707,0,28.594,78.056,88.62,17.064,1.879,0,-0.336,2.329,0,5.859,0,0,0,0,0,3,0,0,1,3,2,4200,2.176091259
95,2.306,-0.151,17.168,51.597,95.72,0,30.819,14.211,0.854,1.537,2.171,4.128,0,9,1,1,0,9,0,10,1,1,1,14.489,19.765,64.629,72.248,28.594,14.7,78.056,15.707,0,28.594,78.056,88.62,17.064,1.879,0,-0.336,2.329,0,5.859,0,0,0,0,0,3,0,0,1,3,1,4200,2.176091259
96,2.306,-0.151,17.168,51.597,95.72,0,30.819,14.211,0.854,1.537,2.171,4.128,0,9,1,1,0,9,0,10,1,1,1,14.489,19.765,64.629,72.248,28.594,14.7,78.056,15.707,0,28.594,78.056,88.62,17.064,1.879,0,-0.336,2.329,0,5.859,0,0,0,0,0,3,0,0,1,3,0.5,4200,3.217483944
97,2.305,-0.151,23.075,52.235,69.417,5.687,36.321,14.211,0.881,1.595,2.286,6.065,1,8,0,0,1,8,1,9,0,0,0,9.589,37.964,69.087,58.804,28.594,5.317,84.477,12.476,5.687,28.594,84.477,94.17,17.029,1.85,3.029,0.844,2.102,10.262,3.733,0,0,0,1,1,3,0,1,0,3,4,4200,2.176091259
98,2.305,-0.151,23.075,52.235,69.417,5.687,36.321,14.211,0.881,1.595,2.286,6.065,1,8,0,0,1,8,1,9,0,0,0,9.589,37.964,69.087,58.804,28.594,5.317,84.477,12.476,5.687,28.594,84.477,94.17,17.029,1.85,3.029,0.844,2.102,10.262,3.733,0,0,0,1,1,3,0,1,0,3,2,4200,2.176091259
99,2.305,-0.151,23.075,52.235,69.417,5.687,36.321,14.211,0.881,1.595,2.286,6.065,1,8,0,0,1,8,1,9,0,0,0,9.589,37.964,69.087,58.804,28.594,5.317,84.477,12.476,5.687,28.594,84.477,94.17,17.029,1.85,3.029,0.844,2.102,10.262,3.733,0,0,0,1,1,3,0,1,0,3,1,4200,2.176091259
100,2.305,-0.151,23.075,52.235,69.417,5.687,36.321,14.211,0.881,1.595,2.286,6.065,1,8,0,0,1,8,1,9,0,0,0,9.589,37.964,69.087,58.804,28.594,5.317,84.477,12.476,5.687,28.594,84.477,94.17,17.029,1.85,3.029,0.844,2.102,10.262,3.733,0,0,0,1,1,3,0,1,0,3,0.5,4200,2.176091259
101,2.305,-0.151,23.075,52.235,69.417,5.687,36.321,14.211,0.881,1.595,2.286,6.065,1,8,0,0,1,8,1,9,0,0,0,9.589,37.964,69.087,58.804,28.594,5.317,84.477,12.476,5.687,28.594,84.477,94.17,17.029,1.85,3.029,0.844,2.102,10.262,3.733,0,0,0,1,1,3,0,1,0,3,4,4200,2.176091259
102,2.305,-0.151,23.075,52.235,69.417,5.687,36.321,14.211,0.881,1.595,2.286,6.065,1,8,0,0,1,8,1,9,0,0,0,9.589,37.964,69.087,58.804,28.594,5.317,84.477,12.476,5.687,28.594,84.477,94.17,17.029,1.85,3.029,0.844,2.102,10.262,3.733,0,0,0,1,1,3,0,1,0,3,2,4200,2.176091259
103,2.305,-0.151,23.075,52.235,69.417,5.687,36.321,14.211,0.881,1.595,2.286,6.065,1,8,0,0,1,8,1,9,0,0,0,9.589,37.964,69.087,58.804,28.594,5.317,84.477,12.476,5.687,28.594,84.477,94.17,17.029,1.85,3.029,0.844,2.102,10.262,3.733,0,0,0,1,1,3,0,1,0,3,1,4200,2.176091259
104,2.305,-0.151,23.075,52.235,69.417,5.687,36.321,14.211,0.881,1.595,2.286,6.065,1,8,0,0,1,8,1,9,0,0,0,9.589,37.964,69.087,58.804,28.594,5.317,84.477,12.476,5.687,28.594,84.477,94.17,17.029,1.85,3.029,0.844,2.102,10.262,3.733,0,0,0,1,1,3,0,1,0,3,0.5,4200,2.176091259
105,2.305,-0.151,23.075,52.235,69.417,5.687,36.321,14.211,0.881,1.595,2.286,6.065,1,8,0,0,1,8,1,9,0,0,0,9.589,37.964,69.087,58.804,28.594,5.317,84.477,12.476,5.687,28.594,84.477,94.17,17.029,1.85,3.029,0.844,2.102,10.262,3.733,0,0,0,1,1,3,0,1,0,3,4,4200,2.176091259
106,2.305,-0.151,23.075,52.235,69.417,5.687,36.321,14.211,0.881,1.595,2.286,6.065,1,8,0,0,1,8,1,9,0,0,0,9.589,37.964,69.087,58.804,28.594,5.317,84.477,12.476,5.687,28.594,84.477,94.17,17.029,1.85,3.029,0.844,2.102,10.262,3.733,0,0,0,1,1,3,0,1,0,3,2,4200,2.176091259
107,2.305,-0.151,23.075,52.235,69.417,5.687,36.321,14.211,0.881,1.595,2.286,6.065,1,8,0,0,1,8,1,9,0,0,0,9.589,37.964,69.087,58.804,28.594,5.317,84.477,12.476,5.687,28.594,84.477,94.17,17.029,1.85,3.029,0.844,2.102,10.262,3.733,0,0,0,1,1,3,0,1,0,3,1,4200,2.176091259
108,2.305,-0.151,23.075,52.235,69.417,5.687,36.321,14.211,0.881,1.595,2.286,6.065,1,8,0,0,1,8,1,9,0,0,0,9.589,37.964,69.087,58.804,28.594,5.317,84.477,12.476,5.687,28.594,84.477,94.17,17.029,1.85,3.029,0.844,2.102,10.262,3.733,0,0,0,1,1,3,0,1,0,3,0.5,4200,3.217483944
109,2.305,-0.151,23.075,45.69,75.962,0,11.824,14.211,0.789,1.474,2.105,4.832,0,8,0,0,0,8,0,9,0,0,0,9.589,19.765,77.594,46.572,28.594,9.8,84.477,12.921,0,28.594,84.477,85.38,17,1.862,0,-0.335,2.245,0,7.652,0,0,0,0,0,3,0,0,0,3,4,4200,2.176091259
110,2.305,-0.151,23.075,45.69,75.962,0,11.824,14.211,0.789,1.474,2.105,4.832,0,8,0,0,0,8,0,9,0,0,0,9.589,19.765,77.594,46.572,28.594,9.8,84.477,12.921,0,28.594,84.477,85.38,17,1.862,0,-0.335,2.245,0,7.652,0,0,0,0,0,3,0,0,0,3,2,4200,2.176091259
111,2.305,-0.151,23.075,45.69,75.962,0,11.824,14.211,0.789,1.474,2.105,4.832,0,8,0,0,0,8,0,9,0,0,0,9.589,19.765,77.594,46.572,28.594,9.8,84.477,12.921,0,28.594,84.477,85.38,17,1.862,0,-0.335,2.245,0,7.652,0,0,0,0,0,3,0,0,0,3,1,4200,2.176091259
112,2.305,-0.151,23.075,45.69,75.962,0,11.824,14.211,0.789,1.474,2.105,4.832,0,8,0,0,0,8,0,9,0,0,0,9.589,19.765,77.594,46.572,28.594,9.8,84.477,12.921,0,28.594,84.477,85.38,17,1.862,0,-0.335,2.245,0,7.652,0,0,0,0,0,3,0,0,0,3,0.5,4200,2.176091259
113,2.305,-0.151,23.075,45.69,75.962,0,11.824,14.211,0.789,1.474,2.105,4.832,0,8,0,0,0,8,0,9,0,0,0,9.589,19.765,77.594,46.572,28.594,9.8,84.477,12.921,0,28.594,84.477,85.38,17,1.862,0,-0.335,2.245,0,7.652,0,0,0,0,0,3,0,0,0,3,4,4200,2.176091259
114,2.305,-0.151,23.075,45.69,75.962,0,11.824,14.211,0.789,1.474,2.105,4.832,0,8,0,0,0,8,0,9,0,0,0,9.589,19.765,77.594,46.572,28.594,9.8,84.477,12.921,0,28.594,84.477,85.38,17,1.862,0,-0.335,2.245,0,7.652,0,0,0,0,0,3,0,0,0,3,2,4200,2.176091259
115,2.305,-0.151,23.075,45.69,75.962,0,11.824,14.211,0.789,1.474,2.105,4.832,0,8,0,0,0,8,0,9,0,0,0,9.589,19.765,77.594,46.572,28.594,9.8,84.477,12.921,0,28.594,84.477,85.38,17,1.862,0,-0.335,2.245,0,7.652,0,0,0,0,0,3,0,0,0,3,1,4200,2.176091259
116,2.305,-0.151,23.075,45.69,75.962,0,11.824,14.211,0.789,1.474,2.105,4.832,0,8,0,0,0,8,0,9,0,0,0,9.589,19.765,77.594,46.572,28.594,9.8,84.477,12.921,0,28.594,84.477,85.38,17,1.862,0,-0.335,2.245,0,7.652,0,0,0,0,0,3,0,0,0,3,0.5,4200,2.176091259
117,2.305,-0.151,23.075,45.69,75.962,0,11.824,14.211,0.789,1.474,2.105,4.832,0,8,0,0,0,8,0,9,0,0,0,9.589,19.765,77.594,46.572,28.594,9.8,84.477,12.921,0,28.594,84.477,85.38,17,1.862,0,-0.335,2.245,0,7.652,0,0,0,0,0,3,0,0,0,3,4,4200,3.217483944
118,2.305,-0.151,23.075,45.69,75.962,0,11.824,14.211,0.789,1.474,2.105,4.832,0,8,0,0,0,8,0,9,0,0,0,9.589,19.765,77.594,46.572,28.594,9.8,84.477,12.921,0,28.594,84.477,85.38,17,1.862,0,-0.335,2.245,0,7.652,0,0,0,0,0,3,0,0,0,3,2,4200,3.217483944
119,2.305,-0.151,23.075,45.69,75.962,0,11.824,14.211,0.789,1.474,2.105,4.832,0,8,0,0,0,8,0,9,0,0,0,9.589,19.765,77.594,46.572,28.594,9.8,84.477,12.921,0,28.594,84.477,85.38,17,1.862,0,-0.335,2.245,0,7.652,0,0,0,0,0,3,0,0,0,3,1,4200,3.217483944
120,2.305,-0.151,23.075,45.69,75.962,0,11.824,14.211,0.789,1.474,2.105,4.832,0,8,0,0,0,8,0,9,0,0,0,9.589,19.765,77.594,46.572,28.594,9.8,84.477,12.921,0,28.594,84.477,85.38,17,1.862,0,-0.335,2.245,0,7.652,0,0,0,0,0,3,0,0,0,3,0.5,4200,3.217483944
121,2.305,-0.151,23.075,52.235,74.987,0,22.208,14.211,0.974,1.744,2.436,4.894,2,9,0,0,0,8,2,10,1,0,0,9.589,19.765,63.375,45.721,28.594,15.285,90.897,12.692,0,35.015,90.17,119.61,16.98,1.841,2.974,0.678,2.08,0,1.658,0,0,0,0,0,3,0,0,0,3,4,4200,2.176091259
122,2.305,-0.151,23.075,52.235,74.987,0,22.208,14.211,0.974,1.744,2.436,4.894,2,9,0,0,0,8,2,10,1,0,0,9.589,19.765,63.375,45.721,28.594,15.285,90.897,12.692,0,35.015,90.17,119.61,16.98,1.841,2.974,0.678,2.08,0,1.658,0,0,0,0,0,3,0,0,0,3,2,4200,3.217483944
123,2.305,-0.151,23.075,52.235,74.987,0,22.208,14.211,0.974,1.744,2.436,4.894,2,9,0,0,0,8,2,10,1,0,0,9.589,19.765,63.375,45.721,28.594,15.285,90.897,12.692,0,35.015,90.17,119.61,16.98,1.841,2.974,0.678,2.08,0,1.658,0,0,0,0,0,3,0,0,0,3,1,4200,2.176091259
124,2.305,-0.151,23.075,52.235,74.987,0,22.208,14.211,0.974,1.744,2.436,4.894,2,9,0,0,0,8,2,10,1,0,0,9.589,19.765,63.375,45.721,28.594,15.285,90.897,12.692,0,35.015,90.17,119.61,16.98,1.841,2.974,0.678,2.08,0,1.658,0,0,0,0,0,3,0,0,0,3,0.5,4200,2.176091259
125,2.305,-0.151,23.075,52.235,74.987,0,22.208,14.211,0.974,1.744,2.436,4.894,2,9,0,0,0,8,2,10,1,0,0,9.589,19.765,63.375,45.721,28.594,15.285,90.897,12.692,0,35.015,90.17,119.61,16.98,1.841,2.974,0.678,2.08,0,1.658,0,0,0,0,0,3,0,0,0,3,4,4200,3.217483944
126,2.305,-0.151,23.075,52.235,74.987,0,22.208,14.211,0.974,1.744,2.436,4.894,2,9,0,0,0,8,2,10,1,0,0,9.589,19.765,63.375,45.721,28.594,15.285,90.897,12.692,0,35.015,90.17,119.61,16.98,1.841,2.974,0.678,2.08,0,1.658,0,0,0,0,0,3,0,0,0,3,2,4200,2.176091259
127,2.305,-0.151,23.075,52.235,74.987,0,22.208,14.211,0.974,1.744,2.436,4.894,2,9,0,0,0,8,2,10,1,0,0,9.589,19.765,63.375,45.721,28.594,15.285,90.897,12.692,0,35.015,90.17,119.61,16.98,1.841,2.974,0.678,2.08,0,1.658,0,0,0,0,0,3,0,0,0,3,1,4200,2.176091259
128,2.305,-0.151,23.075,52.235,74.987,0,22.208,14.211,0.974,1.744,2.436,4.894,2,9,0,0,0,8,2,10,1,0,0,9.589,19.765,63.375,45.721,28.594,15.285,90.897,12.692,0,35.015,90.17,119.61,16.98,1.841,2.974,0.678,2.08,0,1.658,0,0,0,0,0,3,0,0,0,3,0.5,4200,3.217483944
129,2.305,-0.151,23.075,52.235,74.987,0,22.208,14.211,0.974,1.744,2.436,4.894,2,9,0,0,0,8,2,10,1,0,0,9.589,19.765,63.375,45.721,28.594,15.285,90.897,12.692,0,35.015,90.17,119.61,16.98,1.841,2.974,0.678,2.08,0,1.658,0,0,0,0,0,3,0,0,0,3,4,4200,2.176091259
130,2.305,-0.151,23.075,52.235,74.987,0,22.208,14.211,0.974,1.744,2.436,4.894,2,9,0,0,0,8,2,10,1,0,0,9.589,19.765,63.375,45.721,28.594,15.285,90.897,12.692,0,35.015,90.17,119.61,16.98,1.841,2.974,0.678,2.08,0,1.658,0,0,0,0,0,3,0,0,0,3,2,4200,2.176091259
131,2.305,-0.151,23.075,52.235,74.987,0,22.208,14.211,0.974,1.744,2.436,4.894,2,9,0,0,0,8,2,10,1,0,0,9.589,19.765,63.375,45.721,28.594,15.285,90.897,12.692,0,35.015,90.17,119.61,16.98,1.841,2.974,0.678,2.08,0,1.658,0,0,0,0,0,3,0,0,0,3,1,4200,3.217483944
132,2.305,-0.151,23.075,52.235,74.987,0,22.208,14.211,0.974,1.744,2.436,4.894,2,9,0,0,0,8,2,10,1,0,0,9.589,19.765,63.375,45.721,28.594,15.285,90.897,12.692,0,35.015,90.17,119.61,16.98,1.841,2.974,0.678,2.08,0,1.658,0,0,0,0,0,3,0,0,0,3,0.5,4200,3.217483944
133,2.305,-0.151,23.075,52.235,69.417,0,17.225,14.211,0.949,1.718,2.41,4.825,1,9,0,0,0,9,1,10,1,0,0,9.589,19.765,56.954,58.462,28.594,14.868,91.021,12.692,0,35.139,84.477,108.75,18.987,1.843,2.978,-0.342,2.087,0,1.658,0,0,0,0,0,3,0,0,0,3,4,4200,2.176091259
134,2.305,-0.151,23.075,52.235,69.417,0,17.225,14.211,0.949,1.718,2.41,4.825,1,9,0,0,0,9,1,10,1,0,0,9.589,19.765,56.954,58.462,28.594,14.868,91.021,12.692,0,35.139,84.477,108.75,18.987,1.843,2.978,-0.342,2.087,0,1.658,0,0,0,0,0,3,0,0,0,3,2,4200,2.176091259
135,2.305,-0.151,23.075,52.235,69.417,0,17.225,14.211,0.949,1.718,2.41,4.825,1,9,0,0,0,9,1,10,1,0,0,9.589,19.765,56.954,58.462,28.594,14.868,91.021,12.692,0,35.139,84.477,108.75,18.987,1.843,2.978,-0.342,2.087,0,1.658,0,0,0,0,0,3,0,0,0,3,1,4200,2.176091259
136,2.305,-0.151,23.075,52.235,69.417,0,17.225,14.211,0.949,1.718,2.41,4.825,1,9,0,0,0,9,1,10,1,0,0,9.589,19.765,56.954,58.462,28.594,14.868,91.021,12.692,0,35.139,84.477,108.75,18.987,1.843,2.978,-0.342,2.087,0,1.658,0,0,0,0,0,3,0,0,0,3,0.5,4200,3.217483944
137,2.305,-0.151,23.075,52.235,69.417,0,17.225,14.211,0.949,1.718,2.41,4.825,1,9,0,0,0,9,1,10,1,0,0,9.589,19.765,56.954,58.462,28.594,14.868,91.021,12.692,0,35.139,84.477,108.75,18.987,1.843,2.978,-0.342,2.087,0,1.658,0,0,0,0,0,3,0,0,0,3,4,4200,2.176091259
138,2.305,-0.151,23.075,52.235,69.417,0,17.225,14.211,0.949,1.718,2.41,4.825,1,9,0,0,0,9,1,10,1,0,0,9.589,19.765,56.954,58.462,28.594,14.868,91.021,12.692,0,35.139,84.477,108.75,18.987,1.843,2.978,-0.342,2.087,0,1.658,0,0,0,0,0,3,0,0,0,3,2,4200,2.176091259
139,2.305,-0.151,23.075,52.235,69.417,0,17.225,14.211,0.949,1.718,2.41,4.825,1,9,0,0,0,9,1,10,1,0,0,9.589,19.765,56.954,58.462,28.594,14.868,91.021,12.692,0,35.139,84.477,108.75,18.987,1.843,2.978,-0.342,2.087,0,1.658,0,0,0,0,0,3,0,0,0,3,1,4200,2.176091259
140,2.305,-0.151,23.075,52.235,69.417,0,17.225,14.211,0.949,1.718,2.41,4.825,1,9,0,0,0,9,1,10,1,0,0,9.589,19.765,56.954,58.462,28.594,14.868,91.021,12.692,0,35.139,84.477,108.75,18.987,1.843,2.978,-0.342,2.087,0,1.658,0,0,0,0,0,3,0,0,0,3,0.5,4200,2.176091259
141,2.305,-0.151,23.075,52.235,69.417,0,17.225,14.211,0.949,1.718,2.41,4.825,1,9,0,0,0,9,1,10,1,0,0,9.589,19.765,56.954,58.462,28.594,14.868,91.021,12.692,0,35.139,84.477,108.75,18.987,1.843,2.978,-0.342,2.087,0,1.658,0,0,0,0,0,3,0,0,0,3,4,4200,2.176091259
142,2.305,-0.151,23.075,52.235,69.417,0,17.225,14.211,0.949,1.718,2.41,4.825,1,9,0,0,0,9,1,10,1,0,0,9.589,19.765,56.954,58.462,28.594,14.868,91.021,12.692,0,35.139,84.477,108.75,18.987,1.843,2.978,-0.342,2.087,0,1.658,0,0,0,0,0,3,0,0,0,3,2,4200,2.176091259
143,2.305,-0.151,23.075,52.235,69.417,0,17.225,14.211,0.949,1.718,2.41,4.825,1,9,0,0,0,9,1,10,1,0,0,9.589,19.765,56.954,58.462,28.594,14.868,91.021,12.692,0,35.139,84.477,108.75,18.987,1.843,2.978,-0.342,2.087,0,1.658,0,0,0,0,0,3,0,0,0,3,1,4200,3.217483944
144,2.305,-0.151,23.075,52.235,69.417,0,17.225,14.211,0.949,1.718,2.41,4.825,1,9,0,0,0,9,1,10,1,0,0,9.589,19.765,56.954,58.462,28.594,14.868,91.021,12.692,0,35.139,84.477,108.75,18.987,1.843,2.978,-0.342,2.087,0,1.658,0,0,0,0,0,3,0,0,0,3,0.5,4200,4.217483944
145,2.305,-0.151,23.075,45.69,69.541,32.352,17.14,14.211,0.872,1.59,2.282,5.024,1,8,1,1,0,8,1,9,1,1,1,9.589,26.186,76.465,46.069,28.594,10.217,97.318,15.564,0,28.594,97.318,94.17,17.013,1.865,3.055,-0.333,2.188,0,1.666,0,0,0,0,0,3,0,0,0,3,4,4200,2.176091259
146,2.305,-0.151,23.075,45.69,69.541,32.352,17.14,14.211,0.872,1.59,2.282,5.024,1,8,1,1,0,8,1,9,1,1,1,9.589,26.186,76.465,46.069,28.594,10.217,97.318,15.564,0,28.594,97.318,94.17,17.013,1.865,3.055,-0.333,2.188,0,1.666,0,0,0,0,0,3,0,0,0,3,2,4200,3.217483944
147,2.305,-0.151,23.075,45.69,69.541,32.352,17.14,14.211,0.872,1.59,2.282,5.024,1,8,1,1,0,8,1,9,1,1,1,9.589,26.186,76.465,46.069,28.594,10.217,97.318,15.564,0,28.594,97.318,94.17,17.013,1.865,3.055,-0.333,2.188,0,1.666,0,0,0,0,0,3,0,0,0,3,1,4200,2.176091259
148,2.305,-0.151,23.075,45.69,69.541,32.352,17.14,14.211,0.872,1.59,2.282,5.024,1,8,1,1,0,8,1,9,1,1,1,9.589,26.186,76.465,46.069,28.594,10.217,97.318,15.564,0,28.594,97.318,94.17,17.013,1.865,3.055,-0.333,2.188,0,1.666,0,0,0,0,0,3,0,0,0,3,0.5,4200,2.176091259
149,2.305,-0.151,23.075,45.69,69.541,32.352,17.14,14.211,0.872,1.59,2.282,5.024,1,8,1,1,0,8,1,9,1,1,1,9.589,26.186,76.465,46.069,28.594,10.217,97.318,15.564,0,28.594,97.318,94.17,17.013,1.865,3.055,-0.333,2.188,0,1.666,0,0,0,0,0,3,0,0,0,3,4,4200,2.176091259
150,2.305,-0.151,23.075,45.69,69.541,32.352,17.14,14.211,0.872,1.59,2.282,5.024,1,8,1,1,0,8,1,9,1,1,1,9.589,26.186,76.465,46.069,28.594,10.217,97.318,15.564,0,28.594,97.318,94.17,17.013,1.865,3.055,-0.333,2.188,0,1.666,0,0,0,0,0,3,0,0,0,3,2,4200,2.176091259
151,2.305,-0.151,23.075,45.69,69.541,32.352,17.14,14.211,0.872,1.59,2.282,5.024,1,8,1,1,0,8,1,9,1,1,1,9.589,26.186,76.465,46.069,28.594,10.217,97.318,15.564,0,28.594,97.318,94.17,17.013,1.865,3.055,-0.333,2.188,0,1.666,0,0,0,0,0,3,0,0,0,3,1,4200,2.176091259
152,2.305,-0.151,23.075,45.69,69.541,32.352,17.14,14.211,0.872,1.59,2.282,5.024,1,8,1,1,0,8,1,9,1,1,1,9.589,26.186,76.465,46.069,28.594,10.217,97.318,15.564,0,28.594,97.318,94.17,17.013,1.865,3.055,-0.333,2.188,0,1.666,0,0,0,0,0,3,0,0,0,3,0.5,4200,3.217483944
153,2.305,-0.151,23.075,45.69,69.541,32.352,17.14,14.211,0.872,1.59,2.282,5.024,1,8,1,1,0,8,1,9,1,1,1,9.589,26.186,76.465,46.069,28.594,10.217,97.318,15.564,0,28.594,97.318,94.17,17.013,1.865,3.055,-0.333,2.188,0,1.666,0,0,0,0,0,3,0,0,0,3,4,4200,2.176091259
154,2.305,-0.151,23.075,45.69,69.541,32.352,17.14,14.211,0.872,1.59,2.282,5.024,1,8,1,1,0,8,1,9,1,1,1,9.589,26.186,76.465,46.069,28.594,10.217,97.318,15.564,0,28.594,97.318,94.17,17.013,1.865,3.055,-0.333,2.188,0,1.666,0,0,0,0,0,3,0,0,0,3,2,4200,2.176091259
155,2.305,-0.151,23.075,45.69,69.541,32.352,17.14,14.211,0.872,1.59,2.282,5.024,1,8,1,1,0,8,1,9,1,1,1,9.589,26.186,76.465,46.069,28.594,10.217,97.318,15.564,0,28.594,97.318,94.17,17.013,1.865,3.055,-0.333,2.188,0,1.666,0,0,0,0,0,3,0,0,0,3,1,4200,2.176091259
156,2.305,-0.151,23.075,45.69,69.541,32.352,17.14,14.211,0.872,1.59,2.282,5.024,1,8,1,1,0,8,1,9,1,1,1,9.589,26.186,76.465,46.069,28.594,10.217,97.318,15.564,0,28.594,97.318,94.17,17.013,1.865,3.055,-0.333,2.188,0,1.666,0,0,0,0,0,3,0,0,0,3,0.5,4200,4.217483944
157,2.305,-0.151,23.075,45.69,69.541,25.931,17.14,14.211,0.895,1.605,2.289,4.634,1,8,1,1,0,8,1,9,1,1,1,9.589,19.765,76.465,46.069,28.594,10.217,90.897,15.342,0,28.594,90.897,94.17,16.996,1.862,3.034,-0.332,2.185,0,1.664,0,0,0,0,0,3,0,0,0,3,4,4200,2.176091259
158,2.305,-0.151,23.075,45.69,69.541,25.931,17.14,14.211,0.895,1.605,2.289,4.634,1,8,1,1,0,8,1,9,1,1,1,9.589,19.765,76.465,46.069,28.594,10.217,90.897,15.342,0,28.594,90.897,94.17,16.996,1.862,3.034,-0.332,2.185,0,1.664,0,0,0,0,0,3,0,0,0,3,2,4200,2.176091259
159,2.305,-0.151,23.075,45.69,69.541,25.931,17.14,14.211,0.895,1.605,2.289,4.634,1,8,1,1,0,8,1,9,1,1,1,9.589,19.765,76.465,46.069,28.594,10.217,90.897,15.342,0,28.594,90.897,94.17,16.996,1.862,3.034,-0.332,2.185,0,1.664,0,0,0,0,0,3,0,0,0,3,1,4200,2.176091259
160,2.305,-0.151,23.075,45.69,69.541,25.931,17.14,14.211,0.895,1.605,2.289,4.634,1,8,1,1,0,8,1,9,1,1,1,9.589,19.765,76.465,46.069,28.594,10.217,90.897,15.342,0,28.594,90.897,94.17,16.996,1.862,3.034,-0.332,2.185,0,1.664,0,0,0,0,0,3,0,0,0,3,0.5,4200,3.217483944
161,2.305,-0.151,23.075,45.69,69.541,25.931,17.14,14.211,0.895,1.605,2.289,4.634,1,8,1,1,0,8,1,9,1,1,1,9.589,19.765,76.465,46.069,28.594,10.217,90.897,15.342,0,28.594,90.897,94.17,16.996,1.862,3.034,-0.332,2.185,0,1.664,0,0,0,0,0,3,0,0,0,3,4,4200,2.176091259
162,2.305,-0.151,23.075,45.69,69.541,25.931,17.14,14.211,0.895,1.605,2.289,4.634,1,8,1,1,0,8,1,9,1,1,1,9.589,19.765,76.465,46.069,28.594,10.217,90.897,15.342,0,28.594,90.897,94.17,16.996,1.862,3.034,-0.332,2.185,0,1.664,0,0,0,0,0,3,0,0,0,3,2,4200,2.176091259
163,2.305,-0.151,23.075,45.69,69.541,25.931,17.14,14.211,0.895,1.605,2.289,4.634,1,8,1,1,0,8,1,9,1,1,1,9.589,19.765,76.465,46.069,28.594,10.217,90.897,15.342,0,28.594,90.897,94.17,16.996,1.862,3.034,-0.332,2.185,0,1.664,0,0,0,0,0,3,0,0,0,3,1,4200,3.217483944
164,2.305,-0.151,23.075,45.69,69.541,25.931,17.14,14.211,0.895,1.605,2.289,4.634,1,8,1,1,0,8,1,9,1,1,1,9.589,19.765,76.465,46.069,28.594,10.217,90.897,15.342,0,28.594,90.897,94.17,16.996,1.862,3.034,-0.332,2.185,0,1.664,0,0,0,0,0,3,0,0,0,3,0.5,4200,2.176091259
165,2.305,-0.151,23.075,45.69,69.541,25.931,17.14,14.211,0.895,1.605,2.289,4.634,1,8,1,1,0,8,1,9,1,1,1,9.589,19.765,76.465,46.069,28.594,10.217,90.897,15.342,0,28.594,90.897,94.17,16.996,1.862,3.034,-0.332,2.185,0,1.664,0,0,0,0,0,3,0,0,0,3,4,4200,2.176091259
166,2.305,-0.151,23.075,45.69,69.541,25.931,17.14,14.211,0.895,1.605,2.289,4.634,1,8,1,1,0,8,1,9,1,1,1,9.589,19.765,76.465,46.069,28.594,10.217,90.897,15.342,0,28.594,90.897,94.17,16.996,1.862,3.034,-0.332,2.185,0,1.664,0,0,0,0,0,3,0,0,0,3,2,4200,3.217483944
167,2.305,-0.151,23.075,45.69,69.541,25.931,17.14,14.211,0.895,1.605,2.289,4.634,1,8,1,1,0,8,1,9,1,1,1,9.589,19.765,76.465,46.069,28.594,10.217,90.897,15.342,0,28.594,90.897,94.17,16.996,1.862,3.034,-0.332,2.185,0,1.664,0,0,0,0,0,3,0,0,0,3,1,4200,4.217483944
168,2.305,-0.151,23.075,45.69,69.541,25.931,17.14,14.211,0.895,1.605,2.289,4.634,1,8,1,1,0,8,1,9,1,1,1,9.589,19.765,76.465,46.069,28.594,10.217,90.897,15.342,0,28.594,90.897,94.17,16.996,1.862,3.034,-0.332,2.185,0,1.664,0,0,0,0,0,3,0,0,0,3,0.5,4200,2.176091259
169,2.305,-0.151,23.075,52.235,68.566,0,17.225,14.211,0.949,1.718,2.41,5.176,1,8,0,0,0,8,1,9,1,0,0,14.573,25.832,62.666,57.835,28.594,10.301,84.477,12.59,0,35.015,83.75,103.82,16.981,1.837,2.958,0.642,2.048,5.803,1.657,0,0,0,0,0,3,0,0,0,3,4,4200,2.176091259
170,2.305,-0.151,23.075,52.235,68.566,0,17.225,14.211,0.949,1.718,2.41,5.176,1,8,0,0,0,8,1,9,1,0,0,14.573,25.832,62.666,57.835,28.594,10.301,84.477,12.59,0,35.015,83.75,103.82,16.981,1.837,2.958,0.642,2.048,5.803,1.657,0,0,0,0,0,3,0,0,0,3,2,4200,2.176091259
171,2.305,-0.151,23.075,52.235,68.566,0,17.225,14.211,0.949,1.718,2.41,5.176,1,8,0,0,0,8,1,9,1,0,0,14.573,25.832,62.666,57.835,28.594,10.301,84.477,12.59,0,35.015,83.75,103.82,16.981,1.837,2.958,0.642,2.048,5.803,1.657,0,0,0,0,0,3,0,0,0,3,1,4200,2.176091259
172,2.305,-0.151,23.075,52.235,68.566,0,17.225,14.211,0.949,1.718,2.41,5.176,1,8,0,0,0,8,1,9,1,0,0,14.573,25.832,62.666,57.835,28.594,10.301,84.477,12.59,0,35.015,83.75,103.82,16.981,1.837,2.958,0.642,2.048,5.803,1.657,0,0,0,0,0,3,0,0,0,3,0.5,4200,2.176091259
173,2.305,-0.151,23.075,52.235,68.566,0,17.225,14.211,0.949,1.718,2.41,5.176,1,8,0,0,0,8,1,9,1,0,0,14.573,25.832,62.666,57.835,28.594,10.301,84.477,12.59,0,35.015,83.75,103.82,16.981,1.837,2.958,0.642,2.048,5.803,1.657,0,0,0,0,0,3,0,0,0,3,4,4200,3.217483944
174,2.305,-0.151,23.075,52.235,68.566,0,17.225,14.211,0.949,1.718,2.41,5.176,1,8,0,0,0,8,1,9,1,0,0,14.573,25.832,62.666,57.835,28.594,10.301,84.477,12.59,0,35.015,83.75,103.82,16.981,1.837,2.958,0.642,2.048,5.803,1.657,0,0,0,0,0,3,0,0,0,3,2,4200,3.217483944
175,2.305,-0.151,23.075,52.235,68.566,0,17.225,14.211,0.949,1.718,2.41,5.176,1,8,0,0,0,8,1,9,1,0,0,14.573,25.832,62.666,57.835,28.594,10.301,84.477,12.59,0,35.015,83.75,103.82,16.981,1.837,2.958,0.642,2.048,5.803,1.657,0,0,0,0,0,3,0,0,0,3,1,4200,3.217483944
176,2.305,-0.151,23.075,52.235,68.566,0,17.225,14.211,0.949,1.718,2.41,5.176,1,8,0,0,0,8,1,9,1,0,0,14.573,25.832,62.666,57.835,28.594,10.301,84.477,12.59,0,35.015,83.75,103.82,16.981,1.837,2.958,0.642,2.048,5.803,1.657,0,0,0,0,0,3,0,0,0,3,0.5,4200,2.176091259
177,2.305,-0.151,23.075,52.235,68.566,0,17.225,14.211,0.949,1.718,2.41,5.176,1,8,0,0,0,8,1,9,1,0,0,14.573,25.832,62.666,57.835,28.594,10.301,84.477,12.59,0,35.015,83.75,103.82,16.981,1.837,2.958,0.642,2.048,5.803,1.657,0,0,0,0,0,3,0,0,0,3,4,4200,2.176091259
178,2.305,-0.151,23.075,52.235,68.566,0,17.225,14.211,0.949,1.718,2.41,5.176,1,8,0,0,0,8,1,9,1,0,0,14.573,25.832,62.666,57.835,28.594,10.301,84.477,12.59,0,35.015,83.75,103.82,16.981,1.837,2.958,0.642,2.048,5.803,1.657,0,0,0,0,0,3,0,0,0,3,2,4200,2.176091259
179,2.305,-0.151,23.075,52.235,68.566,0,17.225,14.211,0.949,1.718,2.41,5.176,1,8,0,0,0,8,1,9,1,0,0,14.573,25.832,62.666,57.835,28.594,10.301,84.477,12.59,0,35.015,83.75,103.82,16.981,1.837,2.958,0.642,2.048,5.803,1.657,0,0,0,0,0,3,0,0,0,3,1,4200,2.176091259
180,2.305,-0.151,23.075,52.235,68.566,0,17.225,14.211,0.949,1.718,2.41,5.176,1,8,0,0,0,8,1,9,1,0,0,14.573,25.832,62.666,57.835,28.594,10.301,84.477,12.59,0,35.015,83.75,103.82,16.981,1.837,2.958,0.642,2.048,5.803,1.657,0,0,0,0,0,3,0,0,0,3,0.5,4200,4.217483944
181,2.305,-0.151,23.075,52.235,89.299,0,17.14,18.947,0.923,1.641,2.333,3.871,1,9,1,1,0,9,1,10,1,1,1,14.489,19.765,50.534,59.158,33.331,10.217,78.056,15.564,0,33.331,78.056,103.4,22.334,1.851,3.014,-0.339,2.121,0,1.661,0,0,0,0,0,4,1,0,0,3,4,4200,3.217483944
182,2.305,-0.151,23.075,52.235,89.299,0,17.14,18.947,0.923,1.641,2.333,3.871,1,9,1,1,0,9,1,10,1,1,1,14.489,19.765,50.534,59.158,33.331,10.217,78.056,15.564,0,33.331,78.056,103.4,22.334,1.851,3.014,-0.339,2.121,0,1.661,0,0,0,0,0,4,1,0,0,3,2,4200,4.217483944
183,2.305,-0.151,23.075,52.235,89.299,0,17.14,18.947,0.923,1.641,2.333,3.871,1,9,1,1,0,9,1,10,1,1,1,14.489,19.765,50.534,59.158,33.331,10.217,78.056,15.564,0,33.331,78.056,103.4,22.334,1.851,3.014,-0.339,2.121,0,1.661,0,0,0,0,0,4,1,0,0,3,1,4200,3.217483944
184,2.305,-0.151,23.075,52.235,89.299,0,17.14,18.947,0.923,1.641,2.333,3.871,1,9,1,1,0,9,1,10,1,1,1,14.489,19.765,50.534,59.158,33.331,10.217,78.056,15.564,0,33.331,78.056,103.4,22.334,1.851,3.014,-0.339,2.121,0,1.661,0,0,0,0,0,4,1,0,0,3,0.5,4200,2.176091259
185,2.305,-0.151,23.075,52.235,89.299,0,17.14,18.947,0.923,1.641,2.333,3.871,1,9,1,1,0,9,1,10,1,1,1,14.489,19.765,50.534,59.158,33.331,10.217,78.056,15.564,0,33.331,78.056,103.4,22.334,1.851,3.014,-0.339,2.121,0,1.661,0,0,0,0,0,4,1,0,0,3,4,4200,2.176091259
186,2.305,-0.151,23.075,52.235,89.299,0,17.14,18.947,0.923,1.641,2.333,3.871,1,9,1,1,0,9,1,10,1,1,1,14.489,19.765,50.534,59.158,33.331,10.217,78.056,15.564,0,33.331,78.056,103.4,22.334,1.851,3.014,-0.339,2.121,0,1.661,0,0,0,0,0,4,1,0,0,3,2,4200,4.217483944
187,2.305,-0.151,23.075,52.235,89.299,0,17.14,18.947,0.923,1.641,2.333,3.871,1,9,1,1,0,9,1,10,1,1,1,14.489,19.765,50.534,59.158,33.331,10.217,78.056,15.564,0,33.331,78.056,103.4,22.334,1.851,3.014,-0.339,2.121,0,1.661,0,0,0,0,0,4,1,0,0,3,1,4200,2.176091259
188,2.305,-0.151,23.075,52.235,89.299,0,17.14,18.947,0.923,1.641,2.333,3.871,1,9,1,1,0,9,1,10,1,1,1,14.489,19.765,50.534,59.158,33.331,10.217,78.056,15.564,0,33.331,78.056,103.4,22.334,1.851,3.014,-0.339,2.121,0,1.661,0,0,0,0,0,4,1,0,0,3,0.5,4200,2.176091259
189,2.305,-0.151,23.075,52.235,89.299,0,17.14,18.947,0.923,1.641,2.333,3.871,1,9,1,1,0,9,1,10,1,1,1,14.489,19.765,50.534,59.158,33.331,10.217,78.056,15.564,0,33.331,78.056,103.4,22.334,1.851,3.014,-0.339,2.121,0,1.661,0,0,0,0,0,4,1,0,0,3,4,4200,2.176091259
190,2.305,-0.151,23.075,52.235,89.299,0,17.14,18.947,0.923,1.641,2.333,3.871,1,9,1,1,0,9,1,10,1,1,1,14.489,19.765,50.534,59.158,33.331,10.217,78.056,15.564,0,33.331,78.056,103.4,22.334,1.851,3.014,-0.339,2.121,0,1.661,0,0,0,0,0,4,1,0,0,3,2,4200,2.176091259
191,2.305,-0.151,23.075,52.235,89.299,0,17.14,18.947,0.923,1.641,2.333,3.871,1,9,1,1,0,9,1,10,1,1,1,14.489,19.765,50.534,59.158,33.331,10.217,78.056,15.564,0,33.331,78.056,103.4,22.334,1.851,3.014,-0.339,2.121,0,1.661,0,0,0,0,0,4,1,0,0,3,1,4200,4.217483944
192,2.305,-0.151,23.075,52.235,89.299,0,17.14,18.947,0.923,1.641,2.333,3.871,1,9,1,1,0,9,1,10,1,1,1,14.489,19.765,50.534,59.158,33.331,10.217,78.056,15.564,0,33.331,78.056,103.4,22.334,1.851,3.014,-0.339,2.121,0,1.661,0,0,0,0,0,4,1,0,0,3,0.5,4200,4.217483944
193,2.304,-0.36,29.575,39.269,56.575,0,12.657,14.211,0.966,1.655,2.241,-0.112,3,6,0,0,0,6,1,8,0,0,0,4.795,19.765,38.36,32.311,41.94,0,65.214,12.828,0,23.8,65.214,89.47,16.789,1.902,0,3.551,2.244,0,1.669,0,0,0,0,0,3,0,0,0,3,4,4200,4.217483944
194,2.304,-0.36,29.575,39.269,56.575,0,12.657,14.211,0.966,1.655,2.241,-0.112,3,6,0,0,0,6,1,8,0,0,0,4.795,19.765,38.36,32.311,41.94,0,65.214,12.828,0,23.8,65.214,89.47,16.789,1.902,0,3.551,2.244,0,1.669,0,0,0,0,0,3,0,0,0,3,2,4200,4.217483944
195,2.304,-0.36,29.575,39.269,56.575,0,12.657,14.211,0.966,1.655,2.241,-0.112,3,6,0,0,0,6,1,8,0,0,0,4.795,19.765,38.36,32.311,41.94,0,65.214,12.828,0,23.8,65.214,89.47,16.789,1.902,0,3.551,2.244,0,1.669,0,0,0,0,0,3,0,0,0,3,1,4200,4.653212514
196,2.304,-0.36,29.575,39.269,56.575,0,12.657,14.211,0.966,1.655,2.241,-0.112,3,6,0,0,0,6,1,8,0,0,0,4.795,19.765,38.36,32.311,41.94,0,65.214,12.828,0,23.8,65.214,89.47,16.789,1.902,0,3.551,2.244,0,1.669,0,0,0,0,0,3,0,0,0,3,0.5,4200,4.217483944
197,2.304,-0.36,29.575,39.269,56.575,0,12.657,14.211,0.966,1.655,2.241,-0.112,3,6,0,0,0,6,1,8,0,0,0,4.795,19.765,38.36,32.311,41.94,0,65.214,12.828,0,23.8,65.214,89.47,16.789,1.902,0,3.551,2.244,0,1.669,0,0,0,0,0,3,0,0,0,3,4,4200,4.653212514
198,2.304,-0.36,29.575,39.269,56.575,0,12.657,14.211,0.966,1.655,2.241,-0.112,3,6,0,0,0,6,1,8,0,0,0,4.795,19.765,38.36,32.311,41.94,0,65.214,12.828,0,23.8,65.214,89.47,16.789,1.902,0,3.551,2.244,0,1.669,0,0,0,0,0,3,0,0,0,3,2,4200,4.653212514
199,2.304,-0.36,29.575,39.269,56.575,0,12.657,14.211,0.966,1.655,2.241,-0.112,3,6,0,0,0,6,1,8,0,0,0,4.795,19.765,38.36,32.311,41.94,0,65.214,12.828,0,23.8,65.214,89.47,16.789,1.902,0,3.551,2.244,0,1.669,0,0,0,0,0,3,0,0,0,3,1,4200,4.653212514
200,2.304,-0.36,29.575,39.269,56.575,0,12.657,14.211,0.966,1.655,2.241,-0.112,3,6,0,0,0,6,1,8,0,0,0,4.795,19.765,38.36,32.311,41.94,0,65.214,12.828,0,23.8,65.214,89.47,16.789,1.902,0,3.551,2.244,0,1.669,0,0,0,0,0,3,0,0,0,3,0.5,4200,4.653212514
201,2.304,-0.36,29.575,39.269,56.575,0,12.657,14.211,0.966,1.655,2.241,-0.112,3,6,0,0,0,6,1,8,0,0,0,4.795,19.765,38.36,32.311,41.94,0,65.214,12.828,0,23.8,65.214,89.47,16.789,1.902,0,3.551,2.244,0,1.669,0,0,0,0,0,3,0,0,0,3,4,4200,4.653212514
202,2.304,-0.36,29.575,39.269,56.575,0,12.657,14.211,0.966,1.655,2.241,-0.112,3,6,0,0,0,6,1,8,0,0,0,4.795,19.765,38.36,32.311,41.94,0,65.214,12.828,0,23.8,65.214,89.47,16.789,1.902,0,3.551,2.244,0,1.669,0,0,0,0,0,3,0,0,0,3,2,4200,4.653212514
203,2.304,-0.36,29.575,39.269,56.575,0,12.657,14.211,0.966,1.655,2.241,-0.112,3,6,0,0,0,6,1,8,0,0,0,4.795,19.765,38.36,32.311,41.94,0,65.214,12.828,0,23.8,65.214,89.47,16.789,1.902,0,3.551,2.244,0,1.669,0,0,0,0,0,3,0,0,0,3,1,4200,4.653212514
204,2.304,-0.36,29.575,39.269,56.575,0,12.657,14.211,0.966,1.655,2.241,-0.112,3,6,0,0,0,6,1,8,0,0,0,4.795,19.765,38.36,32.311,41.94,0,65.214,12.828,0,23.8,65.214,89.47,16.789,1.902,0,3.551,2.244,0,1.669,0,0,0,0,0,3,0,0,0,3,0.5,4200,4.217483944
205,2.305,-0.151,17.168,32.662,69.727,12.842,19.164,14.211,0.875,1.625,2.281,5.032,1,6,0,0,0,7,1,7,0,0,0,4.795,33.11,51.325,38.856,23.8,5.317,84.979,13.125,0,23.8,84.979,73.86,16.949,1.96,3.459,-0.289,2.308,0,1.679,0,0,0,0,0,3,0,0,0,4,4,4200,2.176091259
206,2.305,-0.151,17.168,32.662,69.727,12.842,19.164,14.211,0.875,1.625,2.281,5.032,1,6,0,0,0,7,1,7,0,0,0,4.795,33.11,51.325,38.856,23.8,5.317,84.979,13.125,0,23.8,84.979,73.86,16.949,1.96,3.459,-0.289,2.308,0,1.679,0,0,0,0,0,3,0,0,0,4,2,4200,2.176091259
207,2.305,-0.151,17.168,32.662,69.727,12.842,19.164,14.211,0.875,1.625,2.281,5.032,1,6,0,0,0,7,1,7,0,0,0,4.795,33.11,51.325,38.856,23.8,5.317,84.979,13.125,0,23.8,84.979,73.86,16.949,1.96,3.459,-0.289,2.308,0,1.679,0,0,0,0,0,3,0,0,0,4,1,4200,2.176091259
208,2.305,-0.151,17.168,32.662,69.727,12.842,19.164,14.211,0.875,1.625,2.281,5.032,1,6,0,0,0,7,1,7,0,0,0,4.795,33.11,51.325,38.856,23.8,5.317,84.979,13.125,0,23.8,84.979,73.86,16.949,1.96,3.459,-0.289,2.308,0,1.679,0,0,0,0,0,3,0,0,0,4,0.5,4200,2.176091259
209,2.305,-0.151,17.168,32.662,69.727,12.842,19.164,14.211,0.875,1.625,2.281,5.032,1,6,0,0,0,7,1,7,0,0,0,4.795,33.11,51.325,38.856,23.8,5.317,84.979,13.125,0,23.8,84.979,73.86,16.949,1.96,3.459,-0.289,2.308,0,1.679,0,0,0,0,0,3,0,0,0,4,4,4200,2.176091259
210,2.305,-0.151,17.168,32.662,69.727,12.842,19.164,14.211,0.875,1.625,2.281,5.032,1,6,0,0,0,7,1,7,0,0,0,4.795,33.11,51.325,38.856,23.8,5.317,84.979,13.125,0,23.8,84.979,73.86,16.949,1.96,3.459,-0.289,2.308,0,1.679,0,0,0,0,0,3,0,0,0,4,2,4200,2.176091259
211,2.305,-0.151,17.168,32.662,69.727,12.842,19.164,14.211,0.875,1.625,2.281,5.032,1,6,0,0,0,7,1,7,0,0,0,4.795,33.11,51.325,38.856,23.8,5.317,84.979,13.125,0,23.8,84.979,73.86,16.949,1.96,3.459,-0.289,2.308,0,1.679,0,0,0,0,0,3,0,0,0,4,1,4200,2.176091259
212,2.305,-0.151,17.168,32.662,69.727,12.842,19.164,14.211,0.875,1.625,2.281,5.032,1,6,0,0,0,7,1,7,0,0,0,4.795,33.11,51.325,38.856,23.8,5.317,84.979,13.125,0,23.8,84.979,73.86,16.949,1.96,3.459,-0.289,2.308,0,1.679,0,0,0,0,0,3,0,0,0,4,0.5,4200,2.176091259
213,2.305,-0.151,17.168,32.662,69.727,12.842,19.164,14.211,0.875,1.625,2.281,5.032,1,6,0,0,0,7,1,7,0,0,0,4.795,33.11,51.325,38.856,23.8,5.317,84.979,13.125,0,23.8,84.979,73.86,16.949,1.96,3.459,-0.289,2.308,0,1.679,0,0,0,0,0,3,0,0,0,4,4,4200,2.176091259
214,2.305,-0.151,17.168,32.662,69.727,12.842,19.164,14.211,0.875,1.625,2.281,5.032,1,6,0,0,0,7,1,7,0,0,0,4.795,33.11,51.325,38.856,23.8,5.317,84.979,13.125,0,23.8,84.979,73.86,16.949,1.96,3.459,-0.289,2.308,0,1.679,0,0,0,0,0,3,0,0,0,4,2,4200,2.176091259
215,2.305,-0.151,17.168,32.662,69.727,12.842,19.164,14.211,0.875,1.625,2.281,5.032,1,6,0,0,0,7,1,7,0,0,0,4.795,33.11,51.325,38.856,23.8,5.317,84.979,13.125,0,23.8,84.979,73.86,16.949,1.96,3.459,-0.289,2.308,0,1.679,0,0,0,0,0,3,0,0,0,4,1,4200,2.176091259
216,2.305,-0.151,17.168,32.662,69.727,12.842,19.164,14.211,0.875,1.625,2.281,5.032,1,6,0,0,0,7,1,7,0,0,0,4.795,33.11,51.325,38.856,23.8,5.317,84.979,13.125,0,23.8,84.979,73.86,16.949,1.96,3.459,-0.289,2.308,0,1.679,0,0,0,0,0,3,0,0,0,4,0.5,4200,2.176091259
217,2.305,-0.855,29.575,32.662,50.885,17.198,21.019,14.211,0.935,1.613,2.194,-0.21,1,6,0,0,0,6,1,8,0,0,0,4.795,19.765,38.36,32.311,41.107,0,65.214,12.968,0,23.8,65.214,66.27,16.901,1.972,0,-0.284,2.361,0,6.025,0,0,0,0,0,3,0,0,0,3,4,4200,2.176091259
218,2.305,-0.855,29.575,32.662,50.885,17.198,21.019,14.211,0.935,1.613,2.194,-0.21,1,6,0,0,0,6,1,8,0,0,0,4.795,19.765,38.36,32.311,41.107,0,65.214,12.968,0,23.8,65.214,66.27,16.901,1.972,0,-0.284,2.361,0,6.025,0,0,0,0,0,3,0,0,0,3,2,4200,2.176091259
219,2.305,-0.855,29.575,32.662,50.885,17.198,21.019,14.211,0.935,1.613,2.194,-0.21,1,6,0,0,0,6,1,8,0,0,0,4.795,19.765,38.36,32.311,41.107,0,65.214,12.968,0,23.8,65.214,66.27,16.901,1.972,0,-0.284,2.361,0,6.025,0,0,0,0,0,3,0,0,0,3,1,4200,2.176091259
220,2.305,-0.855,29.575,32.662,50.885,17.198,21.019,14.211,0.935,1.613,2.194,-0.21,1,6,0,0,0,6,1,8,0,0,0,4.795,19.765,38.36,32.311,41.107,0,65.214,12.968,0,23.8,65.214,66.27,16.901,1.972,0,-0.284,2.361,0,6.025,0,0,0,0,0,3,0,0,0,3,0.5,4200,2.176091259
221,2.305,-0.855,29.575,32.662,50.885,17.198,21.019,14.211,0.935,1.613,2.194,-0.21,1,6,0,0,0,6,1,8,0,0,0,4.795,19.765,38.36,32.311,41.107,0,65.214,12.968,0,23.8,65.214,66.27,16.901,1.972,0,-0.284,2.361,0,6.025,0,0,0,0,0,3,0,0,0,3,4,4200,2.176091259
222,2.305,-0.855,29.575,32.662,50.885,17.198,21.019,14.211,0.935,1.613,2.194,-0.21,1,6,0,0,0,6,1,8,0,0,0,4.795,19.765,38.36,32.311,41.107,0,65.214,12.968,0,23.8,65.214,66.27,16.901,1.972,0,-0.284,2.361,0,6.025,0,0,0,0,0,3,0,0,0,3,2,4200,2.176091259
223,2.305,-0.855,29.575,32.662,50.885,17.198,21.019,14.211,0.935,1.613,2.194,-0.21,1,6,0,0,0,6,1,8,0,0,0,4.795,19.765,38.36,32.311,41.107,0,65.214,12.968,0,23.8,65.214,66.27,16.901,1.972,0,-0.284,2.361,0,6.025,0,0,0,0,0,3,0,0,0,3,1,4200,2.176091259
224,2.305,-0.855,29.575,32.662,50.885,17.198,21.019,14.211,0.935,1.613,2.194,-0.21,1,6,0,0,0,6,1,8,0,0,0,4.795,19.765,38.36,32.311,41.107,0,65.214,12.968,0,23.8,65.214,66.27,16.901,1.972,0,-0.284,2.361,0,6.025,0,0,0,0,0,3,0,0,0,3,0.5,4200,2.176091259
225,2.305,-0.855,29.575,32.662,50.885,17.198,21.019,14.211,0.935,1.613,2.194,-0.21,1,6,0,0,0,6,1,8,0,0,0,4.795,19.765,38.36,32.311,41.107,0,65.214,12.968,0,23.8,65.214,66.27,16.901,1.972,0,-0.284,2.361,0,6.025,0,0,0,0,0,3,0,0,0,3,4,4200,2.176091259
226,2.305,-0.855,29.575,32.662,50.885,17.198,21.019,14.211,0.935,1.613,2.194,-0.21,1,6,0,0,0,6,1,8,0,0,0,4.795,19.765,38.36,32.311,41.107,0,65.214,12.968,0,23.8,65.214,66.27,16.901,1.972,0,-0.284,2.361,0,6.025,0,0,0,0,0,3,0,0,0,3,2,4200,2.176091259
227,2.305,-0.855,29.575,32.662,50.885,17.198,21.019,14.211,0.935,1.613,2.194,-0.21,1,6,0,0,0,6,1,8,0,0,0,4.795,19.765,38.36,32.311,41.107,0,65.214,12.968,0,23.8,65.214,66.27,16.901,1.972,0,-0.284,2.361,0,6.025,0,0,0,0,0,3,0,0,0,3,1,4200,4.217483944
228,2.305,-0.855,29.575,32.662,50.885,17.198,21.019,14.211,0.935,1.613,2.194,-0.21,1,6,0,0,0,6,1,8,0,0,0,4.795,19.765,38.36,32.311,41.107,0,65.214,12.968,0,23.8,65.214,66.27,16.901,1.972,0,-0.284,2.361,0,6.025,0,0,0,0,0,3,0,0,0,3,0.5,4200,2.176091259
229,2.305,-0.893,29.575,32.662,50.885,25.387,20.771,14.211,0.879,1.545,2.121,0.571,1,6,0,0,0,6,1,8,0,0,0,4.795,19.765,52.207,32.311,41.107,0,79.062,12.909,0,23.8,79.062,66.27,16.986,2.003,0,-0.287,2.394,0,1.682,0,0,0,0,0,3,0,0,0,3,4,4200,2.176091259
230,2.305,-0.893,29.575,32.662,50.885,25.387,20.771,14.211,0.879,1.545,2.121,0.571,1,6,0,0,0,6,1,8,0,0,0,4.795,19.765,52.207,32.311,41.107,0,79.062,12.909,0,23.8,79.062,66.27,16.986,2.003,0,-0.287,2.394,0,1.682,0,0,0,0,0,3,0,0,0,3,2,4200,2.176091259
231,2.305,-0.893,29.575,32.662,50.885,25.387,20.771,14.211,0.879,1.545,2.121,0.571,1,6,0,0,0,6,1,8,0,0,0,4.795,19.765,52.207,32.311,41.107,0,79.062,12.909,0,23.8,79.062,66.27,16.986,2.003,0,-0.287,2.394,0,1.682,0,0,0,0,0,3,0,0,0,3,1,4200,2.176091259
232,2.305,-0.893,29.575,32.662,50.885,25.387,20.771,14.211,0.879,1.545,2.121,0.571,1,6,0,0,0,6,1,8,0,0,0,4.795,19.765,52.207,32.311,41.107,0,79.062,12.909,0,23.8,79.062,66.27,16.986,2.003,0,-0.287,2.394,0,1.682,0,0,0,0,0,3,0,0,0,3,0.5,4200,2.176091259
233,2.305,-0.893,29.575,32.662,50.885,25.387,20.771,14.211,0.879,1.545,2.121,0.571,1,6,0,0,0,6,1,8,0,0,0,4.795,19.765,52.207,32.311,41.107,0,79.062,12.909,0,23.8,79.062,66.27,16.986,2.003,0,-0.287,2.394,0,1.682,0,0,0,0,0,3,0,0,0,3,4,4200,2.176091259
234,2.305,-0.893,29.575,32.662,50.885,25.387,20.771,14.211,0.879,1.545,2.121,0.571,1,6,0,0,0,6,1,8,0,0,0,4.795,19.765,52.207,32.311,41.107,0,79.062,12.909,0,23.8,79.062,66.27,16.986,2.003,0,-0.287,2.394,0,1.682,0,0,0,0,0,3,0,0,0,3,2,4200,2.176091259
235,2.305,-0.893,29.575,32.662,50.885,25.387,20.771,14.211,0.879,1.545,2.121,0.571,1,6,0,0,0,6,1,8,0,0,0,4.795,19.765,52.207,32.311,41.107,0,79.062,12.909,0,23.8,79.062,66.27,16.986,2.003,0,-0.287,2.394,0,1.682,0,0,0,0,0,3,0,0,0,3,1,4200,2.176091259
236,2.305,-0.893,29.575,32.662,50.885,25.387,20.771,14.211,0.879,1.545,2.121,0.571,1,6,0,0,0,6,1,8,0,0,0,4.795,19.765,52.207,32.311,41.107,0,79.062,12.909,0,23.8,79.062,66.27,16.986,2.003,0,-0.287,2.394,0,1.682,0,0,0,0,0,3,0,0,0,3,0.5,4200,2.176091259
237,2.305,-0.893,29.575,32.662,50.885,25.387,20.771,14.211,0.879,1.545,2.121,0.571,1,6,0,0,0,6,1,8,0,0,0,4.795,19.765,52.207,32.311,41.107,0,79.062,12.909,0,23.8,79.062,66.27,16.986,2.003,0,-0.287,2.394,0,1.682,0,0,0,0,0,3,0,0,0,3,4,4200,2.176091259
238,2.305,-0.893,29.575,32.662,50.885,25.387,20.771,14.211,0.879,1.545,2.121,0.571,1,6,0,0,0,6,1,8,0,0,0,4.795,19.765,52.207,32.311,41.107,0,79.062,12.909,0,23.8,79.062,66.27,16.986,2.003,0,-0.287,2.394,0,1.682,0,0,0,0,0,3,0,0,0,3,2,4200,2.176091259
239,2.305,-0.893,29.575,32.662,50.885,25.387,20.771,14.211,0.879,1.545,2.121,0.571,1,6,0,0,0,6,1,8,0,0,0,4.795,19.765,52.207,32.311,41.107,0,79.062,12.909,0,23.8,79.062,66.27,16.986,2.003,0,-0.287,2.394,0,1.682,0,0,0,0,0,3,0,0,0,3,1,4200,2.176091259
240,2.305,-0.893,29.575,32.662,50.885,25.387,20.771,14.211,0.879,1.545,2.121,0.571,1,6,0,0,0,6,1,8,0,0,0,4.795,19.765,52.207,32.311,41.107,0,79.062,12.909,0,23.8,79.062,66.27,16.986,2.003,0,-0.287,2.394,0,1.682,0,0,0,0,0,3,0,0,0,3,0.5,4200,2.176091259
241,2.305,-0.151,23.075,45.69,75.962,0,17.14,14.211,0.865,1.568,2.216,4.49,1,8,0,0,0,8,1,9,0,0,0,9.589,19.765,77.594,39.524,28.594,10.217,84.477,12.919,0,28.594,84.477,94.17,16.964,1.852,2.978,-0.334,2.147,0,5.729,0,0,0,0,0,3,0,0,0,3,4,8300,2.176091259
242,2.305,-0.151,23.075,45.69,75.962,0,17.14,14.211,0.865,1.568,2.216,4.49,1,8,0,0,0,8,1,9,0,0,0,9.589,19.765,77.594,39.524,28.594,10.217,84.477,12.919,0,28.594,84.477,94.17,16.964,1.852,2.978,-0.334,2.147,0,5.729,0,0,0,0,0,3,0,0,0,3,2,8300,2.176091259
243,2.305,-0.151,23.075,45.69,75.962,0,17.14,14.211,0.865,1.568,2.216,4.49,1,8,0,0,0,8,1,9,0,0,0,9.589,19.765,77.594,39.524,28.594,10.217,84.477,12.919,0,28.594,84.477,94.17,16.964,1.852,2.978,-0.334,2.147,0,5.729,0,0,0,0,0,3,0,0,0,3,1,8300,2.176091259
244,2.305,-0.151,23.075,45.69,75.962,0,17.14,14.211,0.865,1.568,2.216,4.49,1,8,0,0,0,8,1,9,0,0,0,9.589,19.765,77.594,39.524,28.594,10.217,84.477,12.919,0,28.594,84.477,94.17,16.964,1.852,2.978,-0.334,2.147,0,5.729,0,0,0,0,0,3,0,0,0,3,0.5,8300,3.217483944
245,2.305,-0.151,23.075,45.69,75.962,0,17.14,14.211,0.865,1.568,2.216,4.49,1,8,0,0,0,8,1,9,0,0,0,9.589,19.765,77.594,39.524,28.594,10.217,84.477,12.919,0,28.594,84.477,94.17,16.964,1.852,2.978,-0.334,2.147,0,5.729,0,0,0,0,0,3,0,0,0,3,4,8300,3.217483944
246,2.305,-0.151,23.075,45.69,75.962,0,17.14,14.211,0.865,1.568,2.216,4.49,1,8,0,0,0,8,1,9,0,0,0,9.589,19.765,77.594,39.524,28.594,10.217,84.477,12.919,0,28.594,84.477,94.17,16.964,1.852,2.978,-0.334,2.147,0,5.729,0,0,0,0,0,3,0,0,0,3,2,8300,2.176091259
247,2.305,-0.151,23.075,45.69,75.962,0,17.14,14.211,0.865,1.568,2.216,4.49,1,8,0,0,0,8,1,9,0,0,0,9.589,19.765,77.594,39.524,28.594,10.217,84.477,12.919,0,28.594,84.477,94.17,16.964,1.852,2.978,-0.334,2.147,0,5.729,0,0,0,0,0,3,0,0,0,3,1,8300,2.176091259
248,2.305,-0.151,23.075,45.69,75.962,0,17.14,14.211,0.865,1.568,2.216,4.49,1,8,0,0,0,8,1,9,0,0,0,9.589,19.765,77.594,39.524,28.594,10.217,84.477,12.919,0,28.594,84.477,94.17,16.964,1.852,2.978,-0.334,2.147,0,5.729,0,0,0,0,0,3,0,0,0,3,0.5,8300,2.176091259
249,2.305,-0.151,23.075,45.69,75.962,0,17.14,14.211,0.865,1.568,2.216,4.49,1,8,0,0,0,8,1,9,0,0,0,9.589,19.765,77.594,39.524,28.594,10.217,84.477,12.919,0,28.594,84.477,94.17,16.964,1.852,2.978,-0.334,2.147,0,5.729,0,0,0,0,0,3,0,0,0,3,4,8300,2.176091259
250,2.305,-0.151,23.075,45.69,75.962,0,17.14,14.211,0.865,1.568,2.216,4.49,1,8,0,0,0,8,1,9,0,0,0,9.589,19.765,77.594,39.524,28.594,10.217,84.477,12.919,0,28.594,84.477,94.17,16.964,1.852,2.978,-0.334,2.147,0,5.729,0,0,0,0,0,3,0,0,0,3,2,8300,2.176091259
251,2.305,-0.151,23.075,45.69,75.962,0,17.14,14.211,0.865,1.568,2.216,4.49,1,8,0,0,0,8,1,9,0,0,0,9.589,19.765,77.594,39.524,28.594,10.217,84.477,12.919,0,28.594,84.477,94.17,16.964,1.852,2.978,-0.334,2.147,0,5.729,0,0,0,0,0,3,0,0,0,3,1,8300,2.176091259
252,2.305,-0.151,23.075,45.69,75.962,0,17.14,14.211,0.865,1.568,2.216,4.49,1,8,0,0,0,8,1,9,0,0,0,9.589,19.765,77.594,39.524,28.594,10.217,84.477,12.919,0,28.594,84.477,94.17,16.964,1.852,2.978,-0.334,2.147,0,5.729,0,0,0,0,0,3,0,0,0,3,0.5,8300,2.176091259
253,2.305,-0.151,23.075,45.69,89.051,0,30.988,14.211,0.821,1.513,2.154,5.27,1,8,0,0,0,8,1,9,0,0,0,9.589,33.613,76.589,39.524,28.594,10.217,98.324,12.872,0,28.594,98.324,94.17,17.001,1.858,3.026,-0.336,2.161,0,1.663,0,0,0,0,0,3,0,0,0,3,4,8300,3.217483944
254,2.305,-0.151,23.075,45.69,89.051,0,30.988,14.211,0.821,1.513,2.154,5.27,1,8,0,0,0,8,1,9,0,0,0,9.589,33.613,76.589,39.524,28.594,10.217,98.324,12.872,0,28.594,98.324,94.17,17.001,1.858,3.026,-0.336,2.161,0,1.663,0,0,0,0,0,3,0,0,0,3,2,8300,4.217483944
255,2.305,-0.151,23.075,45.69,89.051,0,30.988,14.211,0.821,1.513,2.154,5.27,1,8,0,0,0,8,1,9,0,0,0,9.589,33.613,76.589,39.524,28.594,10.217,98.324,12.872,0,28.594,98.324,94.17,17.001,1.858,3.026,-0.336,2.161,0,1.663,0,0,0,0,0,3,0,0,0,3,1,8300,2.176091259
256,2.305,-0.151,23.075,45.69,89.051,0,30.988,14.211,0.821,1.513,2.154,5.27,1,8,0,0,0,8,1,9,0,0,0,9.589,33.613,76.589,39.524,28.594,10.217,98.324,12.872,0,28.594,98.324,94.17,17.001,1.858,3.026,-0.336,2.161,0,1.663,0,0,0,0,0,3,0,0,0,3,0.5,8300,3.217483944
257,2.305,-0.151,23.075,45.69,89.051,0,30.988,14.211,0.821,1.513,2.154,5.27,1,8,0,0,0,8,1,9,0,0,0,9.589,33.613,76.589,39.524,28.594,10.217,98.324,12.872,0,28.594,98.324,94.17,17.001,1.858,3.026,-0.336,2.161,0,1.663,0,0,0,0,0,3,0,0,0,3,4,8300,2.176091259
258,2.305,-0.151,23.075,45.69,89.051,0,30.988,14.211,0.821,1.513,2.154,5.27,1,8,0,0,0,8,1,9,0,0,0,9.589,33.613,76.589,39.524,28.594,10.217,98.324,12.872,0,28.594,98.324,94.17,17.001,1.858,3.026,-0.336,2.161,0,1.663,0,0,0,0,0,3,0,0,0,3,2,8300,2.176091259
259,2.305,-0.151,23.075,45.69,89.051,0,30.988,14.211,0.821,1.513,2.154,5.27,1,8,0,0,0,8,1,9,0,0,0,9.589,33.613,76.589,39.524,28.594,10.217,98.324,12.872,0,28.594,98.324,94.17,17.001,1.858,3.026,-0.336,2.161,0,1.663,0,0,0,0,0,3,0,0,0,3,1,8300,2.176091259
260,2.305,-0.151,23.075,45.69,89.051,0,30.988,14.211,0.821,1.513,2.154,5.27,1,8,0,0,0,8,1,9,0,0,0,9.589,33.613,76.589,39.524,28.594,10.217,98.324,12.872,0,28.594,98.324,94.17,17.001,1.858,3.026,-0.336,2.161,0,1.663,0,0,0,0,0,3,0,0,0,3,0.5,8300,2.176091259
261,2.305,-0.151,23.075,45.69,89.051,0,30.988,14.211,0.821,1.513,2.154,5.27,1,8,0,0,0,8,1,9,0,0,0,9.589,33.613,76.589,39.524,28.594,10.217,98.324,12.872,0,28.594,98.324,94.17,17.001,1.858,3.026,-0.336,2.161,0,1.663,0,0,0,0,0,3,0,0,0,3,4,8300,2.176091259
262,2.305,-0.151,23.075,45.69,89.051,0,30.988,14.211,0.821,1.513,2.154,5.27,1,8,0,0,0,8,1,9,0,0,0,9.589,33.613,76.589,39.524,28.594,10.217,98.324,12.872,0,28.594,98.324,94.17,17.001,1.858,3.026,-0.336,2.161,0,1.663,0,0,0,0,0,3,0,0,0,3,2,8300,2.176091259
263,2.305,-0.151,23.075,45.69,89.051,0,30.988,14.211,0.821,1.513,2.154,5.27,1,8,0,0,0,8,1,9,0,0,0,9.589,33.613,76.589,39.524,28.594,10.217,98.324,12.872,0,28.594,98.324,94.17,17.001,1.858,3.026,-0.336,2.161,0,1.663,0,0,0,0,0,3,0,0,0,3,1,8300,2.176091259
264,2.305,-0.151,23.075,45.69,89.051,0,30.988,14.211,0.821,1.513,2.154,5.27,1,8,0,0,0,8,1,9,0,0,0,9.589,33.613,76.589,39.524,28.594,10.217,98.324,12.872,0,28.594,98.324,94.17,17.001,1.858,3.026,-0.336,2.161,0,1.663,0,0,0,0,0,3,0,0,0,3,0.5,8300,2.176091259
265,2.305,-0.151,23.075,45.69,75.962,38.773,30.988,14.211,0.744,1.395,2.023,6.831,1,8,0,0,0,8,1,9,0,0,0,9.589,46.454,89.43,39.524,28.594,10.217,124.007,12.791,0,28.594,124.007,94.17,17.063,1.867,3.09,-0.338,2.181,0,1.668,0,0,0,0,0,3,0,0,0,5,4,8300,2.176091259
266,2.305,-0.151,23.075,45.69,75.962,38.773,30.988,14.211,0.744,1.395,2.023,6.831,1,8,0,0,0,8,1,9,0,0,0,9.589,46.454,89.43,39.524,28.594,10.217,124.007,12.791,0,28.594,124.007,94.17,17.063,1.867,3.09,-0.338,2.181,0,1.668,0,0,0,0,0,3,0,0,0,5,2,8300,2.176091259
267,2.305,-0.151,23.075,45.69,75.962,38.773,30.988,14.211,0.744,1.395,2.023,6.831,1,8,0,0,0,8,1,9,0,0,0,9.589,46.454,89.43,39.524,28.594,10.217,124.007,12.791,0,28.594,124.007,94.17,17.063,1.867,3.09,-0.338,2.181,0,1.668,0,0,0,0,0,3,0,0,0,5,1,8300,2.176091259
268,2.305,-0.151,23.075,45.69,75.962,38.773,30.988,14.211,0.744,1.395,2.023,6.831,1,8,0,0,0,8,1,9,0,0,0,9.589,46.454,89.43,39.524,28.594,10.217,124.007,12.791,0,28.594,124.007,94.17,17.063,1.867,3.09,-0.338,2.181,0,1.668,0,0,0,0,0,3,0,0,0,5,0.5,8300,3.217483944
269,2.305,-0.151,23.075,45.69,75.962,38.773,30.988,14.211,0.744,1.395,2.023,6.831,1,8,0,0,0,8,1,9,0,0,0,9.589,46.454,89.43,39.524,28.594,10.217,124.007,12.791,0,28.594,124.007,94.17,17.063,1.867,3.09,-0.338,2.181,0,1.668,0,0,0,0,0,3,0,0,0,5,4,8300,3.217483944
270,2.305,-0.151,23.075,45.69,75.962,38.773,30.988,14.211,0.744,1.395,2.023,6.831,1,8,0,0,0,8,1,9,0,0,0,9.589,46.454,89.43,39.524,28.594,10.217,124.007,12.791,0,28.594,124.007,94.17,17.063,1.867,3.09,-0.338,2.181,0,1.668,0,0,0,0,0,3,0,0,0,5,2,8300,2.176091259
271,2.305,-0.151,23.075,45.69,75.962,38.773,30.988,14.211,0.744,1.395,2.023,6.831,1,8,0,0,0,8,1,9,0,0,0,9.589,46.454,89.43,39.524,28.594,10.217,124.007,12.791,0,28.594,124.007,94.17,17.063,1.867,3.09,-0.338,2.181,0,1.668,0,0,0,0,0,3,0,0,0,5,1,8300,2.176091259
272,2.305,-0.151,23.075,45.69,75.962,38.773,30.988,14.211,0.744,1.395,2.023,6.831,1,8,0,0,0,8,1,9,0,0,0,9.589,46.454,89.43,39.524,28.594,10.217,124.007,12.791,0,28.594,124.007,94.17,17.063,1.867,3.09,-0.338,2.181,0,1.668,0,0,0,0,0,3,0,0,0,5,0.5,8300,2.176091259
273,2.305,-0.151,23.075,45.69,75.962,38.773,30.988,14.211,0.744,1.395,2.023,6.831,1,8,0,0,0,8,1,9,0,0,0,9.589,46.454,89.43,39.524,28.594,10.217,124.007,12.791,0,28.594,124.007,94.17,17.063,1.867,3.09,-0.338,2.181,0,1.668,0,0,0,0,0,3,0,0,0,5,4,8300,2.176091259
274,2.305,-0.151,23.075,45.69,75.962,38.773,30.988,14.211,0.744,1.395,2.023,6.831,1,8,0,0,0,8,1,9,0,0,0,9.589,46.454,89.43,39.524,28.594,10.217,124.007,12.791,0,28.594,124.007,94.17,17.063,1.867,3.09,-0.338,2.181,0,1.668,0,0,0,0,0,3,0,0,0,5,2,8300,2.176091259
275,2.305,-0.151,23.075,45.69,75.962,38.773,30.988,14.211,0.744,1.395,2.023,6.831,1,8,0,0,0,8,1,9,0,0,0,9.589,46.454,89.43,39.524,28.594,10.217,124.007,12.791,0,28.594,124.007,94.17,17.063,1.867,3.09,-0.338,2.181,0,1.668,0,0,0,0,0,3,0,0,0,5,1,8300,2.176091259
276,2.305,-0.151,23.075,45.69,75.962,38.773,30.988,14.211,0.744,1.395,2.023,6.831,1,8,0,0,0,8,1,9,0,0,0,9.589,46.454,89.43,39.524,28.594,10.217,124.007,12.791,0,28.594,124.007,94.17,17.063,1.867,3.09,-0.338,2.181,0,1.668,0,0,0,0,0,3,0,0,0,5,0.5,8300,2.176091259
277,2.305,-0.151,42.895,58.717,69.417,0,12.241,24.424,0.829,1.512,2.146,3.215,3,10,0,0,0,10,3,11,0,0,0,14.489,19.765,63.499,52.613,38.807,10.217,84.477,12.829,0,28.594,84.477,134.63,16.969,1.816,20.996,-0.359,1.951,0,1.649,2,2,0,0,0,3,0,0,0,3,4,8300,3.217483944
278,2.305,-0.151,42.895,58.717,69.417,0,12.241,24.424,0.829,1.512,2.146,3.215,3,10,0,0,0,10,3,11,0,0,0,14.489,19.765,63.499,52.613,38.807,10.217,84.477,12.829,0,28.594,84.477,134.63,16.969,1.816,20.996,-0.359,1.951,0,1.649,2,2,0,0,0,3,0,0,0,3,2,8300,3.217483944
279,2.305,-0.151,42.895,58.717,69.417,0,12.241,24.424,0.829,1.512,2.146,3.215,3,10,0,0,0,10,3,11,0,0,0,14.489,19.765,63.499,52.613,38.807,10.217,84.477,12.829,0,28.594,84.477,134.63,16.969,1.816,20.996,-0.359,1.951,0,1.649,2,2,0,0,0,3,0,0,0,3,1,8300,2.176091259
280,2.305,-0.151,42.895,58.717,69.417,0,12.241,24.424,0.829,1.512,2.146,3.215,3,10,0,0,0,10,3,11,0,0,0,14.489,19.765,63.499,52.613,38.807,10.217,84.477,12.829,0,28.594,84.477,134.63,16.969,1.816,20.996,-0.359,1.951,0,1.649,2,2,0,0,0,3,0,0,0,3,0.5,8300,3.217483944
281,2.305,-0.151,42.895,58.717,69.417,0,12.241,24.424,0.829,1.512,2.146,3.215,3,10,0,0,0,10,3,11,0,0,0,14.489,19.765,63.499,52.613,38.807,10.217,84.477,12.829,0,28.594,84.477,134.63,16.969,1.816,20.996,-0.359,1.951,0,1.649,2,2,0,0,0,3,0,0,0,3,4,8300,3.217483944
282,2.305,-0.151,42.895,58.717,69.417,0,12.241,24.424,0.829,1.512,2.146,3.215,3,10,0,0,0,10,3,11,0,0,0,14.489,19.765,63.499,52.613,38.807,10.217,84.477,12.829,0,28.594,84.477,134.63,16.969,1.816,20.996,-0.359,1.951,0,1.649,2,2,0,0,0,3,0,0,0,3,2,8300,2.176091259
283,2.305,-0.151,42.895,58.717,69.417,0,12.241,24.424,0.829,1.512,2.146,3.215,3,10,0,0,0,10,3,11,0,0,0,14.489,19.765,63.499,52.613,38.807,10.217,84.477,12.829,0,28.594,84.477,134.63,16.969,1.816,20.996,-0.359,1.951,0,1.649,2,2,0,0,0,3,0,0,0,3,1,8300,2.176091259
284,2.305,-0.151,42.895,58.717,69.417,0,12.241,24.424,0.829,1.512,2.146,3.215,3,10,0,0,0,10,3,11,0,0,0,14.489,19.765,63.499,52.613,38.807,10.217,84.477,12.829,0,28.594,84.477,134.63,16.969,1.816,20.996,-0.359,1.951,0,1.649,2,2,0,0,0,3,0,0,0,3,0.5,8300,2.176091259
285,2.305,-0.151,42.895,58.717,69.417,0,12.241,24.424,0.829,1.512,2.146,3.215,3,10,0,0,0,10,3,11,0,0,0,14.489,19.765,63.499,52.613,38.807,10.217,84.477,12.829,0,28.594,84.477,134.63,16.969,1.816,20.996,-0.359,1.951,0,1.649,2,2,0,0,0,3,0,0,0,3,4,8300,3.217483944
286,2.305,-0.151,42.895,58.717,69.417,0,12.241,24.424,0.829,1.512,2.146,3.215,3,10,0,0,0,10,3,11,0,0,0,14.489,19.765,63.499,52.613,38.807,10.217,84.477,12.829,0,28.594,84.477,134.63,16.969,1.816,20.996,-0.359,1.951,0,1.649,2,2,0,0,0,3,0,0,0,3,2,8300,2.176091259
287,2.305,-0.151,42.895,58.717,69.417,0,12.241,24.424,0.829,1.512,2.146,3.215,3,10,0,0,0,10,3,11,0,0,0,14.489,19.765,63.499,52.613,38.807,10.217,84.477,12.829,0,28.594,84.477,134.63,16.969,1.816,20.996,-0.359,1.951,0,1.649,2,2,0,0,0,3,0,0,0,3,1,8300,2.176091259
288,2.305,-0.151,42.895,58.717,69.417,0,12.241,24.424,0.829,1.512,2.146,3.215,3,10,0,0,0,10,3,11,0,0,0,14.489,19.765,63.499,52.613,38.807,10.217,84.477,12.829,0,28.594,84.477,134.63,16.969,1.816,20.996,-0.359,1.951,0,1.649,2,2,0,0,0,3,0,0,0,3,0.5,8300,2.176091259
289,2.306,-0.151,29.682,52.235,82.63,0,11.824,19.317,0.872,1.564,2.205,3.559,1,9,1,1,0,9,1,10,1,1,1,14.489,19.765,50.534,65.703,33.701,9.8,78.056,15.744,0,28.594,78.056,105.61,17.005,1.853,9.03,-0.344,2.218,0,1.659,1,1,1,0,0,3,0,0,1,3,4,8300,2.176091259
290,2.306,-0.151,29.682,52.235,82.63,0,11.824,19.317,0.872,1.564,2.205,3.559,1,9,1,1,0,9,1,10,1,1,1,14.489,19.765,50.534,65.703,33.701,9.8,78.056,15.744,0,28.594,78.056,105.61,17.005,1.853,9.03,-0.344,2.218,0,1.659,1,1,1,0,0,3,0,0,1,3,2,8300,3.217483944
291,2.306,-0.151,29.682,52.235,82.63,0,11.824,19.317,0.872,1.564,2.205,3.559,1,9,1,1,0,9,1,10,1,1,1,14.489,19.765,50.534,65.703,33.701,9.8,78.056,15.744,0,28.594,78.056,105.61,17.005,1.853,9.03,-0.344,2.218,0,1.659,1,1,1,0,0,3,0,0,1,3,1,8300,3.217483944
292,2.306,-0.151,29.682,52.235,82.63,0,11.824,19.317,0.872,1.564,2.205,3.559,1,9,1,1,0,9,1,10,1,1,1,14.489,19.765,50.534,65.703,33.701,9.8,78.056,15.744,0,28.594,78.056,105.61,17.005,1.853,9.03,-0.344,2.218,0,1.659,1,1,1,0,0,3,0,0,1,3,0.5,8300,3.217483944
293,2.306,-0.151,29.682,52.235,82.63,0,11.824,19.317,0.872,1.564,2.205,3.559,1,9,1,1,0,9,1,10,1,1,1,14.489,19.765,50.534,65.703,33.701,9.8,78.056,15.744,0,28.594,78.056,105.61,17.005,1.853,9.03,-0.344,2.218,0,1.659,1,1,1,0,0,3,0,0,1,3,4,8300,2.176091259
294,2.306,-0.151,29.682,52.235,82.63,0,11.824,19.317,0.872,1.564,2.205,3.559,1,9,1,1,0,9,1,10,1,1,1,14.489,19.765,50.534,65.703,33.701,9.8,78.056,15.744,0,28.594,78.056,105.61,17.005,1.853,9.03,-0.344,2.218,0,1.659,1,1,1,0,0,3,0,0,1,3,2,8300,3.217483944
295,2.306,-0.151,29.682,52.235,82.63,0,11.824,19.317,0.872,1.564,2.205,3.559,1,9,1,1,0,9,1,10,1,1,1,14.489,19.765,50.534,65.703,33.701,9.8,78.056,15.744,0,28.594,78.056,105.61,17.005,1.853,9.03,-0.344,2.218,0,1.659,1,1,1,0,0,3,0,0,1,3,1,8300,3.217483944
296,2.306,-0.151,29.682,52.235,82.63,0,11.824,19.317,0.872,1.564,2.205,3.559,1,9,1,1,0,9,1,10,1,1,1,14.489,19.765,50.534,65.703,33.701,9.8,78.056,15.744,0,28.594,78.056,105.61,17.005,1.853,9.03,-0.344,2.218,0,1.659,1,1,1,0,0,3,0,0,1,3,0.5,8300,4.217483944
297,2.306,-0.151,29.682,52.235,82.63,0,11.824,19.317,0.872,1.564,2.205,3.559,1,9,1,1,0,9,1,10,1,1,1,14.489,19.765,50.534,65.703,33.701,9.8,78.056,15.744,0,28.594,78.056,105.61,17.005,1.853,9.03,-0.344,2.218,0,1.659,1,1,1,0,0,3,0,0,1,3,4,8300,2.176091259
298,2.306,-0.151,29.682,52.235,82.63,0,11.824,19.317,0.872,1.564,2.205,3.559,1,9,1,1,0,9,1,10,1,1,1,14.489,19.765,50.534,65.703,33.701,9.8,78.056,15.744,0,28.594,78.056,105.61,17.005,1.853,9.03,-0.344,2.218,0,1.659,1,1,1,0,0,3,0,0,1,3,2,8300,3.217483944
299,2.306,-0.151,29.682,52.235,82.63,0,11.824,19.317,0.872,1.564,2.205,3.559,1,9,1,1,0,9,1,10,1,1,1,14.489,19.765,50.534,65.703,33.701,9.8,78.056,15.744,0,28.594,78.056,105.61,17.005,1.853,9.03,-0.344,2.218,0,1.659,1,1,1,0,0,3,0,0,1,3,1,8300,3.217483944
300,2.306,-0.151,29.682,52.235,82.63,0,11.824,19.317,0.872,1.564,2.205,3.559,1,9,1,1,0,9,1,10,1,1,1,14.489,19.765,50.534,65.703,33.701,9.8,78.056,15.744,0,28.594,78.056,105.61,17.005,1.853,9.03,-0.344,2.218,0,1.659,1,1,1,0,0,3,0,0,1,3,0.5,8300,4.217483944
301,2.305,-0.151,23.075,45.69,95.72,0,22.457,14.211,0.923,1.641,2.333,3.444,2,9,1,1,0,9,2,10,1,1,1,14.489,19.765,50.534,72.248,28.594,15.533,78.056,15.564,0,28.594,78.056,106.2,17.004,1.858,6.372,-0.336,2.155,0,1.663,0,0,0,0,0,3,0,0,1,3,4,8300,2.176091259
302,2.305,-0.151,23.075,45.69,95.72,0,22.457,14.211,0.923,1.641,2.333,3.444,2,9,1,1,0,9,2,10,1,1,1,14.489,19.765,50.534,72.248,28.594,15.533,78.056,15.564,0,28.594,78.056,106.2,17.004,1.858,6.372,-0.336,2.155,0,1.663,0,0,0,0,0,3,0,0,1,3,2,8300,3.217483944
303,2.305,-0.151,23.075,45.69,95.72,0,22.457,14.211,0.923,1.641,2.333,3.444,2,9,1,1,0,9,2,10,1,1,1,14.489,19.765,50.534,72.248,28.594,15.533,78.056,15.564,0,28.594,78.056,106.2,17.004,1.858,6.372,-0.336,2.155,0,1.663,0,0,0,0,0,3,0,0,1,3,1,8300,3.217483944
304,2.305,-0.151,23.075,45.69,95.72,0,22.457,14.211,0.923,1.641,2.333,3.444,2,9,1,1,0,9,2,10,1,1,1,14.489,19.765,50.534,72.248,28.594,15.533,78.056,15.564,0,28.594,78.056,106.2,17.004,1.858,6.372,-0.336,2.155,0,1.663,0,0,0,0,0,3,0,0,1,3,0.5,8300,4.217483944
305,2.305,-0.151,23.075,45.69,95.72,0,22.457,14.211,0.923,1.641,2.333,3.444,2,9,1,1,0,9,2,10,1,1,1,14.489,19.765,50.534,72.248,28.594,15.533,78.056,15.564,0,28.594,78.056,106.2,17.004,1.858,6.372,-0.336,2.155,0,1.663,0,0,0,0,0,3,0,0,1,3,4,8300,2.176091259
306,2.305,-0.151,23.075,45.69,95.72,0,22.457,14.211,0.923,1.641,2.333,3.444,2,9,1,1,0,9,2,10,1,1,1,14.489,19.765,50.534,72.248,28.594,15.533,78.056,15.564,0,28.594,78.056,106.2,17.004,1.858,6.372,-0.336,2.155,0,1.663,0,0,0,0,0,3,0,0,1,3,2,8300,4.217483944
307,2.305,-0.151,23.075,45.69,95.72,0,22.457,14.211,0.923,1.641,2.333,3.444,2,9,1,1,0,9,2,10,1,1,1,14.489,19.765,50.534,72.248,28.594,15.533,78.056,15.564,0,28.594,78.056,106.2,17.004,1.858,6.372,-0.336,2.155,0,1.663,0,0,0,0,0,3,0,0,1,3,1,8300,2.176091259
308,2.305,-0.151,23.075,45.69,95.72,0,22.457,14.211,0.923,1.641,2.333,3.444,2,9,1,1,0,9,2,10,1,1,1,14.489,19.765,50.534,72.248,28.594,15.533,78.056,15.564,0,28.594,78.056,106.2,17.004,1.858,6.372,-0.336,2.155,0,1.663,0,0,0,0,0,3,0,0,1,3,0.5,8300,4.653212514
309,2.305,-0.151,23.075,45.69,95.72,0,22.457,14.211,0.923,1.641,2.333,3.444,2,9,1,1,0,9,2,10,1,1,1,14.489,19.765,50.534,72.248,28.594,15.533,78.056,15.564,0,28.594,78.056,106.2,17.004,1.858,6.372,-0.336,2.155,0,1.663,0,0,0,0,0,3,0,0,1,3,4,8300,3.217483944
310,2.305,-0.151,23.075,45.69,95.72,0,22.457,14.211,0.923,1.641,2.333,3.444,2,9,1,1,0,9,2,10,1,1,1,14.489,19.765,50.534,72.248,28.594,15.533,78.056,15.564,0,28.594,78.056,106.2,17.004,1.858,6.372,-0.336,2.155,0,1.663,0,0,0,0,0,3,0,0,1,3,2,8300,3.217483944
311,2.305,-0.151,23.075,45.69,95.72,0,22.457,14.211,0.923,1.641,2.333,3.444,2,9,1,1,0,9,2,10,1,1,1,14.489,19.765,50.534,72.248,28.594,15.533,78.056,15.564,0,28.594,78.056,106.2,17.004,1.858,6.372,-0.336,2.155,0,1.663,0,0,0,0,0,3,0,0,1,3,1,8300,2.176091259
312,2.305,-0.151,23.075,45.69,95.72,0,22.457,14.211,0.923,1.641,2.333,3.444,2,9,1,1,0,9,2,10,1,1,1,14.489,19.765,50.534,72.248,28.594,15.533,78.056,15.564,0,28.594,78.056,106.2,17.004,1.858,6.372,-0.336,2.155,0,1.663,0,0,0,0,0,3,0,0,1,3,0.5,8300,4.653212514
313,2.305,-0.151,23.075,45.69,82.63,0,18.871,14.211,0.838,1.514,2.162,4.196,0,8,1,1,0,8,0,9,1,1,1,9.589,19.765,57.581,59.158,28.594,9.8,78.056,15.946,0,28.594,78.056,85.38,17.001,1.874,0,-0.331,2.334,0,3.764,0,0,0,0,0,3,0,0,1,3,4,8300,2.176091259
314,2.305,-0.151,23.075,45.69,82.63,0,18.871,14.211,0.838,1.514,2.162,4.196,0,8,1,1,0,8,0,9,1,1,1,9.589,19.765,57.581,59.158,28.594,9.8,78.056,15.946,0,28.594,78.056,85.38,17.001,1.874,0,-0.331,2.334,0,3.764,0,0,0,0,0,3,0,0,1,3,2,8300,2.176091259
315,2.305,-0.151,23.075,45.69,82.63,0,18.871,14.211,0.838,1.514,2.162,4.196,0,8,1,1,0,8,0,9,1,1,1,9.589,19.765,57.581,59.158,28.594,9.8,78.056,15.946,0,28.594,78.056,85.38,17.001,1.874,0,-0.331,2.334,0,3.764,0,0,0,0,0,3,0,0,1,3,1,8300,2.176091259
316,2.305,-0.151,23.075,45.69,82.63,0,18.871,14.211,0.838,1.514,2.162,4.196,0,8,1,1,0,8,0,9,1,1,1,9.589,19.765,57.581,59.158,28.594,9.8,78.056,15.946,0,28.594,78.056,85.38,17.001,1.874,0,-0.331,2.334,0,3.764,0,0,0,0,0,3,0,0,1,3,0.5,8300,3.217483944
317,2.305,-0.151,23.075,45.69,82.63,0,18.871,14.211,0.838,1.514,2.162,4.196,0,8,1,1,0,8,0,9,1,1,1,9.589,19.765,57.581,59.158,28.594,9.8,78.056,15.946,0,28.594,78.056,85.38,17.001,1.874,0,-0.331,2.334,0,3.764,0,0,0,0,0,3,0,0,1,3,4,8300,2.176091259
318,2.305,-0.151,23.075,45.69,82.63,0,18.871,14.211,0.838,1.514,2.162,4.196,0,8,1,1,0,8,0,9,1,1,1,9.589,19.765,57.581,59.158,28.594,9.8,78.056,15.946,0,28.594,78.056,85.38,17.001,1.874,0,-0.331,2.334,0,3.764,0,0,0,0,0,3,0,0,1,3,2,8300,2.176091259
319,2.305,-0.151,23.075,45.69,82.63,0,18.871,14.211,0.838,1.514,2.162,4.196,0,8,1,1,0,8,0,9,1,1,1,9.589,19.765,57.581,59.158,28.594,9.8,78.056,15.946,0,28.594,78.056,85.38,17.001,1.874,0,-0.331,2.334,0,3.764,0,0,0,0,0,3,0,0,1,3,1,8300,2.176091259
320,2.305,-0.151,23.075,45.69,82.63,0,18.871,14.211,0.838,1.514,2.162,4.196,0,8,1,1,0,8,0,9,1,1,1,9.589,19.765,57.581,59.158,28.594,9.8,78.056,15.946,0,28.594,78.056,85.38,17.001,1.874,0,-0.331,2.334,0,3.764,0,0,0,0,0,3,0,0,1,3,0.5,8300,2.176091259
321,2.305,-0.151,23.075,45.69,82.63,0,18.871,14.211,0.838,1.514,2.162,4.196,0,8,1,1,0,8,0,9,1,1,1,9.589,19.765,57.581,59.158,28.594,9.8,78.056,15.946,0,28.594,78.056,85.38,17.001,1.874,0,-0.331,2.334,0,3.764,0,0,0,0,0,3,0,0,1,3,4,8300,2.176091259
322,2.305,-0.151,23.075,45.69,82.63,0,18.871,14.211,0.838,1.514,2.162,4.196,0,8,1,1,0,8,0,9,1,1,1,9.589,19.765,57.581,59.158,28.594,9.8,78.056,15.946,0,28.594,78.056,85.38,17.001,1.874,0,-0.331,2.334,0,3.764,0,0,0,0,0,3,0,0,1,3,2,8300,3.217483944
323,2.305,-0.151,23.075,45.69,82.63,0,18.871,14.211,0.838,1.514,2.162,4.196,0,8,1,1,0,8,0,9,1,1,1,9.589,19.765,57.581,59.158,28.594,9.8,78.056,15.946,0,28.594,78.056,85.38,17.001,1.874,0,-0.331,2.334,0,3.764,0,0,0,0,0,3,0,0,1,3,1,8300,3.217483944
324,2.305,-0.151,23.075,45.69,82.63,0,18.871,14.211,0.838,1.514,2.162,4.196,0,8,1,1,0,8,0,9,1,1,1,9.589,19.765,57.581,59.158,28.594,9.8,78.056,15.946,0,28.594,78.056,85.38,17.001,1.874,0,-0.331,2.334,0,3.764,0,0,0,0,0,3,0,0,1,3,0.5,8300,3.217483944
325,2.306,-0.151,17.168,51.597,95.72,0,30.819,14.211,0.854,1.537,2.171,4.128,0,9,1,1,0,9,0,10,1,1,1,14.489,19.765,64.629,72.248,28.594,14.7,78.056,15.707,0,28.594,78.056,88.62,17.064,1.879,0,-0.336,2.329,0,5.859,0,0,0,0,0,3,0,0,1,3,4,8300,3.217483944
326,2.306,-0.151,17.168,51.597,95.72,0,30.819,14.211,0.854,1.537,2.171,4.128,0,9,1,1,0,9,0,10,1,1,1,14.489,19.765,64.629,72.248,28.594,14.7,78.056,15.707,0,28.594,78.056,88.62,17.064,1.879,0,-0.336,2.329,0,5.859,0,0,0,0,0,3,0,0,1,3,2,8300,3.217483944
327,2.306,-0.151,17.168,51.597,95.72,0,30.819,14.211,0.854,1.537,2.171,4.128,0,9,1,1,0,9,0,10,1,1,1,14.489,19.765,64.629,72.248,28.594,14.7,78.056,15.707,0,28.594,78.056,88.62,17.064,1.879,0,-0.336,2.329,0,5.859,0,0,0,0,0,3,0,0,1,3,1,8300,2.176091259
328,2.306,-0.151,17.168,51.597,95.72,0,30.819,14.211,0.854,1.537,2.171,4.128,0,9,1,1,0,9,0,10,1,1,1,14.489,19.765,64.629,72.248,28.594,14.7,78.056,15.707,0,28.594,78.056,88.62,17.064,1.879,0,-0.336,2.329,0,5.859,0,0,0,0,0,3,0,0,1,3,0.5,8300,2.176091259
329,2.306,-0.151,17.168,51.597,95.72,0,30.819,14.211,0.854,1.537,2.171,4.128,0,9,1,1,0,9,0,10,1,1,1,14.489,19.765,64.629,72.248,28.594,14.7,78.056,15.707,0,28.594,78.056,88.62,17.064,1.879,0,-0.336,2.329,0,5.859,0,0,0,0,0,3,0,0,1,3,4,8300,2.176091259
330,2.306,-0.151,17.168,51.597,95.72,0,30.819,14.211,0.854,1.537,2.171,4.128,0,9,1,1,0,9,0,10,1,1,1,14.489,19.765,64.629,72.248,28.594,14.7,78.056,15.707,0,28.594,78.056,88.62,17.064,1.879,0,-0.336,2.329,0,5.859,0,0,0,0,0,3,0,0,1,3,2,8300,2.176091259
331,2.306,-0.151,17.168,51.597,95.72,0,30.819,14.211,0.854,1.537,2.171,4.128,0,9,1,1,0,9,0,10,1,1,1,14.489,19.765,64.629,72.248,28.594,14.7,78.056,15.707,0,28.594,78.056,88.62,17.064,1.879,0,-0.336,2.329,0,5.859,0,0,0,0,0,3,0,0,1,3,1,8300,2.176091259
332,2.306,-0.151,17.168,51.597,95.72,0,30.819,14.211,0.854,1.537,2.171,4.128,0,9,1,1,0,9,0,10,1,1,1,14.489,19.765,64.629,72.248,28.594,14.7,78.056,15.707,0,28.594,78.056,88.62,17.064,1.879,0,-0.336,2.329,0,5.859,0,0,0,0,0,3,0,0,1,3,0.5,8300,2.176091259
333,2.306,-0.151,17.168,51.597,95.72,0,30.819,14.211,0.854,1.537,2.171,4.128,0,9,1,1,0,9,0,10,1,1,1,14.489,19.765,64.629,72.248,28.594,14.7,78.056,15.707,0,28.594,78.056,88.62,17.064,1.879,0,-0.336,2.329,0,5.859,0,0,0,0,0,3,0,0,1,3,4,8300,2.176091259
334,2.306,-0.151,17.168,51.597,95.72,0,30.819,14.211,0.854,1.537,2.171,4.128,0,9,1,1,0,9,0,10,1,1,1,14.489,19.765,64.629,72.248,28.594,14.7,78.056,15.707,0,28.594,78.056,88.62,17.064,1.879,0,-0.336,2.329,0,5.859,0,0,0,0,0,3,0,0,1,3,2,8300,2.176091259
335,2.306,-0.151,17.168,51.597,95.72,0,30.819,14.211,0.854,1.537,2.171,4.128,0,9,1,1,0,9,0,10,1,1,1,14.489,19.765,64.629,72.248,28.594,14.7,78.056,15.707,0,28.594,78.056,88.62,17.064,1.879,0,-0.336,2.329,0,5.859,0,0,0,0,0,3,0,0,1,3,1,8300,2.176091259
336,2.306,-0.151,17.168,51.597,95.72,0,30.819,14.211,0.854,1.537,2.171,4.128,0,9,1,1,0,9,0,10,1,1,1,14.489,19.765,64.629,72.248,28.594,14.7,78.056,15.707,0,28.594,78.056,88.62,17.064,1.879,0,-0.336,2.329,0,5.859,0,0,0,0,0,3,0,0,1,3,0.5,8300,2.176091259
337,2.305,-0.151,23.075,52.235,69.417,5.687,36.321,14.211,0.881,1.595,2.286,6.065,1,8,0,0,1,8,1,9,0,0,0,9.589,37.964,69.087,58.804,28.594,5.317,84.477,12.476,5.687,28.594,84.477,94.17,17.029,1.85,3.029,0.844,2.102,10.262,3.733,0,0,0,1,1,3,0,1,0,3,4,8300,2.176091259
338,2.305,-0.151,23.075,52.235,69.417,5.687,36.321,14.211,0.881,1.595,2.286,6.065,1,8,0,0,1,8,1,9,0,0,0,9.589,37.964,69.087,58.804,28.594,5.317,84.477,12.476,5.687,28.594,84.477,94.17,17.029,1.85,3.029,0.844,2.102,10.262,3.733,0,0,0,1,1,3,0,1,0,3,2,8300,2.176091259
339,2.305,-0.151,23.075,52.235,69.417,5.687,36.321,14.211,0.881,1.595,2.286,6.065,1,8,0,0,1,8,1,9,0,0,0,9.589,37.964,69.087,58.804,28.594,5.317,84.477,12.476,5.687,28.594,84.477,94.17,17.029,1.85,3.029,0.844,2.102,10.262,3.733,0,0,0,1,1,3,0,1,0,3,1,8300,2.176091259
340,2.305,-0.151,23.075,52.235,69.417,5.687,36.321,14.211,0.881,1.595,2.286,6.065,1,8,0,0,1,8,1,9,0,0,0,9.589,37.964,69.087,58.804,28.594,5.317,84.477,12.476,5.687,28.594,84.477,94.17,17.029,1.85,3.029,0.844,2.102,10.262,3.733,0,0,0,1,1,3,0,1,0,3,0.5,8300,2.176091259
341,2.305,-0.151,23.075,52.235,69.417,5.687,36.321,14.211,0.881,1.595,2.286,6.065,1,8,0,0,1,8,1,9,0,0,0,9.589,37.964,69.087,58.804,28.594,5.317,84.477,12.476,5.687,28.594,84.477,94.17,17.029,1.85,3.029,0.844,2.102,10.262,3.733,0,0,0,1,1,3,0,1,0,3,4,8300,2.176091259
342,2.305,-0.151,23.075,52.235,69.417,5.687,36.321,14.211,0.881,1.595,2.286,6.065,1,8,0,0,1,8,1,9,0,0,0,9.589,37.964,69.087,58.804,28.594,5.317,84.477,12.476,5.687,28.594,84.477,94.17,17.029,1.85,3.029,0.844,2.102,10.262,3.733,0,0,0,1,1,3,0,1,0,3,2,8300,2.176091259
343,2.305,-0.151,23.075,52.235,69.417,5.687,36.321,14.211,0.881,1.595,2.286,6.065,1,8,0,0,1,8,1,9,0,0,0,9.589,37.964,69.087,58.804,28.594,5.317,84.477,12.476,5.687,28.594,84.477,94.17,17.029,1.85,3.029,0.844,2.102,10.262,3.733,0,0,0,1,1,3,0,1,0,3,1,8300,2.176091259
344,2.305,-0.151,23.075,52.235,69.417,5.687,36.321,14.211,0.881,1.595,2.286,6.065,1,8,0,0,1,8,1,9,0,0,0,9.589,37.964,69.087,58.804,28.594,5.317,84.477,12.476,5.687,28.594,84.477,94.17,17.029,1.85,3.029,0.844,2.102,10.262,3.733,0,0,0,1,1,3,0,1,0,3,0.5,8300,2.176091259
345,2.305,-0.151,23.075,52.235,69.417,5.687,36.321,14.211,0.881,1.595,2.286,6.065,1,8,0,0,1,8,1,9,0,0,0,9.589,37.964,69.087,58.804,28.594,5.317,84.477,12.476,5.687,28.594,84.477,94.17,17.029,1.85,3.029,0.844,2.102,10.262,3.733,0,0,0,1,1,3,0,1,0,3,4,8300,2.176091259
346,2.305,-0.151,23.075,52.235,69.417,5.687,36.321,14.211,0.881,1.595,2.286,6.065,1,8,0,0,1,8,1,9,0,0,0,9.589,37.964,69.087,58.804,28.594,5.317,84.477,12.476,5.687,28.594,84.477,94.17,17.029,1.85,3.029,0.844,2.102,10.262,3.733,0,0,0,1,1,3,0,1,0,3,2,8300,2.176091259
347,2.305,-0.151,23.075,52.235,69.417,5.687,36.321,14.211,0.881,1.595,2.286,6.065,1,8,0,0,1,8,1,9,0,0,0,9.589,37.964,69.087,58.804,28.594,5.317,84.477,12.476,5.687,28.594,84.477,94.17,17.029,1.85,3.029,0.844,2.102,10.262,3.733,0,0,0,1,1,3,0,1,0,3,1,8300,2.176091259
348,2.305,-0.151,23.075,52.235,69.417,5.687,36.321,14.211,0.881,1.595,2.286,6.065,1,8,0,0,1,8,1,9,0,0,0,9.589,37.964,69.087,58.804,28.594,5.317,84.477,12.476,5.687,28.594,84.477,94.17,17.029,1.85,3.029,0.844,2.102,10.262,3.733,0,0,0,1,1,3,0,1,0,3,0.5,8300,2.176091259
349,2.305,-0.151,23.075,45.69,75.962,0,11.824,14.211,0.789,1.474,2.105,4.832,0,8,0,0,0,8,0,9,0,0,0,9.589,19.765,77.594,46.572,28.594,9.8,84.477,12.921,0,28.594,84.477,85.38,17,1.862,0,-0.335,2.245,0,7.652,0,0,0,0,0,3,0,0,0,3,4,8300,3.217483944
350,2.305,-0.151,23.075,45.69,75.962,0,11.824,14.211,0.789,1.474,2.105,4.832,0,8,0,0,0,8,0,9,0,0,0,9.589,19.765,77.594,46.572,28.594,9.8,84.477,12.921,0,28.594,84.477,85.38,17,1.862,0,-0.335,2.245,0,7.652,0,0,0,0,0,3,0,0,0,3,2,8300,4.217483944
351,2.305,-0.151,23.075,45.69,75.962,0,11.824,14.211,0.789,1.474,2.105,4.832,0,8,0,0,0,8,0,9,0,0,0,9.589,19.765,77.594,46.572,28.594,9.8,84.477,12.921,0,28.594,84.477,85.38,17,1.862,0,-0.335,2.245,0,7.652,0,0,0,0,0,3,0,0,0,3,1,8300,3.217483944
352,2.305,-0.151,23.075,45.69,75.962,0,11.824,14.211,0.789,1.474,2.105,4.832,0,8,0,0,0,8,0,9,0,0,0,9.589,19.765,77.594,46.572,28.594,9.8,84.477,12.921,0,28.594,84.477,85.38,17,1.862,0,-0.335,2.245,0,7.652,0,0,0,0,0,3,0,0,0,3,0.5,8300,2.176091259
353,2.305,-0.151,23.075,45.69,75.962,0,11.824,14.211,0.789,1.474,2.105,4.832,0,8,0,0,0,8,0,9,0,0,0,9.589,19.765,77.594,46.572,28.594,9.8,84.477,12.921,0,28.594,84.477,85.38,17,1.862,0,-0.335,2.245,0,7.652,0,0,0,0,0,3,0,0,0,3,4,8300,2.176091259
354,2.305,-0.151,23.075,45.69,75.962,0,11.824,14.211,0.789,1.474,2.105,4.832,0,8,0,0,0,8,0,9,0,0,0,9.589,19.765,77.594,46.572,28.594,9.8,84.477,12.921,0,28.594,84.477,85.38,17,1.862,0,-0.335,2.245,0,7.652,0,0,0,0,0,3,0,0,0,3,2,8300,3.217483944
355,2.305,-0.151,23.075,45.69,75.962,0,11.824,14.211,0.789,1.474,2.105,4.832,0,8,0,0,0,8,0,9,0,0,0,9.589,19.765,77.594,46.572,28.594,9.8,84.477,12.921,0,28.594,84.477,85.38,17,1.862,0,-0.335,2.245,0,7.652,0,0,0,0,0,3,0,0,0,3,1,8300,2.176091259
356,2.305,-0.151,23.075,45.69,75.962,0,11.824,14.211,0.789,1.474,2.105,4.832,0,8,0,0,0,8,0,9,0,0,0,9.589,19.765,77.594,46.572,28.594,9.8,84.477,12.921,0,28.594,84.477,85.38,17,1.862,0,-0.335,2.245,0,7.652,0,0,0,0,0,3,0,0,0,3,0.5,8300,2.176091259
357,2.305,-0.151,23.075,45.69,75.962,0,11.824,14.211,0.789,1.474,2.105,4.832,0,8,0,0,0,8,0,9,0,0,0,9.589,19.765,77.594,46.572,28.594,9.8,84.477,12.921,0,28.594,84.477,85.38,17,1.862,0,-0.335,2.245,0,7.652,0,0,0,0,0,3,0,0,0,3,4,8300,2.176091259
358,2.305,-0.151,23.075,45.69,75.962,0,11.824,14.211,0.789,1.474,2.105,4.832,0,8,0,0,0,8,0,9,0,0,0,9.589,19.765,77.594,46.572,28.594,9.8,84.477,12.921,0,28.594,84.477,85.38,17,1.862,0,-0.335,2.245,0,7.652,0,0,0,0,0,3,0,0,0,3,2,8300,2.176091259
359,2.305,-0.151,23.075,45.69,75.962,0,11.824,14.211,0.789,1.474,2.105,4.832,0,8,0,0,0,8,0,9,0,0,0,9.589,19.765,77.594,46.572,28.594,9.8,84.477,12.921,0,28.594,84.477,85.38,17,1.862,0,-0.335,2.245,0,7.652,0,0,0,0,0,3,0,0,0,3,1,8300,2.176091259
360,2.305,-0.151,23.075,45.69,75.962,0,11.824,14.211,0.789,1.474,2.105,4.832,0,8,0,0,0,8,0,9,0,0,0,9.589,19.765,77.594,46.572,28.594,9.8,84.477,12.921,0,28.594,84.477,85.38,17,1.862,0,-0.335,2.245,0,7.652,0,0,0,0,0,3,0,0,0,3,0.5,8300,2.176091259
361,2.305,-0.151,23.075,52.235,74.987,0,22.208,14.211,0.974,1.744,2.436,4.894,2,9,0,0,0,8,2,10,1,0,0,9.589,19.765,63.375,45.721,28.594,15.285,90.897,12.692,0,35.015,90.17,119.61,16.98,1.841,2.974,0.678,2.08,0,1.658,0,0,0,0,0,3,0,0,0,3,4,8300,3.217483944
362,2.305,-0.151,23.075,52.235,74.987,0,22.208,14.211,0.974,1.744,2.436,4.894,2,9,0,0,0,8,2,10,1,0,0,9.589,19.765,63.375,45.721,28.594,15.285,90.897,12.692,0,35.015,90.17,119.61,16.98,1.841,2.974,0.678,2.08,0,1.658,0,0,0,0,0,3,0,0,0,3,2,8300,3.217483944
363,2.305,-0.151,23.075,52.235,74.987,0,22.208,14.211,0.974,1.744,2.436,4.894,2,9,0,0,0,8,2,10,1,0,0,9.589,19.765,63.375,45.721,28.594,15.285,90.897,12.692,0,35.015,90.17,119.61,16.98,1.841,2.974,0.678,2.08,0,1.658,0,0,0,0,0,3,0,0,0,3,1,8300,3.217483944
364,2.305,-0.151,23.075,52.235,74.987,0,22.208,14.211,0.974,1.744,2.436,4.894,2,9,0,0,0,8,2,10,1,0,0,9.589,19.765,63.375,45.721,28.594,15.285,90.897,12.692,0,35.015,90.17,119.61,16.98,1.841,2.974,0.678,2.08,0,1.658,0,0,0,0,0,3,0,0,0,3,0.5,8300,3.217483944
365,2.305,-0.151,23.075,52.235,74.987,0,22.208,14.211,0.974,1.744,2.436,4.894,2,9,0,0,0,8,2,10,1,0,0,9.589,19.765,63.375,45.721,28.594,15.285,90.897,12.692,0,35.015,90.17,119.61,16.98,1.841,2.974,0.678,2.08,0,1.658,0,0,0,0,0,3,0,0,0,3,4,8300,3.217483944
366,2.305,-0.151,23.075,52.235,74.987,0,22.208,14.211,0.974,1.744,2.436,4.894,2,9,0,0,0,8,2,10,1,0,0,9.589,19.765,63.375,45.721,28.594,15.285,90.897,12.692,0,35.015,90.17,119.61,16.98,1.841,2.974,0.678,2.08,0,1.658,0,0,0,0,0,3,0,0,0,3,2,8300,2.176091259
367,2.305,-0.151,23.075,52.235,74.987,0,22.208,14.211,0.974,1.744,2.436,4.894,2,9,0,0,0,8,2,10,1,0,0,9.589,19.765,63.375,45.721,28.594,15.285,90.897,12.692,0,35.015,90.17,119.61,16.98,1.841,2.974,0.678,2.08,0,1.658,0,0,0,0,0,3,0,0,0,3,1,8300,3.217483944
368,2.305,-0.151,23.075,52.235,74.987,0,22.208,14.211,0.974,1.744,2.436,4.894,2,9,0,0,0,8,2,10,1,0,0,9.589,19.765,63.375,45.721,28.594,15.285,90.897,12.692,0,35.015,90.17,119.61,16.98,1.841,2.974,0.678,2.08,0,1.658,0,0,0,0,0,3,0,0,0,3,0.5,8300,3.217483944
369,2.305,-0.151,23.075,52.235,74.987,0,22.208,14.211,0.974,1.744,2.436,4.894,2,9,0,0,0,8,2,10,1,0,0,9.589,19.765,63.375,45.721,28.594,15.285,90.897,12.692,0,35.015,90.17,119.61,16.98,1.841,2.974,0.678,2.08,0,1.658,0,0,0,0,0,3,0,0,0,3,4,8300,3.217483944
370,2.305,-0.151,23.075,52.235,74.987,0,22.208,14.211,0.974,1.744,2.436,4.894,2,9,0,0,0,8,2,10,1,0,0,9.589,19.765,63.375,45.721,28.594,15.285,90.897,12.692,0,35.015,90.17,119.61,16.98,1.841,2.974,0.678,2.08,0,1.658,0,0,0,0,0,3,0,0,0,3,2,8300,3.217483944
371,2.305,-0.151,23.075,52.235,74.987,0,22.208,14.211,0.974,1.744,2.436,4.894,2,9,0,0,0,8,2,10,1,0,0,9.589,19.765,63.375,45.721,28.594,15.285,90.897,12.692,0,35.015,90.17,119.61,16.98,1.841,2.974,0.678,2.08,0,1.658,0,0,0,0,0,3,0,0,0,3,1,8300,2.176091259
372,2.305,-0.151,23.075,52.235,74.987,0,22.208,14.211,0.974,1.744,2.436,4.894,2,9,0,0,0,8,2,10,1,0,0,9.589,19.765,63.375,45.721,28.594,15.285,90.897,12.692,0,35.015,90.17,119.61,16.98,1.841,2.974,0.678,2.08,0,1.658,0,0,0,0,0,3,0,0,0,3,0.5,8300,2.176091259
373,2.305,-0.151,23.075,52.235,69.417,0,17.225,14.211,0.949,1.718,2.41,4.825,1,9,0,0,0,9,1,10,1,0,0,9.589,19.765,56.954,58.462,28.594,14.868,91.021,12.692,0,35.139,84.477,108.75,18.987,1.843,2.978,-0.342,2.087,0,1.658,0,0,0,0,0,3,0,0,0,3,4,8300,2.176091259
374,2.305,-0.151,23.075,52.235,69.417,0,17.225,14.211,0.949,1.718,2.41,4.825,1,9,0,0,0,9,1,10,1,0,0,9.589,19.765,56.954,58.462,28.594,14.868,91.021,12.692,0,35.139,84.477,108.75,18.987,1.843,2.978,-0.342,2.087,0,1.658,0,0,0,0,0,3,0,0,0,3,2,8300,3.217483944
375,2.305,-0.151,23.075,52.235,69.417,0,17.225,14.211,0.949,1.718,2.41,4.825,1,9,0,0,0,9,1,10,1,0,0,9.589,19.765,56.954,58.462,28.594,14.868,91.021,12.692,0,35.139,84.477,108.75,18.987,1.843,2.978,-0.342,2.087,0,1.658,0,0,0,0,0,3,0,0,0,3,1,8300,3.217483944
376,2.305,-0.151,23.075,52.235,69.417,0,17.225,14.211,0.949,1.718,2.41,4.825,1,9,0,0,0,9,1,10,1,0,0,9.589,19.765,56.954,58.462,28.594,14.868,91.021,12.692,0,35.139,84.477,108.75,18.987,1.843,2.978,-0.342,2.087,0,1.658,0,0,0,0,0,3,0,0,0,3,0.5,8300,4.217483944
377,2.305,-0.151,23.075,52.235,69.417,0,17.225,14.211,0.949,1.718,2.41,4.825,1,9,0,0,0,9,1,10,1,0,0,9.589,19.765,56.954,58.462,28.594,14.868,91.021,12.692,0,35.139,84.477,108.75,18.987,1.843,2.978,-0.342,2.087,0,1.658,0,0,0,0,0,3,0,0,0,3,4,8300,3.217483944
378,2.305,-0.151,23.075,52.235,69.417,0,17.225,14.211,0.949,1.718,2.41,4.825,1,9,0,0,0,9,1,10,1,0,0,9.589,19.765,56.954,58.462,28.594,14.868,91.021,12.692,0,35.139,84.477,108.75,18.987,1.843,2.978,-0.342,2.087,0,1.658,0,0,0,0,0,3,0,0,0,3,2,8300,3.217483944
379,2.305,-0.151,23.075,52.235,69.417,0,17.225,14.211,0.949,1.718,2.41,4.825,1,9,0,0,0,9,1,10,1,0,0,9.589,19.765,56.954,58.462,28.594,14.868,91.021,12.692,0,35.139,84.477,108.75,18.987,1.843,2.978,-0.342,2.087,0,1.658,0,0,0,0,0,3,0,0,0,3,1,8300,2.176091259
380,2.305,-0.151,23.075,52.235,69.417,0,17.225,14.211,0.949,1.718,2.41,4.825,1,9,0,0,0,9,1,10,1,0,0,9.589,19.765,56.954,58.462,28.594,14.868,91.021,12.692,0,35.139,84.477,108.75,18.987,1.843,2.978,-0.342,2.087,0,1.658,0,0,0,0,0,3,0,0,0,3,0.5,8300,2.176091259
381,2.305,-0.151,23.075,52.235,69.417,0,17.225,14.211,0.949,1.718,2.41,4.825,1,9,0,0,0,9,1,10,1,0,0,9.589,19.765,56.954,58.462,28.594,14.868,91.021,12.692,0,35.139,84.477,108.75,18.987,1.843,2.978,-0.342,2.087,0,1.658,0,0,0,0,0,3,0,0,0,3,4,8300,2.176091259
382,2.305,-0.151,23.075,52.235,69.417,0,17.225,14.211,0.949,1.718,2.41,4.825,1,9,0,0,0,9,1,10,1,0,0,9.589,19.765,56.954,58.462,28.594,14.868,91.021,12.692,0,35.139,84.477,108.75,18.987,1.843,2.978,-0.342,2.087,0,1.658,0,0,0,0,0,3,0,0,0,3,2,8300,2.176091259
383,2.305,-0.151,23.075,52.235,69.417,0,17.225,14.211,0.949,1.718,2.41,4.825,1,9,0,0,0,9,1,10,1,0,0,9.589,19.765,56.954,58.462,28.594,14.868,91.021,12.692,0,35.139,84.477,108.75,18.987,1.843,2.978,-0.342,2.087,0,1.658,0,0,0,0,0,3,0,0,0,3,1,8300,2.176091259
384,2.305,-0.151,23.075,52.235,69.417,0,17.225,14.211,0.949,1.718,2.41,4.825,1,9,0,0,0,9,1,10,1,0,0,9.589,19.765,56.954,58.462,28.594,14.868,91.021,12.692,0,35.139,84.477,108.75,18.987,1.843,2.978,-0.342,2.087,0,1.658,0,0,0,0,0,3,0,0,0,3,0.5,8300,2.176091259
385,2.305,-0.151,23.075,45.69,69.541,32.352,17.14,14.211,0.872,1.59,2.282,5.024,1,8,1,1,0,8,1,9,1,1,1,9.589,26.186,76.465,46.069,28.594,10.217,97.318,15.564,0,28.594,97.318,94.17,17.013,1.865,3.055,-0.333,2.188,0,1.666,0,0,0,0,0,3,0,0,0,3,4,8300,2.176091259
386,2.305,-0.151,23.075,45.69,69.541,32.352,17.14,14.211,0.872,1.59,2.282,5.024,1,8,1,1,0,8,1,9,1,1,1,9.589,26.186,76.465,46.069,28.594,10.217,97.318,15.564,0,28.594,97.318,94.17,17.013,1.865,3.055,-0.333,2.188,0,1.666,0,0,0,0,0,3,0,0,0,3,2,8300,2.176091259
387,2.305,-0.151,23.075,45.69,69.541,32.352,17.14,14.211,0.872,1.59,2.282,5.024,1,8,1,1,0,8,1,9,1,1,1,9.589,26.186,76.465,46.069,28.594,10.217,97.318,15.564,0,28.594,97.318,94.17,17.013,1.865,3.055,-0.333,2.188,0,1.666,0,0,0,0,0,3,0,0,0,3,1,8300,2.176091259
388,2.305,-0.151,23.075,45.69,69.541,32.352,17.14,14.211,0.872,1.59,2.282,5.024,1,8,1,1,0,8,1,9,1,1,1,9.589,26.186,76.465,46.069,28.594,10.217,97.318,15.564,0,28.594,97.318,94.17,17.013,1.865,3.055,-0.333,2.188,0,1.666,0,0,0,0,0,3,0,0,0,3,0.5,8300,2.176091259
389,2.305,-0.151,23.075,45.69,69.541,32.352,17.14,14.211,0.872,1.59,2.282,5.024,1,8,1,1,0,8,1,9,1,1,1,9.589,26.186,76.465,46.069,28.594,10.217,97.318,15.564,0,28.594,97.318,94.17,17.013,1.865,3.055,-0.333,2.188,0,1.666,0,0,0,0,0,3,0,0,0,3,4,8300,2.176091259
390,2.305,-0.151,23.075,45.69,69.541,32.352,17.14,14.211,0.872,1.59,2.282,5.024,1,8,1,1,0,8,1,9,1,1,1,9.589,26.186,76.465,46.069,28.594,10.217,97.318,15.564,0,28.594,97.318,94.17,17.013,1.865,3.055,-0.333,2.188,0,1.666,0,0,0,0,0,3,0,0,0,3,2,8300,2.176091259
391,2.305,-0.151,23.075,45.69,69.541,32.352,17.14,14.211,0.872,1.59,2.282,5.024,1,8,1,1,0,8,1,9,1,1,1,9.589,26.186,76.465,46.069,28.594,10.217,97.318,15.564,0,28.594,97.318,94.17,17.013,1.865,3.055,-0.333,2.188,0,1.666,0,0,0,0,0,3,0,0,0,3,1,8300,2.176091259
392,2.305,-0.151,23.075,45.69,69.541,32.352,17.14,14.211,0.872,1.59,2.282,5.024,1,8,1,1,0,8,1,9,1,1,1,9.589,26.186,76.465,46.069,28.594,10.217,97.318,15.564,0,28.594,97.318,94.17,17.013,1.865,3.055,-0.333,2.188,0,1.666,0,0,0,0,0,3,0,0,0,3,0.5,8300,2.176091259
393,2.305,-0.151,23.075,45.69,69.541,32.352,17.14,14.211,0.872,1.59,2.282,5.024,1,8,1,1,0,8,1,9,1,1,1,9.589,26.186,76.465,46.069,28.594,10.217,97.318,15.564,0,28.594,97.318,94.17,17.013,1.865,3.055,-0.333,2.188,0,1.666,0,0,0,0,0,3,0,0,0,3,4,8300,3.217483944
394,2.305,-0.151,23.075,45.69,69.541,32.352,17.14,14.211,0.872,1.59,2.282,5.024,1,8,1,1,0,8,1,9,1,1,1,9.589,26.186,76.465,46.069,28.594,10.217,97.318,15.564,0,28.594,97.318,94.17,17.013,1.865,3.055,-0.333,2.188,0,1.666,0,0,0,0,0,3,0,0,0,3,2,8300,3.217483944
395,2.305,-0.151,23.075,45.69,69.541,32.352,17.14,14.211,0.872,1.59,2.282,5.024,1,8,1,1,0,8,1,9,1,1,1,9.589,26.186,76.465,46.069,28.594,10.217,97.318,15.564,0,28.594,97.318,94.17,17.013,1.865,3.055,-0.333,2.188,0,1.666,0,0,0,0,0,3,0,0,0,3,1,8300,2.176091259
396,2.305,-0.151,23.075,45.69,69.541,32.352,17.14,14.211,0.872,1.59,2.282,5.024,1,8,1,1,0,8,1,9,1,1,1,9.589,26.186,76.465,46.069,28.594,10.217,97.318,15.564,0,28.594,97.318,94.17,17.013,1.865,3.055,-0.333,2.188,0,1.666,0,0,0,0,0,3,0,0,0,3,0.5,8300,2.176091259
397,2.305,-0.151,23.075,45.69,69.541,25.931,17.14,14.211,0.895,1.605,2.289,4.634,1,8,1,1,0,8,1,9,1,1,1,9.589,19.765,76.465,46.069,28.594,10.217,90.897,15.342,0,28.594,90.897,94.17,16.996,1.862,3.034,-0.332,2.185,0,1.664,0,0,0,0,0,3,0,0,0,3,4,8300,2.176091259
398,2.305,-0.151,23.075,45.69,69.541,25.931,17.14,14.211,0.895,1.605,2.289,4.634,1,8,1,1,0,8,1,9,1,1,1,9.589,19.765,76.465,46.069,28.594,10.217,90.897,15.342,0,28.594,90.897,94.17,16.996,1.862,3.034,-0.332,2.185,0,1.664,0,0,0,0,0,3,0,0,0,3,2,8300,2.176091259
399,2.305,-0.151,23.075,45.69,69.541,25.931,17.14,14.211,0.895,1.605,2.289,4.634,1,8,1,1,0,8,1,9,1,1,1,9.589,19.765,76.465,46.069,28.594,10.217,90.897,15.342,0,28.594,90.897,94.17,16.996,1.862,3.034,-0.332,2.185,0,1.664,0,0,0,0,0,3,0,0,0,3,1,8300,3.217483944
400,2.305,-0.151,23.075,45.69,69.541,25.931,17.14,14.211,0.895,1.605,2.289,4.634,1,8,1,1,0,8,1,9,1,1,1,9.589,19.765,76.465,46.069,28.594,10.217,90.897,15.342,0,28.594,90.897,94.17,16.996,1.862,3.034,-0.332,2.185,0,1.664,0,0,0,0,0,3,0,0,0,3,0.5,8300,2.176091259
401,2.305,-0.151,23.075,45.69,69.541,25.931,17.14,14.211,0.895,1.605,2.289,4.634,1,8,1,1,0,8,1,9,1,1,1,9.589,19.765,76.465,46.069,28.594,10.217,90.897,15.342,0,28.594,90.897,94.17,16.996,1.862,3.034,-0.332,2.185,0,1.664,0,0,0,0,0,3,0,0,0,3,4,8300,2.176091259
402,2.305,-0.151,23.075,45.69,69.541,25.931,17.14,14.211,0.895,1.605,2.289,4.634,1,8,1,1,0,8,1,9,1,1,1,9.589,19.765,76.465,46.069,28.594,10.217,90.897,15.342,0,28.594,90.897,94.17,16.996,1.862,3.034,-0.332,2.185,0,1.664,0,0,0,0,0,3,0,0,0,3,2,8300,2.176091259
403,2.305,-0.151,23.075,45.69,69.541,25.931,17.14,14.211,0.895,1.605,2.289,4.634,1,8,1,1,0,8,1,9,1,1,1,9.589,19.765,76.465,46.069,28.594,10.217,90.897,15.342,0,28.594,90.897,94.17,16.996,1.862,3.034,-0.332,2.185,0,1.664,0,0,0,0,0,3,0,0,0,3,1,8300,2.176091259
404,2.305,-0.151,23.075,45.69,69.541,25.931,17.14,14.211,0.895,1.605,2.289,4.634,1,8,1,1,0,8,1,9,1,1,1,9.589,19.765,76.465,46.069,28.594,10.217,90.897,15.342,0,28.594,90.897,94.17,16.996,1.862,3.034,-0.332,2.185,0,1.664,0,0,0,0,0,3,0,0,0,3,0.5,8300,2.176091259
405,2.305,-0.151,23.075,45.69,69.541,25.931,17.14,14.211,0.895,1.605,2.289,4.634,1,8,1,1,0,8,1,9,1,1,1,9.589,19.765,76.465,46.069,28.594,10.217,90.897,15.342,0,28.594,90.897,94.17,16.996,1.862,3.034,-0.332,2.185,0,1.664,0,0,0,0,0,3,0,0,0,3,4,8300,2.176091259
406,2.305,-0.151,23.075,45.69,69.541,25.931,17.14,14.211,0.895,1.605,2.289,4.634,1,8,1,1,0,8,1,9,1,1,1,9.589,19.765,76.465,46.069,28.594,10.217,90.897,15.342,0,28.594,90.897,94.17,16.996,1.862,3.034,-0.332,2.185,0,1.664,0,0,0,0,0,3,0,0,0,3,2,8300,2.176091259
407,2.305,-0.151,23.075,45.69,69.541,25.931,17.14,14.211,0.895,1.605,2.289,4.634,1,8,1,1,0,8,1,9,1,1,1,9.589,19.765,76.465,46.069,28.594,10.217,90.897,15.342,0,28.594,90.897,94.17,16.996,1.862,3.034,-0.332,2.185,0,1.664,0,0,0,0,0,3,0,0,0,3,1,8300,2.176091259
408,2.305,-0.151,23.075,45.69,69.541,25.931,17.14,14.211,0.895,1.605,2.289,4.634,1,8,1,1,0,8,1,9,1,1,1,9.589,19.765,76.465,46.069,28.594,10.217,90.897,15.342,0,28.594,90.897,94.17,16.996,1.862,3.034,-0.332,2.185,0,1.664,0,0,0,0,0,3,0,0,0,3,0.5,8300,3.217483944
409,2.305,-0.151,23.075,52.235,68.566,0,17.225,14.211,0.949,1.718,2.41,5.176,1,8,0,0,0,8,1,9,1,0,0,14.573,25.832,62.666,57.835,28.594,10.301,84.477,12.59,0,35.015,83.75,103.82,16.981,1.837,2.958,0.642,2.048,5.803,1.657,0,0,0,0,0,3,0,0,0,3,4,8300,2.176091259
410,2.305,-0.151,23.075,52.235,68.566,0,17.225,14.211,0.949,1.718,2.41,5.176,1,8,0,0,0,8,1,9,1,0,0,14.573,25.832,62.666,57.835,28.594,10.301,84.477,12.59,0,35.015,83.75,103.82,16.981,1.837,2.958,0.642,2.048,5.803,1.657,0,0,0,0,0,3,0,0,0,3,2,8300,2.176091259
411,2.305,-0.151,23.075,52.235,68.566,0,17.225,14.211,0.949,1.718,2.41,5.176,1,8,0,0,0,8,1,9,1,0,0,14.573,25.832,62.666,57.835,28.594,10.301,84.477,12.59,0,35.015,83.75,103.82,16.981,1.837,2.958,0.642,2.048,5.803,1.657,0,0,0,0,0,3,0,0,0,3,1,8300,2.176091259
412,2.305,-0.151,23.075,52.235,68.566,0,17.225,14.211,0.949,1.718,2.41,5.176,1,8,0,0,0,8,1,9,1,0,0,14.573,25.832,62.666,57.835,28.594,10.301,84.477,12.59,0,35.015,83.75,103.82,16.981,1.837,2.958,0.642,2.048,5.803,1.657,0,0,0,0,0,3,0,0,0,3,0.5,8300,2.176091259
413,2.305,-0.151,23.075,52.235,68.566,0,17.225,14.211,0.949,1.718,2.41,5.176,1,8,0,0,0,8,1,9,1,0,0,14.573,25.832,62.666,57.835,28.594,10.301,84.477,12.59,0,35.015,83.75,103.82,16.981,1.837,2.958,0.642,2.048,5.803,1.657,0,0,0,0,0,3,0,0,0,3,4,8300,4.217483944
414,2.305,-0.151,23.075,52.235,68.566,0,17.225,14.211,0.949,1.718,2.41,5.176,1,8,0,0,0,8,1,9,1,0,0,14.573,25.832,62.666,57.835,28.594,10.301,84.477,12.59,0,35.015,83.75,103.82,16.981,1.837,2.958,0.642,2.048,5.803,1.657,0,0,0,0,0,3,0,0,0,3,2,8300,3.217483944
415,2.305,-0.151,23.075,52.235,68.566,0,17.225,14.211,0.949,1.718,2.41,5.176,1,8,0,0,0,8,1,9,1,0,0,14.573,25.832,62.666,57.835,28.594,10.301,84.477,12.59,0,35.015,83.75,103.82,16.981,1.837,2.958,0.642,2.048,5.803,1.657,0,0,0,0,0,3,0,0,0,3,1,8300,3.217483944
416,2.305,-0.151,23.075,52.235,68.566,0,17.225,14.211,0.949,1.718,2.41,5.176,1,8,0,0,0,8,1,9,1,0,0,14.573,25.832,62.666,57.835,28.594,10.301,84.477,12.59,0,35.015,83.75,103.82,16.981,1.837,2.958,0.642,2.048,5.803,1.657,0,0,0,0,0,3,0,0,0,3,0.5,8300,2.176091259
417,2.305,-0.151,23.075,52.235,68.566,0,17.225,14.211,0.949,1.718,2.41,5.176,1,8,0,0,0,8,1,9,1,0,0,14.573,25.832,62.666,57.835,28.594,10.301,84.477,12.59,0,35.015,83.75,103.82,16.981,1.837,2.958,0.642,2.048,5.803,1.657,0,0,0,0,0,3,0,0,0,3,4,8300,3.217483944
418,2.305,-0.151,23.075,52.235,68.566,0,17.225,14.211,0.949,1.718,2.41,5.176,1,8,0,0,0,8,1,9,1,0,0,14.573,25.832,62.666,57.835,28.594,10.301,84.477,12.59,0,35.015,83.75,103.82,16.981,1.837,2.958,0.642,2.048,5.803,1.657,0,0,0,0,0,3,0,0,0,3,2,8300,4.217483944
419,2.305,-0.151,23.075,52.235,68.566,0,17.225,14.211,0.949,1.718,2.41,5.176,1,8,0,0,0,8,1,9,1,0,0,14.573,25.832,62.666,57.835,28.594,10.301,84.477,12.59,0,35.015,83.75,103.82,16.981,1.837,2.958,0.642,2.048,5.803,1.657,0,0,0,0,0,3,0,0,0,3,1,8300,2.176091259
420,2.305,-0.151,23.075,52.235,68.566,0,17.225,14.211,0.949,1.718,2.41,5.176,1,8,0,0,0,8,1,9,1,0,0,14.573,25.832,62.666,57.835,28.594,10.301,84.477,12.59,0,35.015,83.75,103.82,16.981,1.837,2.958,0.642,2.048,5.803,1.657,0,0,0,0,0,3,0,0,0,3,0.5,8300,2.176091259
421,2.305,-0.151,23.075,52.235,89.299,0,17.14,18.947,0.923,1.641,2.333,3.871,1,9,1,1,0,9,1,10,1,1,1,14.489,19.765,50.534,59.158,33.331,10.217,78.056,15.564,0,33.331,78.056,103.4,22.334,1.851,3.014,-0.339,2.121,0,1.661,0,0,0,0,0,4,1,0,0,3,4,8300,3.217483944
422,2.305,-0.151,23.075,52.235,89.299,0,17.14,18.947,0.923,1.641,2.333,3.871,1,9,1,1,0,9,1,10,1,1,1,14.489,19.765,50.534,59.158,33.331,10.217,78.056,15.564,0,33.331,78.056,103.4,22.334,1.851,3.014,-0.339,2.121,0,1.661,0,0,0,0,0,4,1,0,0,3,2,8300,3.217483944
423,2.305,-0.151,23.075,52.235,89.299,0,17.14,18.947,0.923,1.641,2.333,3.871,1,9,1,1,0,9,1,10,1,1,1,14.489,19.765,50.534,59.158,33.331,10.217,78.056,15.564,0,33.331,78.056,103.4,22.334,1.851,3.014,-0.339,2.121,0,1.661,0,0,0,0,0,4,1,0,0,3,1,8300,2.176091259
424,2.305,-0.151,23.075,52.235,89.299,0,17.14,18.947,0.923,1.641,2.333,3.871,1,9,1,1,0,9,1,10,1,1,1,14.489,19.765,50.534,59.158,33.331,10.217,78.056,15.564,0,33.331,78.056,103.4,22.334,1.851,3.014,-0.339,2.121,0,1.661,0,0,0,0,0,4,1,0,0,3,0.5,8300,3.217483944
425,2.305,-0.151,23.075,52.235,89.299,0,17.14,18.947,0.923,1.641,2.333,3.871,1,9,1,1,0,9,1,10,1,1,1,14.489,19.765,50.534,59.158,33.331,10.217,78.056,15.564,0,33.331,78.056,103.4,22.334,1.851,3.014,-0.339,2.121,0,1.661,0,0,0,0,0,4,1,0,0,3,4,8300,3.217483944
426,2.305,-0.151,23.075,52.235,89.299,0,17.14,18.947,0.923,1.641,2.333,3.871,1,9,1,1,0,9,1,10,1,1,1,14.489,19.765,50.534,59.158,33.331,10.217,78.056,15.564,0,33.331,78.056,103.4,22.334,1.851,3.014,-0.339,2.121,0,1.661,0,0,0,0,0,4,1,0,0,3,2,8300,3.217483944
427,2.305,-0.151,23.075,52.235,89.299,0,17.14,18.947,0.923,1.641,2.333,3.871,1,9,1,1,0,9,1,10,1,1,1,14.489,19.765,50.534,59.158,33.331,10.217,78.056,15.564,0,33.331,78.056,103.4,22.334,1.851,3.014,-0.339,2.121,0,1.661,0,0,0,0,0,4,1,0,0,3,1,8300,4.217483944
428,2.305,-0.151,23.075,52.235,89.299,0,17.14,18.947,0.923,1.641,2.333,3.871,1,9,1,1,0,9,1,10,1,1,1,14.489,19.765,50.534,59.158,33.331,10.217,78.056,15.564,0,33.331,78.056,103.4,22.334,1.851,3.014,-0.339,2.121,0,1.661,0,0,0,0,0,4,1,0,0,3,0.5,8300,3.217483944
429,2.305,-0.151,23.075,52.235,89.299,0,17.14,18.947,0.923,1.641,2.333,3.871,1,9,1,1,0,9,1,10,1,1,1,14.489,19.765,50.534,59.158,33.331,10.217,78.056,15.564,0,33.331,78.056,103.4,22.334,1.851,3.014,-0.339,2.121,0,1.661,0,0,0,0,0,4,1,0,0,3,4,8300,3.217483944
430,2.305,-0.151,23.075,52.235,89.299,0,17.14,18.947,0.923,1.641,2.333,3.871,1,9,1,1,0,9,1,10,1,1,1,14.489,19.765,50.534,59.158,33.331,10.217,78.056,15.564,0,33.331,78.056,103.4,22.334,1.851,3.014,-0.339,2.121,0,1.661,0,0,0,0,0,4,1,0,0,3,2,8300,3.217483944
431,2.305,-0.151,23.075,52.235,89.299,0,17.14,18.947,0.923,1.641,2.333,3.871,1,9,1,1,0,9,1,10,1,1,1,14.489,19.765,50.534,59.158,33.331,10.217,78.056,15.564,0,33.331,78.056,103.4,22.334,1.851,3.014,-0.339,2.121,0,1.661,0,0,0,0,0,4,1,0,0,3,1,8300,2.176091259
432,2.305,-0.151,23.075,52.235,89.299,0,17.14,18.947,0.923,1.641,2.333,3.871,1,9,1,1,0,9,1,10,1,1,1,14.489,19.765,50.534,59.158,33.331,10.217,78.056,15.564,0,33.331,78.056,103.4,22.334,1.851,3.014,-0.339,2.121,0,1.661,0,0,0,0,0,4,1,0,0,3,0.5,8300,4.217483944
433,2.304,-0.36,29.575,39.269,56.575,0,12.657,14.211,0.966,1.655,2.241,-0.112,3,6,0,0,0,6,1,8,0,0,0,4.795,19.765,38.36,32.311,41.94,0,65.214,12.828,0,23.8,65.214,89.47,16.789,1.902,0,3.551,2.244,0,1.669,0,0,0,0,0,3,0,0,0,3,4,8300,3.217483944
434,2.304,-0.36,29.575,39.269,56.575,0,12.657,14.211,0.966,1.655,2.241,-0.112,3,6,0,0,0,6,1,8,0,0,0,4.795,19.765,38.36,32.311,41.94,0,65.214,12.828,0,23.8,65.214,89.47,16.789,1.902,0,3.551,2.244,0,1.669,0,0,0,0,0,3,0,0,0,3,2,8300,4.217483944
435,2.304,-0.36,29.575,39.269,56.575,0,12.657,14.211,0.966,1.655,2.241,-0.112,3,6,0,0,0,6,1,8,0,0,0,4.795,19.765,38.36,32.311,41.94,0,65.214,12.828,0,23.8,65.214,89.47,16.789,1.902,0,3.551,2.244,0,1.669,0,0,0,0,0,3,0,0,0,3,1,8300,3.217483944
436,2.304,-0.36,29.575,39.269,56.575,0,12.657,14.211,0.966,1.655,2.241,-0.112,3,6,0,0,0,6,1,8,0,0,0,4.795,19.765,38.36,32.311,41.94,0,65.214,12.828,0,23.8,65.214,89.47,16.789,1.902,0,3.551,2.244,0,1.669,0,0,0,0,0,3,0,0,0,3,0.5,8300,2.176091259
437,2.304,-0.36,29.575,39.269,56.575,0,12.657,14.211,0.966,1.655,2.241,-0.112,3,6,0,0,0,6,1,8,0,0,0,4.795,19.765,38.36,32.311,41.94,0,65.214,12.828,0,23.8,65.214,89.47,16.789,1.902,0,3.551,2.244,0,1.669,0,0,0,0,0,3,0,0,0,3,4,8300,2.176091259
438,2.304,-0.36,29.575,39.269,56.575,0,12.657,14.211,0.966,1.655,2.241,-0.112,3,6,0,0,0,6,1,8,0,0,0,4.795,19.765,38.36,32.311,41.94,0,65.214,12.828,0,23.8,65.214,89.47,16.789,1.902,0,3.551,2.244,0,1.669,0,0,0,0,0,3,0,0,0,3,2,8300,2.176091259
439,2.304,-0.36,29.575,39.269,56.575,0,12.657,14.211,0.966,1.655,2.241,-0.112,3,6,0,0,0,6,1,8,0,0,0,4.795,19.765,38.36,32.311,41.94,0,65.214,12.828,0,23.8,65.214,89.47,16.789,1.902,0,3.551,2.244,0,1.669,0,0,0,0,0,3,0,0,0,3,1,8300,2.176091259
440,2.304,-0.36,29.575,39.269,56.575,0,12.657,14.211,0.966,1.655,2.241,-0.112,3,6,0,0,0,6,1,8,0,0,0,4.795,19.765,38.36,32.311,41.94,0,65.214,12.828,0,23.8,65.214,89.47,16.789,1.902,0,3.551,2.244,0,1.669,0,0,0,0,0,3,0,0,0,3,0.5,8300,2.176091259
441,2.304,-0.36,29.575,39.269,56.575,0,12.657,14.211,0.966,1.655,2.241,-0.112,3,6,0,0,0,6,1,8,0,0,0,4.795,19.765,38.36,32.311,41.94,0,65.214,12.828,0,23.8,65.214,89.47,16.789,1.902,0,3.551,2.244,0,1.669,0,0,0,0,0,3,0,0,0,3,4,8300,2.176091259
442,2.304,-0.36,29.575,39.269,56.575,0,12.657,14.211,0.966,1.655,2.241,-0.112,3,6,0,0,0,6,1,8,0,0,0,4.795,19.765,38.36,32.311,41.94,0,65.214,12.828,0,23.8,65.214,89.47,16.789,1.902,0,3.551,2.244,0,1.669,0,0,0,0,0,3,0,0,0,3,2,8300,2.176091259
443,2.304,-0.36,29.575,39.269,56.575,0,12.657,14.211,0.966,1.655,2.241,-0.112,3,6,0,0,0,6,1,8,0,0,0,4.795,19.765,38.36,32.311,41.94,0,65.214,12.828,0,23.8,65.214,89.47,16.789,1.902,0,3.551,2.244,0,1.669,0,0,0,0,0,3,0,0,0,3,1,8300,2.176091259
444,2.304,-0.36,29.575,39.269,56.575,0,12.657,14.211,0.966,1.655,2.241,-0.112,3,6,0,0,0,6,1,8,0,0,0,4.795,19.765,38.36,32.311,41.94,0,65.214,12.828,0,23.8,65.214,89.47,16.789,1.902,0,3.551,2.244,0,1.669,0,0,0,0,0,3,0,0,0,3,0.5,8300,2.176091259
445,2.305,-0.151,17.168,32.662,69.727,12.842,19.164,14.211,0.875,1.625,2.281,5.032,1,6,0,0,0,7,1,7,0,0,0,4.795,33.11,51.325,38.856,23.8,5.317,84.979,13.125,0,23.8,84.979,73.86,16.949,1.96,3.459,-0.289,2.308,0,1.679,0,0,0,0,0,3,0,0,0,4,4,8300,2.176091259
446,2.305,-0.151,17.168,32.662,69.727,12.842,19.164,14.211,0.875,1.625,2.281,5.032,1,6,0,0,0,7,1,7,0,0,0,4.795,33.11,51.325,38.856,23.8,5.317,84.979,13.125,0,23.8,84.979,73.86,16.949,1.96,3.459,-0.289,2.308,0,1.679,0,0,0,0,0,3,0,0,0,4,2,8300,2.176091259
447,2.305,-0.151,17.168,32.662,69.727,12.842,19.164,14.211,0.875,1.625,2.281,5.032,1,6,0,0,0,7,1,7,0,0,0,4.795,33.11,51.325,38.856,23.8,5.317,84.979,13.125,0,23.8,84.979,73.86,16.949,1.96,3.459,-0.289,2.308,0,1.679,0,0,0,0,0,3,0,0,0,4,1,8300,2.176091259
448,2.305,-0.151,17.168,32.662,69.727,12.842,19.164,14.211,0.875,1.625,2.281,5.032,1,6,0,0,0,7,1,7,0,0,0,4.795,33.11,51.325,38.856,23.8,5.317,84.979,13.125,0,23.8,84.979,73.86,16.949,1.96,3.459,-0.289,2.308,0,1.679,0,0,0,0,0,3,0,0,0,4,0.5,8300,2.176091259
449,2.305,-0.151,17.168,32.662,69.727,12.842,19.164,14.211,0.875,1.625,2.281,5.032,1,6,0,0,0,7,1,7,0,0,0,4.795,33.11,51.325,38.856,23.8,5.317,84.979,13.125,0,23.8,84.979,73.86,16.949,1.96,3.459,-0.289,2.308,0,1.679,0,0,0,0,0,3,0,0,0,4,4,8300,2.176091259
450,2.305,-0.151,17.168,32.662,69.727,12.842,19.164,14.211,0.875,1.625,2.281,5.032,1,6,0,0,0,7,1,7,0,0,0,4.795,33.11,51.325,38.856,23.8,5.317,84.979,13.125,0,23.8,84.979,73.86,16.949,1.96,3.459,-0.289,2.308,0,1.679,0,0,0,0,0,3,0,0,0,4,2,8300,2.176091259
451,2.305,-0.151,17.168,32.662,69.727,12.842,19.164,14.211,0.875,1.625,2.281,5.032,1,6,0,0,0,7,1,7,0,0,0,4.795,33.11,51.325,38.856,23.8,5.317,84.979,13.125,0,23.8,84.979,73.86,16.949,1.96,3.459,-0.289,2.308,0,1.679,0,0,0,0,0,3,0,0,0,4,1,8300,3.217483944
452,2.305,-0.151,17.168,32.662,69.727,12.842,19.164,14.211,0.875,1.625,2.281,5.032,1,6,0,0,0,7,1,7,0,0,0,4.795,33.11,51.325,38.856,23.8,5.317,84.979,13.125,0,23.8,84.979,73.86,16.949,1.96,3.459,-0.289,2.308,0,1.679,0,0,0,0,0,3,0,0,0,4,0.5,8300,2.176091259
453,2.305,-0.151,17.168,32.662,69.727,12.842,19.164,14.211,0.875,1.625,2.281,5.032,1,6,0,0,0,7,1,7,0,0,0,4.795,33.11,51.325,38.856,23.8,5.317,84.979,13.125,0,23.8,84.979,73.86,16.949,1.96,3.459,-0.289,2.308,0,1.679,0,0,0,0,0,3,0,0,0,4,4,8300,2.176091259
454,2.305,-0.151,17.168,32.662,69.727,12.842,19.164,14.211,0.875,1.625,2.281,5.032,1,6,0,0,0,7,1,7,0,0,0,4.795,33.11,51.325,38.856,23.8,5.317,84.979,13.125,0,23.8,84.979,73.86,16.949,1.96,3.459,-0.289,2.308,0,1.679,0,0,0,0,0,3,0,0,0,4,2,8300,2.176091259
455,2.305,-0.151,17.168,32.662,69.727,12.842,19.164,14.211,0.875,1.625,2.281,5.032,1,6,0,0,0,7,1,7,0,0,0,4.795,33.11,51.325,38.856,23.8,5.317,84.979,13.125,0,23.8,84.979,73.86,16.949,1.96,3.459,-0.289,2.308,0,1.679,0,0,0,0,0,3,0,0,0,4,1,8300,2.176091259
456,2.305,-0.151,17.168,32.662,69.727,12.842,19.164,14.211,0.875,1.625,2.281,5.032,1,6,0,0,0,7,1,7,0,0,0,4.795,33.11,51.325,38.856,23.8,5.317,84.979,13.125,0,23.8,84.979,73.86,16.949,1.96,3.459,-0.289,2.308,0,1.679,0,0,0,0,0,3,0,0,0,4,0.5,8300,2.176091259
457,2.305,-0.855,29.575,32.662,50.885,17.198,21.019,14.211,0.935,1.613,2.194,-0.21,1,6,0,0,0,6,1,8,0,0,0,4.795,19.765,38.36,32.311,41.107,0,65.214,12.968,0,23.8,65.214,66.27,16.901,1.972,0,-0.284,2.361,0,6.025,0,0,0,0,0,3,0,0,0,3,4,8300,2.176091259
458,2.305,-0.855,29.575,32.662,50.885,17.198,21.019,14.211,0.935,1.613,2.194,-0.21,1,6,0,0,0,6,1,8,0,0,0,4.795,19.765,38.36,32.311,41.107,0,65.214,12.968,0,23.8,65.214,66.27,16.901,1.972,0,-0.284,2.361,0,6.025,0,0,0,0,0,3,0,0,0,3,2,8300,2.176091259
459,2.305,-0.855,29.575,32.662,50.885,17.198,21.019,14.211,0.935,1.613,2.194,-0.21,1,6,0,0,0,6,1,8,0,0,0,4.795,19.765,38.36,32.311,41.107,0,65.214,12.968,0,23.8,65.214,66.27,16.901,1.972,0,-0.284,2.361,0,6.025,0,0,0,0,0,3,0,0,0,3,1,8300,2.176091259
460,2.305,-0.855,29.575,32.662,50.885,17.198,21.019,14.211,0.935,1.613,2.194,-0.21,1,6,0,0,0,6,1,8,0,0,0,4.795,19.765,38.36,32.311,41.107,0,65.214,12.968,0,23.8,65.214,66.27,16.901,1.972,0,-0.284,2.361,0,6.025,0,0,0,0,0,3,0,0,0,3,0.5,8300,2.176091259
461,2.305,-0.855,29.575,32.662,50.885,17.198,21.019,14.211,0.935,1.613,2.194,-0.21,1,6,0,0,0,6,1,8,0,0,0,4.795,19.765,38.36,32.311,41.107,0,65.214,12.968,0,23.8,65.214,66.27,16.901,1.972,0,-0.284,2.361,0,6.025,0,0,0,0,0,3,0,0,0,3,4,8300,2.176091259
462,2.305,-0.855,29.575,32.662,50.885,17.198,21.019,14.211,0.935,1.613,2.194,-0.21,1,6,0,0,0,6,1,8,0,0,0,4.795,19.765,38.36,32.311,41.107,0,65.214,12.968,0,23.8,65.214,66.27,16.901,1.972,0,-0.284,2.361,0,6.025,0,0,0,0,0,3,0,0,0,3,2,8300,2.176091259
463,2.305,-0.855,29.575,32.662,50.885,17.198,21.019,14.211,0.935,1.613,2.194,-0.21,1,6,0,0,0,6,1,8,0,0,0,4.795,19.765,38.36,32.311,41.107,0,65.214,12.968,0,23.8,65.214,66.27,16.901,1.972,0,-0.284,2.361,0,6.025,0,0,0,0,0,3,0,0,0,3,1,8300,2.176091259
464,2.305,-0.855,29.575,32.662,50.885,17.198,21.019,14.211,0.935,1.613,2.194,-0.21,1,6,0,0,0,6,1,8,0,0,0,4.795,19.765,38.36,32.311,41.107,0,65.214,12.968,0,23.8,65.214,66.27,16.901,1.972,0,-0.284,2.361,0,6.025,0,0,0,0,0,3,0,0,0,3,0.5,8300,2.176091259
465,2.305,-0.855,29.575,32.662,50.885,17.198,21.019,14.211,0.935,1.613,2.194,-0.21,1,6,0,0,0,6,1,8,0,0,0,4.795,19.765,38.36,32.311,41.107,0,65.214,12.968,0,23.8,65.214,66.27,16.901,1.972,0,-0.284,2.361,0,6.025,0,0,0,0,0,3,0,0,0,3,4,8300,2.176091259
466,2.305,-0.855,29.575,32.662,50.885,17.198,21.019,14.211,0.935,1.613,2.194,-0.21,1,6,0,0,0,6,1,8,0,0,0,4.795,19.765,38.36,32.311,41.107,0,65.214,12.968,0,23.8,65.214,66.27,16.901,1.972,0,-0.284,2.361,0,6.025,0,0,0,0,0,3,0,0,0,3,2,8300,2.176091259
467,2.305,-0.855,29.575,32.662,50.885,17.198,21.019,14.211,0.935,1.613,2.194,-0.21,1,6,0,0,0,6,1,8,0,0,0,4.795,19.765,38.36,32.311,41.107,0,65.214,12.968,0,23.8,65.214,66.27,16.901,1.972,0,-0.284,2.361,0,6.025,0,0,0,0,0,3,0,0,0,3,1,8300,2.176091259
468,2.305,-0.855,29.575,32.662,50.885,17.198,21.019,14.211,0.935,1.613,2.194,-0.21,1,6,0,0,0,6,1,8,0,0,0,4.795,19.765,38.36,32.311,41.107,0,65.214,12.968,0,23.8,65.214,66.27,16.901,1.972,0,-0.284,2.361,0,6.025,0,0,0,0,0,3,0,0,0,3,0.5,8300,2.176091259
469,2.305,-0.893,29.575,32.662,50.885,25.387,20.771,14.211,0.879,1.545,2.121,0.571,1,6,0,0,0,6,1,8,0,0,0,4.795,19.765,52.207,32.311,41.107,0,79.062,12.909,0,23.8,79.062,66.27,16.986,2.003,0,-0.287,2.394,0,1.682,0,0,0,0,0,3,0,0,0,3,4,8300,2.176091259
470,2.305,-0.893,29.575,32.662,50.885,25.387,20.771,14.211,0.879,1.545,2.121,0.571,1,6,0,0,0,6,1,8,0,0,0,4.795,19.765,52.207,32.311,41.107,0,79.062,12.909,0,23.8,79.062,66.27,16.986,2.003,0,-0.287,2.394,0,1.682,0,0,0,0,0,3,0,0,0,3,2,8300,2.176091259
471,2.305,-0.893,29.575,32.662,50.885,25.387,20.771,14.211,0.879,1.545,2.121,0.571,1,6,0,0,0,6,1,8,0,0,0,4.795,19.765,52.207,32.311,41.107,0,79.062,12.909,0,23.8,79.062,66.27,16.986,2.003,0,-0.287,2.394,0,1.682,0,0,0,0,0,3,0,0,0,3,1,8300,2.176091259
472,2.305,-0.893,29.575,32.662,50.885,25.387,20.771,14.211,0.879,1.545,2.121,0.571,1,6,0,0,0,6,1,8,0,0,0,4.795,19.765,52.207,32.311,41.107,0,79.062,12.909,0,23.8,79.062,66.27,16.986,2.003,0,-0.287,2.394,0,1.682,0,0,0,0,0,3,0,0,0,3,0.5,8300,2.176091259
473,2.305,-0.893,29.575,32.662,50.885,25.387,20.771,14.211,0.879,1.545,2.121,0.571,1,6,0,0,0,6,1,8,0,0,0,4.795,19.765,52.207,32.311,41.107,0,79.062,12.909,0,23.8,79.062,66.27,16.986,2.003,0,-0.287,2.394,0,1.682,0,0,0,0,0,3,0,0,0,3,4,8300,2.176091259
474,2.305,-0.893,29.575,32.662,50.885,25.387,20.771,14.211,0.879,1.545,2.121,0.571,1,6,0,0,0,6,1,8,0,0,0,4.795,19.765,52.207,32.311,41.107,0,79.062,12.909,0,23.8,79.062,66.27,16.986,2.003,0,-0.287,2.394,0,1.682,0,0,0,0,0,3,0,0,0,3,2,8300,2.176091259
475,2.305,-0.893,29.575,32.662,50.885,25.387,20.771,14.211,0.879,1.545,2.121,0.571,1,6,0,0,0,6,1,8,0,0,0,4.795,19.765,52.207,32.311,41.107,0,79.062,12.909,0,23.8,79.062,66.27,16.986,2.003,0,-0.287,2.394,0,1.682,0,0,0,0,0,3,0,0,0,3,1,8300,2.176091259
476,2.305,-0.893,29.575,32.662,50.885,25.387,20.771,14.211,0.879,1.545,2.121,0.571,1,6,0,0,0,6,1,8,0,0,0,4.795,19.765,52.207,32.311,41.107,0,79.062,12.909,0,23.8,79.062,66.27,16.986,2.003,0,-0.287,2.394,0,1.682,0,0,0,0,0,3,0,0,0,3,0.5,8300,2.176091259
477,2.305,-0.893,29.575,32.662,50.885,25.387,20.771,14.211,0.879,1.545,2.121,0.571,1,6,0,0,0,6,1,8,0,0,0,4.795,19.765,52.207,32.311,41.107,0,79.062,12.909,0,23.8,79.062,66.27,16.986,2.003,0,-0.287,2.394,0,1.682,0,0,0,0,0,3,0,0,0,3,4,8300,2.176091259
478,2.305,-0.893,29.575,32.662,50.885,25.387,20.771,14.211,0.879,1.545,2.121,0.571,1,6,0,0,0,6,1,8,0,0,0,4.795,19.765,52.207,32.311,41.107,0,79.062,12.909,0,23.8,79.062,66.27,16.986,2.003,0,-0.287,2.394,0,1.682,0,0,0,0,0,3,0,0,0,3,2,8300,2.176091259
479,2.305,-0.893,29.575,32.662,50.885,25.387,20.771,14.211,0.879,1.545,2.121,0.571,1,6,0,0,0,6,1,8,0,0,0,4.795,19.765,52.207,32.311,41.107,0,79.062,12.909,0,23.8,79.062,66.27,16.986,2.003,0,-0.287,2.394,0,1.682,0,0,0,0,0,3,0,0,0,3,1,8300,2.176091259
480,2.305,-0.893,29.575,32.662,50.885,25.387,20.771,14.211,0.879,1.545,2.121,0.571,1,6,0,0,0,6,1,8,0,0,0,4.795,19.765,52.207,32.311,41.107,0,79.062,12.909,0,23.8,79.062,66.27,16.986,2.003,0,-0.287,2.394,0,1.682,0,0,0,0,0,3,0,0,0,3,0.5,8300,2.176091259