Paper_ID,ID,input1,input2,input3,input4,B_num,RC_ratio,Wt_1,TPSA_1,NumHDonors_1,NumHAcceptors_1,MolLogP_1,NumRotatableBonds_1,HeavyAtomCount_1,RingCount_1,BertzCT_1,Wt_2,TPSA_2,NumHDonors_2,NumHAcceptors_2,MolLogP_2,NumRotatableBonds_2,HeavyAtomCount_2,RingCount_2,BertzCT_2,Wt_3,TPSA_3,NumHDonors_3,NumHAcceptors_3,MolLogP_3,NumRotatableBonds_3,HeavyAtomCount_3,RingCount_3,BertzCT_3,Wt_4,TPSA_4,NumHDonors_4,NumHAcceptors_4,MolLogP_4,NumRotatableBonds_4,HeavyAtomCount_4,RingCount_4,BertzCT_4,1h [Cell] (Dots (CellBody)) MeanIntensity CH2 TOTAL (AVG),4h [Cell] (Dots (CellBody)) MeanIntensity CH2 TOTAL (AVG),ymax,k,Expression
100,1,*CCCCCCCCCCCC,*CC(*)C(=O)OCCN(CC)CC,*CC(*)C(=O)OCCOc1ccccc1,*SC(=S)SC(C)(C#N)CCC(=O)O,2,2,170.34,0,0,0,4.9272,9,12,0,56.4385619,173.256,29.54,0,3,1.2814,6,12,0,121.6969429,194.23,35.53,0,3,2.0186,5,14,1,269.1209499,235.355,61.09,2,4,2.08138,4,13,0,260.9534945,2417.6352,795.2932918,1088.35232,0.008408257,2.645422269
100,2,*CCCCCCCCCCCC,*CC(*)C(=O)OCCN(CC)CC,*CC(*)C(=O)OCCOc1ccccc1,*SC(=S)SC(C)(C#N)CCC(=O)O,2,1,170.34,0,0,0,4.9272,9,12,0,56.4385619,173.256,29.54,0,3,1.2814,6,12,0,121.6969429,194.23,35.53,0,3,2.0186,5,14,1,269.1209499,235.355,61.09,2,4,2.08138,4,13,0,260.9534945,2097.6624,387.399632,1538.331373,0.008063258,2.871864702
100,3,*CCCCCCCCCCCC,*CC(*)C(=O)OCCN(CC)CC,*CC(*)C(=O)OCCOc1ccccc1,*SC(=S)SC(C)(C#N)CCC(=O)O,2,0.5,170.34,0,0,0,4.9272,9,12,0,56.4385619,173.256,29.54,0,3,1.2814,6,12,0,121.6969429,194.23,35.53,0,3,2.0186,5,14,1,269.1209499,235.355,61.09,2,4,2.08138,4,13,0,260.9534945,4117.1173,998.7684313,1565.833658,0.013410132,2.650307523
100,4,*CCCCCCCCCCCC,*CC(*)C(=O)OCCN(CC)CC,*CC(*)C(=O)OCCOc1ccccc1,*SC(=S)SC(C)(C#N)CCC(=O)O,5,2,170.34,0,0,0,4.9272,9,12,0,56.4385619,173.256,29.54,0,3,1.2814,6,12,0,121.6969429,194.23,35.53,0,3,2.0186,5,14,1,269.1209499,235.355,61.09,2,4,2.08138,4,13,0,260.9534945,2316.2103,352.8360529,1073.248058,0.014996841,2.155336037
100,5,*CCCCCCCCCCCC,*CC(*)C(=O)OCCN(CC)CC,*CC(*)C(=O)OCCOc1ccccc1,*SC(=S)SC(C)(C#N)CCC(=O)O,5,1,170.34,0,0,0,4.9272,9,12,0,56.4385619,173.256,29.54,0,3,1.2814,6,12,0,121.6969429,194.23,35.53,0,3,2.0186,5,14,1,269.1209499,235.355,61.09,2,4,2.08138,4,13,0,260.9534945,15884.3856,10039.39634,1425.08431,0.02602843,2.483587297
100,6,*CCCCCCCCCCCC,*CC(*)C(=O)OCCN(CC)CC,*CC(*)C(=O)OCCOc1ccccc1,*SC(=S)SC(C)(C#N)CCC(=O)O,5,0.5,170.34,0,0,0,4.9272,9,12,0,56.4385619,173.256,29.54,0,3,1.2814,6,12,0,121.6969429,194.23,35.53,0,3,2.0186,5,14,1,269.1209499,235.355,61.09,2,4,2.08138,4,13,0,260.9534945,6665.5683,2697.852251,2100.218503,0.009360359,3.716796042
100,7,*CCCCCCCCCCCC,*CC(*)C(=O)OCCN(CC)CC,*CC(*)C(=O)OCCOc1ccccc1,*SC(=S)SC(C)(C#N)CCC(=O)O,10,2,170.34,0,0,0,4.9272,9,12,0,56.4385619,173.256,29.54,0,3,1.2814,6,12,0,121.6969429,194.23,35.53,0,3,2.0186,5,14,1,269.1209499,235.355,61.09,2,4,2.08138,4,13,0,260.9534945,3908.8865,1039.986271,1094.134169,0.026400269,2.47348697
100,8,*CCCCCCCCCCCC,*CC(*)C(=O)OCCN(CC)CC,*CC(*)C(=O)OCCOc1ccccc1,*SC(=S)SC(C)(C#N)CCC(=O)O,10,1,170.34,0,0,0,4.9272,9,12,0,56.4385619,173.256,29.54,0,3,1.2814,6,12,0,121.6969429,194.23,35.53,0,3,2.0186,5,14,1,269.1209499,235.355,61.09,2,4,2.08138,4,13,0,260.9534945,1166.0606,1502.729889,2072.26702,0.032555403,2.55448916
100,9,*CCCCCCCCCCCC,*CC(*)C(=O)OCCN(CC)CC,*CC(*)C(=O)OCCOc1ccccc1,*SC(=S)SC(C)(C#N)CCC(=O)O,10,0.5,170.34,0,0,0,4.9272,9,12,0,56.4385619,173.256,29.54,0,3,1.2814,6,12,0,121.6969429,194.23,35.53,0,3,2.0186,5,14,1,269.1209499,235.355,61.09,2,4,2.08138,4,13,0,260.9534945,1969.4942,741.5838236,874.5855581,0.007520932,2.626853415
100,10,*CCCCCCCCCCCC,*CC(*)C(=O)OCCN(CC)CC,*CC(*)C(=O)OCCOc1ccccc1,*SC(=S)SC(C)(C#N)CCC(=O)O,20,2,170.34,0,0,0,4.9272,9,12,0,56.4385619,173.256,29.54,0,3,1.2814,6,12,0,121.6969429,194.23,35.53,0,3,2.0186,5,14,1,269.1209499,235.355,61.09,2,4,2.08138,4,13,0,260.9534945,1540.8472,1212.568058,966.3345527,0.029602142,2.785329835
100,11,*CCCCCCCCCCCC,*CC(*)C(=O)OCCN(CC)CC,*CC(*)C(=O)OCCOc1ccccc1,*SC(=S)SC(C)(C#N)CCC(=O)O,20,1,170.34,0,0,0,4.9272,9,12,0,56.4385619,173.256,29.54,0,3,1.2814,6,12,0,121.6969429,194.23,35.53,0,3,2.0186,5,14,1,269.1209499,235.355,61.09,2,4,2.08138,4,13,0,260.9534945,1599.3348,1434.911869,1945.822703,0.018160365,3.624230514
100,12,*CCCCCCCCCCCC,*CC(*)C(=O)OCCN(CC)CC,*CC(*)C(=O)OCCOc1ccccc1,*SC(=S)SC(C)(C#N)CCC(=O)O,20,0.5,170.34,0,0,0,4.9272,9,12,0,56.4385619,173.256,29.54,0,3,1.2814,6,12,0,121.6969429,194.23,35.53,0,3,2.0186,5,14,1,269.1209499,235.355,61.09,2,4,2.08138,4,13,0,260.9534945,12388.917,2290.605782,1656.95301,0.02836234,2.968482949
100,13,*CCCCCCCCCCCC,*CC(*)C(=O)OCCN(CC)CC,*CC(*)(C)C(=O)OCCCCCC,*SC(=S)SC(C)(C#N)CCC(=O)O,2,2,170.34,0,0,0,4.9272,9,12,0,56.4385619,173.256,29.54,0,3,1.2814,6,12,0,121.6969429,172.268,26.3,0,2,2.7659,6,12,0,119.0069869,235.355,61.09,2,4,2.08138,4,13,0,260.9534945,1334.7193,709.381332,802.1460905,0.020549988,3.113943352
100,14,*CCCCCCCCCCCC,*CC(*)C(=O)OCCN(CC)CC,*CC(*)(C)C(=O)OCCCCCC,*SC(=S)SC(C)(C#N)CCC(=O)O,2,1,170.34,0,0,0,4.9272,9,12,0,56.4385619,173.256,29.54,0,3,1.2814,6,12,0,121.6969429,172.268,26.3,0,2,2.7659,6,12,0,119.0069869,235.355,61.09,2,4,2.08138,4,13,0,260.9534945,1330.0989,623.7339405,891.6881017,0.009001841,3.3872118
100,15,*CCCCCCCCCCCC,*CC(*)C(=O)OCCN(CC)CC,*CC(*)(C)C(=O)OCCCCCC,*SC(=S)SC(C)(C#N)CCC(=O)O,2,0.5,170.34,0,0,0,4.9272,9,12,0,56.4385619,173.256,29.54,0,3,1.2814,6,12,0,121.6969429,172.268,26.3,0,2,2.7659,6,12,0,119.0069869,235.355,61.09,2,4,2.08138,4,13,0,260.9534945,11717.116,3034.77837,1056.853643,0.008169531,3.682506086
100,16,*CCCCCCCCCCCC,*CC(*)C(=O)OCCN(CC)CC,*CC(*)(C)C(=O)OCCCCCC,*SC(=S)SC(C)(C#N)CCC(=O)O,5,2,170.34,0,0,0,4.9272,9,12,0,56.4385619,173.256,29.54,0,3,1.2814,6,12,0,121.6969429,172.268,26.3,0,2,2.7659,6,12,0,119.0069869,235.355,61.09,2,4,2.08138,4,13,0,260.9534945,6473.3536,1711.517475,1850.043965,0.018721251,2.593286067
100,17,*CCCCCCCCCCCC,*CC(*)C(=O)OCCN(CC)CC,*CC(*)(C)C(=O)OCCCCCC,*SC(=S)SC(C)(C#N)CCC(=O)O,5,1,170.34,0,0,0,4.9272,9,12,0,56.4385619,173.256,29.54,0,3,1.2814,6,12,0,121.6969429,172.268,26.3,0,2,2.7659,6,12,0,119.0069869,235.355,61.09,2,4,2.08138,4,13,0,260.9534945,4592.5256,1569.407419,2223.878608,0.018672831,2.857633985
100,18,*CCCCCCCCCCCC,*CC(*)C(=O)OCCN(CC)CC,*CC(*)(C)C(=O)OCCCCCC,*SC(=S)SC(C)(C#N)CCC(=O)O,5,0.5,170.34,0,0,0,4.9272,9,12,0,56.4385619,173.256,29.54,0,3,1.2814,6,12,0,121.6969429,172.268,26.3,0,2,2.7659,6,12,0,119.0069869,235.355,61.09,2,4,2.08138,4,13,0,260.9534945,3130.5095,786.4898088,2219.273668,0.021320599,3.245389271
100,19,*CCCCCCCCCCCC,*CC(*)C(=O)OCCN(CC)CC,*CC(*)(C)C(=O)OCCCCCC,*SC(=S)SC(C)(C#N)CCC(=O)O,10,2,170.34,0,0,0,4.9272,9,12,0,56.4385619,173.256,29.54,0,3,1.2814,6,12,0,121.6969429,172.268,26.3,0,2,2.7659,6,12,0,119.0069869,235.355,61.09,2,4,2.08138,4,13,0,260.9534945,2413.9528,462.3989409,1892.016156,0.024939144,2.739176632
100,20,*CCCCCCCCCCCC,*CC(*)C(=O)OCCN(CC)CC,*CC(*)(C)C(=O)OCCCCCC,*SC(=S)SC(C)(C#N)CCC(=O)O,10,1,170.34,0,0,0,4.9272,9,12,0,56.4385619,173.256,29.54,0,3,1.2814,6,12,0,121.6969429,172.268,26.3,0,2,2.7659,6,12,0,119.0069869,235.355,61.09,2,4,2.08138,4,13,0,260.9534945,1676.4694,818.0967583,2061.851062,0.023664581,3.244895334
100,21,*CCCCCCCCCCCC,*CC(*)C(=O)OCCN(CC)CC,*CC(*)(C)C(=O)OCCCCCC,*SC(=S)SC(C)(C#N)CCC(=O)O,10,0.5,170.34,0,0,0,4.9272,9,12,0,56.4385619,173.256,29.54,0,3,1.2814,6,12,0,121.6969429,172.268,26.3,0,2,2.7659,6,12,0,119.0069869,235.355,61.09,2,4,2.08138,4,13,0,260.9534945,887.9646,591.9699365,2653.088274,0.010263537,3.210986974
100,22,*CCCCCCCCCCCC,*CC(*)C(=O)OCCN(CC)CC,*CC(*)(C)C(=O)OCCCCCC,*SC(=S)SC(C)(C#N)CCC(=O)O,20,2,170.34,0,0,0,4.9272,9,12,0,56.4385619,173.256,29.54,0,3,1.2814,6,12,0,121.6969429,172.268,26.3,0,2,2.7659,6,12,0,119.0069869,235.355,61.09,2,4,2.08138,4,13,0,260.9534945,9841.2334,5772.448674,1681.743775,0.012335759,2.914078585
100,23,*CCCCCCCCCCCC,*CC(*)C(=O)OCCN(CC)CC,*CC(*)(C)C(=O)OCCCCCC,*SC(=S)SC(C)(C#N)CCC(=O)O,20,1,170.34,0,0,0,4.9272,9,12,0,56.4385619,173.256,29.54,0,3,1.2814,6,12,0,121.6969429,172.268,26.3,0,2,2.7659,6,12,0,119.0069869,235.355,61.09,2,4,2.08138,4,13,0,260.9534945,9800.9521,1760.841012,2104.530369,0.013627284,2.971043792
100,24,*CCCCCCCCCCCC,*CC(*)C(=O)OCCN(CC)CC,*CC(*)(C)C(=O)OCCCCCC,*SC(=S)SC(C)(C#N)CCC(=O)O,20,0.5,170.34,0,0,0,4.9272,9,12,0,56.4385619,173.256,29.54,0,3,1.2814,6,12,0,121.6969429,172.268,26.3,0,2,2.7659,6,12,0,119.0069869,235.355,61.09,2,4,2.08138,4,13,0,260.9534945,7319.8368,514.5979456,2456.05173,0.040993904,2.979092901
100,25,*CCCCCCCCCCCC,*CC(*)C(=O)OCCN(CC)CC,*CC(*)C(=O)OCC(CC)CCCC,*SC(=S)SC(C)(C#N)CCC(=O)O,2,2,170.34,0,0,0,4.9272,9,12,0,56.4385619,173.256,29.54,0,3,1.2814,6,12,0,121.6969429,186.295,26.3,0,2,3.156,7,13,0,132.0519685,235.355,61.09,2,4,2.08138,4,13,0,260.9534945,6218.2429,1285.400226,NAN_ymax,NAN_k,2.386498966
100,26,*CCCCCCCCCCCC,*CC(*)C(=O)OCCN(CC)CC,*CC(*)C(=O)OCC(CC)CCCC,*SC(=S)SC(C)(C#N)CCC(=O)O,2,1,170.34,0,0,0,4.9272,9,12,0,56.4385619,173.256,29.54,0,3,1.2814,6,12,0,121.6969429,186.295,26.3,0,2,3.156,7,13,0,132.0519685,235.355,61.09,2,4,2.08138,4,13,0,260.9534945,5672.8033,524.0507276,388.5533351,0.009643833,2.530839779
100,27,*CCCCCCCCCCCC,*CC(*)C(=O)OCCN(CC)CC,*CC(*)C(=O)OCC(CC)CCCC,*SC(=S)SC(C)(C#N)CCC(=O)O,2,0.5,170.34,0,0,0,4.9272,9,12,0,56.4385619,173.256,29.54,0,3,1.2814,6,12,0,121.6969429,186.295,26.3,0,2,3.156,7,13,0,132.0519685,235.355,61.09,2,4,2.08138,4,13,0,260.9534945,2026.7939,380.8602631,898.1464406,0.01032006,2.871280973
100,28,*CCCCCCCCCCCC,*CC(*)C(=O)OCCN(CC)CC,*CC(*)C(=O)OCC(CC)CCCC,*SC(=S)SC(C)(C#N)CCC(=O)O,5,2,170.34,0,0,0,4.9272,9,12,0,56.4385619,173.256,29.54,0,3,1.2814,6,12,0,121.6969429,186.295,26.3,0,2,3.156,7,13,0,132.0519685,235.355,61.09,2,4,2.08138,4,13,0,260.9534945,2241.48,1622.69421,321.2301825,0.004784734,2.130333768
100,29,*CCCCCCCCCCCC,*CC(*)C(=O)OCCN(CC)CC,*CC(*)C(=O)OCC(CC)CCCC,*SC(=S)SC(C)(C#N)CCC(=O)O,5,1,170.34,0,0,0,4.9272,9,12,0,56.4385619,173.256,29.54,0,3,1.2814,6,12,0,121.6969429,186.295,26.3,0,2,3.156,7,13,0,132.0519685,235.355,61.09,2,4,2.08138,4,13,0,260.9534945,2449.4238,432.9401593,NAN_ymax,NAN_k,2.907680024
100,30,*CCCCCCCCCCCC,*CC(*)C(=O)OCCN(CC)CC,*CC(*)C(=O)OCC(CC)CCCC,*SC(=S)SC(C)(C#N)CCC(=O)O,5,0.5,170.34,0,0,0,4.9272,9,12,0,56.4385619,173.256,29.54,0,3,1.2814,6,12,0,121.6969429,186.295,26.3,0,2,3.156,7,13,0,132.0519685,235.355,61.09,2,4,2.08138,4,13,0,260.9534945,1436.1235,467.0367912,NAN_ymax,NAN_k,4.440279213
100,31,*CCCCCCCCCCCC,*CC(*)C(=O)OCCN(CC)CC,*CC(*)C(=O)OCC(CC)CCCC,*SC(=S)SC(C)(C#N)CCC(=O)O,10,2,170.34,0,0,0,4.9272,9,12,0,56.4385619,173.256,29.54,0,3,1.2814,6,12,0,121.6969429,186.295,26.3,0,2,3.156,7,13,0,132.0519685,235.355,61.09,2,4,2.08138,4,13,0,260.9534945,12701.487,8824.742307,516.4489603,0.00561741,2.491361694
100,32,*CCCCCCCCCCCC,*CC(*)C(=O)OCCN(CC)CC,*CC(*)C(=O)OCC(CC)CCCC,*SC(=S)SC(C)(C#N)CCC(=O)O,10,1,170.34,0,0,0,4.9272,9,12,0,56.4385619,173.256,29.54,0,3,1.2814,6,12,0,121.6969429,186.295,26.3,0,2,3.156,7,13,0,132.0519685,235.355,61.09,2,4,2.08138,4,13,0,260.9534945,7995.8776,3415.545876,1168.33363,0.006754037,3.539515192
100,33,*CCCCCCCCCCCC,*CC(*)C(=O)OCCN(CC)CC,*CC(*)C(=O)OCC(CC)CCCC,*SC(=S)SC(C)(C#N)CCC(=O)O,10,0.5,170.34,0,0,0,4.9272,9,12,0,56.4385619,173.256,29.54,0,3,1.2814,6,12,0,121.6969429,186.295,26.3,0,2,3.156,7,13,0,132.0519685,235.355,61.09,2,4,2.08138,4,13,0,260.9534945,6742.4667,1260.034347,2270.599182,0.012614113,2.955206538
100,34,*CCCCCCCCCCCC,*CC(*)C(=O)OCCN(CC)CC,*CC(*)C(=O)OCC(CC)CCCC,*SC(=S)SC(C)(C#N)CCC(=O)O,20,2,170.34,0,0,0,4.9272,9,12,0,56.4385619,173.256,29.54,0,3,1.2814,6,12,0,121.6969429,186.295,26.3,0,2,3.156,7,13,0,132.0519685,235.355,61.09,2,4,2.08138,4,13,0,260.9534945,2268.1628,898.0469724,1305.597997,0.00669376,2.644930708
100,35,*CCCCCCCCCCCC,*CC(*)C(=O)OCCN(CC)CC,*CC(*)C(=O)OCC(CC)CCCC,*SC(=S)SC(C)(C#N)CCC(=O)O,20,1,170.34,0,0,0,4.9272,9,12,0,56.4385619,173.256,29.54,0,3,1.2814,6,12,0,121.6969429,186.295,26.3,0,2,3.156,7,13,0,132.0519685,235.355,61.09,2,4,2.08138,4,13,0,260.9534945,3375.1054,1488.159661,1159.948233,0.010768008,3.068371418
100,36,*CCCCCCCCCCCC,*CC(*)C(=O)OCCN(CC)CC,*CC(*)C(=O)OCC(CC)CCCC,*SC(=S)SC(C)(C#N)CCC(=O)O,20,0.5,170.34,0,0,0,4.9272,9,12,0,56.4385619,173.256,29.54,0,3,1.2814,6,12,0,121.6969429,186.295,26.3,0,2,3.156,7,13,0,132.0519685,235.355,61.09,2,4,2.08138,4,13,0,260.9534945,3117.6836,783.6143416,2033.435142,0.020880808,2.374748346
100,37,*CCCCCCCCCCCC,*CC(*)(C)C(=O)OCCN(C)C,*CC(*)C(=O)OCCOc1ccccc1,*SC(=S)SC(C)(C#N)CCC(=O)O,2,2,170.34,0,0,0,4.9272,9,12,0,56.4385619,159.229,29.54,0,3,0.7472,4,11,0,121.2604657,194.23,35.53,0,3,2.0186,5,14,1,269.1209499,235.355,61.09,2,4,2.08138,4,13,0,260.9534945,2911.7554,1245.606417,NAN_ymax,NAN_k,2.770852012
100,38,*CCCCCCCCCCCC,*CC(*)(C)C(=O)OCCN(C)C,*CC(*)C(=O)OCCOc1ccccc1,*SC(=S)SC(C)(C#N)CCC(=O)O,2,1,170.34,0,0,0,4.9272,9,12,0,56.4385619,159.229,29.54,0,3,0.7472,4,11,0,121.2604657,194.23,35.53,0,3,2.0186,5,14,1,269.1209499,235.355,61.09,2,4,2.08138,4,13,0,260.9534945,3051.3299,858.084514,1083.983496,0.004437949,2.440909082
100,39,*CCCCCCCCCCCC,*CC(*)(C)C(=O)OCCN(C)C,*CC(*)C(=O)OCCOc1ccccc1,*SC(=S)SC(C)(C#N)CCC(=O)O,2,0.5,170.34,0,0,0,4.9272,9,12,0,56.4385619,159.229,29.54,0,3,0.7472,4,11,0,121.2604657,194.23,35.53,0,3,2.0186,5,14,1,269.1209499,235.355,61.09,2,4,2.08138,4,13,0,260.9534945,1366.6163,377.280686,739.2085384,0.006130928,2.268343914
100,40,*CCCCCCCCCCCC,*CC(*)(C)C(=O)OCCN(C)C,*CC(*)C(=O)OCCOc1ccccc1,*SC(=S)SC(C)(C#N)CCC(=O)O,5,2,170.34,0,0,0,4.9272,9,12,0,56.4385619,159.229,29.54,0,3,0.7472,4,11,0,121.2604657,194.23,35.53,0,3,2.0186,5,14,1,269.1209499,235.355,61.09,2,4,2.08138,4,13,0,260.9534945,6150.5212,1586.258626,692.9596202,0.00635946,2.522444234
100,41,*CCCCCCCCCCCC,*CC(*)(C)C(=O)OCCN(C)C,*CC(*)C(=O)OCCOc1ccccc1,*SC(=S)SC(C)(C#N)CCC(=O)O,5,1,170.34,0,0,0,4.9272,9,12,0,56.4385619,159.229,29.54,0,3,0.7472,4,11,0,121.2604657,194.23,35.53,0,3,2.0186,5,14,1,269.1209499,235.355,61.09,2,4,2.08138,4,13,0,260.9534945,5046.0818,1374.122301,829.0827072,0.010874379,2.936764998
100,42,*CCCCCCCCCCCC,*CC(*)(C)C(=O)OCCN(C)C,*CC(*)C(=O)OCCOc1ccccc1,*SC(=S)SC(C)(C#N)CCC(=O)O,5,0.5,170.34,0,0,0,4.9272,9,12,0,56.4385619,159.229,29.54,0,3,0.7472,4,11,0,121.2604657,194.23,35.53,0,3,2.0186,5,14,1,269.1209499,235.355,61.09,2,4,2.08138,4,13,0,260.9534945,3958.7902,694.6203195,NAN_ymax,NAN_k,5.381960274
100,43,*CCCCCCCCCCCC,*CC(*)(C)C(=O)OCCN(C)C,*CC(*)C(=O)OCCOc1ccccc1,*SC(=S)SC(C)(C#N)CCC(=O)O,10,2,170.34,0,0,0,4.9272,9,12,0,56.4385619,159.229,29.54,0,3,0.7472,4,11,0,121.2604657,194.23,35.53,0,3,2.0186,5,14,1,269.1209499,235.355,61.09,2,4,2.08138,4,13,0,260.9534945,2364.2494,532.1627493,693.4032707,0.014885893,3.410439786
100,44,*CCCCCCCCCCCC,*CC(*)(C)C(=O)OCCN(C)C,*CC(*)C(=O)OCCOc1ccccc1,*SC(=S)SC(C)(C#N)CCC(=O)O,10,1,170.34,0,0,0,4.9272,9,12,0,56.4385619,159.229,29.54,0,3,0.7472,4,11,0,121.2604657,194.23,35.53,0,3,2.0186,5,14,1,269.1209499,235.355,61.09,2,4,2.08138,4,13,0,260.9534945,2659.3678,843.9042868,1320.083774,0.01068442,3.72607487
100,45,*CCCCCCCCCCCC,*CC(*)(C)C(=O)OCCN(C)C,*CC(*)C(=O)OCCOc1ccccc1,*SC(=S)SC(C)(C#N)CCC(=O)O,10,0.5,170.34,0,0,0,4.9272,9,12,0,56.4385619,159.229,29.54,0,3,0.7472,4,11,0,121.2604657,194.23,35.53,0,3,2.0186,5,14,1,269.1209499,235.355,61.09,2,4,2.08138,4,13,0,260.9534945,2400.7732,764.1712085,889.122306,0.008862252,5.321048224
100,46,*CCCCCCCCCCCC,*CC(*)(C)C(=O)OCCN(C)C,*CC(*)C(=O)OCCOc1ccccc1,*SC(=S)SC(C)(C#N)CCC(=O)O,20,2,170.34,0,0,0,4.9272,9,12,0,56.4385619,159.229,29.54,0,3,0.7472,4,11,0,121.2604657,194.23,35.53,0,3,2.0186,5,14,1,269.1209499,235.355,61.09,2,4,2.08138,4,13,0,260.9534945,1463.5333,627.9986546,802.1262062,0.013822494,3.551327988
100,47,*CCCCCCCCCCCC,*CC(*)(C)C(=O)OCCN(C)C,*CC(*)C(=O)OCCOc1ccccc1,*SC(=S)SC(C)(C#N)CCC(=O)O,20,1,170.34,0,0,0,4.9272,9,12,0,56.4385619,159.229,29.54,0,3,0.7472,4,11,0,121.2604657,194.23,35.53,0,3,2.0186,5,14,1,269.1209499,235.355,61.09,2,4,2.08138,4,13,0,260.9534945,14475.7878,6329.272138,1032.131282,0.024194863,4.553336782
100,48,*CCCCCCCCCCCC,*CC(*)(C)C(=O)OCCN(C)C,*CC(*)C(=O)OCCOc1ccccc1,*SC(=S)SC(C)(C#N)CCC(=O)O,20,0.5,170.34,0,0,0,4.9272,9,12,0,56.4385619,159.229,29.54,0,3,0.7472,4,11,0,121.2604657,194.23,35.53,0,3,2.0186,5,14,1,269.1209499,235.355,61.09,2,4,2.08138,4,13,0,260.9534945,11367.97,3014.301207,2135.8213,0.012985897,4.477425155
100,49,*CCCCCCCCCCCC,*CC(*)(C)C(=O)OCCN(C)C,*CC(*)(C)C(=O)OCCCCCC,*SC(=S)SC(C)(C#N)CCC(=O)O,2,2,170.34,0,0,0,4.9272,9,12,0,56.4385619,159.229,29.54,0,3,0.7472,4,11,0,121.2604657,172.268,26.3,0,2,2.7659,6,12,0,119.0069869,235.355,61.09,2,4,2.08138,4,13,0,260.9534945,6375.5928,792.5706629,NAN_ymax,NAN_k,2.598243192
100,50,*CCCCCCCCCCCC,*CC(*)(C)C(=O)OCCN(C)C,*CC(*)(C)C(=O)OCCCCCC,*SC(=S)SC(C)(C#N)CCC(=O)O,2,1,170.34,0,0,0,4.9272,9,12,0,56.4385619,159.229,29.54,0,3,0.7472,4,11,0,121.2604657,172.268,26.3,0,2,2.7659,6,12,0,119.0069869,235.355,61.09,2,4,2.08138,4,13,0,260.9534945,2288.4595,782.6488255,NAN_ymax,NAN_k,2.181843588
100,51,*CCCCCCCCCCCC,*CC(*)(C)C(=O)OCCN(C)C,*CC(*)(C)C(=O)OCCCCCC,*SC(=S)SC(C)(C#N)CCC(=O)O,2,0.5,170.34,0,0,0,4.9272,9,12,0,56.4385619,159.229,29.54,0,3,0.7472,4,11,0,121.2604657,172.268,26.3,0,2,2.7659,6,12,0,119.0069869,235.355,61.09,2,4,2.08138,4,13,0,260.9534945,2381.5867,243.7959772,NAN_ymax,NAN_k,2.328379603
100,52,*CCCCCCCCCCCC,*CC(*)(C)C(=O)OCCN(C)C,*CC(*)(C)C(=O)OCCCCCC,*SC(=S)SC(C)(C#N)CCC(=O)O,5,2,170.34,0,0,0,4.9272,9,12,0,56.4385619,159.229,29.54,0,3,0.7472,4,11,0,121.2604657,172.268,26.3,0,2,2.7659,6,12,0,119.0069869,235.355,61.09,2,4,2.08138,4,13,0,260.9534945,3191.1065,1038.899539,489.0599757,0.025390693,3.414973348
100,53,*CCCCCCCCCCCC,*CC(*)(C)C(=O)OCCN(C)C,*CC(*)(C)C(=O)OCCCCCC,*SC(=S)SC(C)(C#N)CCC(=O)O,5,1,170.34,0,0,0,4.9272,9,12,0,56.4385619,159.229,29.54,0,3,0.7472,4,11,0,121.2604657,172.268,26.3,0,2,2.7659,6,12,0,119.0069869,235.355,61.09,2,4,2.08138,4,13,0,260.9534945,10212.043,9015.896575,1439.5041,0.005673087,5.129494931
100,54,*CCCCCCCCCCCC,*CC(*)(C)C(=O)OCCN(C)C,*CC(*)(C)C(=O)OCCCCCC,*SC(=S)SC(C)(C#N)CCC(=O)O,5,0.5,170.34,0,0,0,4.9272,9,12,0,56.4385619,159.229,29.54,0,3,0.7472,4,11,0,121.2604657,172.268,26.3,0,2,2.7659,6,12,0,119.0069869,235.355,61.09,2,4,2.08138,4,13,0,260.9534945,1742.8729,699.7303872,2089.852307,0.035186458,3.525498311
100,55,*CCCCCCCCCCCC,*CC(*)(C)C(=O)OCCN(C)C,*CC(*)(C)C(=O)OCCCCCC,*SC(=S)SC(C)(C#N)CCC(=O)O,10,2,170.34,0,0,0,4.9272,9,12,0,56.4385619,159.229,29.54,0,3,0.7472,4,11,0,121.2604657,172.268,26.3,0,2,2.7659,6,12,0,119.0069869,235.355,61.09,2,4,2.08138,4,13,0,260.9534945,9605.3684,4430.467729,851.4810937,0.004456032,4.168512215
100,56,*CCCCCCCCCCCC,*CC(*)(C)C(=O)OCCN(C)C,*CC(*)(C)C(=O)OCCCCCC,*SC(=S)SC(C)(C#N)CCC(=O)O,10,1,170.34,0,0,0,4.9272,9,12,0,56.4385619,159.229,29.54,0,3,0.7472,4,11,0,121.2604657,172.268,26.3,0,2,2.7659,6,12,0,119.0069869,235.355,61.09,2,4,2.08138,4,13,0,260.9534945,18718.109,7676.694124,1340.445216,0.018013423,3.212187604
100,57,*CCCCCCCCCCCC,*CC(*)(C)C(=O)OCCN(C)C,*CC(*)(C)C(=O)OCCCCCC,*SC(=S)SC(C)(C#N)CCC(=O)O,10,0.5,170.34,0,0,0,4.9272,9,12,0,56.4385619,159.229,29.54,0,3,0.7472,4,11,0,121.2604657,172.268,26.3,0,2,2.7659,6,12,0,119.0069869,235.355,61.09,2,4,2.08138,4,13,0,260.9534945,6639.4078,932.1246312,2850.08521,0.011037232,3.889161585
100,58,*CCCCCCCCCCCC,*CC(*)(C)C(=O)OCCN(C)C,*CC(*)(C)C(=O)OCCCCCC,*SC(=S)SC(C)(C#N)CCC(=O)O,20,2,170.34,0,0,0,4.9272,9,12,0,56.4385619,159.229,29.54,0,3,0.7472,4,11,0,121.2604657,172.268,26.3,0,2,2.7659,6,12,0,119.0069869,235.355,61.09,2,4,2.08138,4,13,0,260.9534945,4463.8253,328.8910429,732.9073109,0.01086687,4.008131562
100,59,*CCCCCCCCCCCC,*CC(*)(C)C(=O)OCCN(C)C,*CC(*)(C)C(=O)OCCCCCC,*SC(=S)SC(C)(C#N)CCC(=O)O,20,1,170.34,0,0,0,4.9272,9,12,0,56.4385619,159.229,29.54,0,3,0.7472,4,11,0,121.2604657,172.268,26.3,0,2,2.7659,6,12,0,119.0069869,235.355,61.09,2,4,2.08138,4,13,0,260.9534945,1889.6229,1156.371015,1650.168871,0.005664655,4.018929233
100,60,*CCCCCCCCCCCC,*CC(*)(C)C(=O)OCCN(C)C,*CC(*)(C)C(=O)OCCCCCC,*SC(=S)SC(C)(C#N)CCC(=O)O,20,0.5,170.34,0,0,0,4.9272,9,12,0,56.4385619,159.229,29.54,0,3,0.7472,4,11,0,121.2604657,172.268,26.3,0,2,2.7659,6,12,0,119.0069869,235.355,61.09,2,4,2.08138,4,13,0,260.9534945,2205.8828,1242.163867,1347.487622,0.012860368,3.707570176
100,61,*CCCCCCCCCCCC,*CC(*)(C)C(=O)OCCN(C)C,*CC(*)C(=O)OCC(CC)CCCC,*SC(=S)SC(C)(C#N)CCC(=O)O,2,2,170.34,0,0,0,4.9272,9,12,0,56.4385619,159.229,29.54,0,3,0.7472,4,11,0,121.2604657,186.295,26.3,0,2,3.156,7,13,0,132.0519685,235.355,61.09,2,4,2.08138,4,13,0,260.9534945,575.6955,1831.592472,NAN_ymax,NAN_k,2.432167269
100,62,*CCCCCCCCCCCC,*CC(*)(C)C(=O)OCCN(C)C,*CC(*)C(=O)OCC(CC)CCCC,*SC(=S)SC(C)(C#N)CCC(=O)O,2,1,170.34,0,0,0,4.9272,9,12,0,56.4385619,159.229,29.54,0,3,0.7472,4,11,0,121.2604657,186.295,26.3,0,2,3.156,7,13,0,132.0519685,235.355,61.09,2,4,2.08138,4,13,0,260.9534945,65.1981,76.4623,NAN_ymax,NAN_k,2.506505032
100,63,*CCCCCCCCCCCC,*CC(*)(C)C(=O)OCCN(C)C,*CC(*)C(=O)OCC(CC)CCCC,*SC(=S)SC(C)(C#N)CCC(=O)O,2,0.5,170.34,0,0,0,4.9272,9,12,0,56.4385619,159.229,29.54,0,3,0.7472,4,11,0,121.2604657,186.295,26.3,0,2,3.156,7,13,0,132.0519685,235.355,61.09,2,4,2.08138,4,13,0,260.9534945,195.8925,56.3032,NAN_ymax,NAN_k,2.170261715
100,64,*CCCCCCCCCCCC,*CC(*)(C)C(=O)OCCN(C)C,*CC(*)C(=O)OCC(CC)CCCC,*SC(=S)SC(C)(C#N)CCC(=O)O,5,2,170.34,0,0,0,4.9272,9,12,0,56.4385619,159.229,29.54,0,3,0.7472,4,11,0,121.2604657,186.295,26.3,0,2,3.156,7,13,0,132.0519685,235.355,61.09,2,4,2.08138,4,13,0,260.9534945,269.1438,77.2814,478.2938547,0.007207967,2.854002233
100,65,*CCCCCCCCCCCC,*CC(*)(C)C(=O)OCCN(C)C,*CC(*)C(=O)OCC(CC)CCCC,*SC(=S)SC(C)(C#N)CCC(=O)O,5,1,170.34,0,0,0,4.9272,9,12,0,56.4385619,159.229,29.54,0,3,0.7472,4,11,0,121.2604657,186.295,26.3,0,2,3.156,7,13,0,132.0519685,235.355,61.09,2,4,2.08138,4,13,0,260.9534945,11156.2847,2728.691847,1207.961341,0.005473869,5.521708048
100,66,*CCCCCCCCCCCC,*CC(*)(C)C(=O)OCCN(C)C,*CC(*)C(=O)OCC(CC)CCCC,*SC(=S)SC(C)(C#N)CCC(=O)O,5,0.5,170.34,0,0,0,4.9272,9,12,0,56.4385619,159.229,29.54,0,3,0.7472,4,11,0,121.2604657,186.295,26.3,0,2,3.156,7,13,0,132.0519685,235.355,61.09,2,4,2.08138,4,13,0,260.9534945,274.1134,152.4818,1865.226283,0.01364079,4.647945037
100,67,*CCCCCCCCCCCC,*CC(*)(C)C(=O)OCCN(C)C,*CC(*)C(=O)OCC(CC)CCCC,*SC(=S)SC(C)(C#N)CCC(=O)O,10,2,170.34,0,0,0,4.9272,9,12,0,56.4385619,159.229,29.54,0,3,0.7472,4,11,0,121.2604657,186.295,26.3,0,2,3.156,7,13,0,132.0519685,235.355,61.09,2,4,2.08138,4,13,0,260.9534945,262.5285,340.3328303,1149.747486,0.00788179,4.519099185
100,68,*CCCCCCCCCCCC,*CC(*)(C)C(=O)OCCN(C)C,*CC(*)C(=O)OCC(CC)CCCC,*SC(=S)SC(C)(C#N)CCC(=O)O,10,1,170.34,0,0,0,4.9272,9,12,0,56.4385619,159.229,29.54,0,3,0.7472,4,11,0,121.2604657,186.295,26.3,0,2,3.156,7,13,0,132.0519685,235.355,61.09,2,4,2.08138,4,13,0,260.9534945,57.5452,25.4748,1384.141526,0.009269264,4.845156976
100,69,*CCCCCCCCCCCC,*CC(*)(C)C(=O)OCCN(C)C,*CC(*)C(=O)OCC(CC)CCCC,*SC(=S)SC(C)(C#N)CCC(=O)O,10,0.5,170.34,0,0,0,4.9272,9,12,0,56.4385619,159.229,29.54,0,3,0.7472,4,11,0,121.2604657,186.295,26.3,0,2,3.156,7,13,0,132.0519685,235.355,61.09,2,4,2.08138,4,13,0,260.9534945,15034.5167,12741.05269,2883.601049,0.010948361,5.372940526
100,70,*CCCCCCCCCCCC,*CC(*)(C)C(=O)OCCN(C)C,*CC(*)C(=O)OCC(CC)CCCC,*SC(=S)SC(C)(C#N)CCC(=O)O,20,2,170.34,0,0,0,4.9272,9,12,0,56.4385619,159.229,29.54,0,3,0.7472,4,11,0,121.2604657,186.295,26.3,0,2,3.156,7,13,0,132.0519685,235.355,61.09,2,4,2.08138,4,13,0,260.9534945,7308.9657,1583.433754,1697.066485,0.009906542,5.097741325
100,71,*CCCCCCCCCCCC,*CC(*)(C)C(=O)OCCN(C)C,*CC(*)C(=O)OCC(CC)CCCC,*SC(=S)SC(C)(C#N)CCC(=O)O,20,1,170.34,0,0,0,4.9272,9,12,0,56.4385619,159.229,29.54,0,3,0.7472,4,11,0,121.2604657,186.295,26.3,0,2,3.156,7,13,0,132.0519685,235.355,61.09,2,4,2.08138,4,13,0,260.9534945,5537.6905,1483.918136,2230.716268,0.00630988,5.478274222
100,72,*CCCCCCCCCCCC,*CC(*)(C)C(=O)OCCN(C)C,*CC(*)C(=O)OCC(CC)CCCC,*SC(=S)SC(C)(C#N)CCC(=O)O,20,0.5,170.34,0,0,0,4.9272,9,12,0,56.4385619,159.229,29.54,0,3,0.7472,4,11,0,121.2604657,186.295,26.3,0,2,3.156,7,13,0,132.0519685,235.355,61.09,2,4,2.08138,4,13,0,260.9534945,2444.0106,803.5834491,4174.427786,0.012352433,4.840451134
100,73,*CCCCCCCCCCCC,*CC(*)C(=O)OCCN(C)C,*CC(*)C(=O)OCCOc1ccccc1,*SC(=S)SC(C)(C#N)CCC(=O)O,2,2,170.34,0,0,0,4.9272,9,12,0,56.4385619,145.202,29.54,0,3,0.5012,4,10,0,101.7792292,194.23,35.53,0,3,2.0186,5,14,1,269.1209499,235.355,61.09,2,4,2.08138,4,13,0,260.9534945,870.251,695.3686999,1278.929922,0.009998691,2.190331698
100,74,*CCCCCCCCCCCC,*CC(*)C(=O)OCCN(C)C,*CC(*)C(=O)OCCOc1ccccc1,*SC(=S)SC(C)(C#N)CCC(=O)O,2,1,170.34,0,0,0,4.9272,9,12,0,56.4385619,145.202,29.54,0,3,0.5012,4,10,0,101.7792292,194.23,35.53,0,3,2.0186,5,14,1,269.1209499,235.355,61.09,2,4,2.08138,4,13,0,260.9534945,10139.0586,415.5598155,973.9558156,0.005037709,2.165837625
100,75,*CCCCCCCCCCCC,*CC(*)C(=O)OCCN(C)C,*CC(*)C(=O)OCCOc1ccccc1,*SC(=S)SC(C)(C#N)CCC(=O)O,2,0.5,170.34,0,0,0,4.9272,9,12,0,56.4385619,145.202,29.54,0,3,0.5012,4,10,0,101.7792292,194.23,35.53,0,3,2.0186,5,14,1,269.1209499,235.355,61.09,2,4,2.08138,4,13,0,260.9534945,5693.9827,942.2899557,1797.405197,0.005298632,3.759705608
100,76,*CCCCCCCCCCCC,*CC(*)C(=O)OCCN(C)C,*CC(*)C(=O)OCCOc1ccccc1,*SC(=S)SC(C)(C#N)CCC(=O)O,5,2,170.34,0,0,0,4.9272,9,12,0,56.4385619,145.202,29.54,0,3,0.5012,4,10,0,101.7792292,194.23,35.53,0,3,2.0186,5,14,1,269.1209499,235.355,61.09,2,4,2.08138,4,13,0,260.9534945,4845.0371,296.2616582,1092.83851,0.005308975,2.592731766
100,77,*CCCCCCCCCCCC,*CC(*)C(=O)OCCN(C)C,*CC(*)C(=O)OCCOc1ccccc1,*SC(=S)SC(C)(C#N)CCC(=O)O,5,1,170.34,0,0,0,4.9272,9,12,0,56.4385619,145.202,29.54,0,3,0.5012,4,10,0,101.7792292,194.23,35.53,0,3,2.0186,5,14,1,269.1209499,235.355,61.09,2,4,2.08138,4,13,0,260.9534945,3246.6449,306.2003605,1769.139387,0.007648657,4.593817531
100,78,*CCCCCCCCCCCC,*CC(*)C(=O)OCCN(C)C,*CC(*)C(=O)OCCOc1ccccc1,*SC(=S)SC(C)(C#N)CCC(=O)O,5,0.5,170.34,0,0,0,4.9272,9,12,0,56.4385619,145.202,29.54,0,3,0.5012,4,10,0,101.7792292,194.23,35.53,0,3,2.0186,5,14,1,269.1209499,235.355,61.09,2,4,2.08138,4,13,0,260.9534945,2690.7372,382.6152678,3082.195708,0.01011343,5.211574363
100,79,*CCCCCCCCCCCC,*CC(*)C(=O)OCCN(C)C,*CC(*)C(=O)OCCOc1ccccc1,*SC(=S)SC(C)(C#N)CCC(=O)O,10,2,170.34,0,0,0,4.9272,9,12,0,56.4385619,145.202,29.54,0,3,0.5012,4,10,0,101.7792292,194.23,35.53,0,3,2.0186,5,14,1,269.1209499,235.355,61.09,2,4,2.08138,4,13,0,260.9534945,1992.5433,158.2887752,985.9331983,0.006252324,3.025715384
100,80,*CCCCCCCCCCCC,*CC(*)C(=O)OCCN(C)C,*CC(*)C(=O)OCCOc1ccccc1,*SC(=S)SC(C)(C#N)CCC(=O)O,10,1,170.34,0,0,0,4.9272,9,12,0,56.4385619,145.202,29.54,0,3,0.5012,4,10,0,101.7792292,194.23,35.53,0,3,2.0186,5,14,1,269.1209499,235.355,61.09,2,4,2.08138,4,13,0,260.9534945,2464.874,299.8949922,1253.398228,0.008461783,3.454387467
100,81,*CCCCCCCCCCCC,*CC(*)C(=O)OCCN(C)C,*CC(*)C(=O)OCCOc1ccccc1,*SC(=S)SC(C)(C#N)CCC(=O)O,10,0.5,170.34,0,0,0,4.9272,9,12,0,56.4385619,145.202,29.54,0,3,0.5012,4,10,0,101.7792292,194.23,35.53,0,3,2.0186,5,14,1,269.1209499,235.355,61.09,2,4,2.08138,4,13,0,260.9534945,8984.8568,12433.84992,NAN_ymax,NAN_k,5.185459991
100,82,*CCCCCCCCCCCC,*CC(*)C(=O)OCCN(C)C,*CC(*)C(=O)OCCOc1ccccc1,*SC(=S)SC(C)(C#N)CCC(=O)O,20,2,170.34,0,0,0,4.9272,9,12,0,56.4385619,145.202,29.54,0,3,0.5012,4,10,0,101.7792292,194.23,35.53,0,3,2.0186,5,14,1,269.1209499,235.355,61.09,2,4,2.08138,4,13,0,260.9534945,7612.56,1080.745597,901.7311151,0.026168123,2.983400738
100,83,*CCCCCCCCCCCC,*CC(*)C(=O)OCCN(C)C,*CC(*)C(=O)OCCOc1ccccc1,*SC(=S)SC(C)(C#N)CCC(=O)O,20,1,170.34,0,0,0,4.9272,9,12,0,56.4385619,145.202,29.54,0,3,0.5012,4,10,0,101.7792292,194.23,35.53,0,3,2.0186,5,14,1,269.1209499,235.355,61.09,2,4,2.08138,4,13,0,260.9534945,8579.5391,7679.851025,1246.822019,0.021772267,4.410684462
100,84,*CCCCCCCCCCCC,*CC(*)C(=O)OCCN(C)C,*CC(*)C(=O)OCCOc1ccccc1,*SC(=S)SC(C)(C#N)CCC(=O)O,20,0.5,170.34,0,0,0,4.9272,9,12,0,56.4385619,145.202,29.54,0,3,0.5012,4,10,0,101.7792292,194.23,35.53,0,3,2.0186,5,14,1,269.1209499,235.355,61.09,2,4,2.08138,4,13,0,260.9534945,5732.3386,2598.225958,2096.033866,0.026844241,5.419623708
100,85,*CCCCCCCCCCCC,*CC(*)C(=O)OCCN(C)C,*CC(*)(C)C(=O)OCCCCCC,*SC(=S)SC(C)(C#N)CCC(=O)O,2,2,170.34,0,0,0,4.9272,9,12,0,56.4385619,145.202,29.54,0,3,0.5012,4,10,0,101.7792292,172.268,26.3,0,2,2.7659,6,12,0,119.0069869,235.355,61.09,2,4,2.08138,4,13,0,260.9534945,2762.6072,1155.350688,904.5117916,0.02514131,2.939269586
100,86,*CCCCCCCCCCCC,*CC(*)C(=O)OCCN(C)C,*CC(*)(C)C(=O)OCCCCCC,*SC(=S)SC(C)(C#N)CCC(=O)O,2,1,170.34,0,0,0,4.9272,9,12,0,56.4385619,145.202,29.54,0,3,0.5012,4,10,0,101.7792292,172.268,26.3,0,2,2.7659,6,12,0,119.0069869,235.355,61.09,2,4,2.08138,4,13,0,260.9534945,3272.5459,1526.892035,1118.356404,0.009179667,4.007641111
100,87,*CCCCCCCCCCCC,*CC(*)C(=O)OCCN(C)C,*CC(*)(C)C(=O)OCCCCCC,*SC(=S)SC(C)(C#N)CCC(=O)O,2,0.5,170.34,0,0,0,4.9272,9,12,0,56.4385619,145.202,29.54,0,3,0.5012,4,10,0,101.7792292,172.268,26.3,0,2,2.7659,6,12,0,119.0069869,235.355,61.09,2,4,2.08138,4,13,0,260.9534945,3172.5153,777.9951644,1115.693657,0.014453251,4.271458236
100,88,*CCCCCCCCCCCC,*CC(*)C(=O)OCCN(C)C,*CC(*)(C)C(=O)OCCCCCC,*SC(=S)SC(C)(C#N)CCC(=O)O,5,2,170.34,0,0,0,4.9272,9,12,0,56.4385619,145.202,29.54,0,3,0.5012,4,10,0,101.7792292,172.268,26.3,0,2,2.7659,6,12,0,119.0069869,235.355,61.09,2,4,2.08138,4,13,0,260.9534945,9404.3984,1504.75684,1136.784233,0.008587103,2.739572344
100,89,*CCCCCCCCCCCC,*CC(*)C(=O)OCCN(C)C,*CC(*)(C)C(=O)OCCCCCC,*SC(=S)SC(C)(C#N)CCC(=O)O,5,1,170.34,0,0,0,4.9272,9,12,0,56.4385619,145.202,29.54,0,3,0.5012,4,10,0,101.7792292,172.268,26.3,0,2,2.7659,6,12,0,119.0069869,235.355,61.09,2,4,2.08138,4,13,0,260.9534945,7116.1461,1090.599974,1342.035538,0.011946421,4.464064583
100,90,*CCCCCCCCCCCC,*CC(*)C(=O)OCCN(C)C,*CC(*)(C)C(=O)OCCCCCC,*SC(=S)SC(C)(C#N)CCC(=O)O,5,0.5,170.34,0,0,0,4.9272,9,12,0,56.4385619,145.202,29.54,0,3,0.5012,4,10,0,101.7792292,172.268,26.3,0,2,2.7659,6,12,0,119.0069869,235.355,61.09,2,4,2.08138,4,13,0,260.9534945,5698.864,677.2557865,1559.149064,0.017560912,4.483565903
100,91,*CCCCCCCCCCCC,*CC(*)C(=O)OCCN(C)C,*CC(*)(C)C(=O)OCCCCCC,*SC(=S)SC(C)(C#N)CCC(=O)O,10,2,170.34,0,0,0,4.9272,9,12,0,56.4385619,145.202,29.54,0,3,0.5012,4,10,0,101.7792292,172.268,26.3,0,2,2.7659,6,12,0,119.0069869,235.355,61.09,2,4,2.08138,4,13,0,260.9534945,3198.1522,544.3044305,1461.076641,0.016356267,3.378942699
100,92,*CCCCCCCCCCCC,*CC(*)C(=O)OCCN(C)C,*CC(*)(C)C(=O)OCCCCCC,*SC(=S)SC(C)(C#N)CCC(=O)O,10,1,170.34,0,0,0,4.9272,9,12,0,56.4385619,145.202,29.54,0,3,0.5012,4,10,0,101.7792292,172.268,26.3,0,2,2.7659,6,12,0,119.0069869,235.355,61.09,2,4,2.08138,4,13,0,260.9534945,3821.1629,449.6669879,1769.654539,0.01075474,5.159840797
100,93,*CCCCCCCCCCCC,*CC(*)C(=O)OCCN(C)C,*CC(*)(C)C(=O)OCCCCCC,*SC(=S)SC(C)(C#N)CCC(=O)O,10,0.5,170.34,0,0,0,4.9272,9,12,0,56.4385619,145.202,29.54,0,3,0.5012,4,10,0,101.7792292,172.268,26.3,0,2,2.7659,6,12,0,119.0069869,235.355,61.09,2,4,2.08138,4,13,0,260.9534945,3711.8982,652.3832064,2127.189295,0.011343481,5.18433789
100,94,*CCCCCCCCCCCC,*CC(*)C(=O)OCCN(C)C,*CC(*)(C)C(=O)OCCCCCC,*SC(=S)SC(C)(C#N)CCC(=O)O,20,2,170.34,0,0,0,4.9272,9,12,0,56.4385619,145.202,29.54,0,3,0.5012,4,10,0,101.7792292,172.268,26.3,0,2,2.7659,6,12,0,119.0069869,235.355,61.09,2,4,2.08138,4,13,0,260.9534945,2910.1625,314.8857891,1411.701688,0.01199304,3.642563437
100,95,*CCCCCCCCCCCC,*CC(*)C(=O)OCCN(C)C,*CC(*)(C)C(=O)OCCCCCC,*SC(=S)SC(C)(C#N)CCC(=O)O,20,1,170.34,0,0,0,4.9272,9,12,0,56.4385619,145.202,29.54,0,3,0.5012,4,10,0,101.7792292,172.268,26.3,0,2,2.7659,6,12,0,119.0069869,235.355,61.09,2,4,2.08138,4,13,0,260.9534945,8512.4714,8274.896699,1947.17412,0.008584203,4.717050234
100,96,*CCCCCCCCCCCC,*CC(*)C(=O)OCCN(C)C,*CC(*)(C)C(=O)OCCCCCC,*SC(=S)SC(C)(C#N)CCC(=O)O,20,0.5,170.34,0,0,0,4.9272,9,12,0,56.4385619,145.202,29.54,0,3,0.5012,4,10,0,101.7792292,172.268,26.3,0,2,2.7659,6,12,0,119.0069869,235.355,61.09,2,4,2.08138,4,13,0,260.9534945,6282.2796,1772.79718,2872.728133,0.011089754,4.411729107
100,97,*CCCCCCCCCCCC,*CC(*)C(=O)OCCN(C)C,*CC(*)C(=O)OCC(CC)CCCC,*SC(=S)SC(C)(C#N)CCC(=O)O,2,2,170.34,0,0,0,4.9272,9,12,0,56.4385619,145.202,29.54,0,3,0.5012,4,10,0,101.7792292,186.295,26.3,0,2,3.156,7,13,0,132.0519685,235.355,61.09,2,4,2.08138,4,13,0,260.9534945,2814.1117,745.3647257,820.6094495,0.026210549,2.375663614
100,98,*CCCCCCCCCCCC,*CC(*)C(=O)OCCN(C)C,*CC(*)C(=O)OCC(CC)CCCC,*SC(=S)SC(C)(C#N)CCC(=O)O,2,1,170.34,0,0,0,4.9272,9,12,0,56.4385619,145.202,29.54,0,3,0.5012,4,10,0,101.7792292,186.295,26.3,0,2,3.156,7,13,0,132.0519685,235.355,61.09,2,4,2.08138,4,13,0,260.9534945,643.0375,429.246744,1165.53817,0.013505663,3.753659647
100,99,*CCCCCCCCCCCC,*CC(*)C(=O)OCCN(C)C,*CC(*)C(=O)OCC(CC)CCCC,*SC(=S)SC(C)(C#N)CCC(=O)O,2,0.5,170.34,0,0,0,4.9272,9,12,0,56.4385619,145.202,29.54,0,3,0.5012,4,10,0,101.7792292,186.295,26.3,0,2,3.156,7,13,0,132.0519685,235.355,61.09,2,4,2.08138,4,13,0,260.9534945,2210.919,1123.654144,1061.05476,0.039786933,4.49556515
100,100,*CCCCCCCCCCCC,*CC(*)C(=O)OCCN(C)C,*CC(*)C(=O)OCC(CC)CCCC,*SC(=S)SC(C)(C#N)CCC(=O)O,5,2,170.34,0,0,0,4.9272,9,12,0,56.4385619,145.202,29.54,0,3,0.5012,4,10,0,101.7792292,186.295,26.3,0,2,3.156,7,13,0,132.0519685,235.355,61.09,2,4,2.08138,4,13,0,260.9534945,1587.532,398.389229,1461.131679,0.01098401,2.72427587
100,101,*CCCCCCCCCCCC,*CC(*)C(=O)OCCN(C)C,*CC(*)C(=O)OCC(CC)CCCC,*SC(=S)SC(C)(C#N)CCC(=O)O,5,1,170.34,0,0,0,4.9272,9,12,0,56.4385619,145.202,29.54,0,3,0.5012,4,10,0,101.7792292,186.295,26.3,0,2,3.156,7,13,0,132.0519685,235.355,61.09,2,4,2.08138,4,13,0,260.9534945,4083.3156,1135.508068,1322.025417,0.013790267,3.975982944
100,102,*CCCCCCCCCCCC,*CC(*)C(=O)OCCN(C)C,*CC(*)C(=O)OCC(CC)CCCC,*SC(=S)SC(C)(C#N)CCC(=O)O,5,0.5,170.34,0,0,0,4.9272,9,12,0,56.4385619,145.202,29.54,0,3,0.5012,4,10,0,101.7792292,186.295,26.3,0,2,3.156,7,13,0,132.0519685,235.355,61.09,2,4,2.08138,4,13,0,260.9534945,1082.0224,277.3244723,1810.999565,0.011675727,4.344117068
100,103,*CCCCCCCCCCCC,*CC(*)C(=O)OCCN(C)C,*CC(*)C(=O)OCC(CC)CCCC,*SC(=S)SC(C)(C#N)CCC(=O)O,10,2,170.34,0,0,0,4.9272,9,12,0,56.4385619,145.202,29.54,0,3,0.5012,4,10,0,101.7792292,186.295,26.3,0,2,3.156,7,13,0,132.0519685,235.355,61.09,2,4,2.08138,4,13,0,260.9534945,9680.6666,12066.99596,NAN_ymax,NAN_k,4.067256889
100,104,*CCCCCCCCCCCC,*CC(*)C(=O)OCCN(C)C,*CC(*)C(=O)OCC(CC)CCCC,*SC(=S)SC(C)(C#N)CCC(=O)O,10,1,170.34,0,0,0,4.9272,9,12,0,56.4385619,145.202,29.54,0,3,0.5012,4,10,0,101.7792292,186.295,26.3,0,2,3.156,7,13,0,132.0519685,235.355,61.09,2,4,2.08138,4,13,0,260.9534945,5325.464,2708.73328,1842.273022,0.010657067,5.666534828
100,105,*CCCCCCCCCCCC,*CC(*)C(=O)OCCN(C)C,*CC(*)C(=O)OCC(CC)CCCC,*SC(=S)SC(C)(C#N)CCC(=O)O,10,0.5,170.34,0,0,0,4.9272,9,12,0,56.4385619,145.202,29.54,0,3,0.5012,4,10,0,101.7792292,186.295,26.3,0,2,3.156,7,13,0,132.0519685,235.355,61.09,2,4,2.08138,4,13,0,260.9534945,4109.913,1219.872672,2738.006549,0.020058147,4.910669753
100,106,*CCCCCCCCCCCC,*CC(*)C(=O)OCCN(C)C,*CC(*)C(=O)OCC(CC)CCCC,*SC(=S)SC(C)(C#N)CCC(=O)O,20,2,170.34,0,0,0,4.9272,9,12,0,56.4385619,145.202,29.54,0,3,0.5012,4,10,0,101.7792292,186.295,26.3,0,2,3.156,7,13,0,132.0519685,235.355,61.09,2,4,2.08138,4,13,0,260.9534945,902.4111,866.9544026,1449.116763,0.024459855,4.25891252
100,107,*CCCCCCCCCCCC,*CC(*)C(=O)OCCN(C)C,*CC(*)C(=O)OCC(CC)CCCC,*SC(=S)SC(C)(C#N)CCC(=O)O,20,1,170.34,0,0,0,4.9272,9,12,0,56.4385619,145.202,29.54,0,3,0.5012,4,10,0,101.7792292,186.295,26.3,0,2,3.156,7,13,0,132.0519685,235.355,61.09,2,4,2.08138,4,13,0,260.9534945,2688.1678,1007.615131,1584.284468,0.025886641,5.330666362
100,108,*CCCCCCCCCCCC,*CC(*)C(=O)OCCN(C)C,*CC(*)C(=O)OCC(CC)CCCC,*SC(=S)SC(C)(C#N)CCC(=O)O,20,0.5,170.34,0,0,0,4.9272,9,12,0,56.4385619,145.202,29.54,0,3,0.5012,4,10,0,101.7792292,186.295,26.3,0,2,3.156,7,13,0,132.0519685,235.355,61.09,2,4,2.08138,4,13,0,260.9534945,2006.7536,786.8376475,2374.207398,0.026687276,4.546382241
100,109,*CCCCCCCCCCCC,*CC(*)(C)C(=O)OCCN1CCCCC1,*CC(*)C(=O)OCCOc1ccccc1,*SC(=S)SC(C)(C#N)CCC(=O)O,2,2,170.34,0,0,0,4.9272,9,12,0,56.4385619,199.294,29.54,0,3,1.6715,4,14,1,174.1263449,194.23,35.53,0,3,2.0186,5,14,1,269.1209499,235.355,61.09,2,4,2.08138,4,13,0,260.9534945,785.8168,356.487306,608.1403219,0.013054275,3.035629828
100,110,*CCCCCCCCCCCC,*CC(*)(C)C(=O)OCCN1CCCCC1,*CC(*)C(=O)OCCOc1ccccc1,*SC(=S)SC(C)(C#N)CCC(=O)O,2,1,170.34,0,0,0,4.9272,9,12,0,56.4385619,199.294,29.54,0,3,1.6715,4,14,1,174.1263449,194.23,35.53,0,3,2.0186,5,14,1,269.1209499,235.355,61.09,2,4,2.08138,4,13,0,260.9534945,7491.4829,7422.416605,1007.395381,0.006918042,2.358886204
100,111,*CCCCCCCCCCCC,*CC(*)(C)C(=O)OCCN1CCCCC1,*CC(*)C(=O)OCCOc1ccccc1,*SC(=S)SC(C)(C#N)CCC(=O)O,2,0.5,170.34,0,0,0,4.9272,9,12,0,56.4385619,199.294,29.54,0,3,1.6715,4,14,1,174.1263449,194.23,35.53,0,3,2.0186,5,14,1,269.1209499,235.355,61.09,2,4,2.08138,4,13,0,260.9534945,6147.2693,1742.085124,2148.969075,0.029135914,2.602059991
100,112,*CCCCCCCCCCCC,*CC(*)(C)C(=O)OCCN1CCCCC1,*CC(*)C(=O)OCCOc1ccccc1,*SC(=S)SC(C)(C#N)CCC(=O)O,5,2,170.34,0,0,0,4.9272,9,12,0,56.4385619,199.294,29.54,0,3,1.6715,4,14,1,174.1263449,194.23,35.53,0,3,2.0186,5,14,1,269.1209499,235.355,61.09,2,4,2.08138,4,13,0,260.9534945,4514.0187,395.3788425,2084.085726,0.020090846,2.664641976
100,113,*CCCCCCCCCCCC,*CC(*)(C)C(=O)OCCN1CCCCC1,*CC(*)C(=O)OCCOc1ccccc1,*SC(=S)SC(C)(C#N)CCC(=O)O,5,1,170.34,0,0,0,4.9272,9,12,0,56.4385619,199.294,29.54,0,3,1.6715,4,14,1,174.1263449,194.23,35.53,0,3,2.0186,5,14,1,269.1209499,235.355,61.09,2,4,2.08138,4,13,0,260.9534945,3867.412,701.8796092,2333.229948,0.015788521,3.216825423
100,114,*CCCCCCCCCCCC,*CC(*)(C)C(=O)OCCN1CCCCC1,*CC(*)C(=O)OCCOc1ccccc1,*SC(=S)SC(C)(C#N)CCC(=O)O,5,0.5,170.34,0,0,0,4.9272,9,12,0,56.4385619,199.294,29.54,0,3,1.6715,4,14,1,174.1263449,194.23,35.53,0,3,2.0186,5,14,1,269.1209499,235.355,61.09,2,4,2.08138,4,13,0,260.9534945,3721.5654,399.1291769,NAN_ymax,NAN_k,2.746244872
100,115,*CCCCCCCCCCCC,*CC(*)(C)C(=O)OCCN1CCCCC1,*CC(*)C(=O)OCCOc1ccccc1,*SC(=S)SC(C)(C#N)CCC(=O)O,10,2,170.34,0,0,0,4.9272,9,12,0,56.4385619,199.294,29.54,0,3,1.6715,4,14,1,174.1263449,194.23,35.53,0,3,2.0186,5,14,1,269.1209499,235.355,61.09,2,4,2.08138,4,13,0,260.9534945,3474.3264,350.0259373,1939.30346,0.011697515,2.463146137
100,116,*CCCCCCCCCCCC,*CC(*)(C)C(=O)OCCN1CCCCC1,*CC(*)C(=O)OCCOc1ccccc1,*SC(=S)SC(C)(C#N)CCC(=O)O,10,1,170.34,0,0,0,4.9272,9,12,0,56.4385619,199.294,29.54,0,3,1.6715,4,14,1,174.1263449,194.23,35.53,0,3,2.0186,5,14,1,269.1209499,235.355,61.09,2,4,2.08138,4,13,0,260.9534945,3912.2209,575.2958108,2390.819104,0.028494917,3.552181339
100,117,*CCCCCCCCCCCC,*CC(*)(C)C(=O)OCCN1CCCCC1,*CC(*)C(=O)OCCOc1ccccc1,*SC(=S)SC(C)(C#N)CCC(=O)O,10,0.5,170.34,0,0,0,4.9272,9,12,0,56.4385619,199.294,29.54,0,3,1.6715,4,14,1,174.1263449,194.23,35.53,0,3,2.0186,5,14,1,269.1209499,235.355,61.09,2,4,2.08138,4,13,0,260.9534945,7534.4874,2694.583621,4432.434172,0.022506459,3.309417226
100,118,*CCCCCCCCCCCC,*CC(*)(C)C(=O)OCCN1CCCCC1,*CC(*)C(=O)OCCOc1ccccc1,*SC(=S)SC(C)(C#N)CCC(=O)O,20,2,170.34,0,0,0,4.9272,9,12,0,56.4385619,199.294,29.54,0,3,1.6715,4,14,1,174.1263449,194.23,35.53,0,3,2.0186,5,14,1,269.1209499,235.355,61.09,2,4,2.08138,4,13,0,260.9534945,5836.315,433.1351598,2004.914714,0.016812973,3.23363058
100,119,*CCCCCCCCCCCC,*CC(*)(C)C(=O)OCCN1CCCCC1,*CC(*)C(=O)OCCOc1ccccc1,*SC(=S)SC(C)(C#N)CCC(=O)O,20,1,170.34,0,0,0,4.9272,9,12,0,56.4385619,199.294,29.54,0,3,1.6715,4,14,1,174.1263449,194.23,35.53,0,3,2.0186,5,14,1,269.1209499,235.355,61.09,2,4,2.08138,4,13,0,260.9534945,6803.7572,968.9913245,2379.361751,0.019449316,3.157003197
100,120,*CCCCCCCCCCCC,*CC(*)(C)C(=O)OCCN1CCCCC1,*CC(*)C(=O)OCCOc1ccccc1,*SC(=S)SC(C)(C#N)CCC(=O)O,20,0.5,170.34,0,0,0,4.9272,9,12,0,56.4385619,199.294,29.54,0,3,1.6715,4,14,1,174.1263449,194.23,35.53,0,3,2.0186,5,14,1,269.1209499,235.355,61.09,2,4,2.08138,4,13,0,260.9534945,14533.118,12618.8406,5571.070862,0.015585401,3.192706807
100,121,*CCCCCCCCCCCC,*CC(*)(C)C(=O)OCCN1CCCCC1,*CC(*)(C)C(=O)OCCCCCC,*SC(=S)SC(C)(C#N)CCC(=O)O,2,2,170.34,0,0,0,4.9272,9,12,0,56.4385619,199.294,29.54,0,3,1.6715,4,14,1,174.1263449,172.268,26.3,0,2,2.7659,6,12,0,119.0069869,235.355,61.09,2,4,2.08138,4,13,0,260.9534945,4119.5666,216.698283,672.1795173,0.010498704,2.686189234
100,122,*CCCCCCCCCCCC,*CC(*)(C)C(=O)OCCN1CCCCC1,*CC(*)(C)C(=O)OCCCCCC,*SC(=S)SC(C)(C#N)CCC(=O)O,2,1,170.34,0,0,0,4.9272,9,12,0,56.4385619,199.294,29.54,0,3,1.6715,4,14,1,174.1263449,172.268,26.3,0,2,2.7659,6,12,0,119.0069869,235.355,61.09,2,4,2.08138,4,13,0,260.9534945,3882.6052,322.6120261,1074.56116,0.008360076,3.13687904
100,123,*CCCCCCCCCCCC,*CC(*)(C)C(=O)OCCN1CCCCC1,*CC(*)(C)C(=O)OCCCCCC,*SC(=S)SC(C)(C#N)CCC(=O)O,2,0.5,170.34,0,0,0,4.9272,9,12,0,56.4385619,199.294,29.54,0,3,1.6715,4,14,1,174.1263449,172.268,26.3,0,2,2.7659,6,12,0,119.0069869,235.355,61.09,2,4,2.08138,4,13,0,260.9534945,3012.0174,202.6803806,1427.005423,0.023532105,2.90982337
100,124,*CCCCCCCCCCCC,*CC(*)(C)C(=O)OCCN1CCCCC1,*CC(*)(C)C(=O)OCCCCCC,*SC(=S)SC(C)(C#N)CCC(=O)O,5,2,170.34,0,0,0,4.9272,9,12,0,56.4385619,199.294,29.54,0,3,1.6715,4,14,1,174.1263449,172.268,26.3,0,2,2.7659,6,12,0,119.0069869,235.355,61.09,2,4,2.08138,4,13,0,260.9534945,15265.5091,6318.118108,1034.332455,0.013924206,3.395151592
100,125,*CCCCCCCCCCCC,*CC(*)(C)C(=O)OCCN1CCCCC1,*CC(*)(C)C(=O)OCCCCCC,*SC(=S)SC(C)(C#N)CCC(=O)O,5,1,170.34,0,0,0,4.9272,9,12,0,56.4385619,199.294,29.54,0,3,1.6715,4,14,1,174.1263449,172.268,26.3,0,2,2.7659,6,12,0,119.0069869,235.355,61.09,2,4,2.08138,4,13,0,260.9534945,9912.7217,1061.12222,1539.677889,0.010768486,3.752893155
100,126,*CCCCCCCCCCCC,*CC(*)(C)C(=O)OCCN1CCCCC1,*CC(*)(C)C(=O)OCCCCCC,*SC(=S)SC(C)(C#N)CCC(=O)O,5,0.5,170.34,0,0,0,4.9272,9,12,0,56.4385619,199.294,29.54,0,3,1.6715,4,14,1,174.1263449,172.268,26.3,0,2,2.7659,6,12,0,119.0069869,235.355,61.09,2,4,2.08138,4,13,0,260.9534945,6420.8635,1197.887154,1925.336909,0.012986836,2.89181612
100,127,*CCCCCCCCCCCC,*CC(*)(C)C(=O)OCCN1CCCCC1,*CC(*)(C)C(=O)OCCCCCC,*SC(=S)SC(C)(C#N)CCC(=O)O,10,2,170.34,0,0,0,4.9272,9,12,0,56.4385619,199.294,29.54,0,3,1.6715,4,14,1,174.1263449,172.268,26.3,0,2,2.7659,6,12,0,119.0069869,235.355,61.09,2,4,2.08138,4,13,0,260.9534945,4338.9684,936.4873726,1886.790398,0.006386085,2.423245874
100,128,*CCCCCCCCCCCC,*CC(*)(C)C(=O)OCCN1CCCCC1,*CC(*)(C)C(=O)OCCCCCC,*SC(=S)SC(C)(C#N)CCC(=O)O,10,1,170.34,0,0,0,4.9272,9,12,0,56.4385619,199.294,29.54,0,3,1.6715,4,14,1,174.1263449,172.268,26.3,0,2,2.7659,6,12,0,119.0069869,235.355,61.09,2,4,2.08138,4,13,0,260.9534945,4591.9105,654.9055645,1433.959379,0.007691114,3.279210513
100,129,*CCCCCCCCCCCC,*CC(*)(C)C(=O)OCCN1CCCCC1,*CC(*)(C)C(=O)OCCCCCC,*SC(=S)SC(C)(C#N)CCC(=O)O,10,0.5,170.34,0,0,0,4.9272,9,12,0,56.4385619,199.294,29.54,0,3,1.6715,4,14,1,174.1263449,172.268,26.3,0,2,2.7659,6,12,0,119.0069869,235.355,61.09,2,4,2.08138,4,13,0,260.9534945,3037.3867,694.8237525,3463.779107,0.007004981,3.300378065
100,130,*CCCCCCCCCCCC,*CC(*)(C)C(=O)OCCN1CCCCC1,*CC(*)(C)C(=O)OCCCCCC,*SC(=S)SC(C)(C#N)CCC(=O)O,20,2,170.34,0,0,0,4.9272,9,12,0,56.4385619,199.294,29.54,0,3,1.6715,4,14,1,174.1263449,172.268,26.3,0,2,2.7659,6,12,0,119.0069869,235.355,61.09,2,4,2.08138,4,13,0,260.9534945,2550.0776,519.3053636,1655.949921,0.014141683,2.660391098
100,131,*CCCCCCCCCCCC,*CC(*)(C)C(=O)OCCN1CCCCC1,*CC(*)(C)C(=O)OCCCCCC,*SC(=S)SC(C)(C#N)CCC(=O)O,20,1,170.34,0,0,0,4.9272,9,12,0,56.4385619,199.294,29.54,0,3,1.6715,4,14,1,174.1263449,172.268,26.3,0,2,2.7659,6,12,0,119.0069869,235.355,61.09,2,4,2.08138,4,13,0,260.9534945,7880.6499,226.8836346,1377.777837,0.01156372,2.725094521
100,132,*CCCCCCCCCCCC,*CC(*)(C)C(=O)OCCN1CCCCC1,*CC(*)(C)C(=O)OCCCCCC,*SC(=S)SC(C)(C#N)CCC(=O)O,20,0.5,170.34,0,0,0,4.9272,9,12,0,56.4385619,199.294,29.54,0,3,1.6715,4,14,1,174.1263449,172.268,26.3,0,2,2.7659,6,12,0,119.0069869,235.355,61.09,2,4,2.08138,4,13,0,260.9534945,6999.1796,470.7660444,2760.497019,0.010784209,2.802089258
100,133,*CCCCCCCCCCCC,*CC(*)(C)C(=O)OCCN1CCCCC1,*CC(*)C(=O)OCC(CC)CCCC,*SC(=S)SC(C)(C#N)CCC(=O)O,2,2,170.34,0,0,0,4.9272,9,12,0,56.4385619,199.294,29.54,0,3,1.6715,4,14,1,174.1263449,186.295,26.3,0,2,3.156,7,13,0,132.0519685,235.355,61.09,2,4,2.08138,4,13,0,260.9534945,6560.3913,727.821003,890.0654548,0.010953975,2.537819095
100,134,*CCCCCCCCCCCC,*CC(*)(C)C(=O)OCCN1CCCCC1,*CC(*)C(=O)OCC(CC)CCCC,*SC(=S)SC(C)(C#N)CCC(=O)O,2,1,170.34,0,0,0,4.9272,9,12,0,56.4385619,199.294,29.54,0,3,1.6715,4,14,1,174.1263449,186.295,26.3,0,2,3.156,7,13,0,132.0519685,235.355,61.09,2,4,2.08138,4,13,0,260.9534945,4543.3862,160.8090252,1431.293863,0.039234301,2.459392488
100,135,*CCCCCCCCCCCC,*CC(*)(C)C(=O)OCCN1CCCCC1,*CC(*)C(=O)OCC(CC)CCCC,*SC(=S)SC(C)(C#N)CCC(=O)O,2,0.5,170.34,0,0,0,4.9272,9,12,0,56.4385619,199.294,29.54,0,3,1.6715,4,14,1,174.1263449,186.295,26.3,0,2,3.156,7,13,0,132.0519685,235.355,61.09,2,4,2.08138,4,13,0,260.9534945,4750.6171,279.4979376,2612.356606,0.038810147,3.316599302
100,136,*CCCCCCCCCCCC,*CC(*)(C)C(=O)OCCN1CCCCC1,*CC(*)C(=O)OCC(CC)CCCC,*SC(=S)SC(C)(C#N)CCC(=O)O,5,2,170.34,0,0,0,4.9272,9,12,0,56.4385619,199.294,29.54,0,3,1.6715,4,14,1,174.1263449,186.295,26.3,0,2,3.156,7,13,0,132.0519685,235.355,61.09,2,4,2.08138,4,13,0,260.9534945,2121.8491,375.3159239,1829.69508,0.016348565,3.620500418
100,137,*CCCCCCCCCCCC,*CC(*)(C)C(=O)OCCN1CCCCC1,*CC(*)C(=O)OCC(CC)CCCC,*SC(=S)SC(C)(C#N)CCC(=O)O,5,1,170.34,0,0,0,4.9272,9,12,0,56.4385619,199.294,29.54,0,3,1.6715,4,14,1,174.1263449,186.295,26.3,0,2,3.156,7,13,0,132.0519685,235.355,61.09,2,4,2.08138,4,13,0,260.9534945,5435.4076,1990.991169,NAN_ymax,NAN_k,3.458108821
100,138,*CCCCCCCCCCCC,*CC(*)(C)C(=O)OCCN1CCCCC1,*CC(*)C(=O)OCC(CC)CCCC,*SC(=S)SC(C)(C#N)CCC(=O)O,5,0.5,170.34,0,0,0,4.9272,9,12,0,56.4385619,199.294,29.54,0,3,1.6715,4,14,1,174.1263449,186.295,26.3,0,2,3.156,7,13,0,132.0519685,235.355,61.09,2,4,2.08138,4,13,0,260.9534945,2257.3058,659.6498745,2585.623872,0.011013304,3.337658891
100,139,*CCCCCCCCCCCC,*CC(*)(C)C(=O)OCCN1CCCCC1,*CC(*)C(=O)OCC(CC)CCCC,*SC(=S)SC(C)(C#N)CCC(=O)O,10,2,170.34,0,0,0,4.9272,9,12,0,56.4385619,199.294,29.54,0,3,1.6715,4,14,1,174.1263449,186.295,26.3,0,2,3.156,7,13,0,132.0519685,235.355,61.09,2,4,2.08138,4,13,0,260.9534945,2729.996,107.6497748,1847.821633,0.019853235,3.873843533
100,140,*CCCCCCCCCCCC,*CC(*)(C)C(=O)OCCN1CCCCC1,*CC(*)C(=O)OCC(CC)CCCC,*SC(=S)SC(C)(C#N)CCC(=O)O,10,1,170.34,0,0,0,4.9272,9,12,0,56.4385619,199.294,29.54,0,3,1.6715,4,14,1,174.1263449,186.295,26.3,0,2,3.156,7,13,0,132.0519685,235.355,61.09,2,4,2.08138,4,13,0,260.9534945,1688.3365,27.9209126,1809.16263,0.02076387,3.768933942
100,141,*CCCCCCCCCCCC,*CC(*)(C)C(=O)OCCN1CCCCC1,*CC(*)C(=O)OCC(CC)CCCC,*SC(=S)SC(C)(C#N)CCC(=O)O,10,0.5,170.34,0,0,0,4.9272,9,12,0,56.4385619,199.294,29.54,0,3,1.6715,4,14,1,174.1263449,186.295,26.3,0,2,3.156,7,13,0,132.0519685,235.355,61.09,2,4,2.08138,4,13,0,260.9534945,12589.753,7917.565093,2924.018934,0.011355654,3.115111036
100,142,*CCCCCCCCCCCC,*CC(*)(C)C(=O)OCCN1CCCCC1,*CC(*)C(=O)OCC(CC)CCCC,*SC(=S)SC(C)(C#N)CCC(=O)O,20,2,170.34,0,0,0,4.9272,9,12,0,56.4385619,199.294,29.54,0,3,1.6715,4,14,1,174.1263449,186.295,26.3,0,2,3.156,7,13,0,132.0519685,235.355,61.09,2,4,2.08138,4,13,0,260.9534945,7719.0875,3770.397286,2014.824435,0.038803073,2.205475037
100,143,*CCCCCCCCCCCC,*CC(*)(C)C(=O)OCCN1CCCCC1,*CC(*)C(=O)OCC(CC)CCCC,*SC(=S)SC(C)(C#N)CCC(=O)O,20,1,170.34,0,0,0,4.9272,9,12,0,56.4385619,199.294,29.54,0,3,1.6715,4,14,1,174.1263449,186.295,26.3,0,2,3.156,7,13,0,132.0519685,235.355,61.09,2,4,2.08138,4,13,0,260.9534945,6807.5127,1565.371435,1654.711283,0.022854557,2.669781615
100,144,*CCCCCCCCCCCC,*CC(*)(C)C(=O)OCCN1CCCCC1,*CC(*)C(=O)OCC(CC)CCCC,*SC(=S)SC(C)(C#N)CCC(=O)O,20,0.5,170.34,0,0,0,4.9272,9,12,0,56.4385619,199.294,29.54,0,3,1.6715,4,14,1,174.1263449,186.295,26.3,0,2,3.156,7,13,0,132.0519685,235.355,61.09,2,4,2.08138,4,13,0,260.9534945,4813.4602,326.1631437,1816.428279,0.012887059,2.671172843
100,145,*CCCCCCCCCCCC,*CC(*)C(=O)OCCN(CC)CC,*CC(*)C(=O)OCCOc1ccccc1,*SC(=S)SC(C)C(=O)O,2,2,170.34,0,0,0,4.9272,9,12,0,56.4385619,173.256,29.54,0,3,1.2814,6,12,0,121.6969429,194.23,35.53,0,3,2.0186,5,14,1,269.1209499,182.291,37.3,2,3,1.4074,2,9,0,133.7744375,2685.5283,330.8104804,1236.06846,0.021549723,2.742725131
100,146,*CCCCCCCCCCCC,*CC(*)C(=O)OCCN(CC)CC,*CC(*)C(=O)OCCOc1ccccc1,*SC(=S)SC(C)C(=O)O,2,1,170.34,0,0,0,4.9272,9,12,0,56.4385619,173.256,29.54,0,3,1.2814,6,12,0,121.6969429,194.23,35.53,0,3,2.0186,5,14,1,269.1209499,182.291,37.3,2,3,1.4074,2,9,0,133.7744375,3104.6309,291.3581856,1332.096577,0.006867157,2.534660576
100,147,*CCCCCCCCCCCC,*CC(*)C(=O)OCCN(CC)CC,*CC(*)C(=O)OCCOc1ccccc1,*SC(=S)SC(C)C(=O)O,2,0.5,170.34,0,0,0,4.9272,9,12,0,56.4385619,173.256,29.54,0,3,1.2814,6,12,0,121.6969429,194.23,35.53,0,3,2.0186,5,14,1,269.1209499,182.291,37.3,2,3,1.4074,2,9,0,133.7744375,1096.1137,235.4657657,949.478993,0.012444591,3.146128036
100,148,*CCCCCCCCCCCC,*CC(*)C(=O)OCCN(CC)CC,*CC(*)C(=O)OCCOc1ccccc1,*SC(=S)SC(C)C(=O)O,5,2,170.34,0,0,0,4.9272,9,12,0,56.4385619,173.256,29.54,0,3,1.2814,6,12,0,121.6969429,194.23,35.53,0,3,2.0186,5,14,1,269.1209499,182.291,37.3,2,3,1.4074,2,9,0,133.7744375,12696.9689,2913.674613,1083.451615,0.017698583,2.568788212
100,149,*CCCCCCCCCCCC,*CC(*)C(=O)OCCN(CC)CC,*CC(*)C(=O)OCCOc1ccccc1,*SC(=S)SC(C)C(=O)O,5,1,170.34,0,0,0,4.9272,9,12,0,56.4385619,173.256,29.54,0,3,1.2814,6,12,0,121.6969429,194.23,35.53,0,3,2.0186,5,14,1,269.1209499,182.291,37.3,2,3,1.4074,2,9,0,133.7744375,8190.2776,3086.231102,1671.873828,0.023073114,2.436957331
100,150,*CCCCCCCCCCCC,*CC(*)C(=O)OCCN(CC)CC,*CC(*)C(=O)OCCOc1ccccc1,*SC(=S)SC(C)C(=O)O,5,0.5,170.34,0,0,0,4.9272,9,12,0,56.4385619,173.256,29.54,0,3,1.2814,6,12,0,121.6969429,194.23,35.53,0,3,2.0186,5,14,1,269.1209499,182.291,37.3,2,3,1.4074,2,9,0,133.7744375,8401.6252,1121.885437,2133.811247,0.008367481,2.428134794
100,151,*CCCCCCCCCCCC,*CC(*)C(=O)OCCN(CC)CC,*CC(*)C(=O)OCCOc1ccccc1,*SC(=S)SC(C)C(=O)O,10,2,170.34,0,0,0,4.9272,9,12,0,56.4385619,173.256,29.54,0,3,1.2814,6,12,0,121.6969429,194.23,35.53,0,3,2.0186,5,14,1,269.1209499,182.291,37.3,2,3,1.4074,2,9,0,133.7744375,6029.6469,221.0336189,1262.901941,0.008660886,2.403977964
100,152,*CCCCCCCCCCCC,*CC(*)C(=O)OCCN(CC)CC,*CC(*)C(=O)OCCOc1ccccc1,*SC(=S)SC(C)C(=O)O,10,1,170.34,0,0,0,4.9272,9,12,0,56.4385619,173.256,29.54,0,3,1.2814,6,12,0,121.6969429,194.23,35.53,0,3,2.0186,5,14,1,269.1209499,182.291,37.3,2,3,1.4074,2,9,0,133.7744375,4500.889,720.4657941,1647.168455,0.014968669,2.440121603
100,153,*CCCCCCCCCCCC,*CC(*)C(=O)OCCN(CC)CC,*CC(*)C(=O)OCCOc1ccccc1,*SC(=S)SC(C)C(=O)O,10,0.5,170.34,0,0,0,4.9272,9,12,0,56.4385619,173.256,29.54,0,3,1.2814,6,12,0,121.6969429,194.23,35.53,0,3,2.0186,5,14,1,269.1209499,182.291,37.3,2,3,1.4074,2,9,0,133.7744375,5254.8678,461.2426405,2111.520469,0.00733642,4.125220936
100,154,*CCCCCCCCCCCC,*CC(*)C(=O)OCCN(CC)CC,*CC(*)C(=O)OCCOc1ccccc1,*SC(=S)SC(C)C(=O)O,20,2,170.34,0,0,0,4.9272,9,12,0,56.4385619,173.256,29.54,0,3,1.2814,6,12,0,121.6969429,194.23,35.53,0,3,2.0186,5,14,1,269.1209499,182.291,37.3,2,3,1.4074,2,9,0,133.7744375,2378.2286,255.8122256,NAN_ymax,NAN_k,2.070037867
100,155,*CCCCCCCCCCCC,*CC(*)C(=O)OCCN(CC)CC,*CC(*)C(=O)OCCOc1ccccc1,*SC(=S)SC(C)C(=O)O,20,1,170.34,0,0,0,4.9272,9,12,0,56.4385619,173.256,29.54,0,3,1.2814,6,12,0,121.6969429,194.23,35.53,0,3,2.0186,5,14,1,269.1209499,182.291,37.3,2,3,1.4074,2,9,0,133.7744375,16173.5979,5522.7802,1482.214369,0.019655941,2.6349808
100,156,*CCCCCCCCCCCC,*CC(*)C(=O)OCCN(CC)CC,*CC(*)C(=O)OCCOc1ccccc1,*SC(=S)SC(C)C(=O)O,20,0.5,170.34,0,0,0,4.9272,9,12,0,56.4385619,173.256,29.54,0,3,1.2814,6,12,0,121.6969429,194.23,35.53,0,3,2.0186,5,14,1,269.1209499,182.291,37.3,2,3,1.4074,2,9,0,133.7744375,8730.0598,4111.8102,1881.935516,0.014835546,3.819280647
100,157,*CCCCCCCCCCCC,*CC(*)C(=O)OCCN(CC)CC,*CC(*)(C)C(=O)OCCCCCC,*SC(=S)SC(C)C(=O)O,2,2,170.34,0,0,0,4.9272,9,12,0,56.4385619,173.256,29.54,0,3,1.2814,6,12,0,121.6969429,172.268,26.3,0,2,2.7659,6,12,0,119.0069869,182.291,37.3,2,3,1.4074,2,9,0,133.7744375,5621.961,615.062,1374.162767,0.020829435,2.53529412
100,158,*CCCCCCCCCCCC,*CC(*)C(=O)OCCN(CC)CC,*CC(*)(C)C(=O)OCCCCCC,*SC(=S)SC(C)C(=O)O,2,1,170.34,0,0,0,4.9272,9,12,0,56.4385619,173.256,29.54,0,3,1.2814,6,12,0,121.6969429,172.268,26.3,0,2,2.7659,6,12,0,119.0069869,182.291,37.3,2,3,1.4074,2,9,0,133.7744375,7018.1253,2295.6795,1746.271299,0.012164869,2.732795698
100,159,*CCCCCCCCCCCC,*CC(*)C(=O)OCCN(CC)CC,*CC(*)(C)C(=O)OCCCCCC,*SC(=S)SC(C)C(=O)O,2,0.5,170.34,0,0,0,4.9272,9,12,0,56.4385619,173.256,29.54,0,3,1.2814,6,12,0,121.6969429,172.268,26.3,0,2,2.7659,6,12,0,119.0069869,182.291,37.3,2,3,1.4074,2,9,0,133.7744375,3286.0265,1995.369,1256.408668,0.020381274,2.264817823
100,160,*CCCCCCCCCCCC,*CC(*)C(=O)OCCN(CC)CC,*CC(*)(C)C(=O)OCCCCCC,*SC(=S)SC(C)C(=O)O,5,2,170.34,0,0,0,4.9272,9,12,0,56.4385619,173.256,29.54,0,3,1.2814,6,12,0,121.6969429,172.268,26.3,0,2,2.7659,6,12,0,119.0069869,182.291,37.3,2,3,1.4074,2,9,0,133.7744375,3403.0057,1314.9451,1857.38066,0.015166573,2.162862993
100,161,*CCCCCCCCCCCC,*CC(*)C(=O)OCCN(CC)CC,*CC(*)(C)C(=O)OCCCCCC,*SC(=S)SC(C)C(=O)O,5,1,170.34,0,0,0,4.9272,9,12,0,56.4385619,173.256,29.54,0,3,1.2814,6,12,0,121.6969429,172.268,26.3,0,2,2.7659,6,12,0,119.0069869,182.291,37.3,2,3,1.4074,2,9,0,133.7744375,1229.2401,698.9925,1545.92,0.01777186,3.396286546
100,162,*CCCCCCCCCCCC,*CC(*)C(=O)OCCN(CC)CC,*CC(*)(C)C(=O)OCCCCCC,*SC(=S)SC(C)C(=O)O,5,0.5,170.34,0,0,0,4.9272,9,12,0,56.4385619,173.256,29.54,0,3,1.2814,6,12,0,121.6969429,172.268,26.3,0,2,2.7659,6,12,0,119.0069869,182.291,37.3,2,3,1.4074,2,9,0,133.7744375,7312.8137,2778.496,2080.743295,0.010480807,3.309417226
100,163,*CCCCCCCCCCCC,*CC(*)C(=O)OCCN(CC)CC,*CC(*)(C)C(=O)OCCCCCC,*SC(=S)SC(C)C(=O)O,10,2,170.34,0,0,0,4.9272,9,12,0,56.4385619,173.256,29.54,0,3,1.2814,6,12,0,121.6969429,172.268,26.3,0,2,2.7659,6,12,0,119.0069869,182.291,37.3,2,3,1.4074,2,9,0,133.7744375,6996.048,2251.6071,1903.091553,0.014414598,2.461648568
100,164,*CCCCCCCCCCCC,*CC(*)C(=O)OCCN(CC)CC,*CC(*)(C)C(=O)OCCCCCC,*SC(=S)SC(C)C(=O)O,10,1,170.34,0,0,0,4.9272,9,12,0,56.4385619,173.256,29.54,0,3,1.2814,6,12,0,121.6969429,172.268,26.3,0,2,2.7659,6,12,0,119.0069869,182.291,37.3,2,3,1.4074,2,9,0,133.7744375,3340.176,1420.3797,2060.863386,0.016198069,2.442479769
100,165,*CCCCCCCCCCCC,*CC(*)C(=O)OCCN(CC)CC,*CC(*)(C)C(=O)OCCCCCC,*SC(=S)SC(C)C(=O)O,10,0.5,170.34,0,0,0,4.9272,9,12,0,56.4385619,173.256,29.54,0,3,1.2814,6,12,0,121.6969429,172.268,26.3,0,2,2.7659,6,12,0,119.0069869,182.291,37.3,2,3,1.4074,2,9,0,133.7744375,3592.1924,2171.2498,1954.188726,0.014588547,3.130655349
100,166,*CCCCCCCCCCCC,*CC(*)C(=O)OCCN(CC)CC,*CC(*)(C)C(=O)OCCCCCC,*SC(=S)SC(C)C(=O)O,20,2,170.34,0,0,0,4.9272,9,12,0,56.4385619,173.256,29.54,0,3,1.2814,6,12,0,121.6969429,172.268,26.3,0,2,2.7659,6,12,0,119.0069869,182.291,37.3,2,3,1.4074,2,9,0,133.7744375,3127.4279,2368.4161,1992.403393,0.014031498,2.569958818
100,167,*CCCCCCCCCCCC,*CC(*)C(=O)OCCN(CC)CC,*CC(*)(C)C(=O)OCCCCCC,*SC(=S)SC(C)C(=O)O,20,1,170.34,0,0,0,4.9272,9,12,0,56.4385619,173.256,29.54,0,3,1.2814,6,12,0,121.6969429,172.268,26.3,0,2,2.7659,6,12,0,119.0069869,182.291,37.3,2,3,1.4074,2,9,0,133.7744375,3882.4074,2970.783,2147.194767,0.018405766,2.155336037
100,168,*CCCCCCCCCCCC,*CC(*)C(=O)OCCN(CC)CC,*CC(*)(C)C(=O)OCCCCCC,*SC(=S)SC(C)C(=O)O,20,0.5,170.34,0,0,0,4.9272,9,12,0,56.4385619,173.256,29.54,0,3,1.2814,6,12,0,121.6969429,172.268,26.3,0,2,2.7659,6,12,0,119.0069869,182.291,37.3,2,3,1.4074,2,9,0,133.7744375,1083.1474,366.2173,1867.817409,0.019651889,2.60368555
100,169,*CCCCCCCCCCCC,*CC(*)C(=O)OCCN(CC)CC,*CC(*)C(=O)OCC(CC)CCCC,*SC(=S)SC(C)C(=O)O,2,2,170.34,0,0,0,4.9272,9,12,0,56.4385619,173.256,29.54,0,3,1.2814,6,12,0,121.6969429,186.295,26.3,0,2,3.156,7,13,0,132.0519685,182.291,37.3,2,3,1.4074,2,9,0,133.7744375,13785.1936,4148.8269,1227.122319,0.001277733,2.904715545
100,170,*CCCCCCCCCCCC,*CC(*)C(=O)OCCN(CC)CC,*CC(*)C(=O)OCC(CC)CCCC,*SC(=S)SC(C)C(=O)O,2,1,170.34,0,0,0,4.9272,9,12,0,56.4385619,173.256,29.54,0,3,1.2814,6,12,0,121.6969429,186.295,26.3,0,2,3.156,7,13,0,132.0519685,182.291,37.3,2,3,1.4074,2,9,0,133.7744375,5536.9041,2020.7576,1692.227285,0.004350266,2.811575006
100,171,*CCCCCCCCCCCC,*CC(*)C(=O)OCCN(CC)CC,*CC(*)C(=O)OCC(CC)CCCC,*SC(=S)SC(C)C(=O)O,2,0.5,170.34,0,0,0,4.9272,9,12,0,56.4385619,173.256,29.54,0,3,1.2814,6,12,0,121.6969429,186.295,26.3,0,2,3.156,7,13,0,132.0519685,182.291,37.3,2,3,1.4074,2,9,0,133.7744375,4332.5164,1919.068,1200.810836,0.007127688,3.202352068
100,172,*CCCCCCCCCCCC,*CC(*)C(=O)OCCN(CC)CC,*CC(*)C(=O)OCC(CC)CCCC,*SC(=S)SC(C)C(=O)O,5,2,170.34,0,0,0,4.9272,9,12,0,56.4385619,173.256,29.54,0,3,1.2814,6,12,0,121.6969429,186.295,26.3,0,2,3.156,7,13,0,132.0519685,182.291,37.3,2,3,1.4074,2,9,0,133.7744375,6712.5815,1509.436,1975.682791,0.008483984,2.041392685
100,173,*CCCCCCCCCCCC,*CC(*)C(=O)OCCN(CC)CC,*CC(*)C(=O)OCC(CC)CCCC,*SC(=S)SC(C)C(=O)O,5,1,170.34,0,0,0,4.9272,9,12,0,56.4385619,173.256,29.54,0,3,1.2814,6,12,0,121.6969429,186.295,26.3,0,2,3.156,7,13,0,132.0519685,182.291,37.3,2,3,1.4074,2,9,0,133.7744375,3742.7707,1830.2771,1471.564314,0.009910223,3.092018471
100,174,*CCCCCCCCCCCC,*CC(*)C(=O)OCCN(CC)CC,*CC(*)C(=O)OCC(CC)CCCC,*SC(=S)SC(C)C(=O)O,5,0.5,170.34,0,0,0,4.9272,9,12,0,56.4385619,173.256,29.54,0,3,1.2814,6,12,0,121.6969429,186.295,26.3,0,2,3.156,7,13,0,132.0519685,182.291,37.3,2,3,1.4074,2,9,0,133.7744375,4798.149,2723.8326,1715.507041,0.008593676,3.98403198
100,175,*CCCCCCCCCCCC,*CC(*)C(=O)OCCN(CC)CC,*CC(*)C(=O)OCC(CC)CCCC,*SC(=S)SC(C)C(=O)O,10,2,170.34,0,0,0,4.9272,9,12,0,56.4385619,173.256,29.54,0,3,1.2814,6,12,0,121.6969429,186.295,26.3,0,2,3.156,7,13,0,132.0519685,182.291,37.3,2,3,1.4074,2,9,0,133.7744375,2482.7309,1266.0164,1478.17231,0.011881748,1.872156273
100,176,*CCCCCCCCCCCC,*CC(*)C(=O)OCCN(CC)CC,*CC(*)C(=O)OCC(CC)CCCC,*SC(=S)SC(C)C(=O)O,10,1,170.34,0,0,0,4.9272,9,12,0,56.4385619,173.256,29.54,0,3,1.2814,6,12,0,121.6969429,186.295,26.3,0,2,3.156,7,13,0,132.0519685,182.291,37.3,2,3,1.4074,2,9,0,133.7744375,6031.8204,1587.706,2106.773359,0.00606412,3.155032229
100,177,*CCCCCCCCCCCC,*CC(*)C(=O)OCCN(CC)CC,*CC(*)C(=O)OCC(CC)CCCC,*SC(=S)SC(C)C(=O)O,10,0.5,170.34,0,0,0,4.9272,9,12,0,56.4385619,173.256,29.54,0,3,1.2814,6,12,0,121.6969429,186.295,26.3,0,2,3.156,7,13,0,132.0519685,182.291,37.3,2,3,1.4074,2,9,0,133.7744375,7636.6229,2024.7394,1883.451141,0.013447459,3.612995656
100,178,*CCCCCCCCCCCC,*CC(*)C(=O)OCCN(CC)CC,*CC(*)C(=O)OCC(CC)CCCC,*SC(=S)SC(C)C(=O)O,20,2,170.34,0,0,0,4.9272,9,12,0,56.4385619,173.256,29.54,0,3,1.2814,6,12,0,121.6969429,186.295,26.3,0,2,3.156,7,13,0,132.0519685,182.291,37.3,2,3,1.4074,2,9,0,133.7744375,3549.7028,1580.9469,1779.402592,0.019558298,2.658488381
100,179,*CCCCCCCCCCCC,*CC(*)C(=O)OCCN(CC)CC,*CC(*)C(=O)OCC(CC)CCCC,*SC(=S)SC(C)C(=O)O,20,1,170.34,0,0,0,4.9272,9,12,0,56.4385619,173.256,29.54,0,3,1.2814,6,12,0,121.6969429,186.295,26.3,0,2,3.156,7,13,0,132.0519685,182.291,37.3,2,3,1.4074,2,9,0,133.7744375,3300.2309,1437.0663,1959.240634,0.010764505,2.357934847
100,180,*CCCCCCCCCCCC,*CC(*)C(=O)OCCN(CC)CC,*CC(*)C(=O)OCC(CC)CCCC,*SC(=S)SC(C)C(=O)O,20,0.5,170.34,0,0,0,4.9272,9,12,0,56.4385619,173.256,29.54,0,3,1.2814,6,12,0,121.6969429,186.295,26.3,0,2,3.156,7,13,0,132.0519685,182.291,37.3,2,3,1.4074,2,9,0,133.7744375,4588.8152,1587.1821,2079.852121,0.005250369,2.597695186
100,181,*CCCCCCCCCCCC,*CC(*)(C)C(=O)OCCN(C)C,*CC(*)C(=O)OCCOc1ccccc1,*SC(=S)SC(C)C(=O)O,2,2,170.34,0,0,0,4.9272,9,12,0,56.4385619,159.229,29.54,0,3,0.7472,4,11,0,121.2604657,194.23,35.53,0,3,2.0186,5,14,1,269.1209499,182.291,37.3,2,3,1.4074,2,9,0,133.7744375,2855.1372,1831.4502,1098.134393,0.003012595,2.390051496
100,182,*CCCCCCCCCCCC,*CC(*)(C)C(=O)OCCN(C)C,*CC(*)C(=O)OCCOc1ccccc1,*SC(=S)SC(C)C(=O)O,2,1,170.34,0,0,0,4.9272,9,12,0,56.4385619,159.229,29.54,0,3,0.7472,4,11,0,121.2604657,194.23,35.53,0,3,2.0186,5,14,1,269.1209499,182.291,37.3,2,3,1.4074,2,9,0,133.7744375,1209.1112,607.6661,1461.284602,0.003257442,2.405687787
100,183,*CCCCCCCCCCCC,*CC(*)(C)C(=O)OCCN(C)C,*CC(*)C(=O)OCCOc1ccccc1,*SC(=S)SC(C)C(=O)O,2,0.5,170.34,0,0,0,4.9272,9,12,0,56.4385619,159.229,29.54,0,3,0.7472,4,11,0,121.2604657,194.23,35.53,0,3,2.0186,5,14,1,269.1209499,182.291,37.3,2,3,1.4074,2,9,0,133.7744375,6218.0652,2249.5236,1695.381171,0.029492953,3.847819347
100,184,*CCCCCCCCCCCC,*CC(*)(C)C(=O)OCCN(C)C,*CC(*)C(=O)OCCOc1ccccc1,*SC(=S)SC(C)C(=O)O,5,2,170.34,0,0,0,4.9272,9,12,0,56.4385619,159.229,29.54,0,3,0.7472,4,11,0,121.2604657,194.23,35.53,0,3,2.0186,5,14,1,269.1209499,182.291,37.3,2,3,1.4074,2,9,0,133.7744375,4940.647,1841.7622,1079.120925,0.013352599,2.42894429
100,185,*CCCCCCCCCCCC,*CC(*)(C)C(=O)OCCN(C)C,*CC(*)C(=O)OCCOc1ccccc1,*SC(=S)SC(C)C(=O)O,5,1,170.34,0,0,0,4.9272,9,12,0,56.4385619,159.229,29.54,0,3,0.7472,4,11,0,121.2604657,194.23,35.53,0,3,2.0186,5,14,1,269.1209499,182.291,37.3,2,3,1.4074,2,9,0,133.7744375,2502.2499,1321.1603,1093.6134,0.040122143,4.862897281
100,186,*CCCCCCCCCCCC,*CC(*)(C)C(=O)OCCN(C)C,*CC(*)C(=O)OCCOc1ccccc1,*SC(=S)SC(C)C(=O)O,5,0.5,170.34,0,0,0,4.9272,9,12,0,56.4385619,159.229,29.54,0,3,0.7472,4,11,0,121.2604657,194.23,35.53,0,3,2.0186,5,14,1,269.1209499,182.291,37.3,2,3,1.4074,2,9,0,133.7744375,5979.5884,1297.7685,2312.560448,0.007339859,3.172748839
100,187,*CCCCCCCCCCCC,*CC(*)(C)C(=O)OCCN(C)C,*CC(*)C(=O)OCCOc1ccccc1,*SC(=S)SC(C)C(=O)O,10,2,170.34,0,0,0,4.9272,9,12,0,56.4385619,159.229,29.54,0,3,0.7472,4,11,0,121.2604657,194.23,35.53,0,3,2.0186,5,14,1,269.1209499,182.291,37.3,2,3,1.4074,2,9,0,133.7744375,3733.7778,1121.0072,796.8594406,0.014299339,3.080626487
100,188,*CCCCCCCCCCCC,*CC(*)(C)C(=O)OCCN(C)C,*CC(*)C(=O)OCCOc1ccccc1,*SC(=S)SC(C)C(=O)O,10,1,170.34,0,0,0,4.9272,9,12,0,56.4385619,159.229,29.54,0,3,0.7472,4,11,0,121.2604657,194.23,35.53,0,3,2.0186,5,14,1,269.1209499,182.291,37.3,2,3,1.4074,2,9,0,133.7744375,4270.2119,1239.516,1240.136952,0.017378971,2.507855872
100,189,*CCCCCCCCCCCC,*CC(*)(C)C(=O)OCCN(C)C,*CC(*)C(=O)OCCOc1ccccc1,*SC(=S)SC(C)C(=O)O,10,0.5,170.34,0,0,0,4.9272,9,12,0,56.4385619,159.229,29.54,0,3,0.7472,4,11,0,121.2604657,194.23,35.53,0,3,2.0186,5,14,1,269.1209499,182.291,37.3,2,3,1.4074,2,9,0,133.7744375,2484.5117,906.8978,1714.95388,0.009321716,2.382917135
100,190,*CCCCCCCCCCCC,*CC(*)(C)C(=O)OCCN(C)C,*CC(*)C(=O)OCCOc1ccccc1,*SC(=S)SC(C)C(=O)O,20,2,170.34,0,0,0,4.9272,9,12,0,56.4385619,159.229,29.54,0,3,0.7472,4,11,0,121.2604657,194.23,35.53,0,3,2.0186,5,14,1,269.1209499,182.291,37.3,2,3,1.4074,2,9,0,133.7744375,6802.7837,1911.9687,796.4360499,0.011095259,2.188928484
100,191,*CCCCCCCCCCCC,*CC(*)(C)C(=O)OCCN(C)C,*CC(*)C(=O)OCCOc1ccccc1,*SC(=S)SC(C)C(=O)O,20,1,170.34,0,0,0,4.9272,9,12,0,56.4385619,159.229,29.54,0,3,0.7472,4,11,0,121.2604657,194.23,35.53,0,3,2.0186,5,14,1,269.1209499,182.291,37.3,2,3,1.4074,2,9,0,133.7744375,5010.8736,960.8362,1689.635521,0.037125449,3.118595365
100,192,*CCCCCCCCCCCC,*CC(*)(C)C(=O)OCCN(C)C,*CC(*)C(=O)OCCOc1ccccc1,*SC(=S)SC(C)C(=O)O,20,0.5,170.34,0,0,0,4.9272,9,12,0,56.4385619,159.229,29.54,0,3,0.7472,4,11,0,121.2604657,194.23,35.53,0,3,2.0186,5,14,1,269.1209499,182.291,37.3,2,3,1.4074,2,9,0,133.7744375,4322.6313,1098.2171,1767.041995,0.010574823,3.817895757
100,193,*CCCCCCCCCCCC,*CC(*)(C)C(=O)OCCN(C)C,*CC(*)(C)C(=O)OCCCCCC,*SC(=S)SC(C)C(=O)O,2,2,170.34,0,0,0,4.9272,9,12,0,56.4385619,159.229,29.54,0,3,0.7472,4,11,0,121.2604657,172.268,26.3,0,2,2.7659,6,12,0,119.0069869,182.291,37.3,2,3,1.4074,2,9,0,133.7744375,3266.6689,1607.7445,1564.693819,0.011485035,2.841046465
100,194,*CCCCCCCCCCCC,*CC(*)(C)C(=O)OCCN(C)C,*CC(*)(C)C(=O)OCCCCCC,*SC(=S)SC(C)C(=O)O,2,1,170.34,0,0,0,4.9272,9,12,0,56.4385619,159.229,29.54,0,3,0.7472,4,11,0,121.2604657,172.268,26.3,0,2,2.7659,6,12,0,119.0069869,182.291,37.3,2,3,1.4074,2,9,0,133.7744375,3893.2897,1464.3852,1198.2839,0.022225629,3.591509809
100,195,*CCCCCCCCCCCC,*CC(*)(C)C(=O)OCCN(C)C,*CC(*)(C)C(=O)OCCCCCC,*SC(=S)SC(C)C(=O)O,2,0.5,170.34,0,0,0,4.9272,9,12,0,56.4385619,159.229,29.54,0,3,0.7472,4,11,0,121.2604657,172.268,26.3,0,2,2.7659,6,12,0,119.0069869,182.291,37.3,2,3,1.4074,2,9,0,133.7744375,2938.4997,2049.5586,2751.732533,0.008988894,3.937943954
100,196,*CCCCCCCCCCCC,*CC(*)(C)C(=O)OCCN(C)C,*CC(*)(C)C(=O)OCCCCCC,*SC(=S)SC(C)C(=O)O,5,2,170.34,0,0,0,4.9272,9,12,0,56.4385619,159.229,29.54,0,3,0.7472,4,11,0,121.2604657,172.268,26.3,0,2,2.7659,6,12,0,119.0069869,182.291,37.3,2,3,1.4074,2,9,0,133.7744375,1666.4423,798.0197,1746.449552,0.01265604,2.694605199
100,197,*CCCCCCCCCCCC,*CC(*)(C)C(=O)OCCN(C)C,*CC(*)(C)C(=O)OCCCCCC,*SC(=S)SC(C)C(=O)O,5,1,170.34,0,0,0,4.9272,9,12,0,56.4385619,159.229,29.54,0,3,0.7472,4,11,0,121.2604657,172.268,26.3,0,2,2.7659,6,12,0,119.0069869,182.291,37.3,2,3,1.4074,2,9,0,133.7744375,9625.5225,3104.3928,1597.223269,0.007740686,3.831357785
100,198,*CCCCCCCCCCCC,*CC(*)(C)C(=O)OCCN(C)C,*CC(*)(C)C(=O)OCCCCCC,*SC(=S)SC(C)C(=O)O,5,0.5,170.34,0,0,0,4.9272,9,12,0,56.4385619,159.229,29.54,0,3,0.7472,4,11,0,121.2604657,172.268,26.3,0,2,2.7659,6,12,0,119.0069869,182.291,37.3,2,3,1.4074,2,9,0,133.7744375,5916.5507,1953.5641,3152.756347,0.013956803,3.855942946
100,199,*CCCCCCCCCCCC,*CC(*)(C)C(=O)OCCN(C)C,*CC(*)(C)C(=O)OCCCCCC,*SC(=S)SC(C)C(=O)O,10,2,170.34,0,0,0,4.9272,9,12,0,56.4385619,159.229,29.54,0,3,0.7472,4,11,0,121.2604657,172.268,26.3,0,2,2.7659,6,12,0,119.0069869,182.291,37.3,2,3,1.4074,2,9,0,133.7744375,3128.6639,1056.8396,1696.843188,0.005979227,3.340146551
100,200,*CCCCCCCCCCCC,*CC(*)(C)C(=O)OCCN(C)C,*CC(*)(C)C(=O)OCCCCCC,*SC(=S)SC(C)C(=O)O,10,1,170.34,0,0,0,4.9272,9,12,0,56.4385619,159.229,29.54,0,3,0.7472,4,11,0,121.2604657,172.268,26.3,0,2,2.7659,6,12,0,119.0069869,182.291,37.3,2,3,1.4074,2,9,0,133.7744375,2988.1393,833.6394,2102.92318,0.006884778,3.382287266
100,201,*CCCCCCCCCCCC,*CC(*)(C)C(=O)OCCN(C)C,*CC(*)(C)C(=O)OCCCCCC,*SC(=S)SC(C)C(=O)O,10,0.5,170.34,0,0,0,4.9272,9,12,0,56.4385619,159.229,29.54,0,3,0.7472,4,11,0,121.2604657,172.268,26.3,0,2,2.7659,6,12,0,119.0069869,182.291,37.3,2,3,1.4074,2,9,0,133.7744375,3300.2495,1049.2912,3304.145445,0.017000743,3.641523685
100,202,*CCCCCCCCCCCC,*CC(*)(C)C(=O)OCCN(C)C,*CC(*)(C)C(=O)OCCCCCC,*SC(=S)SC(C)C(=O)O,20,2,170.34,0,0,0,4.9272,9,12,0,56.4385619,159.229,29.54,0,3,0.7472,4,11,0,121.2604657,172.268,26.3,0,2,2.7659,6,12,0,119.0069869,182.291,37.3,2,3,1.4074,2,9,0,133.7744375,3577.8924,912.2511,1472.57173,0.013879624,3.255393126
100,203,*CCCCCCCCCCCC,*CC(*)(C)C(=O)OCCN(C)C,*CC(*)(C)C(=O)OCCCCCC,*SC(=S)SC(C)C(=O)O,20,1,170.34,0,0,0,4.9272,9,12,0,56.4385619,159.229,29.54,0,3,0.7472,4,11,0,121.2604657,172.268,26.3,0,2,2.7659,6,12,0,119.0069869,182.291,37.3,2,3,1.4074,2,9,0,133.7744375,1134.7815,1188.3369,1783.465863,0.006062208,2.928395852
100,204,*CCCCCCCCCCCC,*CC(*)(C)C(=O)OCCN(C)C,*CC(*)(C)C(=O)OCCCCCC,*SC(=S)SC(C)C(=O)O,20,0.5,170.34,0,0,0,4.9272,9,12,0,56.4385619,159.229,29.54,0,3,0.7472,4,11,0,121.2604657,172.268,26.3,0,2,2.7659,6,12,0,119.0069869,182.291,37.3,2,3,1.4074,2,9,0,133.7744375,7356.6431,2732.3758,2300.715863,0.016185418,2.494850022
100,205,*CCCCCCCCCCCC,*CC(*)(C)C(=O)OCCN(C)C,*CC(*)C(=O)OCC(CC)CCCC,*SC(=S)SC(C)C(=O)O,2,2,170.34,0,0,0,4.9272,9,12,0,56.4385619,159.229,29.54,0,3,0.7472,4,11,0,121.2604657,186.295,26.3,0,2,3.156,7,13,0,132.0519685,182.291,37.3,2,3,1.4074,2,9,0,133.7744375,5051.0845,681.1146887,396.4332403,0.001618119,4.539552808
100,206,*CCCCCCCCCCCC,*CC(*)(C)C(=O)OCCN(C)C,*CC(*)C(=O)OCC(CC)CCCC,*SC(=S)SC(C)C(=O)O,2,1,170.34,0,0,0,4.9272,9,12,0,56.4385619,159.229,29.54,0,3,0.7472,4,11,0,121.2604657,186.295,26.3,0,2,3.156,7,13,0,132.0519685,182.291,37.3,2,3,1.4074,2,9,0,133.7744375,161.2303,656.5035147,812.3855833,0.003907225,3.139564266
100,207,*CCCCCCCCCCCC,*CC(*)(C)C(=O)OCCN(C)C,*CC(*)C(=O)OCC(CC)CCCC,*SC(=S)SC(C)C(=O)O,2,0.5,170.34,0,0,0,4.9272,9,12,0,56.4385619,159.229,29.54,0,3,0.7472,4,11,0,121.2604657,186.295,26.3,0,2,3.156,7,13,0,132.0519685,182.291,37.3,2,3,1.4074,2,9,0,133.7744375,2441.7876,884.8891804,1078.521115,0.006068182,3.683317262
100,208,*CCCCCCCCCCCC,*CC(*)(C)C(=O)OCCN(C)C,*CC(*)C(=O)OCC(CC)CCCC,*SC(=S)SC(C)C(=O)O,5,2,170.34,0,0,0,4.9272,9,12,0,56.4385619,159.229,29.54,0,3,0.7472,4,11,0,121.2604657,186.295,26.3,0,2,3.156,7,13,0,132.0519685,182.291,37.3,2,3,1.4074,2,9,0,133.7744375,2189.9205,511.4083694,903.6075993,0.006373272,3.965624967
100,209,*CCCCCCCCCCCC,*CC(*)(C)C(=O)OCCN(C)C,*CC(*)C(=O)OCC(CC)CCCC,*SC(=S)SC(C)C(=O)O,5,1,170.34,0,0,0,4.9272,9,12,0,56.4385619,159.229,29.54,0,3,0.7472,4,11,0,121.2604657,186.295,26.3,0,2,3.156,7,13,0,132.0519685,182.291,37.3,2,3,1.4074,2,9,0,133.7744375,4641.9396,537.5057637,1364.9881,0.008429056,4.863857962
100,210,*CCCCCCCCCCCC,*CC(*)(C)C(=O)OCCN(C)C,*CC(*)C(=O)OCC(CC)CCCC,*SC(=S)SC(C)C(=O)O,5,0.5,170.34,0,0,0,4.9272,9,12,0,56.4385619,159.229,29.54,0,3,0.7472,4,11,0,121.2604657,186.295,26.3,0,2,3.156,7,13,0,132.0519685,182.291,37.3,2,3,1.4074,2,9,0,133.7744375,7492.9265,4706.941577,2337.489839,0.019583229,3.015778756
100,211,*CCCCCCCCCCCC,*CC(*)(C)C(=O)OCCN(C)C,*CC(*)C(=O)OCC(CC)CCCC,*SC(=S)SC(C)C(=O)O,10,2,170.34,0,0,0,4.9272,9,12,0,56.4385619,159.229,29.54,0,3,0.7472,4,11,0,121.2604657,186.295,26.3,0,2,3.156,7,13,0,132.0519685,182.291,37.3,2,3,1.4074,2,9,0,133.7744375,782.7369,500.7592328,1223.993049,0.004459456,3.494224187
100,212,*CCCCCCCCCCCC,*CC(*)(C)C(=O)OCCN(C)C,*CC(*)C(=O)OCC(CC)CCCC,*SC(=S)SC(C)C(=O)O,10,1,170.34,0,0,0,4.9272,9,12,0,56.4385619,159.229,29.54,0,3,0.7472,4,11,0,121.2604657,186.295,26.3,0,2,3.156,7,13,0,132.0519685,182.291,37.3,2,3,1.4074,2,9,0,133.7744375,11761.0045,12300.34624,1250.889601,0.00524292,5.74164276
100,213,*CCCCCCCCCCCC,*CC(*)(C)C(=O)OCCN(C)C,*CC(*)C(=O)OCC(CC)CCCC,*SC(=S)SC(C)C(=O)O,10,0.5,170.34,0,0,0,4.9272,9,12,0,56.4385619,159.229,29.54,0,3,0.7472,4,11,0,121.2604657,186.295,26.3,0,2,3.156,7,13,0,132.0519685,182.291,37.3,2,3,1.4074,2,9,0,133.7744375,12102.9316,1049.618243,1788.919247,0.008376732,5.412992799
100,214,*CCCCCCCCCCCC,*CC(*)(C)C(=O)OCCN(C)C,*CC(*)C(=O)OCC(CC)CCCC,*SC(=S)SC(C)C(=O)O,20,2,170.34,0,0,0,4.9272,9,12,0,56.4385619,159.229,29.54,0,3,0.7472,4,11,0,121.2604657,186.295,26.3,0,2,3.156,7,13,0,132.0519685,182.291,37.3,2,3,1.4074,2,9,0,133.7744375,7185.5273,533.2895361,1209.848386,0.007136375,5.280747912
100,215,*CCCCCCCCCCCC,*CC(*)(C)C(=O)OCCN(C)C,*CC(*)C(=O)OCC(CC)CCCC,*SC(=S)SC(C)C(=O)O,20,1,170.34,0,0,0,4.9272,9,12,0,56.4385619,159.229,29.54,0,3,0.7472,4,11,0,121.2604657,186.295,26.3,0,2,3.156,7,13,0,132.0519685,182.291,37.3,2,3,1.4074,2,9,0,133.7744375,3582.1759,744.2063172,1865.850797,0.004849699,5.167953538
100,216,*CCCCCCCCCCCC,*CC(*)(C)C(=O)OCCN(C)C,*CC(*)C(=O)OCC(CC)CCCC,*SC(=S)SC(C)C(=O)O,20,0.5,170.34,0,0,0,4.9272,9,12,0,56.4385619,159.229,29.54,0,3,0.7472,4,11,0,121.2604657,186.295,26.3,0,2,3.156,7,13,0,132.0519685,182.291,37.3,2,3,1.4074,2,9,0,133.7744375,4038.468,880.7024664,1805.858435,0.008887133,4.758533422
100,217,*CCCCCCCCCCCC,*CC(*)C(=O)OCCN(C)C,*CC(*)C(=O)OCCOc1ccccc1,*SC(=S)SC(C)C(=O)O,2,2,170.34,0,0,0,4.9272,9,12,0,56.4385619,145.202,29.54,0,3,0.5012,4,10,0,101.7792292,194.23,35.53,0,3,2.0186,5,14,1,269.1209499,182.291,37.3,2,3,1.4074,2,9,0,133.7744375,4612.3915,3080.965,1670.626283,0.022336939,2.725094521
100,218,*CCCCCCCCCCCC,*CC(*)C(=O)OCCN(C)C,*CC(*)C(=O)OCCOc1ccccc1,*SC(=S)SC(C)C(=O)O,2,1,170.34,0,0,0,4.9272,9,12,0,56.4385619,145.202,29.54,0,3,0.5012,4,10,0,101.7792292,194.23,35.53,0,3,2.0186,5,14,1,269.1209499,182.291,37.3,2,3,1.4074,2,9,0,133.7744375,4265.7179,2506.0653,857.8106942,0.016437666,2.550839605
100,219,*CCCCCCCCCCCC,*CC(*)C(=O)OCCN(C)C,*CC(*)C(=O)OCCOc1ccccc1,*SC(=S)SC(C)C(=O)O,2,0.5,170.34,0,0,0,4.9272,9,12,0,56.4385619,145.202,29.54,0,3,0.5012,4,10,0,101.7792292,194.23,35.53,0,3,2.0186,5,14,1,269.1209499,182.291,37.3,2,3,1.4074,2,9,0,133.7744375,3302.7139,1652.2414,1185.663536,0.013279246,2.954483717
100,220,*CCCCCCCCCCCC,*CC(*)C(=O)OCCN(C)C,*CC(*)C(=O)OCCOc1ccccc1,*SC(=S)SC(C)C(=O)O,5,2,170.34,0,0,0,4.9272,9,12,0,56.4385619,145.202,29.54,0,3,0.5012,4,10,0,101.7792292,194.23,35.53,0,3,2.0186,5,14,1,269.1209499,182.291,37.3,2,3,1.4074,2,9,0,133.7744375,5012.17,1431.6002,1153.821346,0.010275418,2.478566496
100,221,*CCCCCCCCCCCC,*CC(*)C(=O)OCCN(C)C,*CC(*)C(=O)OCCOc1ccccc1,*SC(=S)SC(C)C(=O)O,5,1,170.34,0,0,0,4.9272,9,12,0,56.4385619,145.202,29.54,0,3,0.5012,4,10,0,101.7792292,194.23,35.53,0,3,2.0186,5,14,1,269.1209499,182.291,37.3,2,3,1.4074,2,9,0,133.7744375,2121.4179,2202.0128,1376.816105,0.009400129,3.341632336
100,222,*CCCCCCCCCCCC,*CC(*)C(=O)OCCN(C)C,*CC(*)C(=O)OCCOc1ccccc1,*SC(=S)SC(C)C(=O)O,5,0.5,170.34,0,0,0,4.9272,9,12,0,56.4385619,145.202,29.54,0,3,0.5012,4,10,0,101.7792292,194.23,35.53,0,3,2.0186,5,14,1,269.1209499,182.291,37.3,2,3,1.4074,2,9,0,133.7744375,1624.049,1824.404,2030.287252,0.009032456,6.07776041
100,223,*CCCCCCCCCCCC,*CC(*)C(=O)OCCN(C)C,*CC(*)C(=O)OCCOc1ccccc1,*SC(=S)SC(C)C(=O)O,10,2,170.34,0,0,0,4.9272,9,12,0,56.4385619,145.202,29.54,0,3,0.5012,4,10,0,101.7792292,194.23,35.53,0,3,2.0186,5,14,1,269.1209499,182.291,37.3,2,3,1.4074,2,9,0,133.7744375,5825.2473,3740.9699,1170.962214,0.003621147,3.447855444
100,224,*CCCCCCCCCCCC,*CC(*)C(=O)OCCN(C)C,*CC(*)C(=O)OCCOc1ccccc1,*SC(=S)SC(C)C(=O)O,10,1,170.34,0,0,0,4.9272,9,12,0,56.4385619,145.202,29.54,0,3,0.5012,4,10,0,101.7792292,194.23,35.53,0,3,2.0186,5,14,1,269.1209499,182.291,37.3,2,3,1.4074,2,9,0,133.7744375,4710.173,1853.8165,4055.232819,0.010629379,2.842921121
100,225,*CCCCCCCCCCCC,*CC(*)C(=O)OCCN(C)C,*CC(*)C(=O)OCCOc1ccccc1,*SC(=S)SC(C)C(=O)O,10,0.5,170.34,0,0,0,4.9272,9,12,0,56.4385619,145.202,29.54,0,3,0.5012,4,10,0,101.7792292,194.23,35.53,0,3,2.0186,5,14,1,269.1209499,182.291,37.3,2,3,1.4074,2,9,0,133.7744375,2954.2809,2182.655,1335.951613,0.036791982,2.649334859
100,226,*CCCCCCCCCCCC,*CC(*)C(=O)OCCN(C)C,*CC(*)C(=O)OCCOc1ccccc1,*SC(=S)SC(C)C(=O)O,20,2,170.34,0,0,0,4.9272,9,12,0,56.4385619,145.202,29.54,0,3,0.5012,4,10,0,101.7792292,194.23,35.53,0,3,2.0186,5,14,1,269.1209499,182.291,37.3,2,3,1.4074,2,9,0,133.7744375,2874.3101,824.7102,1310.493094,0.005668208,2.352182518
100,227,*CCCCCCCCCCCC,*CC(*)C(=O)OCCN(C)C,*CC(*)C(=O)OCCOc1ccccc1,*SC(=S)SC(C)C(=O)O,20,1,170.34,0,0,0,4.9272,9,12,0,56.4385619,145.202,29.54,0,3,0.5012,4,10,0,101.7792292,194.23,35.53,0,3,2.0186,5,14,1,269.1209499,182.291,37.3,2,3,1.4074,2,9,0,133.7744375,2857.369,1440.1225,647.2459654,0.045475526,2.552668216
100,228,*CCCCCCCCCCCC,*CC(*)C(=O)OCCN(C)C,*CC(*)C(=O)OCCOc1ccccc1,*SC(=S)SC(C)C(=O)O,20,0.5,170.34,0,0,0,4.9272,9,12,0,56.4385619,145.202,29.54,0,3,0.5012,4,10,0,101.7792292,194.23,35.53,0,3,2.0186,5,14,1,269.1209499,182.291,37.3,2,3,1.4074,2,9,0,133.7744375,3230.7643,1739.514,1655.132108,0.008937741,4.037406576
100,229,*CCCCCCCCCCCC,*CC(*)C(=O)OCCN(C)C,*CC(*)(C)C(=O)OCCCCCC,*SC(=S)SC(C)C(=O)O,2,2,170.34,0,0,0,4.9272,9,12,0,56.4385619,145.202,29.54,0,3,0.5012,4,10,0,101.7792292,172.268,26.3,0,2,2.7659,6,12,0,119.0069869,182.291,37.3,2,3,1.4074,2,9,0,133.7744375,1423.7479,1127.4064,1393.94142,0.007163199,2.89181612
100,230,*CCCCCCCCCCCC,*CC(*)C(=O)OCCN(C)C,*CC(*)(C)C(=O)OCCCCCC,*SC(=S)SC(C)C(=O)O,2,1,170.34,0,0,0,4.9272,9,12,0,56.4385619,145.202,29.54,0,3,0.5012,4,10,0,101.7792292,172.268,26.3,0,2,2.7659,6,12,0,119.0069869,182.291,37.3,2,3,1.4074,2,9,0,133.7744375,4045.9329,1874.8121,1669.768706,0.003583914,2.775610448
100,231,*CCCCCCCCCCCC,*CC(*)C(=O)OCCN(C)C,*CC(*)(C)C(=O)OCCCCCC,*SC(=S)SC(C)C(=O)O,2,0.5,170.34,0,0,0,4.9272,9,12,0,56.4385619,145.202,29.54,0,3,0.5012,4,10,0,101.7792292,172.268,26.3,0,2,2.7659,6,12,0,119.0069869,182.291,37.3,2,3,1.4074,2,9,0,133.7744375,4194.9918,2189.7594,1842.27975,0.006576966,3.003245055
100,232,*CCCCCCCCCCCC,*CC(*)C(=O)OCCN(C)C,*CC(*)(C)C(=O)OCCCCCC,*SC(=S)SC(C)C(=O)O,5,2,170.34,0,0,0,4.9272,9,12,0,56.4385619,145.202,29.54,0,3,0.5012,4,10,0,101.7792292,172.268,26.3,0,2,2.7659,6,12,0,119.0069869,182.291,37.3,2,3,1.4074,2,9,0,133.7744375,3369.7291,2334.7056,1610.239265,0.00607183,2.850646235
100,233,*CCCCCCCCCCCC,*CC(*)C(=O)OCCN(C)C,*CC(*)(C)C(=O)OCCCCCC,*SC(=S)SC(C)C(=O)O,5,1,170.34,0,0,0,4.9272,9,12,0,56.4385619,145.202,29.54,0,3,0.5012,4,10,0,101.7792292,172.268,26.3,0,2,2.7659,6,12,0,119.0069869,182.291,37.3,2,3,1.4074,2,9,0,133.7744375,2564.1745,1345.0453,1511.308921,0.00508343,4.034808874
100,234,*CCCCCCCCCCCC,*CC(*)C(=O)OCCN(C)C,*CC(*)(C)C(=O)OCCCCCC,*SC(=S)SC(C)C(=O)O,5,0.5,170.34,0,0,0,4.9272,9,12,0,56.4385619,145.202,29.54,0,3,0.5012,4,10,0,101.7792292,172.268,26.3,0,2,2.7659,6,12,0,119.0069869,182.291,37.3,2,3,1.4074,2,9,0,133.7744375,1897.1045,1249.2134,1875.433106,0.003941518,4.028571253
100,235,*CCCCCCCCCCCC,*CC(*)C(=O)OCCN(C)C,*CC(*)(C)C(=O)OCCCCCC,*SC(=S)SC(C)C(=O)O,10,2,170.34,0,0,0,4.9272,9,12,0,56.4385619,145.202,29.54,0,3,0.5012,4,10,0,101.7792292,172.268,26.3,0,2,2.7659,6,12,0,119.0069869,182.291,37.3,2,3,1.4074,2,9,0,133.7744375,2633.0697,2103.5807,1568.312944,0.005750921,3.503790683
100,236,*CCCCCCCCCCCC,*CC(*)C(=O)OCCN(C)C,*CC(*)(C)C(=O)OCCCCCC,*SC(=S)SC(C)C(=O)O,10,1,170.34,0,0,0,4.9272,9,12,0,56.4385619,145.202,29.54,0,3,0.5012,4,10,0,101.7792292,172.268,26.3,0,2,2.7659,6,12,0,119.0069869,182.291,37.3,2,3,1.4074,2,9,0,133.7744375,1852.0093,1965.0924,1813.633547,0.00532232,3.499412126
100,237,*CCCCCCCCCCCC,*CC(*)C(=O)OCCN(C)C,*CC(*)(C)C(=O)OCCCCCC,*SC(=S)SC(C)C(=O)O,10,0.5,170.34,0,0,0,4.9272,9,12,0,56.4385619,145.202,29.54,0,3,0.5012,4,10,0,101.7792292,172.268,26.3,0,2,2.7659,6,12,0,119.0069869,182.291,37.3,2,3,1.4074,2,9,0,133.7744375,13767.8457,4042.1391,1064.579348,0.003497778,4.401900037
100,238,*CCCCCCCCCCCC,*CC(*)C(=O)OCCN(C)C,*CC(*)(C)C(=O)OCCCCCC,*SC(=S)SC(C)C(=O)O,20,2,170.34,0,0,0,4.9272,9,12,0,56.4385619,145.202,29.54,0,3,0.5012,4,10,0,101.7792292,172.268,26.3,0,2,2.7659,6,12,0,119.0069869,182.291,37.3,2,3,1.4074,2,9,0,133.7744375,2637.2495,1549.0713,1170.079024,0.016450161,4.151323875
100,239,*CCCCCCCCCCCC,*CC(*)C(=O)OCCN(C)C,*CC(*)(C)C(=O)OCCCCCC,*SC(=S)SC(C)C(=O)O,20,1,170.34,0,0,0,4.9272,9,12,0,56.4385619,145.202,29.54,0,3,0.5012,4,10,0,101.7792292,172.268,26.3,0,2,2.7659,6,12,0,119.0069869,182.291,37.3,2,3,1.4074,2,9,0,133.7744375,4044.2103,1466.9733,1117.283823,0.038139834,3.129850951
100,240,*CCCCCCCCCCCC,*CC(*)C(=O)OCCN(C)C,*CC(*)(C)C(=O)OCCCCCC,*SC(=S)SC(C)C(=O)O,20,0.5,170.34,0,0,0,4.9272,9,12,0,56.4385619,145.202,29.54,0,3,0.5012,4,10,0,101.7792292,172.268,26.3,0,2,2.7659,6,12,0,119.0069869,182.291,37.3,2,3,1.4074,2,9,0,133.7744375,4096.7852,1650.0194,1203.13958,0.013483787,3.516535374
100,241,*CCCCCCCCCCCC,*CC(*)C(=O)OCCN(C)C,*CC(*)C(=O)OCC(CC)CCCC,*SC(=S)SC(C)C(=O)O,2,2,170.34,0,0,0,4.9272,9,12,0,56.4385619,145.202,29.54,0,3,0.5012,4,10,0,101.7792292,186.295,26.3,0,2,3.156,7,13,0,132.0519685,182.291,37.3,2,3,1.4074,2,9,0,133.7744375,1456.2558,1270.2919,NAN_ymax,NAN_k,2.524396122
100,242,*CCCCCCCCCCCC,*CC(*)C(=O)OCCN(C)C,*CC(*)C(=O)OCC(CC)CCCC,*SC(=S)SC(C)C(=O)O,2,1,170.34,0,0,0,4.9272,9,12,0,56.4385619,145.202,29.54,0,3,0.5012,4,10,0,101.7792292,186.295,26.3,0,2,3.156,7,13,0,132.0519685,182.291,37.3,2,3,1.4074,2,9,0,133.7744375,1713.4291,910.1258,1041.017964,0.025670629,3.799168176
100,243,*CCCCCCCCCCCC,*CC(*)C(=O)OCCN(C)C,*CC(*)C(=O)OCC(CC)CCCC,*SC(=S)SC(C)C(=O)O,2,0.5,170.34,0,0,0,4.9272,9,12,0,56.4385619,145.202,29.54,0,3,0.5012,4,10,0,101.7792292,186.295,26.3,0,2,3.156,7,13,0,132.0519685,182.291,37.3,2,3,1.4074,2,9,0,133.7744375,379.5783,525.6967,610.1630674,0.050452066,4.373840327
100,244,*CCCCCCCCCCCC,*CC(*)C(=O)OCCN(C)C,*CC(*)C(=O)OCC(CC)CCCC,*SC(=S)SC(C)C(=O)O,5,2,170.34,0,0,0,4.9272,9,12,0,56.4385619,145.202,29.54,0,3,0.5012,4,10,0,101.7792292,186.295,26.3,0,2,3.156,7,13,0,132.0519685,182.291,37.3,2,3,1.4074,2,9,0,133.7744375,4356.3947,2306.2616,947.1197868,0.021988604,3.191031609
100,245,*CCCCCCCCCCCC,*CC(*)C(=O)OCCN(C)C,*CC(*)C(=O)OCC(CC)CCCC,*SC(=S)SC(C)C(=O)O,5,1,170.34,0,0,0,4.9272,9,12,0,56.4385619,145.202,29.54,0,3,0.5012,4,10,0,101.7792292,186.295,26.3,0,2,3.156,7,13,0,132.0519685,182.291,37.3,2,3,1.4074,2,9,0,133.7744375,3073.8714,1464.3404,1120.314417,0.016241531,4.642528819
100,246,*CCCCCCCCCCCC,*CC(*)C(=O)OCCN(C)C,*CC(*)C(=O)OCC(CC)CCCC,*SC(=S)SC(C)C(=O)O,5,0.5,170.34,0,0,0,4.9272,9,12,0,56.4385619,145.202,29.54,0,3,0.5012,4,10,0,101.7792292,186.295,26.3,0,2,3.156,7,13,0,132.0519685,182.291,37.3,2,3,1.4074,2,9,0,133.7744375,3238.9872,1090.4717,1226.045705,0.023831858,4.432889155
100,247,*CCCCCCCCCCCC,*CC(*)C(=O)OCCN(C)C,*CC(*)C(=O)OCC(CC)CCCC,*SC(=S)SC(C)C(=O)O,10,2,170.34,0,0,0,4.9272,9,12,0,56.4385619,145.202,29.54,0,3,0.5012,4,10,0,101.7792292,186.295,26.3,0,2,3.156,7,13,0,132.0519685,182.291,37.3,2,3,1.4074,2,9,0,133.7744375,1980.2031,1216.852,1558.0388,0.022095645,3.366329551
100,248,*CCCCCCCCCCCC,*CC(*)C(=O)OCCN(C)C,*CC(*)C(=O)OCC(CC)CCCC,*SC(=S)SC(C)C(=O)O,10,1,170.34,0,0,0,4.9272,9,12,0,56.4385619,145.202,29.54,0,3,0.5012,4,10,0,101.7792292,186.295,26.3,0,2,3.156,7,13,0,132.0519685,182.291,37.3,2,3,1.4074,2,9,0,133.7744375,1854.4448,708.4115,NAN_ymax,NAN_k,5.460703945
100,249,*CCCCCCCCCCCC,*CC(*)C(=O)OCCN(C)C,*CC(*)C(=O)OCC(CC)CCCC,*SC(=S)SC(C)C(=O)O,10,0.5,170.34,0,0,0,4.9272,9,12,0,56.4385619,145.202,29.54,0,3,0.5012,4,10,0,101.7792292,186.295,26.3,0,2,3.156,7,13,0,132.0519685,182.291,37.3,2,3,1.4074,2,9,0,133.7744375,2474.1603,1318.8512,756.3336861,0.04481871,3.743156855
100,250,*CCCCCCCCCCCC,*CC(*)C(=O)OCCN(C)C,*CC(*)C(=O)OCC(CC)CCCC,*SC(=S)SC(C)C(=O)O,20,2,170.34,0,0,0,4.9272,9,12,0,56.4385619,145.202,29.54,0,3,0.5012,4,10,0,101.7792292,186.295,26.3,0,2,3.156,7,13,0,132.0519685,182.291,37.3,2,3,1.4074,2,9,0,133.7744375,996.5347,1357.3535,4567.990011,0.001720781,3.366796383
100,251,*CCCCCCCCCCCC,*CC(*)C(=O)OCCN(C)C,*CC(*)C(=O)OCC(CC)CCCC,*SC(=S)SC(C)C(=O)O,20,1,170.34,0,0,0,4.9272,9,12,0,56.4385619,145.202,29.54,0,3,0.5012,4,10,0,101.7792292,186.295,26.3,0,2,3.156,7,13,0,132.0519685,182.291,37.3,2,3,1.4074,2,9,0,133.7744375,13757.2847,3491.3926,1356.803668,0.024781991,5.486325612
100,252,*CCCCCCCCCCCC,*CC(*)C(=O)OCCN(C)C,*CC(*)C(=O)OCC(CC)CCCC,*SC(=S)SC(C)C(=O)O,20,0.5,170.34,0,0,0,4.9272,9,12,0,56.4385619,145.202,29.54,0,3,0.5012,4,10,0,101.7792292,186.295,26.3,0,2,3.156,7,13,0,132.0519685,182.291,37.3,2,3,1.4074,2,9,0,133.7744375,4292.3542,1378.9724,2108.367687,0.041210027,3.945394719
100,253,*CCCCCCCCCCCC,*CC(*)(C)C(=O)OCCN1CCCCC1,*CC(*)C(=O)OCCOc1ccccc1,*SC(=S)SC(C)C(=O)O,2,2,170.34,0,0,0,4.9272,9,12,0,56.4385619,199.294,29.54,0,3,1.6715,4,14,1,174.1263449,194.23,35.53,0,3,2.0186,5,14,1,269.1209499,182.291,37.3,2,3,1.4074,2,9,0,133.7744375,2703.3016,1227.0685,NAN_ymax,NAN_k,2.282168778
100,254,*CCCCCCCCCCCC,*CC(*)(C)C(=O)OCCN1CCCCC1,*CC(*)C(=O)OCCOc1ccccc1,*SC(=S)SC(C)C(=O)O,2,1,170.34,0,0,0,4.9272,9,12,0,56.4385619,199.294,29.54,0,3,1.6715,4,14,1,174.1263449,194.23,35.53,0,3,2.0186,5,14,1,269.1209499,182.291,37.3,2,3,1.4074,2,9,0,133.7744375,1466.4351,1655.0295,1949.618739,0.08101786,2.383815366
100,255,*CCCCCCCCCCCC,*CC(*)(C)C(=O)OCCN1CCCCC1,*CC(*)C(=O)OCCOc1ccccc1,*SC(=S)SC(C)C(=O)O,2,0.5,170.34,0,0,0,4.9272,9,12,0,56.4385619,199.294,29.54,0,3,1.6715,4,14,1,174.1263449,194.23,35.53,0,3,2.0186,5,14,1,269.1209499,182.291,37.3,2,3,1.4074,2,9,0,133.7744375,2633.4426,1609.5797,1592.648904,0.032967376,2.657533888
100,256,*CCCCCCCCCCCC,*CC(*)(C)C(=O)OCCN1CCCCC1,*CC(*)C(=O)OCCOc1ccccc1,*SC(=S)SC(C)C(=O)O,5,2,170.34,0,0,0,4.9272,9,12,0,56.4385619,199.294,29.54,0,3,1.6715,4,14,1,174.1263449,194.23,35.53,0,3,2.0186,5,14,1,269.1209499,182.291,37.3,2,3,1.4074,2,9,0,133.7744375,2188.5375,940.1489,2033.161301,0.052974189,2.222716471
100,257,*CCCCCCCCCCCC,*CC(*)(C)C(=O)OCCN1CCCCC1,*CC(*)C(=O)OCCOc1ccccc1,*SC(=S)SC(C)C(=O)O,5,1,170.34,0,0,0,4.9272,9,12,0,56.4385619,199.294,29.54,0,3,1.6715,4,14,1,174.1263449,194.23,35.53,0,3,2.0186,5,14,1,269.1209499,182.291,37.3,2,3,1.4074,2,9,0,133.7744375,1079.5389,1622.0732,1321.046638,0.022078364,3.088844563
100,258,*CCCCCCCCCCCC,*CC(*)(C)C(=O)OCCN1CCCCC1,*CC(*)C(=O)OCCOc1ccccc1,*SC(=S)SC(C)C(=O)O,5,0.5,170.34,0,0,0,4.9272,9,12,0,56.4385619,199.294,29.54,0,3,1.6715,4,14,1,174.1263449,194.23,35.53,0,3,2.0186,5,14,1,269.1209499,182.291,37.3,2,3,1.4074,2,9,0,133.7744375,6043.7589,2807.7298,NAN_ymax,NAN_k,3.986301367
100,259,*CCCCCCCCCCCC,*CC(*)(C)C(=O)OCCN1CCCCC1,*CC(*)C(=O)OCCOc1ccccc1,*SC(=S)SC(C)C(=O)O,10,2,170.34,0,0,0,4.9272,9,12,0,56.4385619,199.294,29.54,0,3,1.6715,4,14,1,174.1263449,194.23,35.53,0,3,2.0186,5,14,1,269.1209499,182.291,37.3,2,3,1.4074,2,9,0,133.7744375,1920.9782,1359.1635,1098.527514,0.020812483,2.954965731
100,260,*CCCCCCCCCCCC,*CC(*)(C)C(=O)OCCN1CCCCC1,*CC(*)C(=O)OCCOc1ccccc1,*SC(=S)SC(C)C(=O)O,10,1,170.34,0,0,0,4.9272,9,12,0,56.4385619,199.294,29.54,0,3,1.6715,4,14,1,174.1263449,194.23,35.53,0,3,2.0186,5,14,1,269.1209499,182.291,37.3,2,3,1.4074,2,9,0,133.7744375,5143.0917,1665.4262,1405.85604,0.120815073,3.269979677
100,261,*CCCCCCCCCCCC,*CC(*)(C)C(=O)OCCN1CCCCC1,*CC(*)C(=O)OCCOc1ccccc1,*SC(=S)SC(C)C(=O)O,10,0.5,170.34,0,0,0,4.9272,9,12,0,56.4385619,199.294,29.54,0,3,1.6715,4,14,1,174.1263449,194.23,35.53,0,3,2.0186,5,14,1,269.1209499,182.291,37.3,2,3,1.4074,2,9,0,133.7744375,2758.5208,1710.2972,2479.718185,0.059302116,3.14113609
100,262,*CCCCCCCCCCCC,*CC(*)(C)C(=O)OCCN1CCCCC1,*CC(*)C(=O)OCCOc1ccccc1,*SC(=S)SC(C)C(=O)O,20,2,170.34,0,0,0,4.9272,9,12,0,56.4385619,199.294,29.54,0,3,1.6715,4,14,1,174.1263449,194.23,35.53,0,3,2.0186,5,14,1,269.1209499,182.291,37.3,2,3,1.4074,2,9,0,133.7744375,3560.573,1269.6517,2326.772032,0.033621517,2.530199698
100,263,*CCCCCCCCCCCC,*CC(*)(C)C(=O)OCCN1CCCCC1,*CC(*)C(=O)OCCOc1ccccc1,*SC(=S)SC(C)C(=O)O,20,1,170.34,0,0,0,4.9272,9,12,0,56.4385619,199.294,29.54,0,3,1.6715,4,14,1,174.1263449,194.23,35.53,0,3,2.0186,5,14,1,269.1209499,182.291,37.3,2,3,1.4074,2,9,0,133.7744375,3439.522,2761.485,1408.286902,0.04121163,3.225567713
100,264,*CCCCCCCCCCCC,*CC(*)(C)C(=O)OCCN1CCCCC1,*CC(*)C(=O)OCCOc1ccccc1,*SC(=S)SC(C)C(=O)O,20,0.5,170.34,0,0,0,4.9272,9,12,0,56.4385619,199.294,29.54,0,3,1.6715,4,14,1,174.1263449,194.23,35.53,0,3,2.0186,5,14,1,269.1209499,182.291,37.3,2,3,1.4074,2,9,0,133.7744375,2003.0342,1494.2393,2170.979311,0.03203345,3.01389006
100,265,*CCCCCCCCCCCC,*CC(*)(C)C(=O)OCCN1CCCCC1,*CC(*)(C)C(=O)OCCCCCC,*SC(=S)SC(C)C(=O)O,2,2,170.34,0,0,0,4.9272,9,12,0,56.4385619,199.294,29.54,0,3,1.6715,4,14,1,174.1263449,172.268,26.3,0,2,2.7659,6,12,0,119.0069869,182.291,37.3,2,3,1.4074,2,9,0,133.7744375,10097.7621,2926.8932,2639.869823,0.022623149,2.331427297
100,266,*CCCCCCCCCCCC,*CC(*)(C)C(=O)OCCN1CCCCC1,*CC(*)(C)C(=O)OCCCCCC,*SC(=S)SC(C)C(=O)O,2,1,170.34,0,0,0,4.9272,9,12,0,56.4385619,199.294,29.54,0,3,1.6715,4,14,1,174.1263449,172.268,26.3,0,2,2.7659,6,12,0,119.0069869,182.291,37.3,2,3,1.4074,2,9,0,133.7744375,3803.2301,2076.8077,NAN_ymax,NAN_k,2.387389826
100,267,*CCCCCCCCCCCC,*CC(*)(C)C(=O)OCCN1CCCCC1,*CC(*)(C)C(=O)OCCCCCC,*SC(=S)SC(C)C(=O)O,2,0.5,170.34,0,0,0,4.9272,9,12,0,56.4385619,199.294,29.54,0,3,1.6715,4,14,1,174.1263449,172.268,26.3,0,2,2.7659,6,12,0,119.0069869,182.291,37.3,2,3,1.4074,2,9,0,133.7744375,4427.3242,1810.0489,547.7922879,0.028836024,2.822821645
100,268,*CCCCCCCCCCCC,*CC(*)(C)C(=O)OCCN1CCCCC1,*CC(*)(C)C(=O)OCCCCCC,*SC(=S)SC(C)C(=O)O,5,2,170.34,0,0,0,4.9272,9,12,0,56.4385619,199.294,29.54,0,3,1.6715,4,14,1,174.1263449,172.268,26.3,0,2,2.7659,6,12,0,119.0069869,182.291,37.3,2,3,1.4074,2,9,0,133.7744375,4338.6561,2066.5411,3515.896393,0.05494674,2.665111737
100,269,*CCCCCCCCCCCC,*CC(*)(C)C(=O)OCCN1CCCCC1,*CC(*)(C)C(=O)OCCCCCC,*SC(=S)SC(C)C(=O)O,5,1,170.34,0,0,0,4.9272,9,12,0,56.4385619,199.294,29.54,0,3,1.6715,4,14,1,174.1263449,172.268,26.3,0,2,2.7659,6,12,0,119.0069869,182.291,37.3,2,3,1.4074,2,9,0,133.7744375,1327.486,2116.9768,2228.144566,0.017504314,2.844477176
100,270,*CCCCCCCCCCCC,*CC(*)(C)C(=O)OCCN1CCCCC1,*CC(*)(C)C(=O)OCCCCCC,*SC(=S)SC(C)C(=O)O,5,0.5,170.34,0,0,0,4.9272,9,12,0,56.4385619,199.294,29.54,0,3,1.6715,4,14,1,174.1263449,172.268,26.3,0,2,2.7659,6,12,0,119.0069869,182.291,37.3,2,3,1.4074,2,9,0,133.7744375,2222.0263,1917.9743,3113.446748,0.040448517,3.004536318
100,271,*CCCCCCCCCCCC,*CC(*)(C)C(=O)OCCN1CCCCC1,*CC(*)(C)C(=O)OCCCCCC,*SC(=S)SC(C)C(=O)O,10,2,170.34,0,0,0,4.9272,9,12,0,56.4385619,199.294,29.54,0,3,1.6715,4,14,1,174.1263449,172.268,26.3,0,2,2.7659,6,12,0,119.0069869,182.291,37.3,2,3,1.4074,2,9,0,133.7744375,1604.7201,1954.2675,2449.996514,0.010105983,2.740362689
100,272,*CCCCCCCCCCCC,*CC(*)(C)C(=O)OCCN1CCCCC1,*CC(*)(C)C(=O)OCCCCCC,*SC(=S)SC(C)C(=O)O,10,1,170.34,0,0,0,4.9272,9,12,0,56.4385619,199.294,29.54,0,3,1.6715,4,14,1,174.1263449,172.268,26.3,0,2,2.7659,6,12,0,119.0069869,182.291,37.3,2,3,1.4074,2,9,0,133.7744375,6373.2114,3173.8016,3233.445059,0.032692163,3.081887139
100,273,*CCCCCCCCCCCC,*CC(*)(C)C(=O)OCCN1CCCCC1,*CC(*)(C)C(=O)OCCCCCC,*SC(=S)SC(C)C(=O)O,10,0.5,170.34,0,0,0,4.9272,9,12,0,56.4385619,199.294,29.54,0,3,1.6715,4,14,1,174.1263449,172.268,26.3,0,2,2.7659,6,12,0,119.0069869,182.291,37.3,2,3,1.4074,2,9,0,133.7744375,3183.7518,1555.1756,3140.387357,0.024736021,2.748962861
100,274,*CCCCCCCCCCCC,*CC(*)(C)C(=O)OCCN1CCCCC1,*CC(*)(C)C(=O)OCCCCCC,*SC(=S)SC(C)C(=O)O,20,2,170.34,0,0,0,4.9272,9,12,0,56.4385619,199.294,29.54,0,3,1.6715,4,14,1,174.1263449,172.268,26.3,0,2,2.7659,6,12,0,119.0069869,182.291,37.3,2,3,1.4074,2,9,0,133.7744375,6025.0228,2037.4057,1606.729799,0.008416119,2.146128036
100,275,*CCCCCCCCCCCC,*CC(*)(C)C(=O)OCCN1CCCCC1,*CC(*)(C)C(=O)OCCCCCC,*SC(=S)SC(C)C(=O)O,20,1,170.34,0,0,0,4.9272,9,12,0,56.4385619,199.294,29.54,0,3,1.6715,4,14,1,174.1263449,172.268,26.3,0,2,2.7659,6,12,0,119.0069869,182.291,37.3,2,3,1.4074,2,9,0,133.7744375,3151.2336,2091.3941,2858.890918,0.009879933,2.923761961
100,276,*CCCCCCCCCCCC,*CC(*)(C)C(=O)OCCN1CCCCC1,*CC(*)(C)C(=O)OCCCCCC,*SC(=S)SC(C)C(=O)O,20,0.5,170.34,0,0,0,4.9272,9,12,0,56.4385619,199.294,29.54,0,3,1.6715,4,14,1,174.1263449,172.268,26.3,0,2,2.7659,6,12,0,119.0069869,182.291,37.3,2,3,1.4074,2,9,0,133.7744375,2396.7837,1768.6041,2859.048566,0.041224319,2.741939078
100,277,*CCCCCCCCCCCC,*CC(*)(C)C(=O)OCCN1CCCCC1,*CC(*)C(=O)OCC(CC)CCCC,*SC(=S)SC(C)C(=O)O,2,2,170.34,0,0,0,4.9272,9,12,0,56.4385619,199.294,29.54,0,3,1.6715,4,14,1,174.1263449,186.295,26.3,0,2,3.156,7,13,0,132.0519685,182.291,37.3,2,3,1.4074,2,9,0,133.7744375,1831.862,1080.9206,3369.738164,0.045903259,2.762303363
100,278,*CCCCCCCCCCCC,*CC(*)(C)C(=O)OCCN1CCCCC1,*CC(*)C(=O)OCC(CC)CCCC,*SC(=S)SC(C)C(=O)O,2,1,170.34,0,0,0,4.9272,9,12,0,56.4385619,199.294,29.54,0,3,1.6715,4,14,1,174.1263449,186.295,26.3,0,2,3.156,7,13,0,132.0519685,182.291,37.3,2,3,1.4074,2,9,0,133.7744375,1132.9154,987.5064,1941.121419,0.024948953,2.485721426
100,279,*CCCCCCCCCCCC,*CC(*)(C)C(=O)OCCN1CCCCC1,*CC(*)C(=O)OCC(CC)CCCC,*SC(=S)SC(C)C(=O)O,2,0.5,170.34,0,0,0,4.9272,9,12,0,56.4385619,199.294,29.54,0,3,1.6715,4,14,1,174.1263449,186.295,26.3,0,2,3.156,7,13,0,132.0519685,182.291,37.3,2,3,1.4074,2,9,0,133.7744375,6138.886,3005.8479,1976.824421,0.008647714,2.653694795
100,280,*CCCCCCCCCCCC,*CC(*)(C)C(=O)OCCN1CCCCC1,*CC(*)C(=O)OCC(CC)CCCC,*SC(=S)SC(C)C(=O)O,5,2,170.34,0,0,0,4.9272,9,12,0,56.4385619,199.294,29.54,0,3,1.6715,4,14,1,174.1263449,186.295,26.3,0,2,3.156,7,13,0,132.0519685,182.291,37.3,2,3,1.4074,2,9,0,133.7744375,5307.0863,2909.6966,2147.410992,0.033010698,3.045714059
100,281,*CCCCCCCCCCCC,*CC(*)(C)C(=O)OCCN1CCCCC1,*CC(*)C(=O)OCC(CC)CCCC,*SC(=S)SC(C)C(=O)O,5,1,170.34,0,0,0,4.9272,9,12,0,56.4385619,199.294,29.54,0,3,1.6715,4,14,1,174.1263449,186.295,26.3,0,2,3.156,7,13,0,132.0519685,182.291,37.3,2,3,1.4074,2,9,0,133.7744375,2679.9499,914.8644498,1815.546886,0.022677909,3.400969479
100,282,*CCCCCCCCCCCC,*CC(*)(C)C(=O)OCCN1CCCCC1,*CC(*)C(=O)OCC(CC)CCCC,*SC(=S)SC(C)C(=O)O,5,0.5,170.34,0,0,0,4.9272,9,12,0,56.4385619,199.294,29.54,0,3,1.6715,4,14,1,174.1263449,186.295,26.3,0,2,3.156,7,13,0,132.0519685,182.291,37.3,2,3,1.4074,2,9,0,133.7744375,4384.1743,1931.7383,NAN_ymax,NAN_k,2.839478047
100,283,*CCCCCCCCCCCC,*CC(*)(C)C(=O)OCCN1CCCCC1,*CC(*)C(=O)OCC(CC)CCCC,*SC(=S)SC(C)C(=O)O,10,2,170.34,0,0,0,4.9272,9,12,0,56.4385619,199.294,29.54,0,3,1.6715,4,14,1,174.1263449,186.295,26.3,0,2,3.156,7,13,0,132.0519685,182.291,37.3,2,3,1.4074,2,9,0,133.7744375,3114.4472,2261.6525,2119.275476,0.063044565,2.513883186
100,284,*CCCCCCCCCCCC,*CC(*)(C)C(=O)OCCN1CCCCC1,*CC(*)C(=O)OCC(CC)CCCC,*SC(=S)SC(C)C(=O)O,10,1,170.34,0,0,0,4.9272,9,12,0,56.4385619,199.294,29.54,0,3,1.6715,4,14,1,174.1263449,186.295,26.3,0,2,3.156,7,13,0,132.0519685,182.291,37.3,2,3,1.4074,2,9,0,133.7744375,8829.1407,3122.093279,1835.784762,0.020830626,2.935003151
100,285,*CCCCCCCCCCCC,*CC(*)(C)C(=O)OCCN1CCCCC1,*CC(*)C(=O)OCC(CC)CCCC,*SC(=S)SC(C)C(=O)O,10,0.5,170.34,0,0,0,4.9272,9,12,0,56.4385619,199.294,29.54,0,3,1.6715,4,14,1,174.1263449,186.295,26.3,0,2,3.156,7,13,0,132.0519685,182.291,37.3,2,3,1.4074,2,9,0,133.7744375,2436.9756,2204.8052,1542.773121,0.051943601,2.635483747
100,286,*CCCCCCCCCCCC,*CC(*)(C)C(=O)OCCN1CCCCC1,*CC(*)C(=O)OCC(CC)CCCC,*SC(=S)SC(C)C(=O)O,20,2,170.34,0,0,0,4.9272,9,12,0,56.4385619,199.294,29.54,0,3,1.6715,4,14,1,174.1263449,186.295,26.3,0,2,3.156,7,13,0,132.0519685,182.291,37.3,2,3,1.4074,2,9,0,133.7744375,1548.3095,1329.8018,2191.871076,0.011503129,2.511883361
100,287,*CCCCCCCCCCCC,*CC(*)(C)C(=O)OCCN1CCCCC1,*CC(*)C(=O)OCC(CC)CCCC,*SC(=S)SC(C)C(=O)O,20,1,170.34,0,0,0,4.9272,9,12,0,56.4385619,199.294,29.54,0,3,1.6715,4,14,1,174.1263449,186.295,26.3,0,2,3.156,7,13,0,132.0519685,182.291,37.3,2,3,1.4074,2,9,0,133.7744375,1145.4867,1735.1935,1811.82544,0.061582967,3.392960615
100,288,*CCCCCCCCCCCC,*CC(*)(C)C(=O)OCCN1CCCCC1,*CC(*)C(=O)OCC(CC)CCCC,*SC(=S)SC(C)C(=O)O,20,0.5,170.34,0,0,0,4.9272,9,12,0,56.4385619,199.294,29.54,0,3,1.6715,4,14,1,174.1263449,186.295,26.3,0,2,3.156,7,13,0,132.0519685,182.291,37.3,2,3,1.4074,2,9,0,133.7744375,4472.6742,2495.0976,1723.394436,0.022096932,3.005180513
100,289,*CCCCCCCCCCCC,*CC(*)(C)C(=O)OCCN(C)C,*CC(*)C(=O)OCC(CC)CCCC,*SC(=S)SC(C)(C#N)CCC(=O)O,30,1,170.34,0,0,0,4.9272,9,12,0,56.4385619,159.229,29.54,0,3,0.7472,4,11,0,121.2604657,186.295,26.3,0,2,3.156,7,13,0,132.0519685,235.355,61.09,2,4,2.08138,4,13,0,260.9534945,2950.7444,2615.9488,2059.361745,0.037224806,5.808036558
100,290,*CCCCCCCCCCCC,*CC(*)(C)C(=O)OCCN(C)C,*CC(*)C(=O)OCC(CC)CCCC,*SC(=S)SC(C)(C#N)CCC(=O)O,40,1,170.34,0,0,0,4.9272,9,12,0,56.4385619,159.229,29.54,0,3,0.7472,4,11,0,121.2604657,186.295,26.3,0,2,3.156,7,13,0,132.0519685,235.355,61.09,2,4,2.08138,4,13,0,260.9534945,5491.8928,2715.1091,1648.365905,0.023966391,5.57723601
100,291,*CCCCCCCCCCCC,*CC(*)(C)C(=O)OCCN(C)C,*CC(*)C(=O)OCC(CC)CCCC,*SC(=S)SC(C)(C#N)CCC(=O)O,50,1,170.34,0,0,0,4.9272,9,12,0,56.4385619,159.229,29.54,0,3,0.7472,4,11,0,121.2604657,186.295,26.3,0,2,3.156,7,13,0,132.0519685,235.355,61.09,2,4,2.08138,4,13,0,260.9534945,2851.9309,2112.3682,1787.661008,0.023462652,5.504593618
100,292,*CCCCCCCCCCCC,*CC(*)(C)C(=O)OCCN1CCCCC1,*CC(*)C(=O)OCC(CC)CCCC,*SC(=S)SC(C)(C#N)CCC(=O)O,30,1,170.34,0,0,0,4.9272,9,12,0,56.4385619,199.294,29.54,0,3,1.6715,4,14,1,174.1263449,186.295,26.3,0,2,3.156,7,13,0,132.0519685,235.355,61.09,2,4,2.08138,4,13,0,260.9534945,3161.7835,1729.0281,1919.446871,0.013600518,3.125624994
100,293,*CCCCCCCCCCCC,*CC(*)(C)C(=O)OCCN1CCCCC1,*CC(*)C(=O)OCC(CC)CCCC,*SC(=S)SC(C)(C#N)CCC(=O)O,40,1,170.34,0,0,0,4.9272,9,12,0,56.4385619,199.294,29.54,0,3,1.6715,4,14,1,174.1263449,186.295,26.3,0,2,3.156,7,13,0,132.0519685,235.355,61.09,2,4,2.08138,4,13,0,260.9534945,1943.8915,1697.7625,941.8911641,0.010064501,3.750839421
100,294,*CCCCCCCCCCCC,*CC(*)(C)C(=O)OCCN1CCCCC1,*CC(*)C(=O)OCC(CC)CCCC,*SC(=S)SC(C)(C#N)CCC(=O)O,50,1,170.34,0,0,0,4.9272,9,12,0,56.4385619,199.294,29.54,0,3,1.6715,4,14,1,174.1263449,186.295,26.3,0,2,3.156,7,13,0,132.0519685,235.355,61.09,2,4,2.08138,4,13,0,260.9534945,1956.4487,1764.3502,2285.356333,0.040700844,4.079867503
100,295,*CCCCCCCCCCCC,*CC(*)(C)C(=O)OCCN(C)C,*CC(*)(C)C(=O)OCCCCC=CCC=CCCCCCCCCC,*SC(=S)SC(C)(C#N)CCC(=O)O,40,1,170.34,0,0,0,4.9272,9,12,0,56.4385619,159.229,29.54,0,3,0.7472,4,11,0,121.2604657,336.56,26.3,0,2,6.9991,16,24,0,328.8616163,235.355,61.09,2,4,2.08138,4,13,0,260.9534945,9122.5553,3485.6504,3380.867549,0.039545349,4.104869772
100,296,*CCCCCCCCCCCC,*CC(*)(C)C(=O)OCCN(C)C,*CC(*)(C)C(=O)OCCCCC=CCC=CCCCCCCCCC,*SC(=S)SC(C)(C#N)CCC(=O)O,50,1,170.34,0,0,0,4.9272,9,12,0,56.4385619,159.229,29.54,0,3,0.7472,4,11,0,121.2604657,336.56,26.3,0,2,6.9991,16,24,0,328.8616163,235.355,61.09,2,4,2.08138,4,13,0,260.9534945,6516.5313,2343.1166,NAN_ymax,NAN_k,4.491469396
100,297,*CCCCCCCCCCCC,*CC(*)(C)C(=O)OCCN(C)C,*CC(*)C(=O)OCCOCCOCC,*SC(=S)SC(C)(C#N)CCC(=O)O,10,2,170.34,0,0,0,4.9272,9,12,0,56.4385619,159.229,29.54,0,3,0.7472,4,11,0,121.2604657,190.239,44.76,0,4,0.9927,8,13,0,124.7831092,235.355,61.09,2,4,2.08138,4,13,0,260.9534945,4562.3305,2013.2985,706.2659473,0.008853312,3.822106197
100,298,*CCCCCCCCCCCC,*CC(*)(C)C(=O)OCCN(C)C,*CC(*)C(=O)OCCOCCOCC,*SC(=S)SC(C)(C#N)CCC(=O)O,40,1,170.34,0,0,0,4.9272,9,12,0,56.4385619,159.229,29.54,0,3,0.7472,4,11,0,121.2604657,190.239,44.76,0,4,0.9927,8,13,0,124.7831092,235.355,61.09,2,4,2.08138,4,13,0,260.9534945,5021.1599,1910.0111,NAN_ymax,NAN_k,2.836829454
100,299,*CCCCCCCCCCCC,*CC(*)(C)C(=O)OCCN1CCCCC1,*CC(*)C(=O)OCC(CC)CCCC,*SC(=S)SC(C)(C#N)CCC(=O)O,50,1,170.34,0,0,0,4.9272,9,12,0,56.4385619,199.294,29.54,0,3,1.6715,4,14,1,174.1263449,186.295,26.3,0,2,3.156,7,13,0,132.0519685,235.355,61.09,2,4,2.08138,4,13,0,260.9534945,4746.5645,2680.56,2056.753491,0.050465351,3.018249547
100,300,*CCCCCCCCCCCC,*CC(*)(C)C(=O)OCCN1CCCCC1,*CC(*)(C)C(=O)OCCCCC=CCC=CCCCCCCCCC,*SC(=S)SC(C)(C#N)CCC(=O)O,5,1,170.34,0,0,0,4.9272,9,12,0,56.4385619,199.294,29.54,0,3,1.6715,4,14,1,174.1263449,336.56,26.3,0,2,6.9991,16,24,0,328.8616163,235.355,61.09,2,4,2.08138,4,13,0,260.9534945,5301.7197,1991.3994,3822.331264,0.071129893,2.519409042
100,301,*CCCCCCCCCCCC,*CC(*)(C)C(=O)OCCCN1CCCC1,*CC(*)C(=O)OCC(CC)CCCC,*SC(=S)SC(C)(C#N)CCC(=O)O,5,1,170.34,0,0,0,4.9272,9,12,0,56.4385619,199.294,29.54,0,3,1.6715,5,14,1,174.1263449,186.295,26.3,0,2,3.156,7,13,0,132.0519685,235.355,61.09,2,4,2.08138,4,13,0,260.9534945,1210.3905,2206.1152,2522.919356,0.039361263,4.80824276
100,302,*CCCCCCCCCCCC,*CC(*)(C)C(=O)OCCCN1CCCC1,*CC(*)C(=O)OCC(CC)CCCC,*SC(=S)SC(C)(C#N)CCC(=O)O,50,1,170.34,0,0,0,4.9272,9,12,0,56.4385619,199.294,29.54,0,3,1.6715,5,14,1,174.1263449,186.295,26.3,0,2,3.156,7,13,0,132.0519685,235.355,61.09,2,4,2.08138,4,13,0,260.9534945,5843.6059,3333.98,2036.007299,0.02014994,4.462941606
100,303,*CCCCCCCCCCCC,*CC(*)(C)C(=O)OCCN1CCCCCC1,*CC(*)C(=O)OCC(CC)CCCC,*SC(=S)SC(C)(C#N)CCC(=O)O,5,1,170.34,0,0,0,4.9272,9,12,0,56.4385619,213.321,29.54,0,3,2.0616,4,15,1,184.0611407,186.295,26.3,0,2,3.156,7,13,0,132.0519685,235.355,61.09,2,4,2.08138,4,13,0,260.9534945,4821.2605,4379.2304,2345.417489,0.026488612,5.333656638
100,304,*CCCCCCCCCCCC,*CC(*)(C)C(=O)OCCN1CCCCCC1,*CC(*)C(=O)OCC(CC)CCCC,*SC(=S)SC(C)(C#N)CCC(=O)O,50,1,170.34,0,0,0,4.9272,9,12,0,56.4385619,213.321,29.54,0,3,2.0616,4,15,1,184.0611407,186.295,26.3,0,2,3.156,7,13,0,132.0519685,235.355,61.09,2,4,2.08138,4,13,0,260.9534945,4622.3149,2513.713,2083.020443,0.04200898,3.271753029
100,305,*CCCCCCCCCCCC,*CC(*)(C)C(=O)OCCN1CCCCCC1,*CC(*)(C)C(=O)OCCCCCC,*SC(=S)SC(C)(C#N)CCC(=O)O,5,1,170.34,0,0,0,4.9272,9,12,0,56.4385619,213.321,29.54,0,3,2.0616,4,15,1,184.0611407,172.268,26.3,0,2,2.7659,6,12,0,119.0069869,235.355,61.09,2,4,2.08138,4,13,0,260.9534945,5195.2856,3622.1806,2356.621138,0.057621054,4.080785673
100,306,*CCCCCCCCCCCC,*CC(*)(C)C(=O)OCCN1CCCCCC1,*CC(*)(C)C(=O)OCCCCCC,*SC(=S)SC(C)(C#N)CCC(=O)O,50,1,170.34,0,0,0,4.9272,9,12,0,56.4385619,213.321,29.54,0,3,2.0616,4,15,1,184.0611407,172.268,26.3,0,2,2.7659,6,12,0,119.0069869,235.355,61.09,2,4,2.08138,4,13,0,260.9534945,3221.9682,2582.447,1765.837237,0.007322923,2.767193526
100,307,*CCCCCCCCCCCC,*CC(*)(C)C(=O)OCCN,*CC(*)C(=O)OCC(CC)CCCC,*SC(=S)SC(C)(C#N)CCC(=O)O,10,1,170.34,0,0,0,4.9272,9,12,0,56.4385619,131.175,52.32,1,3,0.1443,3,9,0,91.05865003,186.295,26.3,0,2,3.156,7,13,0,132.0519685,235.355,61.09,2,4,2.08138,4,13,0,260.9534945,2833.2411,1954.1817,1745.173003,0.008439837,4.27116175
100,308,*CCCCCCCCCCCC,*CC(*)(C)C(=O)OCCN,*CC(*)C(=O)OCC(CC)CCCC,*SC(=S)SC(C)(C#N)CCC(=O)O,40,1,170.34,0,0,0,4.9272,9,12,0,56.4385619,131.175,52.32,1,3,0.1443,3,9,0,91.05865003,186.295,26.3,0,2,3.156,7,13,0,132.0519685,235.355,61.09,2,4,2.08138,4,13,0,260.9534945,1203.5589,1395.2407,2145.165599,0.060153007,4.032831547
100,309,*CCCCCCCCCCCC,*CC(*)(C)C(=O)OCCN,*CC(*)(C)C(=O)OCCCCCC,*SC(=S)SC(C)(C#N)CCC(=O)O,10,1,170.34,0,0,0,4.9272,9,12,0,56.4385619,131.175,52.32,1,3,0.1443,3,9,0,91.05865003,172.268,26.3,0,2,2.7659,6,12,0,119.0069869,235.355,61.09,2,4,2.08138,4,13,0,260.9534945,11887.0216,5188.5466,2735.89412,0.017927565,3.190795525
100,310,*CCCCCCCCCCCC,*CC(*)(C)C(=O)OCCN,*CC(*)(C)C(=O)OCCCCCC,*SC(=S)SC(C)(C#N)CCC(=O)O,50,1,170.34,0,0,0,4.9272,9,12,0,56.4385619,131.175,52.32,1,3,0.1443,3,9,0,91.05865003,172.268,26.3,0,2,2.7659,6,12,0,119.0069869,235.355,61.09,2,4,2.08138,4,13,0,260.9534945,4693.4162,4410.9614,2099.440307,0.016199904,2.943284785
100,311,*CCCCCCCCCCCC,*CC(*)(C)C(=O)OCCN(C)C,*CC(*)C(=O)OCC(CC)CCCC,*SC(=S)SC(C)C(=O)O,50,1,170.34,0,0,0,4.9272,9,12,0,56.4385619,159.229,29.54,0,3,0.7472,4,11,0,121.2604657,186.295,26.3,0,2,3.156,7,13,0,132.0519685,182.291,37.3,2,3,1.4074,2,9,0,133.7744375,6655.6886,3432.2041,2081.328912,0.031848054,3.194340806
100,312,*CCCCCCCCCCCC,*CC(*)(C)C(=O)OCCN1CCCCC1,*CC(*)C(=O)OCC(CC)CCCC,*SC(=S)SC(C)C(=O)O,50,1,170.34,0,0,0,4.9272,9,12,0,56.4385619,199.294,29.54,0,3,1.6715,4,14,1,174.1263449,186.295,26.3,0,2,3.156,7,13,0,132.0519685,182.291,37.3,2,3,1.4074,2,9,0,133.7744375,6257.6204,3301.3695,1349.000971,0.013631166,3.058678204
100,313,*CC,*CC(*)(C)C(=O)OCCN(C)C,*CC(*)C(=O)OCC(CC)CCCC,*SC(=S)SC(C)(C#N)CCC(=O)O,5,1,30.07,0,0,0,1.0262,0,2,0,0,159.229,29.54,0,3,0.7472,4,11,0,121.2604657,186.295,26.3,0,2,3.156,7,13,0,132.0519685,235.355,61.09,2,4,2.08138,4,13,0,260.9534945,3333.2467,3621.0307,1527.122711,0.030119967,5.288018687
100,314,*CC,*CC(*)(C)C(=O)OCCN(C)C,*CC(*)C(=O)OCC(CC)CCCC,*SC(=S)SC(C)(C#N)CCC(=O)O,40,1,30.07,0,0,0,1.0262,0,2,0,0,159.229,29.54,0,3,0.7472,4,11,0,121.2604657,186.295,26.3,0,2,3.156,7,13,0,132.0519685,235.355,61.09,2,4,2.08138,4,13,0,260.9534945,1785.9866,2231.6422,843.2141613,0.007685302,5.076823694
100,315,*CCCCCCCCCCCC,*CC(*)(C)C(=O)OCCN(C)C,*CC(*)C(=O)OCC(CC)CCCC,*SC(=S)SC(C)C(=O)NCCC1CCNCC1,10,1,170.34,0,0,0,4.9272,9,12,0,56.4385619,159.229,29.54,0,3,0.7472,4,11,0,121.2604657,186.295,26.3,0,2,3.156,7,13,0,132.0519685,292.495,41.13,3,4,1.8287,5,17,1,267.4421581,2059.297,1410.9082,1405.301439,0.010630733,4.05284866
100,316,*CCCCCCCCCCCC,*CC(*)(C)C(=O)OCCN(C)C,*CC(*)C(=O)OCC(CC)CCCC,*SC(=S)SC(C)C(=O)NCCC1CCNCC1,50,1,170.34,0,0,0,4.9272,9,12,0,56.4385619,159.229,29.54,0,3,0.7472,4,11,0,121.2604657,186.295,26.3,0,2,3.156,7,13,0,132.0519685,292.495,41.13,3,4,1.8287,5,17,1,267.4421581,9220.2943,4676.4029,1412.813752,0.014345755,4.645015411
100,317,*CCCCCCCCCCCC,*CC(*)(C)C(=O)OCCN(C)C,*CC(*)C(=O)OCC(CC)CCCC,*SC(=S)SC(C)C(=O)OC1CCC2(C)C(CCC3(C)C2CC=C2C4C(C)C(C)CCC4(C(=O)O)CCC23C)C1(C)C,10,1,170.34,0,0,0,4.9272,9,12,0,56.4385619,159.229,29.54,0,3,0.7472,4,11,0,121.2604657,186.295,26.3,0,2,3.156,7,13,0,132.0519685,620.987,63.6,2,5,8.9768,4,41,5,1148.790973,5118.6787,1194.8014,1576.756154,0.021376822,5.951230369
100,318,*CCCCCCCCCCCC,*CC(*)(C)C(=O)OCCN(C)C,*CC(*)C(=O)OCC(CC)CCCC,*SC(=S)SC(C)C(=O)OC1CCC2(C)C(CCC3(C)C2CC=C2C4C(C)C(C)CCC4(C(=O)O)CCC23C)C1(C)C,50,1,170.34,0,0,0,4.9272,9,12,0,56.4385619,159.229,29.54,0,3,0.7472,4,11,0,121.2604657,186.295,26.3,0,2,3.156,7,13,0,132.0519685,620.987,63.6,2,5,8.9768,4,41,5,1148.790973,6663.0359,3553.4544,NAN_ymax,NAN_k,4.344485467